camera,segment,kind,frame,eye_px,nme,max_px
lfw,all,rgb,rgb/AJ_Cook_0001.ppm,60.7,7.071e-7,0.0002
lfw,all,rgb,rgb/AJ_Lamas_0001.ppm,67.4,6.871e-7,0.0002
lfw,all,rgb,rgb/Aaron_Eckhart_0001.ppm,56.4,7.310e-7,0.0001
lfw,all,rgb,rgb/Aaron_Guiel_0001.ppm,66.3,7.145e-7,0.0002
lfw,all,rgb,rgb/Aaron_Patterson_0001.ppm,55.2,7.182e-7,0.0001
lfw,all,rgb,rgb/Aaron_Peirsol_0001.ppm,58.3,7.576e-7,0.0001
lfw,all,rgb,rgb/Aaron_Peirsol_0002.ppm,60.6,6.923e-7,0.0002
lfw,all,rgb,rgb/Aaron_Peirsol_0003.ppm,59.9,7.344e-7,0.0002
lfw,all,rgb,rgb/Aaron_Peirsol_0004.ppm,54.5,8.019e-7,0.0002
lfw,all,rgb,rgb/Aaron_Pena_0001.ppm,59.2,7.015e-7,0.0001
lfw,all,rgb,rgb/Aaron_Sorkin_0001.ppm,67.8,7.285e-7,0.0002
lfw,all,rgb,rgb/Aaron_Sorkin_0002.ppm,62.5,6.645e-7,0.0001
lfw,all,rgb,rgb/Aaron_Tippin_0001.ppm,55.9,8.162e-7,0.0002
lfw,all,rgb,rgb/Abba_Eban_0001.ppm,61.8,8.177e-7,0.0002
lfw,all,rgb,rgb/Abbas_Kiarostami_0001.ppm,55.7,7.598e-7,0.0002
lfw,all,rgb,rgb/Abdel_Aziz_Al-Hakim_0001.ppm,30.8,8.887e-7,0.0001
lfw,all,rgb,rgb/Abdel_Madi_Shabneh_0001.ppm,57.6,6.842e-7,0.0001
lfw,all,rgb,rgb/Abdel_Nasser_Assidi_0001.ppm,62.6,6.877e-7,0.0001
lfw,all,rgb,rgb/Abdel_Nasser_Assidi_0002.ppm,64.2,6.675e-7,0.0001
lfw,all,rgb,rgb/Abdoulaye_Wade_0001.ppm,67.9,6.420e-7,0.0001
lfw,all,rgb,rgb/Abdoulaye_Wade_0002.ppm,65.9,7.021e-7,0.0002
lfw,all,rgb,rgb/Abdoulaye_Wade_0003.ppm,56.8,9.954e-7,0.0002
lfw,all,rgb,rgb/Abdoulaye_Wade_0004.ppm,85.9,7.186e-7,0.0002
lfw,all,rgb,rgb/Abdul_Majeed_Shobokshi_0001.ppm,44.9,1.149e-6,0.0002
lfw,all,rgb,rgb/Abdul_Rahman_0001.ppm,59.9,6.822e-7,0.0001
lfw,all,rgb,rgb/Abdulaziz_Kamilov_0001.ppm,57.9,7.274e-7,0.0002
lfw,all,rgb,rgb/Abdullah_0001.ppm,60.9,7.228e-7,0.0001
lfw,all,rgb,rgb/Abdullah_0002.ppm,60.7,6.476e-7,0.0001
lfw,all,rgb,rgb/Abdullah_0003.ppm,62.0,6.744e-7,0.0001
lfw,all,rgb,rgb/Abdullah_0004.ppm,47.2,7.735e-7,0.0001
lfw,all,rgb,rgb/Abdullah_Ahmad_Badawi_0001.ppm,56.2,7.191e-7,0.0002
lfw,all,rgb,rgb/Abdullah_Gul_0001.ppm,55.4,6.952e-7,0.0001
lfw,all,rgb,rgb/Abdullah_Gul_0002.ppm,56.6,6.348e-7,0.0001
lfw,all,rgb,rgb/Abdullah_Gul_0003.ppm,59.1,6.666e-7,0.0001
lfw,all,rgb,rgb/Abdullah_Gul_0004.ppm,57.6,6.654e-7,0.0001
lfw,all,rgb,rgb/Abdullah_Gul_0005.ppm,61.2,6.583e-7,0.0001
lfw,all,rgb,rgb/Abdullah_Gul_0006.ppm,61.9,7.068e-7,0.0001
lfw,all,rgb,rgb/Abdullah_Gul_0007.ppm,56.8,6.887e-7,0.0002
lfw,all,rgb,rgb/Abdullah_Gul_0008.ppm,60.5,7.045e-7,0.0001
lfw,all,rgb,rgb/Abdullah_Gul_0009.ppm,58.6,6.530e-7,0.0002
lfw,all,rgb,rgb/Abdullah_Gul_0010.ppm,59.2,7.141e-7,0.0001
lfw,all,rgb,rgb/Abdullah_Gul_0011.ppm,57.2,7.093e-7,0.0001
lfw,all,rgb,rgb/Abdullah_Gul_0012.ppm,59.9,6.614e-7,0.0002
lfw,all,rgb,rgb/Abdullah_Gul_0013.ppm,59.8,6.594e-7,0.0001
lfw,all,rgb,rgb/Abdullah_Gul_0014.ppm,60.5,7.023e-7,0.0001
lfw,all,rgb,rgb/Abdullah_Gul_0015.ppm,43.2,7.662e-7,0.0001
lfw,all,rgb,rgb/Abdullah_Gul_0016.ppm,51.3,7.276e-7,0.0002
lfw,all,rgb,rgb/Abdullah_Gul_0017.ppm,60.3,7.390e-7,0.0001
lfw,all,rgb,rgb/Abdullah_Gul_0018.ppm,65.5,6.939e-7,0.0002
lfw,all,rgb,rgb/Abdullah_Gul_0019.ppm,53.2,6.768e-7,0.0001
lfw,all,rgb,rgb/Abdullah_Nasseef_0001.ppm,55.0,7.948e-7,0.0001
lfw,all,rgb,rgb/Abdullah_al-Attiyah_0001.ppm,55.6,7.252e-7,0.0001
lfw,all,rgb,rgb/Abdullah_al-Attiyah_0002.ppm,58.8,7.422e-7,0.0001
lfw,all,rgb,rgb/Abdullah_al-Attiyah_0003.ppm,55.4,7.755e-7,0.0002
lfw,all,rgb,rgb/Abdullatif_Sener_0001.ppm,53.7,7.551e-7,0.0002
lfw,all,rgb,rgb/Abdullatif_Sener_0002.ppm,52.6,8.235e-7,0.0001
lfw,all,rgb,rgb/Abel_Aguilar_0001.ppm,56.1,6.953e-7,0.0002
lfw,all,rgb,rgb/Abel_Pacheco_0001.ppm,57.4,6.677e-7,0.0002
lfw,all,rgb,rgb/Abel_Pacheco_0002.ppm,62.4,7.144e-7,0.0001
lfw,all,rgb,rgb/Abel_Pacheco_0003.ppm,60.6,7.203e-7,0.0002
lfw,all,rgb,rgb/Abel_Pacheco_0004.ppm,58.8,6.755e-7,0.0001
lfw,all,rgb,rgb/Abid_Hamid_Mahmud_Al-Tikriti_0001.ppm,52.1,6.824e-7,0.0002
lfw,all,rgb,rgb/Abid_Hamid_Mahmud_Al-Tikriti_0002.ppm,56.6,8.633e-7,0.0002
lfw,all,rgb,rgb/Abid_Hamid_Mahmud_Al-Tikriti_0003.ppm,59.2,7.260e-7,0.0002
lfw,all,rgb,rgb/Abner_Martinez_0001.ppm,57.1,7.191e-7,0.0002
lfw,all,rgb,rgb/Abraham_Foxman_0001.ppm,57.6,7.335e-7,0.0002
lfw,all,rgb,rgb/Aby_Har-Even_0001.ppm,60.9,7.089e-7,0.0002
lfw,all,rgb,rgb/Adam_Ant_0001.ppm,59.3,6.592e-7,0.0001
lfw,all,rgb,rgb/Adam_Freier_0001.ppm,64.1,6.323e-7,0.0002
lfw,all,rgb,rgb/Adam_Herbert_0001.ppm,57.0,7.504e-7,0.0001
lfw,all,rgb,rgb/Adam_Kennedy_0001.ppm,62.1,6.471e-7,0.0002
lfw,all,rgb,rgb/Adam_Mair_0001.ppm,61.4,6.891e-7,0.0001
lfw,all,rgb,rgb/Adam_Rich_0001.ppm,56.3,6.904e-7,0.0001
lfw,all,rgb,rgb/Adam_Sandler_0001.ppm,54.6,7.757e-7,0.0002
lfw,all,rgb,rgb/Adam_Sandler_0002.ppm,47.1,8.783e-7,0.0001
lfw,all,rgb,rgb/Adam_Sandler_0003.ppm,51.4,8.333e-7,0.0001
lfw,all,rgb,rgb/Adam_Sandler_0004.ppm,53.6,8.232e-7,0.0001
lfw,all,rgb,rgb/Adam_Scott_0001.ppm,61.2,6.535e-7,0.0002
lfw,all,rgb,rgb/Adam_Scott_0002.ppm,61.8,6.730e-7,0.0002
lfw,all,rgb,rgb/Adel_Al-Jubeir_0001.ppm,56.4,7.784e-7,0.0002
lfw,all,rgb,rgb/Adel_Al-Jubeir_0002.ppm,55.6,7.360e-7,0.0001
lfw,all,rgb,rgb/Adel_Al-Jubeir_0003.ppm,48.3,7.877e-7,0.0001
lfw,all,rgb,rgb/Adelina_Avila_0001.ppm,59.1,7.133e-7,0.0002
lfw,all,rgb,rgb/Adisai_Bodharamik_0001.ppm,57.1,7.638e-7,0.0001
lfw,all,rgb,rgb/Adolfo_Aguilar_Zinser_0001.ppm,49.6,7.965e-7,0.0002
lfw,all,rgb,rgb/Adolfo_Aguilar_Zinser_0002.ppm,50.6,8.343e-7,0.0002
lfw,all,rgb,rgb/Adolfo_Aguilar_Zinser_0003.ppm,50.8,8.255e-7,0.0002
lfw,all,rgb,rgb/Adolfo_Rodriguez_Saa_0001.ppm,57.8,7.856e-7,0.0002
lfw,all,rgb,rgb/Adolfo_Rodriguez_Saa_0002.ppm,55.9,6.323e-7,0.0001
lfw,all,rgb,rgb/Adoor_Gopalakarishnan_0001.ppm,59.8,7.257e-7,0.0001
lfw,all,rgb,rgb/Adrian_Annus_0001.ppm,66.2,7.947e-7,0.0002
lfw,all,rgb,rgb/Adrian_Fernandez_0001.ppm,64.7,6.528e-7,0.0002
lfw,all,rgb,rgb/Adrian_McPherson_0001.ppm,56.5,7.285e-7,0.0002
lfw,all,rgb,rgb/Adrian_McPherson_0002.ppm,58.0,6.298e-7,0.0001
lfw,all,rgb,rgb/Adrian_Murrell_0001.ppm,56.0,7.228e-7,0.0002
lfw,all,rgb,rgb/Adrian_Nastase_0001.ppm,59.4,8.071e-7,0.0002
lfw,all,rgb,rgb/Adrian_Nastase_0002.ppm,55.4,8.087e-7,0.0002
lfw,all,rgb,rgb/Adriana_Lima_0001.ppm,71.4,5.960e-7,0.0001
lfw,all,rgb,rgb/Adriana_Perez_Navarro_0001.ppm,62.2,7.517e-7,0.0002
lfw,all,rgb,rgb/Adrianna_Zuzic_0001.ppm,66.9,7.722e-7,0.0002
lfw,all,rgb,rgb/Adrien_Brody_0001.ppm,57.7,7.286e-7,0.0001
lfw,all,rgb,rgb/Adrien_Brody_0002.ppm,56.8,6.833e-7,0.0002
lfw,all,rgb,rgb/Adrien_Brody_0003.ppm,55.7,7.419e-7,0.0001
lfw,all,rgb,rgb/Adrien_Brody_0004.ppm,63.9,7.704e-7,0.0002
lfw,all,rgb,rgb/Adrien_Brody_0005.ppm,58.3,7.274e-7,0.0002
lfw,all,rgb,rgb/Adrien_Brody_0006.ppm,58.8,7.028e-7,0.0002
lfw,all,rgb,rgb/Adrien_Brody_0007.ppm,59.0,7.738e-7,0.0002
lfw,all,rgb,rgb/Adrien_Brody_0008.ppm,54.3,7.863e-7,0.0002
lfw,all,rgb,rgb/Adrien_Brody_0009.ppm,67.5,7.127e-7,0.0002
lfw,all,rgb,rgb/Adrien_Brody_0010.ppm,60.7,6.790e-7,0.0002
lfw,all,rgb,rgb/Adrien_Brody_0011.ppm,56.8,7.141e-7,0.0001
lfw,all,rgb,rgb/Adrien_Brody_0012.ppm,49.2,7.815e-7,0.0001
lfw,all,rgb,rgb/Afton_Smith_0001.ppm,60.9,7.367e-7,0.0002
lfw,all,rgb,rgb/Agbani_Darego_0001.ppm,62.4,6.071e-7,0.0001
lfw,all,rgb,rgb/Agnelo_Queiroz_0001.ppm,52.4,7.326e-7,0.0002
lfw,all,rgb,rgb/Agnes_Bruckner_0001.ppm,58.1,6.821e-7,0.0001
lfw,all,rgb,rgb/Ahmad_Jbarah_0001.ppm,55.5,7.627e-7,0.0001
lfw,all,rgb,rgb/Ahmad_Masood_0001.ppm,60.4,6.706e-7,0.0001
lfw,all,rgb,rgb/Ahmad_Masood_0002.ppm,39.6,9.486e-7,0.0002
lfw,all,rgb,rgb/Ahmed_Ahmed_0001.ppm,61.5,8.098e-7,0.0001
lfw,all,rgb,rgb/Ahmed_Chalabi_0001.ppm,58.2,7.448e-7,0.0001
lfw,all,rgb,rgb/Ahmed_Chalabi_0002.ppm,52.9,8.372e-7,0.0001
lfw,all,rgb,rgb/Ahmed_Chalabi_0003.ppm,57.2,7.524e-7,0.0001
lfw,all,rgb,rgb/Ahmed_Chalabi_0004.ppm,58.3,7.090e-7,0.0001
lfw,all,rgb,rgb/Ahmed_Chalabi_0005.ppm,56.6,7.651e-7,0.0002
lfw,all,rgb,rgb/Ahmed_Ghazi_0001.ppm,55.6,7.823e-7,0.0001
lfw,all,rgb,rgb/Ahmed_Ibrahim_Bilal_0001.ppm,62.6,6.803e-7,0.0001
lfw,all,rgb,rgb/Ahmed_Lopez_0001.ppm,55.4,6.893e-7,0.0001
lfw,all,rgb,rgb/Ahmed_Qureia_0001.ppm,55.9,7.341e-7,0.0002
lfw,all,rgb,rgb/Ahmet_Demir_0001.ppm,53.8,8.317e-7,0.0001
lfw,all,rgb,rgb/Ahmet_Necdet_Sezer_0001.ppm,54.2,7.484e-7,0.0001
lfw,all,rgb,rgb/Ahmet_Necdet_Sezer_0002.ppm,56.8,7.718e-7,0.0001
lfw,all,rgb,rgb/Ai_Sugiyama_0001.ppm,57.9,7.169e-7,0.0001
lfw,all,rgb,rgb/Ai_Sugiyama_0002.ppm,56.5,7.246e-7,0.0002
lfw,all,rgb,rgb/Ai_Sugiyama_0003.ppm,58.2,6.689e-7,0.0001
lfw,all,rgb,rgb/Ai_Sugiyama_0004.ppm,64.1,5.943e-7,0.0002
lfw,all,rgb,rgb/Ai_Sugiyama_0005.ppm,60.8,7.314e-7,0.0001
lfw,all,rgb,rgb/Aicha_El_Ouafi_0001.ppm,57.6,7.242e-7,0.0002
lfw,all,rgb,rgb/Aicha_El_Ouafi_0002.ppm,59.2,6.440e-7,0.0001
lfw,all,rgb,rgb/Aicha_El_Ouafi_0003.ppm,62.1,6.799e-7,0.0001
lfw,all,rgb,rgb/Aidan_Quinn_0001.ppm,61.5,7.570e-7,0.0002
lfw,all,rgb,rgb/Aileen_Riggin_Soule_0001.ppm,65.1,7.599e-7,0.0002
lfw,all,rgb,rgb/Ain_Seppik_0001.ppm,59.9,7.352e-7,0.0001
lfw,all,rgb,rgb/Ainsworth_Dyer_0001.ppm,65.5,7.023e-7,0.0002
lfw,all,rgb,rgb/Aishwarya_Rai_0001.ppm,64.2,7.183e-7,0.0002
lfw,all,rgb,rgb/Aitor_Gonzalez_0001.ppm,66.8,5.975e-7,0.0002
lfw,all,rgb,rgb/Aitor_Gonzalez_0002.ppm,59.9,6.566e-7,0.0002
lfw,all,rgb,rgb/Aiysha_Smith_0001.ppm,53.5,8.971e-7,0.0001
lfw,all,rgb,rgb/Ajit_Agarkar_0001.ppm,56.9,7.283e-7,0.0001
lfw,all,rgb,rgb/Akbar_Al_Baker_0001.ppm,59.1,7.988e-7,0.0002
lfw,all,rgb,rgb/Akbar_Hashemi_Rafsanjani_0001.ppm,59.0,7.507e-7,0.0002
lfw,all,rgb,rgb/Akbar_Hashemi_Rafsanjani_0002.ppm,53.2,8.535e-7,0.0001
lfw,all,rgb,rgb/Akbar_Hashemi_Rafsanjani_0003.ppm,52.7,8.344e-7,0.0001
lfw,all,rgb,rgb/Akhmed_Zakayev_0001.ppm,56.2,7.636e-7,0.0002
lfw,all,rgb,rgb/Akhmed_Zakayev_0002.ppm,52.3,7.570e-7,0.0002
lfw,all,rgb,rgb/Akhmed_Zakayev_0003.ppm,57.8,7.223e-7,0.0001
lfw,all,rgb,rgb/Akiko_Morigami_0001.ppm,39.6,6.731e-7,0.0001
lfw,all,rgb,rgb/Akmal_Taher_0001.ppm,58.8,7.036e-7,0.0001
lfw,all,rgb,rgb/Al_Cardenas_0001.ppm,61.1,6.773e-7,0.0001
lfw,all,rgb,rgb/Al_Davis_0001.ppm,64.8,7.620e-7,0.0001
lfw,all,rgb,rgb/Al_Davis_0002.ppm,57.0,7.785e-7,0.0002
lfw,all,rgb,rgb/Al_Gore_0001.ppm,52.5,7.259e-7,0.0002
lfw,all,rgb,rgb/Al_Gore_0002.ppm,54.3,7.420e-7,0.0002
lfw,all,rgb,rgb/Al_Gore_0003.ppm,54.0,7.771e-7,0.0002
lfw,all,rgb,rgb/Al_Gore_0004.ppm,56.0,7.405e-7,0.0001
lfw,all,rgb,rgb/Al_Gore_0005.ppm,57.3,7.579e-7,0.0002
lfw,all,rgb,rgb/Al_Gore_0006.ppm,54.0,7.170e-7,0.0001
lfw,all,rgb,rgb/Al_Gore_0007.ppm,59.0,7.929e-7,0.0002
lfw,all,rgb,rgb/Al_Gore_0008.ppm,55.4,7.026e-7,0.0001
lfw,all,rgb,rgb/Al_Leiter_0001.ppm,58.7,7.018e-7,0.0002
lfw,all,rgb,rgb/Al_Pacino_0001.ppm,54.3,7.487e-7,0.0002
lfw,all,rgb,rgb/Al_Pacino_0002.ppm,52.2,7.724e-7,0.0002
lfw,all,rgb,rgb/Al_Pacino_0003.ppm,59.0,7.313e-7,0.0001
lfw,all,rgb,rgb/Al_Sharpton_0001.ppm,69.6,6.337e-7,0.0002
lfw,all,rgb,rgb/Al_Sharpton_0002.ppm,54.8,7.321e-7,0.0002
lfw,all,rgb,rgb/Al_Sharpton_0003.ppm,56.6,6.713e-7,0.0001
lfw,all,rgb,rgb/Al_Sharpton_0004.ppm,61.1,8.417e-7,0.0002
lfw,all,rgb,rgb/Al_Sharpton_0005.ppm,53.9,8.245e-7,0.0002
lfw,all,rgb,rgb/Al_Sharpton_0006.ppm,53.0,7.467e-7,0.0001
lfw,all,rgb,rgb/Al_Sharpton_0007.ppm,55.2,7.356e-7,0.0001
lfw,all,rgb,rgb/Alain_Cervantes_0001.ppm,54.6,8.283e-7,0.0002
lfw,all,rgb,rgb/Alain_Ducasse_0001.ppm,53.6,7.122e-7,0.0001
lfw,all,rgb,rgb/Alan_Ball_0001.ppm,65.4,6.359e-7,0.0002
lfw,all,rgb,rgb/Alan_Ball_0002.ppm,64.7,6.358e-7,0.0002
lfw,all,rgb,rgb/Alan_Dershowitz_0001.ppm,56.5,8.060e-7,0.0001
lfw,all,rgb,rgb/Alan_Dreher_0001.ppm,55.4,8.714e-7,0.0001
lfw,all,rgb,rgb/Alan_Greenspan_0001.ppm,54.5,7.326e-7,0.0001
lfw,all,rgb,rgb/Alan_Greenspan_0002.ppm,60.6,6.657e-7,0.0002
lfw,all,rgb,rgb/Alan_Greenspan_0003.ppm,52.3,6.946e-7,0.0001
lfw,all,rgb,rgb/Alan_Greenspan_0004.ppm,56.2,7.255e-7,0.0001
lfw,all,rgb,rgb/Alan_Greenspan_0005.ppm,47.6,7.629e-7,0.0001
lfw,all,rgb,rgb/Alan_Greer_0001.ppm,54.9,7.328e-7,0.0001
lfw,all,rgb,rgb/Alan_Jackson_0001.ppm,52.6,7.831e-7,0.0002
lfw,all,rgb,rgb/Alan_Mulally_0001.ppm,58.4,6.888e-7,0.0002
lfw,all,rgb,rgb/Alan_Mulally_0002.ppm,59.3,7.128e-7,0.0002
lfw,all,rgb,rgb/Alan_Stonecipher_0001.ppm,59.8,6.934e-7,0.0001
lfw,all,rgb,rgb/Alan_Tang_Kwong-wing_0001.ppm,53.2,8.243e-7,0.0001
lfw,all,rgb,rgb/Alan_Trammell_0001.ppm,58.7,6.659e-7,0.0001
lfw,all,rgb,rgb/Alan_Zemaitis_0001.ppm,57.1,7.006e-7,0.0002
lfw,all,rgb,rgb/Alanis_Morissette_0001.ppm,60.9,7.590e-7,0.0002
lfw,all,rgb,rgb/Alanna_Ubach_0001.ppm,59.3,7.548e-7,0.0002
lfw,all,rgb,rgb/Alastair_Campbell_0001.ppm,58.9,6.748e-7,0.0002
lfw,all,rgb,rgb/Alastair_Campbell_0002.ppm,40.2,9.897e-7,0.0001
lfw,all,rgb,rgb/Alastair_Campbell_0003.ppm,57.6,7.745e-7,0.0001
lfw,all,rgb,rgb/Alastair_Campbell_0004.ppm,55.6,8.419e-7,0.0002
lfw,all,rgb,rgb/Alastair_Campbell_0005.ppm,49.7,9.700e-7,0.0002
lfw,all,rgb,rgb/Alastair_Johnston_0001.ppm,56.4,7.601e-7,0.0002
lfw,all,rgb,rgb/Albaro_Recoba_0001.ppm,61.7,6.690e-7,0.0001
lfw,all,rgb,rgb/Albert_Brooks_0001.ppm,53.6,7.507e-7,0.0001
lfw,all,rgb,rgb/Albert_Costa_0001.ppm,47.8,8.028e-7,0.0001
lfw,all,rgb,rgb/Albert_Costa_0002.ppm,52.1,7.885e-7,0.0002
lfw,all,rgb,rgb/Albert_Costa_0003.ppm,63.4,7.448e-7,0.0001
lfw,all,rgb,rgb/Albert_Costa_0004.ppm,51.1,8.754e-7,0.0002
lfw,all,rgb,rgb/Albert_Costa_0005.ppm,54.8,7.233e-7,0.0001
lfw,all,rgb,rgb/Albert_Costa_0006.ppm,55.3,7.489e-7,0.0002
lfw,all,rgb,rgb/Albert_Montanes_0001.ppm,59.2,7.123e-7,0.0001
lfw,all,rgb,rgb/Albert_Pujols_0001.ppm,62.7,6.432e-7,0.0001
lfw,all,rgb,rgb/Alberta_Lee_0001.ppm,65.2,6.793e-7,0.0002
lfw,all,rgb,rgb/Alberto_Acosta_0001.ppm,57.1,7.666e-7,0.0002
lfw,all,rgb,rgb/Alberto_Fujimori_0001.ppm,51.7,7.948e-7,0.0001
lfw,all,rgb,rgb/Alberto_Fujimori_0002.ppm,48.1,8.288e-7,0.0001
lfw,all,rgb,rgb/Alberto_Gonzales_0001.ppm,55.7,6.921e-7,0.0001
lfw,all,rgb,rgb/Alberto_Ruiz_Gallardon_0001.ppm,57.7,6.802e-7,0.0002
lfw,all,rgb,rgb/Alberto_Ruiz_Gallardon_0002.ppm,47.1,9.512e-7,0.0002
lfw,all,rgb,rgb/Alberto_Sordi_0001.ppm,53.4,7.454e-7,0.0002
lfw,all,rgb,rgb/Albrecht_Mentz_0001.ppm,51.8,8.057e-7,0.0002
lfw,all,rgb,rgb/Albrecht_Mentz_0002.ppm,47.5,8.455e-7,0.0001
lfw,all,rgb,rgb/Aldo_Paredes_0001.ppm,60.1,7.146e-7,0.0002
lfw,all,rgb,rgb/Aldo_Paredes_0002.ppm,51.0,7.455e-7,0.0001
lfw,all,rgb,rgb/Alec_Baldwin_0001.ppm,58.6,7.685e-7,0.0002
lfw,all,rgb,rgb/Alec_Baldwin_0002.ppm,52.6,7.997e-7,0.0001
lfw,all,rgb,rgb/Alec_Baldwin_0003.ppm,55.4,7.218e-7,0.0001
lfw,all,rgb,rgb/Alec_Baldwin_0004.ppm,58.2,7.591e-7,0.0001
lfw,all,rgb,rgb/Alecos_Markides_0001.ppm,60.8,7.195e-7,0.0001
lfw,all,rgb,rgb/Alejandro_Atchugarry_0001.ppm,59.2,7.272e-7,0.0001
lfw,all,rgb,rgb/Alejandro_Atchugarry_0002.ppm,57.5,7.378e-7,0.0002
lfw,all,rgb,rgb/Alejandro_Avila_0001.ppm,59.7,6.901e-7,0.0001
lfw,all,rgb,rgb/Alejandro_Avila_0002.ppm,58.9,6.996e-7,0.0001
lfw,all,rgb,rgb/Alejandro_Avila_0003.ppm,60.4,6.076e-7,0.0001
lfw,all,rgb,rgb/Alejandro_Fernandez_0001.ppm,58.4,7.057e-7,0.0001
lfw,all,rgb,rgb/Alejandro_Gonzalez_Inarritu_0001.ppm,64.2,6.952e-7,0.0002
lfw,all,rgb,rgb/Alejandro_Lembo_0001.ppm,58.0,7.386e-7,0.0001
lfw,all,rgb,rgb/Alejandro_Lerner_0001.ppm,53.4,7.512e-7,0.0002
lfw,all,rgb,rgb/Alejandro_Lopez_0001.ppm,54.5,6.765e-7,0.0002
lfw,all,rgb,rgb/Alejandro_Toledo_0001.ppm,48.8,8.379e-7,0.0001
lfw,all,rgb,rgb/Alejandro_Toledo_0002.ppm,51.8,7.496e-7,0.0001
lfw,all,rgb,rgb/Alejandro_Toledo_0003.ppm,52.6,7.226e-7,0.0001
lfw,all,rgb,rgb/Alejandro_Toledo_0004.ppm,54.8,7.634e-7,0.0001
lfw,all,rgb,rgb/Alejandro_Toledo_0005.ppm,53.0,8.266e-7,0.0001
lfw,all,rgb,rgb/Alejandro_Toledo_0006.ppm,55.3,7.308e-7,0.0001
lfw,all,rgb,rgb/Alejandro_Toledo_0007.ppm,57.8,7.486e-7,0.0002
lfw,all,rgb,rgb/Alejandro_Toledo_0008.ppm,52.5,7.368e-7,0.0002
lfw,all,rgb,rgb/Alejandro_Toledo_0009.ppm,54.6,7.992e-7,0.0001
lfw,all,rgb,rgb/Alejandro_Toledo_0010.ppm,54.6,7.432e-7,0.0001
lfw,all,rgb,rgb/Alejandro_Toledo_0011.ppm,54.6,7.578e-7,0.0002
lfw,all,rgb,rgb/Alejandro_Toledo_0012.ppm,57.6,7.250e-7,0.0001
lfw,all,rgb,rgb/Alejandro_Toledo_0013.ppm,53.8,6.607e-7,0.0001
lfw,all,rgb,rgb/Alejandro_Toledo_0014.ppm,55.2,7.236e-7,0.0002
lfw,all,rgb,rgb/Alejandro_Toledo_0015.ppm,55.9,7.289e-7,0.0001
lfw,all,rgb,rgb/Alejandro_Toledo_0016.ppm,48.4,8.044e-7,0.0001
lfw,all,rgb,rgb/Alejandro_Toledo_0017.ppm,55.2,7.682e-7,0.0001
lfw,all,rgb,rgb/Alejandro_Toledo_0018.ppm,35.2,1.149e-6,0.0002
lfw,all,rgb,rgb/Alejandro_Toledo_0019.ppm,54.7,7.693e-7,0.0001
lfw,all,rgb,rgb/Alejandro_Toledo_0020.ppm,52.8,7.938e-7,0.0001
lfw,all,rgb,rgb/Alejandro_Toledo_0021.ppm,57.9,8.160e-7,0.0002
lfw,all,rgb,rgb/Alejandro_Toledo_0022.ppm,53.1,8.049e-7,0.0002
lfw,all,rgb,rgb/Alejandro_Toledo_0023.ppm,57.2,7.728e-7,0.0002
lfw,all,rgb,rgb/Alejandro_Toledo_0024.ppm,63.0,6.561e-7,0.0001
lfw,all,rgb,rgb/Alejandro_Toledo_0025.ppm,57.3,6.994e-7,0.0002
lfw,all,rgb,rgb/Alejandro_Toledo_0026.ppm,57.9,7.199e-7,0.0001
lfw,all,rgb,rgb/Alejandro_Toledo_0027.ppm,57.7,7.287e-7,0.0002
lfw,all,rgb,rgb/Alejandro_Toledo_0028.ppm,34.7,6.721e-7,0.0001
lfw,all,rgb,rgb/Alejandro_Toledo_0029.ppm,56.1,7.306e-7,0.0001
lfw,all,rgb,rgb/Alejandro_Toledo_0030.ppm,53.6,6.995e-7,0.0001
lfw,all,rgb,rgb/Alejandro_Toledo_0031.ppm,59.5,6.329e-7,0.0001
lfw,all,rgb,rgb/Alejandro_Toledo_0032.ppm,53.1,7.277e-7,0.0001
lfw,all,rgb,rgb/Alejandro_Toledo_0033.ppm,49.2,8.102e-7,0.0002
lfw,all,rgb,rgb/Alejandro_Toledo_0034.ppm,52.3,7.753e-7,0.0001
lfw,all,rgb,rgb/Alejandro_Toledo_0035.ppm,54.5,7.330e-7,0.0001
lfw,all,rgb,rgb/Alejandro_Toledo_0036.ppm,54.6,8.294e-7,0.0002
lfw,all,rgb,rgb/Alejandro_Toledo_0037.ppm,56.9,7.523e-7,0.0001
lfw,all,rgb,rgb/Alejandro_Toledo_0038.ppm,58.0,7.124e-7,0.0002
lfw,all,rgb,rgb/Alejandro_Toledo_0039.ppm,54.8,7.644e-7,0.0002
lfw,all,rgb,rgb/Alek_Wek_0001.ppm,59.8,6.468e-7,0.0001
lfw,all,rgb,rgb/Aleksander_Kwasniewski_0001.ppm,62.2,6.765e-7,0.0001
lfw,all,rgb,rgb/Aleksander_Kwasniewski_0002.ppm,66.7,6.962e-7,0.0001
lfw,all,rgb,rgb/Aleksander_Kwasniewski_0003.ppm,64.3,6.714e-7,0.0001
lfw,all,rgb,rgb/Aleksander_Kwasniewski_0004.ppm,61.7,6.872e-7,0.0001
lfw,all,rgb,rgb/Aleksander_Voloshin_0001.ppm,59.9,7.839e-7,0.0002
lfw,all,rgb,rgb/Alessandra_Cerna_0001.ppm,52.3,7.288e-7,0.0001
lfw,all,rgb,rgb/Alessandro_Nesta_0001.ppm,59.9,7.190e-7,0.0001
lfw,all,rgb,rgb/Alex_Barros_0001.ppm,65.9,5.971e-7,0.0001
lfw,all,rgb,rgb/Alex_Barros_0002.ppm,67.2,5.691e-7,0.0001
lfw,all,rgb,rgb/Alex_Cabrera_0001.ppm,55.3,7.095e-7,0.0001
lfw,all,rgb,rgb/Alex_Cejka_0001.ppm,63.4,6.552e-7,0.0002
lfw,all,rgb,rgb/Alex_Corretja_0001.ppm,50.3,7.304e-7,0.0001
lfw,all,rgb,rgb/Alex_Ferguson_0001.ppm,60.2,6.808e-7,0.0001
lfw,all,rgb,rgb/Alex_Gonzalez_0001.ppm,71.3,5.322e-7,0.0001
lfw,all,rgb,rgb/Alex_Holmes_0001.ppm,51.7,7.582e-7,0.0001
lfw,all,rgb,rgb/Alex_King_0001.ppm,58.6,6.332e-7,0.0001
lfw,all,rgb,rgb/Alex_Penelas_0001.ppm,54.7,7.461e-7,0.0001
lfw,all,rgb,rgb/Alex_Penelas_0002.ppm,55.9,7.460e-7,0.0002
lfw,all,rgb,rgb/Alex_Popov_0001.ppm,56.5,6.906e-7,0.0001
lfw,all,rgb,rgb/Alex_Sink_0001.ppm,60.2,6.792e-7,0.0001
lfw,all,rgb,rgb/Alex_Sink_0002.ppm,67.3,6.523e-7,0.0002
lfw,all,rgb,rgb/Alex_Sink_0003.ppm,56.7,7.469e-7,0.0002
lfw,all,rgb,rgb/Alex_Wallau_0001.ppm,57.8,8.148e-7,0.0002
lfw,all,rgb,rgb/Alex_Zanardi_0001.ppm,54.8,7.256e-7,0.0001
lfw,all,rgb,rgb/Alexa_Loren_0001.ppm,62.1,6.875e-7,0.0002
lfw,all,rgb,rgb/Alexa_Vega_0001.ppm,59.4,7.169e-7,0.0002
lfw,all,rgb,rgb/Alexander_Downer_0001.ppm,53.4,7.341e-7,0.0001
lfw,all,rgb,rgb/Alexander_Downer_0002.ppm,55.9,7.576e-7,0.0001
lfw,all,rgb,rgb/Alexander_Downer_0003.ppm,59.6,7.164e-7,0.0001
lfw,all,rgb,rgb/Alexander_Downer_0004.ppm,62.7,6.640e-7,0.0001
lfw,all,rgb,rgb/Alexander_Losyukov_0001.ppm,53.4,7.765e-7,0.0002
lfw,all,rgb,rgb/Alexander_Losyukov_0002.ppm,48.8,8.332e-7,0.0002
lfw,all,rgb,rgb/Alexander_Losyukov_0003.ppm,60.1,8.315e-7,0.0002
lfw,all,rgb,rgb/Alexander_Losyukov_0004.ppm,55.0,7.447e-7,0.0002
lfw,all,rgb,rgb/Alexander_Lukashenko_0001.ppm,56.6,7.754e-7,0.0002
lfw,all,rgb,rgb/Alexander_Payne_0001.ppm,53.9,8.597e-7,0.0002
lfw,all,rgb,rgb/Alexander_Rumyantsev_0001.ppm,52.3,8.143e-7,0.0001
lfw,all,rgb,rgb/Alexander_Rumyantsev_0002.ppm,53.7,8.800e-7,0.0001
lfw,all,rgb,rgb/Alexandra_Jackson_0001.ppm,52.1,7.163e-7,0.0001
lfw,all,rgb,rgb/Alexandra_Pelosi_0001.ppm,43.9,7.071e-7,0.0001
lfw,all,rgb,rgb/Alexandra_Rozovskaya_0001.ppm,56.2,7.726e-7,0.0002
lfw,all,rgb,rgb/Alexandra_Spann_0001.ppm,68.1,6.345e-7,0.0002
lfw,all,rgb,rgb/Alexandra_Stevenson_0001.ppm,51.1,7.676e-7,0.0001
lfw,all,rgb,rgb/Alexandra_Stevenson_0002.ppm,56.5,7.493e-7,0.0002
lfw,all,rgb,rgb/Alexandra_Stevenson_0003.ppm,55.4,7.122e-7,0.0001
lfw,all,rgb,rgb/Alexandra_Vodjanikova_0001.ppm,62.3,7.073e-7,0.0001
lfw,all,rgb,rgb/Alexandra_Vodjanikova_0002.ppm,61.0,8.090e-7,0.0002
lfw,all,rgb,rgb/Alexandre_Daigle_0001.ppm,60.1,7.249e-7,0.0001
lfw,all,rgb,rgb/Alexandre_Despatie_0001.ppm,59.1,7.585e-7,0.0001
lfw,all,rgb,rgb/Alexandre_Herchcovitch_0001.ppm,66.2,6.602e-7,0.0002
lfw,all,rgb,rgb/Alexandre_Vinokourov_0001.ppm,57.7,6.408e-7,0.0001
lfw,all,rgb,rgb/Alexis_Bledel_0001.ppm,64.9,6.505e-7,0.0001
lfw,all,rgb,rgb/Alexis_Dennisoff_0001.ppm,46.2,8.240e-7,0.0002
lfw,all,rgb,rgb/Alfonso_Cuaron_0001.ppm,55.4,7.238e-7,0.0001
lfw,all,rgb,rgb/Alfonso_Portillo_0001.ppm,65.7,6.818e-7,0.0001
lfw,all,rgb,rgb/Alfonso_Soriano_0001.ppm,58.5,7.404e-7,0.0001
lfw,all,rgb,rgb/Alfred_Ford_0001.ppm,46.0,9.737e-7,0.0002
lfw,all,rgb,rgb/Alfred_Sant_0001.ppm,57.8,7.051e-7,0.0001
lfw,all,rgb,rgb/Alfredo_Moreno_0001.ppm,54.5,7.063e-7,0.0001
lfw,all,rgb,rgb/Alfredo_Pena_0001.ppm,55.0,7.863e-7,0.0001
lfw,all,rgb,rgb/Alfredo_di_Stefano_0001.ppm,63.0,9.695e-7,0.0007
lfw,all,rgb,rgb/Ali_Abbas_0001.ppm,57.5,6.943e-7,0.0001
lfw,all,rgb,rgb/Ali_Abbas_0002.ppm,62.6,6.429e-7,0.0001
lfw,all,rgb,rgb/Ali_Abdullah_Saleh_0001.ppm,54.8,7.784e-7,0.0002
lfw,all,rgb,rgb/Ali_Adbul_Karim_Madani_0001.ppm,59.4,7.430e-7,0.0001
lfw,all,rgb,rgb/Ali_Ahmeti_0001.ppm,58.2,7.009e-7,0.0001
lfw,all,rgb,rgb/Ali_Bin_Hussein_0001.ppm,54.5,8.109e-7,0.0002
lfw,all,rgb,rgb/Ali_Fallahian_0001.ppm,61.6,7.234e-7,0.0001
lfw,all,rgb,rgb/Ali_Hammoud_0001.ppm,54.6,7.271e-7,0.0001
lfw,all,rgb,rgb/Ali_Khamenei_0001.ppm,61.2,6.413e-7,0.0001
lfw,all,rgb,rgb/Ali_Khamenei_0002.ppm,57.8,7.019e-7,0.0001
lfw,all,rgb,rgb/Ali_Khamenei_0003.ppm,53.8,7.698e-7,0.0001
lfw,all,rgb,rgb/Ali_Mohammed_Maher_0001.ppm,59.7,7.230e-7,0.0001
lfw,all,rgb,rgb/Ali_Naimi_0001.ppm,55.6,7.223e-7,0.0002
lfw,all,rgb,rgb/Ali_Naimi_0002.ppm,58.8,7.156e-7,0.0001
lfw,all,rgb,rgb/Ali_Naimi_0003.ppm,58.3,7.034e-7,0.0001
lfw,all,rgb,rgb/Ali_Naimi_0004.ppm,54.3,8.104e-7,0.0001
lfw,all,rgb,rgb/Ali_Naimi_0005.ppm,57.9,7.257e-7,0.0001
lfw,all,rgb,rgb/Ali_Naimi_0006.ppm,56.7,7.888e-7,0.0001
lfw,all,rgb,rgb/Ali_Naimi_0007.ppm,53.8,7.314e-7,0.0001
lfw,all,rgb,rgb/Ali_Naimi_0008.ppm,60.4,7.339e-7,0.0002
lfw,all,rgb,rgb/Alice_Fisher_0001.ppm,62.2,6.769e-7,0.0001
lfw,all,rgb,rgb/Alice_Fisher_0002.ppm,61.4,6.452e-7,0.0002
lfw,all,rgb,rgb/Alicia_Hollowell_0001.ppm,65.1,6.319e-7,0.0002
lfw,all,rgb,rgb/Alicia_Keys_0001.ppm,61.3,7.298e-7,0.0001
lfw,all,rgb,rgb/Alicia_Molik_0001.ppm,57.6,6.937e-7,0.0002
lfw,all,rgb,rgb/Alicia_Silverstone_0001.ppm,59.5,7.141e-7,0.0002
lfw,all,rgb,rgb/Alicia_Silverstone_0002.ppm,63.0,6.501e-7,0.0002
lfw,all,rgb,rgb/Alicia_Witt_0001.ppm,62.9,6.732e-7,0.0001
lfw,all,rgb,rgb/Alimzhan_Tokhtakhounov_0001.ppm,66.0,7.054e-7,0.0002
lfw,all,rgb,rgb/Alimzhan_Tokhtakhounov_0002.ppm,54.5,7.255e-7,0.0001
lfw,all,rgb,rgb/Alina_Kabaeva_0001.ppm,57.7,7.223e-7,0.0001
lfw,all,rgb,rgb/Aline_Chretien_0001.ppm,64.3,7.482e-7,0.0001
lfw,all,rgb,rgb/Alisha_Richman_0001.ppm,61.2,7.571e-7,0.0001
lfw,all,rgb,rgb/Alison_Krauss_0001.ppm,59.2,6.523e-7,0.0002
lfw,all,rgb,rgb/Alison_Lohman_0001.ppm,52.1,8.019e-7,0.0002
lfw,all,rgb,rgb/Alison_Lohman_0002.ppm,60.5,7.316e-7,0.0002
lfw,all,rgb,rgb/Alistair_MacDonald_0001.ppm,59.8,7.448e-7,0.0001
lfw,all,rgb,rgb/Allan_Houston_0001.ppm,25.3,1.292e-6,0.0001
lfw,all,rgb,rgb/Allan_Kemakeza_0001.ppm,62.5,7.011e-7,0.0002
lfw,all,rgb,rgb/Allan_Wagner_0001.ppm,51.0,8.140e-7,0.0002
lfw,all,rgb,rgb/Allen_Iverson_0001.ppm,67.0,7.131e-7,0.0002
lfw,all,rgb,rgb/Allen_Iverson_0002.ppm,64.5,5.678e-7,0.0002
lfw,all,rgb,rgb/Allen_Rock_0001.ppm,50.9,7.334e-7,0.0002
lfw,all,rgb,rgb/Allison_Janney_0001.ppm,65.9,6.577e-7,0.0002
lfw,all,rgb,rgb/Allison_Janney_0002.ppm,61.6,7.045e-7,0.0002
lfw,all,rgb,rgb/Allison_Searing_0001.ppm,70.6,6.579e-7,0.0002
lfw,all,rgb,rgb/Ally_Sheedy_0001.ppm,62.9,7.058e-7,0.0001
lfw,all,rgb,rgb/Allyson_Felix_0001.ppm,60.2,6.644e-7,0.0001
lfw,all,rgb,rgb/Allyson_Felix_0002.ppm,58.2,6.960e-7,0.0001
lfw,all,rgb,rgb/Allyson_Felix_0003.ppm,53.9,6.885e-7,0.0001
lfw,all,rgb,rgb/Allyson_Felix_0004.ppm,61.1,6.418e-7,0.0002
lfw,all,rgb,rgb/Allyson_Felix_0005.ppm,54.7,6.590e-7,0.0001
lfw,all,rgb,rgb/Alma_Powell_0001.ppm,60.2,7.084e-7,0.0002
lfw,all,rgb,rgb/Almeida_Baptista_0001.ppm,53.6,8.279e-7,0.0002
lfw,all,rgb,rgb/Alonzo_Mourning_0001.ppm,66.0,7.298e-7,0.0001
lfw,all,rgb,rgb/Alvaro_Noboa_0001.ppm,63.6,6.904e-7,0.0001
lfw,all,rgb,rgb/Alvaro_Noboa_0002.ppm,63.1,7.560e-7,0.0002
lfw,all,rgb,rgb/Alvaro_Noboa_0003.ppm,67.2,6.409e-7,0.0002
lfw,all,rgb,rgb/Alvaro_Silva_Calderon_0001.ppm,62.3,5.788e-7,0.0001
lfw,all,rgb,rgb/Alvaro_Silva_Calderon_0002.ppm,59.2,7.221e-7,0.0001
lfw,all,rgb,rgb/Alvaro_Silva_Calderon_0003.ppm,54.3,7.641e-7,0.0001
lfw,all,rgb,rgb/Alvaro_Silva_Calderon_0004.ppm,55.5,7.668e-7,0.0001
lfw,all,rgb,rgb/Alvaro_Uribe_0001.ppm,49.9,7.459e-7,0.0001
lfw,all,rgb,rgb/Alvaro_Uribe_0002.ppm,55.3,6.929e-7,0.0001
lfw,all,rgb,rgb/Alvaro_Uribe_0003.ppm,64.1,7.724e-7,0.0002
lfw,all,rgb,rgb/Alvaro_Uribe_0004.ppm,56.5,8.100e-7,0.0002
lfw,all,rgb,rgb/Alvaro_Uribe_0005.ppm,63.3,6.304e-7,0.0002
lfw,all,rgb,rgb/Alvaro_Uribe_0006.ppm,51.3,7.944e-7,0.0001
lfw,all,rgb,rgb/Alvaro_Uribe_0007.ppm,53.7,7.554e-7,0.0002
lfw,all,rgb,rgb/Alvaro_Uribe_0008.ppm,44.8,8.122e-7,0.0001
lfw,all,rgb,rgb/Alvaro_Uribe_0009.ppm,67.6,6.720e-7,0.0002
lfw,all,rgb,rgb/Alvaro_Uribe_0010.ppm,57.1,7.622e-7,0.0001
lfw,all,rgb,rgb/Alvaro_Uribe_0011.ppm,50.8,8.012e-7,0.0001
lfw,all,rgb,rgb/Alvaro_Uribe_0012.ppm,56.8,8.729e-7,0.0002
lfw,all,rgb,rgb/Alvaro_Uribe_0013.ppm,52.1,9.294e-7,0.0001
lfw,all,rgb,rgb/Alvaro_Uribe_0014.ppm,56.0,7.194e-7,0.0001
lfw,all,rgb,rgb/Alvaro_Uribe_0015.ppm,54.9,7.854e-7,0.0001
lfw,all,rgb,rgb/Alvaro_Uribe_0016.ppm,54.5,7.466e-7,0.0001
lfw,all,rgb,rgb/Alvaro_Uribe_0017.ppm,55.8,7.246e-7,0.0001
lfw,all,rgb,rgb/Alvaro_Uribe_0018.ppm,56.4,7.061e-7,0.0001
lfw,all,rgb,rgb/Alvaro_Uribe_0019.ppm,57.1,8.090e-7,0.0002
lfw,all,rgb,rgb/Alvaro_Uribe_0020.ppm,60.8,7.790e-7,0.0001
lfw,all,rgb,rgb/Alvaro_Uribe_0021.ppm,58.2,7.185e-7,0.0001
lfw,all,rgb,rgb/Alvaro_Uribe_0022.ppm,61.9,7.670e-7,0.0002
lfw,all,rgb,rgb/Alvaro_Uribe_0023.ppm,55.6,7.990e-7,0.0002
lfw,all,rgb,rgb/Alvaro_Uribe_0024.ppm,61.9,7.710e-7,0.0002
lfw,all,rgb,rgb/Alvaro_Uribe_0025.ppm,53.5,7.623e-7,0.0001
lfw,all,rgb,rgb/Alvaro_Uribe_0026.ppm,53.5,7.677e-7,0.0001
lfw,all,rgb,rgb/Alvaro_Uribe_0027.ppm,50.4,7.227e-7,0.0001
lfw,all,rgb,rgb/Alvaro_Uribe_0028.ppm,51.3,8.278e-7,0.0002
lfw,all,rgb,rgb/Alvaro_Uribe_0029.ppm,51.2,7.753e-7,0.0001
lfw,all,rgb,rgb/Alvaro_Uribe_0030.ppm,57.1,6.924e-7,0.0001
lfw,all,rgb,rgb/Alvaro_Uribe_0031.ppm,50.6,8.228e-7,0.0001
lfw,all,rgb,rgb/Alvaro_Uribe_0032.ppm,57.4,7.131e-7,0.0001
lfw,all,rgb,rgb/Alvaro_Uribe_0033.ppm,58.2,7.009e-7,0.0002
lfw,all,rgb,rgb/Alvaro_Uribe_0034.ppm,57.3,8.380e-7,0.0002
lfw,all,rgb,rgb/Alvaro_Uribe_0035.ppm,50.5,7.487e-7,0.0001
lfw,all,rgb,rgb/Aly_Wagner_0001.ppm,51.8,8.174e-7,0.0002
lfw,all,rgb,rgb/Alyse_Beaupre_0001.ppm,54.9,8.265e-7,0.0001
lfw,all,rgb,rgb/Alyson_Hannigan_0001.ppm,60.2,7.395e-7,0.0001
lfw,all,rgb,rgb/Amanda_Beard_0001.ppm,58.3,7.547e-7,0.0002
lfw,all,rgb,rgb/Amanda_Beard_0002.ppm,59.1,7.303e-7,0.0001
lfw,all,rgb,rgb/Amanda_Bynes_0001.ppm,59.7,7.339e-7,0.0001
lfw,all,rgb,rgb/Amanda_Bynes_0002.ppm,55.8,6.722e-7,0.0001
lfw,all,rgb,rgb/Amanda_Bynes_0003.ppm,54.9,7.516e-7,0.0001
lfw,all,rgb,rgb/Amanda_Bynes_0004.ppm,47.8,8.867e-7,0.0001
lfw,all,rgb,rgb/Amanda_Coetzer_0001.ppm,57.0,7.715e-7,0.0001
lfw,all,rgb,rgb/Amanda_Coetzer_0002.ppm,60.3,7.063e-7,0.0001
lfw,all,rgb,rgb/Amanda_Marsh_0001.ppm,65.5,6.931e-7,0.0002
lfw,all,rgb,rgb/Amanda_Plumer_0001.ppm,69.5,7.235e-7,0.0002
lfw,all,rgb,rgb/Amber_Frey_0001.ppm,63.1,7.664e-7,0.0002
lfw,all,rgb,rgb/Amber_Tamblyn_0001.ppm,57.2,7.296e-7,0.0001
lfw,all,rgb,rgb/Amber_Tamblyn_0002.ppm,56.8,7.945e-7,0.0002
lfw,all,rgb,rgb/Ambrose_Lee_0001.ppm,57.5,6.940e-7,0.0001
lfw,all,rgb,rgb/Amelia_Vega_0001.ppm,61.1,6.884e-7,0.0002
lfw,all,rgb,rgb/Amelia_Vega_0002.ppm,61.3,6.445e-7,0.0002
lfw,all,rgb,rgb/Amelia_Vega_0003.ppm,55.9,7.530e-7,0.0001
lfw,all,rgb,rgb/Amelia_Vega_0004.ppm,61.5,6.658e-7,0.0001
lfw,all,rgb,rgb/Amelia_Vega_0005.ppm,62.4,6.864e-7,0.0002
lfw,all,rgb,rgb/Amelia_Vega_0006.ppm,61.6,6.410e-7,0.0001
lfw,all,rgb,rgb/Amelia_Vega_0007.ppm,62.0,6.931e-7,0.0001
lfw,all,rgb,rgb/Amelie_Mauresmo_0001.ppm,57.4,6.860e-7,0.0001
lfw,all,rgb,rgb/Amelie_Mauresmo_0002.ppm,60.9,7.984e-7,0.0002
lfw,all,rgb,rgb/Amelie_Mauresmo_0003.ppm,55.1,8.028e-7,0.0002
lfw,all,rgb,rgb/Amelie_Mauresmo_0004.ppm,54.5,7.748e-7,0.0002
lfw,all,rgb,rgb/Amelie_Mauresmo_0005.ppm,54.4,6.964e-7,0.0001
lfw,all,rgb,rgb/Amelie_Mauresmo_0006.ppm,55.7,6.936e-7,0.0001
lfw,all,rgb,rgb/Amelie_Mauresmo_0007.ppm,56.1,7.115e-7,0.0002
lfw,all,rgb,rgb/Amelie_Mauresmo_0008.ppm,53.4,7.486e-7,0.0001
lfw,all,rgb,rgb/Amelie_Mauresmo_0009.ppm,58.7,7.115e-7,0.0002
lfw,all,rgb,rgb/Amelie_Mauresmo_0010.ppm,60.4,6.827e-7,0.0001
lfw,all,rgb,rgb/Amelie_Mauresmo_0011.ppm,50.5,9.011e-7,0.0001
lfw,all,rgb,rgb/Amelie_Mauresmo_0012.ppm,57.5,7.356e-7,0.0002
lfw,all,rgb,rgb/Amelie_Mauresmo_0013.ppm,60.2,7.385e-7,0.0001
lfw,all,rgb,rgb/Amelie_Mauresmo_0014.ppm,56.1,6.528e-7,0.0001
lfw,all,rgb,rgb/Amelie_Mauresmo_0015.ppm,47.9,7.547e-7,0.0001
lfw,all,rgb,rgb/Amelie_Mauresmo_0016.ppm,56.7,7.208e-7,0.0001
lfw,all,rgb,rgb/Amelie_Mauresmo_0017.ppm,56.1,7.339e-7,0.0001
lfw,all,rgb,rgb/Amelie_Mauresmo_0018.ppm,56.5,7.047e-7,0.0002
lfw,all,rgb,rgb/Amelie_Mauresmo_0019.ppm,54.7,8.137e-7,0.0002
lfw,all,rgb,rgb/Amelie_Mauresmo_0020.ppm,53.7,7.314e-7,0.0001
lfw,all,rgb,rgb/Amelie_Mauresmo_0021.ppm,64.3,7.119e-7,0.0002
lfw,all,rgb,rgb/Amer_al-Saadi_0001.ppm,52.4,7.806e-7,0.0002
lfw,all,rgb,rgb/Amer_al-Saadi_0002.ppm,55.2,8.541e-7,0.0001
lfw,all,rgb,rgb/Amer_al-Saadi_0003.ppm,57.6,8.893e-7,0.0001
lfw,all,rgb,rgb/Amer_al-Saadi_0004.ppm,53.7,7.584e-7,0.0002
lfw,all,rgb,rgb/Amporn_Falise_0001.ppm,62.7,6.459e-7,0.0001
lfw,all,rgb,rgb/Amr_Moussa_0001.ppm,54.4,7.505e-7,0.0001
lfw,all,rgb,rgb/Amram_Mitzna_0001.ppm,57.7,7.687e-7,0.0002
lfw,all,rgb,rgb/Amram_Mitzna_0002.ppm,26.4,1.102e-6,0.0002
lfw,all,rgb,rgb/Amy_Brenneman_0001.ppm,59.1,7.015e-7,0.0001
lfw,all,rgb,rgb/Amy_Cotton_0001.ppm,61.0,7.709e-7,0.0002
lfw,all,rgb,rgb/Amy_Gale_0001.ppm,56.2,7.923e-7,0.0002
lfw,all,rgb,rgb/Amy_Pascal_0001.ppm,67.9,7.121e-7,0.0001
lfw,all,rgb,rgb/Amy_Redford_0001.ppm,61.4,6.119e-7,0.0001
lfw,all,rgb,rgb/Amy_Smart_0001.ppm,64.1,7.321e-7,0.0001
lfw,all,rgb,rgb/Amy_Yasbeck_0001.ppm,65.6,7.009e-7,0.0001
lfw,all,rgb,rgb/AnFernce_Negron_0001.ppm,57.6,6.333e-7,0.0002
lfw,all,rgb,rgb/Ana_Claudia_Talancon_0001.ppm,58.2,6.837e-7,0.0002
lfw,all,rgb,rgb/Ana_Guevara_0001.ppm,61.4,6.755e-7,0.0002
lfw,all,rgb,rgb/Ana_Guevara_0002.ppm,63.0,6.519e-7,0.0001
lfw,all,rgb,rgb/Ana_Guevara_0003.ppm,56.7,7.217e-7,0.0001
lfw,all,rgb,rgb/Ana_Guevara_0004.ppm,61.5,7.100e-7,0.0002
lfw,all,rgb,rgb/Ana_Guevara_0005.ppm,58.0,6.863e-7,0.0001
lfw,all,rgb,rgb/Ana_Guevara_0006.ppm,61.7,6.844e-7,0.0002
lfw,all,rgb,rgb/Ana_Guevara_0007.ppm,60.3,6.901e-7,0.0002
lfw,all,rgb,rgb/Ana_Isabel_Sanchez_0001.ppm,60.1,6.379e-7,0.0001
lfw,all,rgb,rgb/Ana_Palacio_0001.ppm,54.6,7.221e-7,0.0001
lfw,all,rgb,rgb/Ana_Palacio_0002.ppm,54.2,7.065e-7,0.0001
lfw,all,rgb,rgb/Ana_Palacio_0003.ppm,56.3,8.520e-7,0.0002
lfw,all,rgb,rgb/Ana_Palacio_0004.ppm,54.7,6.426e-7,0.0001
lfw,all,rgb,rgb/Ana_Palacio_0005.ppm,54.1,6.739e-7,0.0001
lfw,all,rgb,rgb/Ana_Palacio_0006.ppm,69.6,7.212e-7,0.0002
lfw,all,rgb,rgb/Ana_Palacio_0007.ppm,49.6,7.515e-7,0.0001
lfw,all,rgb,rgb/Ana_Palacio_0008.ppm,51.2,7.552e-7,0.0001
lfw,all,rgb,rgb/Ana_Paula_Gerard_0001.ppm,59.1,7.189e-7,0.0001
lfw,all,rgb,rgb/Ana_Sebastiao_0001.ppm,65.7,7.162e-7,0.0002
lfw,all,rgb,rgb/Anastasia_Kelesidou_0001.ppm,56.4,7.994e-7,0.0002
lfw,all,rgb,rgb/Anastasia_Myskina_0001.ppm,56.8,7.373e-7,0.0002
lfw,all,rgb,rgb/Anastasia_Myskina_0002.ppm,56.5,7.845e-7,0.0001
lfw,all,rgb,rgb/Anastasia_Myskina_0003.ppm,55.6,7.190e-7,0.0001
lfw,all,rgb,rgb/Anatoliy_Kinakh_0001.ppm,55.6,7.725e-7,0.0001
lfw,all,rgb,rgb/Anders_Ebbeson_0001.ppm,58.9,8.691e-7,0.0001
lfw,all,rgb,rgb/Anders_Ebbeson_0002.ppm,69.2,6.728e-7,0.0002
lfw,all,rgb,rgb/Anders_Ebbeson_0003.ppm,59.8,8.682e-7,0.0002
lfw,all,rgb,rgb/Anders_Fogh_Rasmussen_0001.ppm,53.6,7.861e-7,0.0001
lfw,all,rgb,rgb/Anders_Fogh_Rasmussen_0002.ppm,59.7,6.683e-7,0.0002
lfw,all,rgb,rgb/Anders_Fogh_Rasmussen_0003.ppm,61.4,7.195e-7,0.0002
lfw,all,rgb,rgb/Anders_Fogh_Rasmussen_0004.ppm,51.0,7.933e-7,0.0002
lfw,all,rgb,rgb/Anderson_Varejao_0001.ppm,63.9,6.818e-7,0.0002
lfw,all,rgb,rgb/Andre_Agassi_0001.ppm,58.2,7.459e-7,0.0002
lfw,all,rgb,rgb/Andre_Agassi_0002.ppm,50.0,8.726e-7,0.0001
lfw,all,rgb,rgb/Andre_Agassi_0003.ppm,32.6,1.072e-6,0.0001
lfw,all,rgb,rgb/Andre_Agassi_0004.ppm,51.2,7.764e-7,0.0001
lfw,all,rgb,rgb/Andre_Agassi_0005.ppm,58.3,7.502e-7,0.0001
lfw,all,rgb,rgb/Andre_Agassi_0006.ppm,56.3,7.690e-7,0.0002
lfw,all,rgb,rgb/Andre_Agassi_0007.ppm,58.2,8.630e-7,0.0002
lfw,all,rgb,rgb/Andre_Agassi_0008.ppm,58.9,7.806e-7,0.0002
lfw,all,rgb,rgb/Andre_Agassi_0009.ppm,55.7,7.469e-7,0.0001
lfw,all,rgb,rgb/Andre_Agassi_0010.ppm,62.9,6.781e-7,0.0002
lfw,all,rgb,rgb/Andre_Agassi_0011.ppm,62.6,6.279e-7,0.0001
lfw,all,rgb,rgb/Andre_Agassi_0012.ppm,66.2,6.329e-7,0.0002
lfw,all,rgb,rgb/Andre_Agassi_0013.ppm,50.7,7.778e-7,0.0001
lfw,all,rgb,rgb/Andre_Agassi_0014.ppm,57.9,7.644e-7,0.0001
lfw,all,rgb,rgb/Andre_Agassi_0015.ppm,56.3,7.585e-7,0.0002
lfw,all,rgb,rgb/Andre_Agassi_0016.ppm,53.7,7.283e-7,0.0002
lfw,all,rgb,rgb/Andre_Agassi_0017.ppm,58.9,6.588e-7,0.0001
lfw,all,rgb,rgb/Andre_Agassi_0018.ppm,58.7,6.976e-7,0.0001
lfw,all,rgb,rgb/Andre_Agassi_0019.ppm,57.7,6.497e-7,0.0001
lfw,all,rgb,rgb/Andre_Agassi_0020.ppm,55.5,7.238e-7,0.0001
lfw,all,rgb,rgb/Andre_Agassi_0021.ppm,56.2,7.337e-7,0.0001
lfw,all,rgb,rgb/Andre_Agassi_0022.ppm,53.4,7.738e-7,0.0001
lfw,all,rgb,rgb/Andre_Agassi_0023.ppm,61.2,6.826e-7,0.0002
lfw,all,rgb,rgb/Andre_Agassi_0024.ppm,51.5,8.176e-7,0.0002
lfw,all,rgb,rgb/Andre_Agassi_0025.ppm,56.2,7.994e-7,0.0002
lfw,all,rgb,rgb/Andre_Agassi_0026.ppm,59.5,6.562e-7,0.0002
lfw,all,rgb,rgb/Andre_Agassi_0027.ppm,63.0,7.383e-7,0.0001
lfw,all,rgb,rgb/Andre_Agassi_0028.ppm,62.6,6.705e-7,0.0002
lfw,all,rgb,rgb/Andre_Agassi_0029.ppm,60.0,6.840e-7,0.0002
lfw,all,rgb,rgb/Andre_Agassi_0030.ppm,61.2,6.948e-7,0.0002
lfw,all,rgb,rgb/Andre_Agassi_0031.ppm,58.2,7.273e-7,0.0002
lfw,all,rgb,rgb/Andre_Agassi_0032.ppm,50.8,7.362e-7,0.0001
lfw,all,rgb,rgb/Andre_Agassi_0033.ppm,54.6,7.281e-7,0.0001
lfw,all,rgb,rgb/Andre_Agassi_0034.ppm,50.6,7.398e-7,0.0001
lfw,all,rgb,rgb/Andre_Agassi_0035.ppm,59.9,7.465e-7,0.0001
lfw,all,rgb,rgb/Andre_Agassi_0036.ppm,59.6,7.854e-7,0.0001
lfw,all,rgb,rgb/Andre_Bucher_0001.ppm,51.0,6.648e-7,0.0001
lfw,all,rgb,rgb/Andre_Lange_0001.ppm,64.5,7.704e-7,0.0003
lfw,all,rgb,rgb/Andre_Smith_0001.ppm,51.4,7.424e-7,0.0001
lfw,all,rgb,rgb/Andre_Techine_0001.ppm,56.2,7.347e-7,0.0001
lfw,all,rgb,rgb/Andrea_Bocelli_0001.ppm,59.1,7.618e-7,0.0002
lfw,all,rgb,rgb/Andrea_De_Cruz_0001.ppm,51.4,7.398e-7,0.0001
lfw,all,rgb,rgb/Andrea_Kiser_0001.ppm,66.7,6.589e-7,0.0001
lfw,all,rgb,rgb/Andrea_Yates_0001.ppm,56.7,7.030e-7,0.0001
lfw,all,rgb,rgb/Andreas_Vinciguerra_0001.ppm,53.3,7.446e-7,0.0001
lfw,all,rgb,rgb/Andrei_Konchalovsky_0001.ppm,63.3,6.611e-7,0.0002
lfw,all,rgb,rgb/Andrei_Mikhnevich_0001.ppm,59.2,6.651e-7,0.0001
lfw,all,rgb,rgb/Andrei_Mikhnevich_0002.ppm,57.4,7.099e-7,0.0002
lfw,all,rgb,rgb/Andrei_Nikolishin_0001.ppm,57.7,7.311e-7,0.0001
lfw,all,rgb,rgb/Andres_DAlessandro_0001.ppm,56.3,7.359e-7,0.0001
lfw,all,rgb,rgb/Andres_Manuel_Lopez_Obrador_0001.ppm,54.8,7.606e-7,0.0002
lfw,all,rgb,rgb/Andres_Pastrana_0001.ppm,57.0,7.956e-7,0.0002
lfw,all,rgb,rgb/Andrew_Bernard_0001.ppm,56.8,7.714e-7,0.0002
lfw,all,rgb,rgb/Andrew_Bunner_0001.ppm,53.9,7.351e-7,0.0002
lfw,all,rgb,rgb/Andrew_Bunner_0002.ppm,56.9,7.069e-7,0.0002
lfw,all,rgb,rgb/Andrew_Caldecott_0001.ppm,53.0,8.600e-7,0.0002
lfw,all,rgb,rgb/Andrew_Cuomo_0001.ppm,53.6,7.394e-7,0.0002
lfw,all,rgb,rgb/Andrew_Cuomo_0002.ppm,63.8,7.345e-7,0.0001
lfw,all,rgb,rgb/Andrew_Fastow_0001.ppm,57.3,7.563e-7,0.0002
lfw,all,rgb,rgb/Andrew_Firestone_0001.ppm,57.7,7.355e-7,0.0002
lfw,all,rgb,rgb/Andrew_Gilligan_0001.ppm,52.3,8.459e-7,0.0002
lfw,all,rgb,rgb/Andrew_Jarecki_0001.ppm,55.8,8.509e-7,0.0002
lfw,all,rgb,rgb/Andrew_Luster_0001.ppm,56.1,6.702e-7,0.0001
lfw,all,rgb,rgb/Andrew_Niccol_0001.ppm,48.5,8.106e-7,0.0002
lfw,all,rgb,rgb/Andrew_Niccol_0002.ppm,56.8,6.818e-7,0.0001
lfw,all,rgb,rgb/Andrew_Sabey_0001.ppm,51.4,8.485e-7,0.0002
lfw,all,rgb,rgb/Andrew_Shutley_0001.ppm,59.6,6.485e-7,0.0001
lfw,all,rgb,rgb/Andrew_Weissmann_0001.ppm,48.4,6.710e-7,0.0002
lfw,all,rgb,rgb/Andrew_Weissmann_0002.ppm,57.4,7.800e-7,0.0002
lfw,all,rgb,rgb/Andrew_Weissmann_0003.ppm,56.3,7.580e-7,0.0002
lfw,all,rgb,rgb/Andrew_Wetzler_0001.ppm,64.0,7.146e-7,0.0002
lfw,all,rgb,rgb/Andrzej_Tyszkiewicz_0001.ppm,53.2,7.733e-7,0.0002
lfw,all,rgb,rgb/Andy_Benes_0001.ppm,61.2,6.988e-7,0.0001
lfw,all,rgb,rgb/Andy_Bryant_0001.ppm,53.3,8.566e-7,0.0002
lfw,all,rgb,rgb/Andy_Dick_0001.ppm,38.6,1.213e-6,0.0002
lfw,all,rgb,rgb/Andy_Garcia_0001.ppm,56.8,7.378e-7,0.0001
lfw,all,rgb,rgb/Andy_Graves_0001.ppm,58.4,7.780e-7,0.0001
lfw,all,rgb,rgb/Andy_Griffith_0001.ppm,65.1,7.274e-7,0.0002
lfw,all,rgb,rgb/Andy_Griggs_0001.ppm,60.3,6.846e-7,0.0002
lfw,all,rgb,rgb/Andy_Hebb_0001.ppm,57.6,7.798e-7,0.0001
lfw,all,rgb,rgb/Andy_Hebb_0002.ppm,60.6,6.954e-7,0.0001
lfw,all,rgb,rgb/Andy_Lau_0001.ppm,52.1,8.060e-7,0.0001
lfw,all,rgb,rgb/Andy_Madikians_0001.ppm,54.5,8.200e-7,0.0001
lfw,all,rgb,rgb/Andy_North_0001.ppm,53.8,6.925e-7,0.0001
lfw,all,rgb,rgb/Andy_Perez_0001.ppm,56.4,7.324e-7,0.0001
lfw,all,rgb,rgb/Andy_Roddick_0001.ppm,43.8,6.826e-7,0.0001
lfw,all,rgb,rgb/Andy_Roddick_0002.ppm,65.1,6.833e-7,0.0001
lfw,all,rgb,rgb/Andy_Roddick_0003.ppm,58.1,7.235e-7,0.0002
lfw,all,rgb,rgb/Andy_Roddick_0004.ppm,55.0,6.897e-7,0.0001
lfw,all,rgb,rgb/Andy_Roddick_0005.ppm,66.5,5.606e-7,0.0002
lfw,all,rgb,rgb/Andy_Roddick_0006.ppm,54.3,7.167e-7,0.0002
lfw,all,rgb,rgb/Andy_Roddick_0007.ppm,59.0,7.344e-7,0.0002
lfw,all,rgb,rgb/Andy_Roddick_0008.ppm,57.0,7.850e-7,0.0002
lfw,all,rgb,rgb/Andy_Roddick_0009.ppm,64.1,6.436e-7,0.0001
lfw,all,rgb,rgb/Andy_Roddick_0010.ppm,66.3,5.793e-7,0.0001
lfw,all,rgb,rgb/Andy_Roddick_0011.ppm,59.7,7.414e-7,0.0001
lfw,all,rgb,rgb/Andy_Roddick_0012.ppm,59.6,6.734e-7,0.0001
lfw,all,rgb,rgb/Andy_Roddick_0013.ppm,59.5,6.915e-7,0.0001
lfw,all,rgb,rgb/Andy_Roddick_0014.ppm,50.4,6.646e-7,0.0001
lfw,all,rgb,rgb/Andy_Roddick_0015.ppm,43.3,6.337e-7,0.0001
lfw,all,rgb,rgb/Andy_Rooney_0001.ppm,60.8,7.698e-7,0.0001
lfw,all,rgb,rgb/Andy_Warhol_0001.ppm,56.7,7.006e-7,0.0001
lfw,all,rgb,rgb/Andy_Wisecarver_0001.ppm,64.8,7.633e-7,0.0002
lfw,all,rgb,rgb/Anette_Hosoi_0001.ppm,67.6,6.436e-7,0.0002
lfw,all,rgb,rgb/Angel_Lockward_0001.ppm,55.6,7.053e-7,0.0001
lfw,all,rgb,rgb/Angel_Maza_0001.ppm,56.6,1.243e-6,0.0011
lfw,all,rgb,rgb/Angela_Alvarado_Rosa_0001.ppm,60.5,7.020e-7,0.0001
lfw,all,rgb,rgb/Angela_Bassett_0001.ppm,64.7,6.445e-7,0.0001
lfw,all,rgb,rgb/Angela_Bassett_0002.ppm,63.5,7.102e-7,0.0002
lfw,all,rgb,rgb/Angela_Bassett_0003.ppm,61.8,6.841e-7,0.0001
lfw,all,rgb,rgb/Angela_Bassett_0004.ppm,62.3,6.916e-7,0.0002
lfw,all,rgb,rgb/Angela_Bassett_0005.ppm,62.0,7.009e-7,0.0002
lfw,all,rgb,rgb/Angela_Bassett_0006.ppm,73.3,5.172e-7,0.0001
lfw,all,rgb,rgb/Angela_Lansbury_0001.ppm,59.9,6.657e-7,0.0001
lfw,all,rgb,rgb/Angela_Lansbury_0002.ppm,62.4,6.353e-7,0.0001
lfw,all,rgb,rgb/Angela_Mascia-Frye_0001.ppm,59.3,7.775e-7,0.0002
lfw,all,rgb,rgb/Angela_Merkel_0001.ppm,63.8,7.347e-7,0.0002
lfw,all,rgb,rgb/Angela_Merkel_0002.ppm,59.9,7.319e-7,0.0001
lfw,all,rgb,rgb/Angela_Merkel_0003.ppm,58.2,7.676e-7,0.0002
lfw,all,rgb,rgb/Angela_Merkel_0004.ppm,62.4,7.254e-7,0.0001
lfw,all,rgb,rgb/Angela_Merkel_0005.ppm,53.3,7.026e-7,0.0002
lfw,all,rgb,rgb/Angelica_Romero_0001.ppm,78.0,6.106e-7,0.0002
lfw,all,rgb,rgb/Angelina_Jolie_0001.ppm,60.5,7.600e-7,0.0002
lfw,all,rgb,rgb/Angelina_Jolie_0002.ppm,58.8,6.966e-7,0.0001
lfw,all,rgb,rgb/Angelina_Jolie_0003.ppm,61.2,7.351e-7,0.0001
lfw,all,rgb,rgb/Angelina_Jolie_0004.ppm,65.1,6.519e-7,0.0001
lfw,all,rgb,rgb/Angelina_Jolie_0005.ppm,64.6,6.769e-7,0.0001
lfw,all,rgb,rgb/Angelina_Jolie_0006.ppm,59.1,6.753e-7,0.0002
lfw,all,rgb,rgb/Angelina_Jolie_0007.ppm,61.5,6.261e-7,0.0002
lfw,all,rgb,rgb/Angelina_Jolie_0008.ppm,57.0,7.197e-7,0.0002
lfw,all,rgb,rgb/Angelina_Jolie_0009.ppm,55.6,7.279e-7,0.0001
lfw,all,rgb,rgb/Angelina_Jolie_0010.ppm,67.8,6.169e-7,0.0001
lfw,all,rgb,rgb/Angelina_Jolie_0011.ppm,53.9,8.205e-7,0.0002
lfw,all,rgb,rgb/Angelina_Jolie_0012.ppm,52.7,8.795e-7,0.0001
lfw,all,rgb,rgb/Angelina_Jolie_0013.ppm,53.3,7.393e-7,0.0002
lfw,all,rgb,rgb/Angelina_Jolie_0014.ppm,62.6,6.529e-7,0.0001
lfw,all,rgb,rgb/Angelina_Jolie_0015.ppm,61.6,6.401e-7,0.0001
lfw,all,rgb,rgb/Angelina_Jolie_0016.ppm,61.1,7.023e-7,0.0002
lfw,all,rgb,rgb/Angelina_Jolie_0017.ppm,55.2,6.559e-7,0.0001
lfw,all,rgb,rgb/Angelina_Jolie_0018.ppm,62.0,7.089e-7,0.0001
lfw,all,rgb,rgb/Angelina_Jolie_0019.ppm,55.0,6.773e-7,0.0001
lfw,all,rgb,rgb/Angelina_Jolie_0020.ppm,55.3,6.989e-7,0.0001
lfw,all,rgb,rgb/Angelo_Genova_0001.ppm,61.3,7.866e-7,0.0002
lfw,all,rgb,rgb/Angelo_Reyes_0001.ppm,53.2,7.179e-7,0.0001
lfw,all,rgb,rgb/Angelo_Reyes_0002.ppm,53.4,7.305e-7,0.0001
lfw,all,rgb,rgb/Angelo_Reyes_0003.ppm,64.4,6.565e-7,0.0001
lfw,all,rgb,rgb/Angelo_Reyes_0004.ppm,60.9,7.527e-7,0.0002
lfw,all,rgb,rgb/Angie_Arzola_0001.ppm,49.6,8.577e-7,0.0001
lfw,all,rgb,rgb/Angie_Martinez_0001.ppm,41.1,7.436e-7,0.0001
lfw,all,rgb,rgb/Anibal_Ibarra_0001.ppm,59.1,7.323e-7,0.0001
lfw,all,rgb,rgb/Anibal_Ibarra_0002.ppm,59.1,6.962e-7,0.0001
lfw,all,rgb,rgb/Anibal_Ibarra_0003.ppm,62.6,6.991e-7,0.0001
lfw,all,rgb,rgb/Anil_Ramsook_0001.ppm,57.8,6.359e-7,0.0001
lfw,all,rgb,rgb/Anita_DeFrantz_0001.ppm,66.8,5.955e-7,0.0001
lfw,all,rgb,rgb/Anja_Paerson_0001.ppm,60.3,6.429e-7,0.0001
lfw,all,rgb,rgb/Anjum_Hussain_0001.ppm,61.5,6.963e-7,0.0001
lfw,all,rgb,rgb/Ann_Godbehere_0001.ppm,60.6,7.152e-7,0.0001
lfw,all,rgb,rgb/Ann_Landers_0001.ppm,58.5,7.553e-7,0.0001
lfw,all,rgb,rgb/Ann_Morgan_0001.ppm,61.9,6.890e-7,0.0001
lfw,all,rgb,rgb/Ann_Veneman_0001.ppm,58.5,6.727e-7,0.0002
lfw,all,rgb,rgb/Ann_Veneman_0002.ppm,59.1,7.404e-7,0.0002
lfw,all,rgb,rgb/Ann_Veneman_0003.ppm,58.6,7.223e-7,0.0002
lfw,all,rgb,rgb/Ann_Veneman_0004.ppm,59.6,7.034e-7,0.0002
lfw,all,rgb,rgb/Ann_Veneman_0005.ppm,61.9,6.040e-7,0.0001
lfw,all,rgb,rgb/Ann_Veneman_0006.ppm,56.9,7.864e-7,0.0001
lfw,all,rgb,rgb/Ann_Veneman_0007.ppm,56.5,8.117e-7,0.0002
lfw,all,rgb,rgb/Ann_Veneman_0008.ppm,56.7,6.207e-7,0.0001
lfw,all,rgb,rgb/Ann_Veneman_0009.ppm,55.5,7.476e-7,0.0001
lfw,all,rgb,rgb/Ann_Veneman_0010.ppm,52.2,6.767e-7,0.0001
lfw,all,rgb,rgb/Ann_Veneman_0011.ppm,63.4,6.624e-7,0.0001
lfw,all,rgb,rgb/Anna_Chicherova_0001.ppm,50.1,7.765e-7,0.0001
lfw,all,rgb,rgb/Anna_Faris_0001.ppm,67.3,6.632e-7,0.0002
lfw,all,rgb,rgb/Anna_Jones_0001.ppm,59.4,7.089e-7,0.0002
lfw,all,rgb,rgb/Anna_Kournikova_0001.ppm,62.6,7.196e-7,0.0002
lfw,all,rgb,rgb/Anna_Kournikova_0002.ppm,53.1,6.653e-7,0.0001
lfw,all,rgb,rgb/Anna_Kournikova_0003.ppm,41.7,6.821e-7,0.0001
lfw,all,rgb,rgb/Anna_Kournikova_0004.ppm,49.9,6.714e-7,0.0001
lfw,all,rgb,rgb/Anna_Kournikova_0005.ppm,39.8,6.590e-7,0.0001
lfw,all,rgb,rgb/Anna_Kournikova_0006.ppm,57.5,6.296e-7,0.0001
lfw,all,rgb,rgb/Anna_Kournikova_0007.ppm,53.8,5.966e-7,0.0001
lfw,all,rgb,rgb/Anna_Kournikova_0008.ppm,52.5,6.126e-7,0.0001
lfw,all,rgb,rgb/Anna_Kournikova_0009.ppm,48.2,6.600e-7,0.0001
lfw,all,rgb,rgb/Anna_Kournikova_0010.ppm,53.8,7.116e-7,0.0002
lfw,all,rgb,rgb/Anna_Kournikova_0011.ppm,63.5,6.413e-7,0.0001
lfw,all,rgb,rgb/Anna_Kournikova_0012.ppm,60.0,7.229e-7,0.0001
lfw,all,rgb,rgb/Anna_Nicole_Smith_0001.ppm,61.2,6.793e-7,0.0002
lfw,all,rgb,rgb/Anna_Nicole_Smith_0002.ppm,62.2,6.327e-7,0.0001
lfw,all,rgb,rgb/Anne_Cavers_0001.ppm,61.9,6.825e-7,0.0001
lfw,all,rgb,rgb/Anne_Donovan_0001.ppm,60.5,6.805e-7,0.0001
lfw,all,rgb,rgb/Anne_Heche_0001.ppm,55.8,6.865e-7,0.0001
lfw,all,rgb,rgb/Anne_Krueger_0001.ppm,61.0,6.226e-7,0.0001
lfw,all,rgb,rgb/Anne_Krueger_0002.ppm,62.4,5.944e-7,0.0001
lfw,all,rgb,rgb/Anne_Krueger_0003.ppm,62.9,6.214e-7,0.0001
lfw,all,rgb,rgb/Anne_McLellan_0001.ppm,63.5,5.388e-7,0.0001
lfw,all,rgb,rgb/Anne_McLellan_0002.ppm,57.8,6.492e-7,0.0001
lfw,all,rgb,rgb/Anne_McLellan_0003.ppm,65.6,6.212e-7,0.0002
lfw,all,rgb,rgb/Anne_ONeil_0001.ppm,55.9,6.710e-7,0.0001
lfw,all,rgb,rgb/Anneli_Jaatteenmaki_0001.ppm,57.4,6.902e-7,0.0002
lfw,all,rgb,rgb/Anneli_Jaatteenmaki_0002.ppm,61.4,7.364e-7,0.0002
lfw,all,rgb,rgb/Annette_Bening_0001.ppm,63.6,6.432e-7,0.0001
lfw,all,rgb,rgb/Annette_Bening_0002.ppm,62.4,6.811e-7,0.0002
lfw,all,rgb,rgb/Annette_Lu_0001.ppm,56.0,7.959e-7,0.0001
lfw,all,rgb,rgb/Annette_Lu_0002.ppm,50.5,8.129e-7,0.0001
lfw,all,rgb,rgb/Annette_Lu_0003.ppm,48.7,7.515e-7,0.0001
lfw,all,rgb,rgb/Annie-Jeanne_Reynaud_0001.ppm,60.5,6.741e-7,0.0001
lfw,all,rgb,rgb/Annie_Chaplin_0001.ppm,72.4,7.779e-7,0.0002
lfw,all,rgb,rgb/Annie_Machon_0001.ppm,60.9,6.839e-7,0.0002
lfw,all,rgb,rgb/Annika_Sorenstam_0001.ppm,60.0,5.994e-7,0.0001
lfw,all,rgb,rgb/Antanas_Valionis_0001.ppm,62.9,7.135e-7,0.0002
lfw,all,rgb,rgb/Anthony_Carter_0001.ppm,62.9,7.176e-7,0.0001
lfw,all,rgb,rgb/Anthony_Corso_0001.ppm,51.1,8.477e-7,0.0002
lfw,all,rgb,rgb/Anthony_Ervin_0001.ppm,59.4,7.817e-7,0.0002
lfw,all,rgb,rgb/Anthony_Fauci_0001.ppm,52.9,7.831e-7,0.0001
lfw,all,rgb,rgb/Anthony_Fauci_0002.ppm,49.4,7.593e-7,0.0001
lfw,all,rgb,rgb/Anthony_Garotinho_0001.ppm,43.2,1.052e-6,0.0002
lfw,all,rgb,rgb/Anthony_Hazen_0001.ppm,59.1,7.084e-7,0.0001
lfw,all,rgb,rgb/Anthony_Hopkins_0001.ppm,59.5,7.228e-7,0.0002
lfw,all,rgb,rgb/Anthony_Hopkins_0002.ppm,64.4,6.808e-7,0.0002
lfw,all,rgb,rgb/Anthony_LaPaglia_0001.ppm,50.5,7.884e-7,0.0001
lfw,all,rgb,rgb/Anthony_LaPaglia_0002.ppm,54.2,8.094e-7,0.0002
lfw,all,rgb,rgb/Anthony_Lee_Johnson_0001.ppm,69.9,5.972e-7,0.0001
lfw,all,rgb,rgb/Anthony_Mazur_0001.ppm,57.1,6.940e-7,0.0002
lfw,all,rgb,rgb/Anthony_Pico_0001.ppm,60.5,7.095e-7,0.0002
lfw,all,rgb,rgb/Anthony_Pisciotti_0001.ppm,53.6,7.978e-7,0.0002
lfw,all,rgb,rgb/Anthony_Principi_0001.ppm,56.7,6.828e-7,0.0001
lfw,all,rgb,rgb/Anthony_Rackauckas_0001.ppm,55.5,7.413e-7,0.0001
lfw,all,rgb,rgb/Anthony_Scott_Miller_0001.ppm,66.6,6.718e-7,0.0002
lfw,all,rgb,rgb/Antje_Buschschulte_0001.ppm,63.2,6.915e-7,0.0002
lfw,all,rgb,rgb/Anton_Balasingham_0001.ppm,54.2,6.810e-7,0.0001
lfw,all,rgb,rgb/Antonio_Banderas_0001.ppm,61.7,6.382e-7,0.0002
lfw,all,rgb,rgb/Antonio_Banderas_0002.ppm,62.4,6.790e-7,0.0002
lfw,all,rgb,rgb/Antonio_Banderas_0003.ppm,65.5,6.161e-7,0.0001
lfw,all,rgb,rgb/Antonio_Banderas_0004.ppm,59.6,6.299e-7,0.0002
lfw,all,rgb,rgb/Antonio_Banderas_0005.ppm,62.1,6.823e-7,0.0001
lfw,all,rgb,rgb/Antonio_Bernardo_0001.ppm,59.5,6.650e-7,0.0002
lfw,all,rgb,rgb/Antonio_Cassano_0001.ppm,53.8,7.832e-7,0.0001
lfw,all,rgb,rgb/Antonio_Catania_0001.ppm,55.6,7.263e-7,0.0002
lfw,all,rgb,rgb/Antonio_Elias_Saca_0001.ppm,61.9,6.640e-7,0.0002
lfw,all,rgb,rgb/Antonio_Palocci_0001.ppm,61.3,7.621e-7,0.0002
lfw,all,rgb,rgb/Antonio_Palocci_0002.ppm,58.4,6.962e-7,0.0002
lfw,all,rgb,rgb/Antonio_Palocci_0003.ppm,60.5,7.327e-7,0.0002
lfw,all,rgb,rgb/Antonio_Palocci_0004.ppm,63.7,6.611e-7,0.0001
lfw,all,rgb,rgb/Antonio_Palocci_0005.ppm,61.5,6.492e-7,0.0001
lfw,all,rgb,rgb/Antonio_Palocci_0006.ppm,60.7,6.626e-7,0.0002
lfw,all,rgb,rgb/Antonio_Palocci_0007.ppm,57.3,7.246e-7,0.0001
lfw,all,rgb,rgb/Antonio_Palocci_0008.ppm,59.3,7.578e-7,0.0002
lfw,all,rgb,rgb/Antonio_Trillanes_0001.ppm,55.6,6.268e-7,0.0001
lfw,all,rgb,rgb/Antonio_Trillanes_0002.ppm,59.1,7.418e-7,0.0001
lfw,all,rgb,rgb/Antonio_Trillanes_0003.ppm,56.4,6.891e-7,0.0001
lfw,all,rgb,rgb/Antony_Leung_0001.ppm,65.2,6.373e-7,0.0001
lfw,all,rgb,rgb/Antony_Leung_0002.ppm,54.2,6.697e-7,0.0001
lfw,all,rgb,rgb/Antony_Leung_0003.ppm,57.7,6.534e-7,0.0001
lfw,all,rgb,rgb/Antony_Leung_0004.ppm,54.4,7.590e-7,0.0001
lfw,all,rgb,rgb/Antwun_Echols_0001.ppm,59.7,6.534e-7,0.0001
lfw,all,rgb,rgb/Anwar_Ibrahim_0001.ppm,57.2,6.789e-7,0.0002
lfw,all,rgb,rgb/Anwar_Ibrahim_0002.ppm,61.5,6.505e-7,0.0002
lfw,all,rgb,rgb/Anzori_Kikalishvili_0001.ppm,58.7,6.518e-7,0.0001
lfw,all,rgb,rgb/Aparna_Pillai_0001.ppm,61.9,6.529e-7,0.0001
lfw,all,rgb,rgb/Aram_Adler_0001.ppm,56.8,8.325e-7,0.0002
lfw,all,rgb,rgb/Arantxa_Sanchez-Vicario_0001.ppm,57.0,6.765e-7,0.0001
lfw,all,rgb,rgb/Arantxa_Sanchez-Vicario_0002.ppm,59.3,6.582e-7,0.0001
lfw,all,rgb,rgb/Aretha_Franklin_0001.ppm,58.2,6.851e-7,0.0002
lfw,all,rgb,rgb/Ari_Bousbib_0001.ppm,57.3,7.270e-7,0.0002
lfw,all,rgb,rgb/Ari_Fleischer_0001.ppm,61.3,6.955e-7,0.0001
lfw,all,rgb,rgb/Ari_Fleischer_0002.ppm,64.5,7.312e-7,0.0002
lfw,all,rgb,rgb/Ari_Fleischer_0003.ppm,54.9,7.281e-7,0.0002
lfw,all,rgb,rgb/Ari_Fleischer_0004.ppm,64.0,7.414e-7,0.0002
lfw,all,rgb,rgb/Ari_Fleischer_0005.ppm,59.4,7.335e-7,0.0002
lfw,all,rgb,rgb/Ari_Fleischer_0006.ppm,63.8,7.821e-7,0.0002
lfw,all,rgb,rgb/Ari_Fleischer_0007.ppm,56.2,7.342e-7,0.0001
lfw,all,rgb,rgb/Ari_Fleischer_0008.ppm,54.0,8.237e-7,0.0002
lfw,all,rgb,rgb/Ari_Fleischer_0009.ppm,56.5,7.723e-7,0.0002
lfw,all,rgb,rgb/Ari_Fleischer_0010.ppm,58.4,7.511e-7,0.0002
lfw,all,rgb,rgb/Ari_Fleischer_0011.ppm,63.6,7.804e-7,0.0002
lfw,all,rgb,rgb/Ari_Fleischer_0012.ppm,66.1,7.287e-7,0.0002
lfw,all,rgb,rgb/Ari_Fleischer_0013.ppm,53.7,9.307e-7,0.0002
lfw,all,rgb,rgb/Arianna_Huffington_0001.ppm,61.3,6.925e-7,0.0001
lfw,all,rgb,rgb/Arianna_Huffington_0002.ppm,58.5,7.091e-7,0.0001
lfw,all,rgb,rgb/Arianna_Huffington_0003.ppm,59.2,7.171e-7,0.0002
lfw,all,rgb,rgb/Arianna_Huffington_0004.ppm,55.0,8.072e-7,0.0001
lfw,all,rgb,rgb/Arie_Haan_0001.ppm,63.4,6.921e-7,0.0002
lfw,all,rgb,rgb/Ariel_Sharon_0001.ppm,59.9,7.386e-7,0.0002
lfw,all,rgb,rgb/Ariel_Sharon_0002.ppm,57.5,7.664e-7,0.0001
lfw,all,rgb,rgb/Ariel_Sharon_0003.ppm,52.7,6.913e-7,0.0001
lfw,all,rgb,rgb/Ariel_Sharon_0004.ppm,40.1,6.568e-7,0.0001
lfw,all,rgb,rgb/Ariel_Sharon_0005.ppm,54.8,7.435e-7,0.0001
lfw,all,rgb,rgb/Ariel_Sharon_0006.ppm,55.1,7.803e-7,0.0001
lfw,all,rgb,rgb/Ariel_Sharon_0007.ppm,51.0,7.542e-7,0.0001
lfw,all,rgb,rgb/Ariel_Sharon_0008.ppm,59.0,6.778e-7,0.0001
lfw,all,rgb,rgb/Ariel_Sharon_0009.ppm,55.3,7.601e-7,0.0001
lfw,all,rgb,rgb/Ariel_Sharon_0010.ppm,63.6,7.663e-7,0.0002
lfw,all,rgb,rgb/Ariel_Sharon_0011.ppm,57.8,8.529e-7,0.0002
lfw,all,rgb,rgb/Ariel_Sharon_0012.ppm,64.6,6.647e-7,0.0002
lfw,all,rgb,rgb/Ariel_Sharon_0013.ppm,52.7,6.917e-7,0.0002
lfw,all,rgb,rgb/Ariel_Sharon_0014.ppm,57.8,7.258e-7,0.0001
lfw,all,rgb,rgb/Ariel_Sharon_0015.ppm,58.9,7.542e-7,0.0001
lfw,all,rgb,rgb/Ariel_Sharon_0016.ppm,53.1,7.593e-7,0.0002
lfw,all,rgb,rgb/Ariel_Sharon_0017.ppm,83.2,7.187e-7,0.0002
lfw,all,rgb,rgb/Ariel_Sharon_0018.ppm,58.6,7.323e-7,0.0001
lfw,all,rgb,rgb/Ariel_Sharon_0019.ppm,59.0,7.389e-7,0.0002
lfw,all,rgb,rgb/Ariel_Sharon_0020.ppm,54.0,7.552e-7,0.0001
lfw,all,rgb,rgb/Ariel_Sharon_0021.ppm,57.1,7.357e-7,0.0001
lfw,all,rgb,rgb/Ariel_Sharon_0022.ppm,57.7,7.747e-7,0.0002
lfw,all,rgb,rgb/Ariel_Sharon_0023.ppm,60.4,6.924e-7,0.0002
lfw,all,rgb,rgb/Ariel_Sharon_0024.ppm,52.6,7.708e-7,0.0001
lfw,all,rgb,rgb/Ariel_Sharon_0025.ppm,56.8,6.878e-7,0.0001
lfw,all,rgb,rgb/Ariel_Sharon_0026.ppm,64.3,7.258e-7,0.0002
lfw,all,rgb,rgb/Ariel_Sharon_0027.ppm,56.2,7.639e-7,0.0001
lfw,all,rgb,rgb/Ariel_Sharon_0028.ppm,54.6,8.245e-7,0.0001
lfw,all,rgb,rgb/Ariel_Sharon_0029.ppm,61.2,7.028e-7,0.0002
lfw,all,rgb,rgb/Ariel_Sharon_0030.ppm,61.6,8.200e-7,0.0002
lfw,all,rgb,rgb/Ariel_Sharon_0031.ppm,42.0,1.163e-6,0.0002
lfw,all,rgb,rgb/Ariel_Sharon_0032.ppm,57.6,7.487e-7,0.0002
lfw,all,rgb,rgb/Ariel_Sharon_0033.ppm,50.6,8.264e-7,0.0002
lfw,all,rgb,rgb/Ariel_Sharon_0034.ppm,53.5,7.718e-7,0.0001
lfw,all,rgb,rgb/Ariel_Sharon_0035.ppm,56.8,7.486e-7,0.0001
lfw,all,rgb,rgb/Ariel_Sharon_0036.ppm,62.5,6.874e-7,0.0001
lfw,all,rgb,rgb/Ariel_Sharon_0037.ppm,61.0,7.240e-7,0.0002
lfw,all,rgb,rgb/Ariel_Sharon_0038.ppm,59.1,6.595e-7,0.0002
lfw,all,rgb,rgb/Ariel_Sharon_0039.ppm,56.9,6.953e-7,0.0002
lfw,all,rgb,rgb/Ariel_Sharon_0040.ppm,48.7,7.620e-7,0.0001
lfw,all,rgb,rgb/Ariel_Sharon_0041.ppm,57.7,7.270e-7,0.0002
lfw,all,rgb,rgb/Ariel_Sharon_0042.ppm,54.9,7.917e-7,0.0001
lfw,all,rgb,rgb/Ariel_Sharon_0043.ppm,53.9,7.076e-7,0.0001
lfw,all,rgb,rgb/Ariel_Sharon_0044.ppm,57.1,7.257e-7,0.0001
lfw,all,rgb,rgb/Ariel_Sharon_0045.ppm,56.7,8.169e-7,0.0002
lfw,all,rgb,rgb/Ariel_Sharon_0046.ppm,52.5,8.612e-7,0.0002
lfw,all,rgb,rgb/Ariel_Sharon_0047.ppm,54.7,7.171e-7,0.0002
lfw,all,rgb,rgb/Ariel_Sharon_0048.ppm,57.6,6.973e-7,0.0001
lfw,all,rgb,rgb/Ariel_Sharon_0049.ppm,58.3,7.060e-7,0.0002
lfw,all,rgb,rgb/Ariel_Sharon_0050.ppm,55.5,6.926e-7,0.0001
lfw,all,rgb,rgb/Ariel_Sharon_0051.ppm,54.0,7.773e-7,0.0002
lfw,all,rgb,rgb/Ariel_Sharon_0052.ppm,58.3,7.216e-7,0.0002
lfw,all,rgb,rgb/Ariel_Sharon_0053.ppm,60.1,7.045e-7,0.0001
lfw,all,rgb,rgb/Ariel_Sharon_0054.ppm,54.0,8.410e-7,0.0001
lfw,all,rgb,rgb/Ariel_Sharon_0055.ppm,57.1,7.358e-7,0.0002
lfw,all,rgb,rgb/Ariel_Sharon_0056.ppm,56.1,7.284e-7,0.0002
lfw,all,rgb,rgb/Ariel_Sharon_0057.ppm,51.9,6.897e-7,0.0001
lfw,all,rgb,rgb/Ariel_Sharon_0058.ppm,52.7,8.120e-7,0.0002
lfw,all,rgb,rgb/Ariel_Sharon_0059.ppm,55.4,7.271e-7,0.0002
lfw,all,rgb,rgb/Ariel_Sharon_0060.ppm,56.2,8.419e-7,0.0002
lfw,all,rgb,rgb/Ariel_Sharon_0061.ppm,58.8,7.907e-7,0.0002
lfw,all,rgb,rgb/Ariel_Sharon_0062.ppm,55.2,7.363e-7,0.0002
lfw,all,rgb,rgb/Ariel_Sharon_0063.ppm,61.9,8.078e-7,0.0002
lfw,all,rgb,rgb/Ariel_Sharon_0064.ppm,61.1,8.188e-7,0.0002
lfw,all,rgb,rgb/Ariel_Sharon_0065.ppm,53.4,7.477e-7,0.0001
lfw,all,rgb,rgb/Ariel_Sharon_0066.ppm,59.7,7.101e-7,0.0002
lfw,all,rgb,rgb/Ariel_Sharon_0067.ppm,59.3,7.625e-7,0.0001
lfw,all,rgb,rgb/Ariel_Sharon_0068.ppm,55.1,7.654e-7,0.0002
lfw,all,rgb,rgb/Ariel_Sharon_0069.ppm,65.0,6.393e-7,0.0002
lfw,all,rgb,rgb/Ariel_Sharon_0070.ppm,56.4,8.632e-7,0.0001
lfw,all,rgb,rgb/Ariel_Sharon_0071.ppm,56.0,7.722e-7,0.0001
lfw,all,rgb,rgb/Ariel_Sharon_0072.ppm,56.5,6.841e-7,0.0001
lfw,all,rgb,rgb/Ariel_Sharon_0073.ppm,66.7,8.279e-7,0.0002
lfw,all,rgb,rgb/Ariel_Sharon_0074.ppm,58.5,7.311e-7,0.0001
lfw,all,rgb,rgb/Ariel_Sharon_0075.ppm,71.9,7.440e-7,0.0002
lfw,all,rgb,rgb/Ariel_Sharon_0076.ppm,55.3,7.839e-7,0.0001
lfw,all,rgb,rgb/Ariel_Sharon_0077.ppm,55.3,7.415e-7,0.0001
lfw,all,rgb,rgb/Arif_Mardin_0001.ppm,60.6,7.266e-7,0.0002
lfw,all,rgb,rgb/Arlen_Specter_0001.ppm,52.7,7.587e-7,0.0001
lfw,all,rgb,rgb/Arlen_Specter_0002.ppm,55.9,8.269e-7,0.0002
lfw,all,rgb,rgb/Arlen_Specter_0003.ppm,69.5,8.695e-7,0.0002
lfw,all,rgb,rgb/Armand_Sargen_0001.ppm,67.7,7.465e-7,0.0002
lfw,all,rgb,rgb/Armando_Avila_Panchame_0001.ppm,51.8,7.855e-7,0.0001
lfw,all,rgb,rgb/Armando_Calderon_Sol_0001.ppm,47.6,7.706e-7,0.0001
lfw,all,rgb,rgb/Armando_Carrillo_0001.ppm,70.6,5.776e-7,0.0001
lfw,all,rgb,rgb/Arminio_Fraga_0001.ppm,29.9,7.619e-7,0.0001
lfw,all,rgb,rgb/Arminio_Fraga_0002.ppm,53.3,1.010e-6,0.0002
lfw,all,rgb,rgb/Arminio_Fraga_0003.ppm,56.6,8.534e-7,0.0002
lfw,all,rgb,rgb/Arminio_Fraga_0004.ppm,57.9,8.804e-7,0.0002
lfw,all,rgb,rgb/Arminio_Fraga_0005.ppm,55.5,8.027e-7,0.0001
lfw,all,rgb,rgb/Arminio_Fraga_0006.ppm,55.2,8.197e-7,0.0002
lfw,all,rgb,rgb/Arnaud_Clement_0001.ppm,60.7,5.664e-7,0.0001
lfw,all,rgb,rgb/Arnaud_Clement_0002.ppm,55.8,6.969e-7,0.0001
lfw,all,rgb,rgb/Arnaud_Lagardere_0001.ppm,58.7,7.358e-7,0.0001
lfw,all,rgb,rgb/Arnie_Boehm_0001.ppm,54.0,8.053e-7,0.0002
lfw,all,rgb,rgb/Arnold_Palmer_0001.ppm,58.2,6.728e-7,0.0002
lfw,all,rgb,rgb/Arnold_Palmer_0002.ppm,57.8,6.968e-7,0.0002
lfw,all,rgb,rgb/Arnold_Palmer_0003.ppm,54.4,7.727e-7,0.0001
lfw,all,rgb,rgb/Arnold_Schwarzenegger_0001.ppm,65.9,8.670e-7,0.0002
lfw,all,rgb,rgb/Arnold_Schwarzenegger_0002.ppm,53.3,8.027e-7,0.0002
lfw,all,rgb,rgb/Arnold_Schwarzenegger_0003.ppm,55.6,7.950e-7,0.0002
lfw,all,rgb,rgb/Arnold_Schwarzenegger_0004.ppm,59.7,9.163e-7,0.0002
lfw,all,rgb,rgb/Arnold_Schwarzenegger_0005.ppm,60.0,7.206e-7,0.0001
lfw,all,rgb,rgb/Arnold_Schwarzenegger_0006.ppm,51.6,7.334e-7,0.0002
lfw,all,rgb,rgb/Arnold_Schwarzenegger_0007.ppm,62.9,6.815e-7,0.0001
lfw,all,rgb,rgb/Arnold_Schwarzenegger_0008.ppm,58.3,7.328e-7,0.0002
lfw,all,rgb,rgb/Arnold_Schwarzenegger_0009.ppm,61.4,7.156e-7,0.0002
lfw,all,rgb,rgb/Arnold_Schwarzenegger_0010.ppm,63.4,7.261e-7,0.0001
lfw,all,rgb,rgb/Arnold_Schwarzenegger_0011.ppm,51.4,7.223e-7,0.0002
lfw,all,rgb,rgb/Arnold_Schwarzenegger_0012.ppm,61.0,8.056e-7,0.0002
lfw,all,rgb,rgb/Arnold_Schwarzenegger_0013.ppm,63.1,7.483e-7,0.0002
lfw,all,rgb,rgb/Arnold_Schwarzenegger_0014.ppm,60.4,8.138e-7,0.0002
lfw,all,rgb,rgb/Arnold_Schwarzenegger_0015.ppm,53.6,7.944e-7,0.0001
lfw,all,rgb,rgb/Arnold_Schwarzenegger_0016.ppm,56.1,7.584e-7,0.0001
lfw,all,rgb,rgb/Arnold_Schwarzenegger_0017.ppm,66.4,6.751e-7,0.0001
lfw,all,rgb,rgb/Arnold_Schwarzenegger_0018.ppm,69.8,8.787e-7,0.0002
lfw,all,rgb,rgb/Arnold_Schwarzenegger_0019.ppm,51.2,8.482e-7,0.0001
lfw,all,rgb,rgb/Arnold_Schwarzenegger_0020.ppm,54.6,7.437e-7,0.0002
lfw,all,rgb,rgb/Arnold_Schwarzenegger_0021.ppm,53.3,7.719e-7,0.0001
lfw,all,rgb,rgb/Arnold_Schwarzenegger_0022.ppm,59.1,6.959e-7,0.0002
lfw,all,rgb,rgb/Arnold_Schwarzenegger_0023.ppm,64.7,6.981e-7,0.0002
lfw,all,rgb,rgb/Arnold_Schwarzenegger_0024.ppm,55.0,7.874e-7,0.0001
lfw,all,rgb,rgb/Arnold_Schwarzenegger_0025.ppm,59.5,8.356e-7,0.0002
lfw,all,rgb,rgb/Arnold_Schwarzenegger_0026.ppm,57.8,7.693e-7,0.0001
lfw,all,rgb,rgb/Arnold_Schwarzenegger_0027.ppm,55.1,8.026e-7,0.0002
lfw,all,rgb,rgb/Arnold_Schwarzenegger_0028.ppm,54.7,6.883e-7,0.0001
lfw,all,rgb,rgb/Arnold_Schwarzenegger_0029.ppm,52.5,7.587e-7,0.0001
lfw,all,rgb,rgb/Arnold_Schwarzenegger_0030.ppm,60.3,7.475e-7,0.0001
lfw,all,rgb,rgb/Arnold_Schwarzenegger_0031.ppm,65.4,7.431e-7,0.0002
lfw,all,rgb,rgb/Arnold_Schwarzenegger_0032.ppm,55.8,7.761e-7,0.0002
lfw,all,rgb,rgb/Arnold_Schwarzenegger_0033.ppm,57.2,7.488e-7,0.0002
lfw,all,rgb,rgb/Arnold_Schwarzenegger_0034.ppm,83.2,6.552e-7,0.0002
lfw,all,rgb,rgb/Arnold_Schwarzenegger_0035.ppm,63.3,6.652e-7,0.0001
lfw,all,rgb,rgb/Arnold_Schwarzenegger_0036.ppm,46.2,7.892e-7,0.0001
lfw,all,rgb,rgb/Arnold_Schwarzenegger_0037.ppm,55.4,8.549e-7,0.0002
lfw,all,rgb,rgb/Arnold_Schwarzenegger_0038.ppm,43.3,7.940e-7,0.0001
lfw,all,rgb,rgb/Arnold_Schwarzenegger_0039.ppm,62.1,7.681e-7,0.0002
lfw,all,rgb,rgb/Arnold_Schwarzenegger_0040.ppm,57.1,6.903e-7,0.0001
lfw,all,rgb,rgb/Arnold_Schwarzenegger_0041.ppm,58.1,7.450e-7,0.0001
lfw,all,rgb,rgb/Arnold_Schwarzenegger_0042.ppm,57.5,7.244e-7,0.0001
lfw,all,rgb,rgb/Arnold_Scott_0001.ppm,64.0,6.784e-7,0.0002
lfw,all,rgb,rgb/Arnoldo_Aleman_0001.ppm,60.7,8.013e-7,0.0002
lfw,all,rgb,rgb/Arnoldo_Aleman_0002.ppm,59.6,7.105e-7,0.0001
lfw,all,rgb,rgb/Arnoldo_Aleman_0003.ppm,57.0,7.849e-7,0.0002
lfw,all,rgb,rgb/Arnoldo_Aleman_0004.ppm,57.9,7.480e-7,0.0001
lfw,all,rgb,rgb/Arnoldo_Aleman_0005.ppm,62.5,7.072e-7,0.0002
lfw,all,rgb,rgb/Aron_Ralston_0001.ppm,57.7,7.520e-7,0.0002
lfw,all,rgb,rgb/Aron_Ralston_0002.ppm,64.4,9.452e-7,0.0002
lfw,all,rgb,rgb/Arsinee_Khanjian_0001.ppm,99.5,6.069e-7,0.0002
lfw,all,rgb,rgb/Arsinee_Khanjian_0002.ppm,65.1,6.368e-7,0.0002
lfw,all,rgb,rgb/Art_Cooper_0001.ppm,55.8,7.844e-7,0.0001
lfw,all,rgb,rgb/Art_Hoffmann_0001.ppm,53.8,8.058e-7,0.0002
lfw,all,rgb,rgb/Art_Hoffmann_0002.ppm,59.4,7.324e-7,0.0002
lfw,all,rgb,rgb/Art_Howe_0001.ppm,59.2,7.389e-7,0.0002
lfw,all,rgb,rgb/Art_Howe_0002.ppm,69.0,6.865e-7,0.0002
lfw,all,rgb,rgb/Art_Howe_0003.ppm,67.4,7.448e-7,0.0002
lfw,all,rgb,rgb/Art_Howe_0004.ppm,57.6,7.984e-7,0.0001
lfw,all,rgb,rgb/Art_Lopez_0001.ppm,68.0,6.772e-7,0.0002
lfw,all,rgb,rgb/Arthur_Johnson_0001.ppm,57.6,8.178e-7,0.0002
lfw,all,rgb,rgb/Arthur_Martinez_0001.ppm,54.0,7.297e-7,0.0001
lfw,all,rgb,rgb/Artieas_Shanks_0001.ppm,51.0,7.901e-7,0.0001
lfw,all,rgb,rgb/Arturo_Gatti_0001.ppm,61.2,6.367e-7,0.0001
lfw,all,rgb,rgb/Arturo_Gatti_0002.ppm,60.4,6.634e-7,0.0002
lfw,all,rgb,rgb/Arturo_Gatti_0003.ppm,57.7,6.774e-7,0.0001
lfw,all,rgb,rgb/Arye_Mekel_0001.ppm,54.4,7.436e-7,0.0001
lfw,all,rgb,rgb/Arye_Mekel_0002.ppm,50.6,8.489e-7,0.0002
lfw,all,rgb,rgb/Asa_Hutchinson_0001.ppm,61.2,7.204e-7,0.0002
lfw,all,rgb,rgb/Asa_Hutchinson_0002.ppm,55.9,7.244e-7,0.0001
lfw,all,rgb,rgb/Ascencion_Barajas_0001.ppm,57.5,7.512e-7,0.0002
lfw,all,rgb,rgb/Ashanti_0001.ppm,63.5,7.088e-7,0.0001
lfw,all,rgb,rgb/Ashanti_0002.ppm,65.1,6.421e-7,0.0001
lfw,all,rgb,rgb/Ashanti_0003.ppm,63.7,6.992e-7,0.0002
lfw,all,rgb,rgb/Ashanti_0004.ppm,67.0,6.524e-7,0.0002
lfw,all,rgb,rgb/Ashanti_0005.ppm,66.3,6.529e-7,0.0001
lfw,all,rgb,rgb/Ashlea_Talbot_0001.ppm,60.8,6.815e-7,0.0001
lfw,all,rgb,rgb/Ashley_Judd_0001.ppm,66.8,5.754e-7,0.0001
lfw,all,rgb,rgb/Ashley_Olsen_0001.ppm,54.9,7.605e-7,0.0001
lfw,all,rgb,rgb/Ashley_Postell_0001.ppm,57.8,7.700e-7,0.0001
lfw,all,rgb,rgb/Ashraf_Alasmar_0001.ppm,55.5,7.415e-7,0.0001
lfw,all,rgb,rgb/Ashraf_Ghani_0001.ppm,58.4,7.976e-7,0.0002
lfw,all,rgb,rgb/Ashton_Kutcher_0001.ppm,63.6,6.740e-7,0.0002
lfw,all,rgb,rgb/Ashton_Kutcher_0002.ppm,67.0,6.552e-7,0.0002
lfw,all,rgb,rgb/Ashton_Kutcher_0003.ppm,61.4,6.356e-7,0.0001
lfw,all,rgb,rgb/Asif_Ali_Zardari_0001.ppm,53.8,7.120e-7,0.0001
lfw,all,rgb,rgb/Asif_Hanif_0001.ppm,58.7,7.022e-7,0.0002
lfw,all,rgb,rgb/Askar_Akayev_0001.ppm,52.8,6.588e-7,0.0001
lfw,all,rgb,rgb/Asmaa_Assad_0001.ppm,58.2,6.663e-7,0.0001
lfw,all,rgb,rgb/Assad_Ahmadi_0001.ppm,45.2,8.599e-7,0.0002
lfw,all,rgb,rgb/Astou_Ndiaye-Diatta_0001.ppm,62.6,6.880e-7,0.0001
lfw,all,rgb,rgb/Astrid_Betancourt_0001.ppm,49.9,6.671e-7,0.0001
lfw,all,rgb,rgb/Astrid_Eyzaguirre_0001.ppm,59.5,7.344e-7,0.0002
lfw,all,rgb,rgb/Atal_Bihari_Vajpayee_0001.ppm,59.6,7.182e-7,0.0002
lfw,all,rgb,rgb/Atal_Bihari_Vajpayee_0002.ppm,56.0,7.184e-7,0.0001
lfw,all,rgb,rgb/Atal_Bihari_Vajpayee_0003.ppm,61.8,6.997e-7,0.0001
lfw,all,rgb,rgb/Atal_Bihari_Vajpayee_0004.ppm,62.6,6.657e-7,0.0001
lfw,all,rgb,rgb/Atal_Bihari_Vajpayee_0005.ppm,63.9,7.059e-7,0.0002
lfw,all,rgb,rgb/Atal_Bihari_Vajpayee_0006.ppm,59.2,7.022e-7,0.0002
lfw,all,rgb,rgb/Atal_Bihari_Vajpayee_0007.ppm,77.1,6.001e-7,0.0002
lfw,all,rgb,rgb/Atal_Bihari_Vajpayee_0008.ppm,60.6,7.258e-7,0.0001
lfw,all,rgb,rgb/Atal_Bihari_Vajpayee_0009.ppm,65.6,7.485e-7,0.0002
lfw,all,rgb,rgb/Atal_Bihari_Vajpayee_0010.ppm,62.1,6.440e-7,0.0001
lfw,all,rgb,rgb/Atal_Bihari_Vajpayee_0011.ppm,63.4,6.724e-7,0.0001
lfw,all,rgb,rgb/Atal_Bihari_Vajpayee_0012.ppm,59.4,7.711e-7,0.0001
lfw,all,rgb,rgb/Atal_Bihari_Vajpayee_0013.ppm,54.4,9.026e-7,0.0002
lfw,all,rgb,rgb/Atal_Bihari_Vajpayee_0014.ppm,64.1,7.254e-7,0.0002
lfw,all,rgb,rgb/Atal_Bihari_Vajpayee_0015.ppm,70.3,6.187e-7,0.0001
lfw,all,rgb,rgb/Atal_Bihari_Vajpayee_0016.ppm,58.6,7.083e-7,0.0001
lfw,all,rgb,rgb/Atal_Bihari_Vajpayee_0017.ppm,63.5,7.476e-7,0.0002
lfw,all,rgb,rgb/Atal_Bihari_Vajpayee_0018.ppm,63.4,6.389e-7,0.0002
lfw,all,rgb,rgb/Atal_Bihari_Vajpayee_0019.ppm,48.4,6.661e-7,0.0001
lfw,all,rgb,rgb/Atal_Bihari_Vajpayee_0020.ppm,60.0,8.111e-7,0.0002
lfw,all,rgb,rgb/Atal_Bihari_Vajpayee_0021.ppm,61.1,6.732e-7,0.0001
lfw,all,rgb,rgb/Atal_Bihari_Vajpayee_0022.ppm,63.9,7.153e-7,0.0002
lfw,all,rgb,rgb/Atal_Bihari_Vajpayee_0023.ppm,62.9,7.039e-7,0.0002
lfw,all,rgb,rgb/Atal_Bihari_Vajpayee_0024.ppm,63.5,6.686e-7,0.0002
lfw,all,rgb,rgb/Ataollah_Mohajerani_0001.ppm,57.5,7.653e-7,0.0001
lfw,all,rgb,rgb/Atiabet_Ijan_Amabel_0001.ppm,60.4,6.242e-7,0.0002
lfw,all,rgb,rgb/Atom_Egoyan_0001.ppm,54.5,8.192e-7,0.0001
lfw,all,rgb,rgb/Atsushi_Sato_0001.ppm,36.4,1.205e-6,0.0001
lfw,all,rgb,rgb/Audrey_Lacroix_0001.ppm,60.5,8.023e-7,0.0001
lfw,all,rgb,rgb/Audrey_Sauret_0001.ppm,56.6,7.366e-7,0.0001
lfw,all,rgb,rgb/Augustin_Calleri_0001.ppm,53.5,7.594e-7,0.0001
lfw,all,rgb,rgb/Augustin_Calleri_0002.ppm,43.0,6.833e-7,0.0001
lfw,all,rgb,rgb/Augustin_Calleri_0003.ppm,53.1,7.392e-7,0.0001
lfw,all,rgb,rgb/Augustin_Calleri_0004.ppm,56.6,7.705e-7,0.0002
lfw,all,rgb,rgb/Augusto_Pinochet_0001.ppm,60.1,8.023e-7,0.0002
lfw,all,rgb,rgb/Augusto_Pinochet_0002.ppm,55.8,7.676e-7,0.0001
lfw,all,rgb,rgb/Augusto_Roa_Bastos_0001.ppm,57.6,8.251e-7,0.0002
lfw,all,rgb,rgb/Augusto_Roa_Bastos_0002.ppm,51.9,7.496e-7,0.0002
lfw,all,rgb,rgb/Aung_San_Suu_Kyi_0001.ppm,49.3,7.045e-7,0.0001
lfw,all,rgb,rgb/Aung_San_Suu_Kyi_0002.ppm,55.2,7.063e-7,0.0001
lfw,all,rgb,rgb/Austin_Kearns_0001.ppm,66.5,6.632e-7,0.0001
lfw,all,rgb,rgb/Avril_Lavigne_0001.ppm,61.8,7.364e-7,0.0002
lfw,all,rgb,rgb/Azmi_Bishara_0001.ppm,53.5,6.455e-7,0.0001
lfw,all,rgb,rgb/Azra_Akin_0001.ppm,62.1,7.167e-7,0.0002
lfw,all,rgb,rgb/Azra_Akin_0002.ppm,61.0,6.914e-7,0.0001
lfw,all,rgb,rgb/Azra_Akin_0003.ppm,60.6,6.753e-7,0.0001
lfw,all,rgb,rgb/Azra_Akin_0004.ppm,64.9,6.755e-7,0.0002
lfw,all,rgb,rgb/BB_King_0001.ppm,63.8,6.740e-7,0.0002
lfw,all,rgb,rgb/BJ_Habibie_0001.ppm,61.0,6.395e-7,0.0001
lfw,all,rgb,rgb/Babe_Ruth_0001.ppm,60.7,6.466e-7,0.0001
lfw,all,rgb,rgb/Baburam_Bhattari_0001.ppm,44.1,6.633e-7,0.0001
lfw,all,rgb,rgb/Bak_Chang-Ryun_0001.ppm,57.5,6.980e-7,0.0002
lfw,all,rgb,rgb/Barbara_Bach_0001.ppm,54.4,7.912e-7,0.0001
lfw,all,rgb,rgb/Barbara_Becker_0001.ppm,56.8,7.661e-7,0.0002
lfw,all,rgb,rgb/Barbara_Bodine_0001.ppm,51.3,8.002e-7,0.0001
lfw,all,rgb,rgb/Barbara_Boxer_0001.ppm,54.9,7.609e-7,0.0002
lfw,all,rgb,rgb/Barbara_Brezigar_0001.ppm,57.8,7.092e-7,0.0001
lfw,all,rgb,rgb/Barbara_Brezigar_0002.ppm,60.6,7.321e-7,0.0002
lfw,all,rgb,rgb/Barbara_De_Brun_0001.ppm,56.5,6.647e-7,0.0001
lfw,all,rgb,rgb/Barbara_Esbin_0001.ppm,63.1,6.775e-7,0.0002
lfw,all,rgb,rgb/Barbara_Felt-Miller_0001.ppm,57.4,7.557e-7,0.0001
lfw,all,rgb,rgb/Barbara_Roberts_0001.ppm,57.0,6.872e-7,0.0001
lfw,all,rgb,rgb/Barbara_Walters_0001.ppm,58.9,6.508e-7,0.0002
lfw,all,rgb,rgb/Barbara_Walters_0002.ppm,62.3,7.182e-7,0.0001
lfw,all,rgb,rgb/Barbara_Walters_0003.ppm,59.0,6.890e-7,0.0002
lfw,all,rgb,rgb/Barbara_Walters_0004.ppm,56.9,7.488e-7,0.0001
lfw,all,rgb,rgb/Barbora_Strycova_0001.ppm,59.8,7.392e-7,0.0001
lfw,all,rgb,rgb/Barbra_Streisand_0001.ppm,55.7,7.787e-7,0.0002
lfw,all,rgb,rgb/Barbra_Streisand_0002.ppm,53.9,7.057e-7,0.0002
lfw,all,rgb,rgb/Barbra_Streisand_0003.ppm,56.3,7.062e-7,0.0002
lfw,all,rgb,rgb/Barrett_Jackman_0001.ppm,56.8,8.015e-7,0.0001
lfw,all,rgb,rgb/Barrett_Jackman_0002.ppm,57.5,7.208e-7,0.0001
lfw,all,rgb,rgb/Barry_Alvarez_0001.ppm,51.2,8.236e-7,0.0001
lfw,all,rgb,rgb/Barry_Alvarez_0002.ppm,63.2,7.271e-7,0.0001
lfw,all,rgb,rgb/Barry_Bonds_0001.ppm,63.6,8.161e-7,0.0002
lfw,all,rgb,rgb/Barry_Collier_0001.ppm,48.4,7.888e-7,0.0002
lfw,all,rgb,rgb/Barry_Diller_0001.ppm,67.8,7.307e-7,0.0002
lfw,all,rgb,rgb/Barry_Ford_0001.ppm,57.9,7.253e-7,0.0001
lfw,all,rgb,rgb/Barry_Hinson_0001.ppm,58.0,7.486e-7,0.0001
lfw,all,rgb,rgb/Barry_Nakell_0001.ppm,60.7,6.496e-7,0.0002
lfw,all,rgb,rgb/Barry_Switzer_0001.ppm,58.2,6.605e-7,0.0001
lfw,all,rgb,rgb/Barry_Williams_0001.ppm,60.2,7.932e-7,0.0001
lfw,all,rgb,rgb/Barry_Zito_0001.ppm,53.8,7.355e-7,0.0001
lfw,all,rgb,rgb/Barry_Zito_0002.ppm,60.7,6.784e-7,0.0001
lfw,all,rgb,rgb/Bart_Freundlich_0001.ppm,62.3,8.236e-7,0.0002
lfw,all,rgb,rgb/Bart_Hendricks_0001.ppm,56.5,6.818e-7,0.0002
lfw,all,rgb,rgb/Bartosz_Kizierowski_0001.ppm,56.3,7.121e-7,0.0001
lfw,all,rgb,rgb/Barzan_al-Tikriti_0001.ppm,57.2,8.960e-7,0.0002
lfw,all,rgb,rgb/Basdeo_Panday_0001.ppm,59.6,6.988e-7,0.0002
lfw,all,rgb,rgb/Bashar_Assad_0001.ppm,48.4,8.088e-7,0.0001
lfw,all,rgb,rgb/Bashar_Assad_0002.ppm,56.2,7.572e-7,0.0002
lfw,all,rgb,rgb/Bashar_Assad_0003.ppm,59.6,7.145e-7,0.0001
lfw,all,rgb,rgb/Bashar_Assad_0004.ppm,55.7,7.464e-7,0.0001
lfw,all,rgb,rgb/Baz_Luhrmann_0001.ppm,58.5,6.769e-7,0.0001
lfw,all,rgb,rgb/Beatrice_Dalle_0001.ppm,54.7,5.463e-7,0.0001
lfw,all,rgb,rgb/Beatriz_Merino_0001.ppm,61.7,6.656e-7,0.0001
lfw,all,rgb,rgb/Beecher_Ray_Kirby_0001.ppm,59.3,7.493e-7,0.0001
lfw,all,rgb,rgb/Begum_Khaleda_Zia_0001.ppm,61.0,7.134e-7,0.0002
lfw,all,rgb,rgb/Begum_Khaleda_Zia_0002.ppm,52.7,7.738e-7,0.0002
lfw,all,rgb,rgb/Bela_Karolyi_0001.ppm,63.6,6.688e-7,0.0001
lfw,all,rgb,rgb/Ben_Affleck_0001.ppm,58.1,7.301e-7,0.0001
lfw,all,rgb,rgb/Ben_Affleck_0002.ppm,50.7,9.541e-7,0.0002
lfw,all,rgb,rgb/Ben_Affleck_0003.ppm,52.6,7.644e-7,0.0001
lfw,all,rgb,rgb/Ben_Affleck_0004.ppm,57.0,7.230e-7,0.0001
lfw,all,rgb,rgb/Ben_Affleck_0005.ppm,50.5,8.219e-7,0.0002
lfw,all,rgb,rgb/Ben_Affleck_0006.ppm,57.4,7.786e-7,0.0002
lfw,all,rgb,rgb/Ben_Affleck_0007.ppm,56.0,7.290e-7,0.0002
lfw,all,rgb,rgb/Ben_Betts_0001.ppm,59.6,7.506e-7,0.0001
lfw,all,rgb,rgb/Ben_Braun_0001.ppm,55.4,7.589e-7,0.0001
lfw,all,rgb,rgb/Ben_Broussard_0001.ppm,57.0,7.255e-7,0.0001
lfw,all,rgb,rgb/Ben_Cahoon_0001.ppm,63.1,7.437e-7,0.0002
lfw,all,rgb,rgb/Ben_Chandler_0001.ppm,77.3,7.650e-7,0.0003
lfw,all,rgb,rgb/Ben_Cohen_0001.ppm,51.9,7.311e-7,0.0002
lfw,all,rgb,rgb/Ben_Curtis_0001.ppm,71.9,6.644e-7,0.0002
lfw,all,rgb,rgb/Ben_Curtis_0002.ppm,52.7,8.474e-7,0.0002
lfw,all,rgb,rgb/Ben_Curtis_0003.ppm,54.8,7.429e-7,0.0001
lfw,all,rgb,rgb/Ben_Davis_0001.ppm,54.7,5.909e-7,0.0001
lfw,all,rgb,rgb/Ben_Glisan_0001.ppm,56.0,9.324e-7,0.0002
lfw,all,rgb,rgb/Ben_Glisan_0002.ppm,57.5,7.398e-7,0.0002
lfw,all,rgb,rgb/Ben_Howland_0001.ppm,52.6,8.312e-7,0.0002
lfw,all,rgb,rgb/Ben_Howland_0002.ppm,52.6,8.698e-7,0.0002
lfw,all,rgb,rgb/Ben_Howland_0003.ppm,54.2,7.331e-7,0.0001
lfw,all,rgb,rgb/Ben_Howland_0004.ppm,55.2,7.994e-7,0.0001
lfw,all,rgb,rgb/Ben_Kingsley_0001.ppm,56.1,7.594e-7,0.0002
lfw,all,rgb,rgb/Ben_Lee_0001.ppm,57.0,7.857e-7,0.0002
lfw,all,rgb,rgb/Ben_Stein_0001.ppm,51.5,7.859e-7,0.0001
lfw,all,rgb,rgb/Ben_Wallace_0001.ppm,60.6,7.143e-7,0.0002
lfw,all,rgb,rgb/Benazir_Bhutto_0001.ppm,54.6,7.567e-7,0.0001
lfw,all,rgb,rgb/Benazir_Bhutto_0002.ppm,46.5,7.610e-7,0.0001
lfw,all,rgb,rgb/Benazir_Bhutto_0003.ppm,52.6,7.167e-7,0.0002
lfw,all,rgb,rgb/Benazir_Bhutto_0004.ppm,56.4,7.400e-7,0.0002
lfw,all,rgb,rgb/Benazir_Bhutto_0005.ppm,56.2,6.626e-7,0.0001
lfw,all,rgb,rgb/Benedita_da_Silva_0001.ppm,71.7,6.247e-7,0.0002
lfw,all,rgb,rgb/Benicio_Del_Toro_0001.ppm,63.0,6.724e-7,0.0001
lfw,all,rgb,rgb/Benito_Santiago_0001.ppm,55.5,7.360e-7,0.0001
lfw,all,rgb,rgb/Benjamin_Bratt_0001.ppm,62.5,6.913e-7,0.0001
lfw,all,rgb,rgb/Benjamin_Franklin_0001.ppm,52.4,8.366e-7,0.0002
lfw,all,rgb,rgb/Benjamin_Martinez_0001.ppm,58.0,6.793e-7,0.0001
lfw,all,rgb,rgb/Benjamin_McKenzie_0001.ppm,61.0,6.975e-7,0.0001
lfw,all,rgb,rgb/Benjamin_Netanyahu_0001.ppm,51.7,8.080e-7,0.0002
lfw,all,rgb,rgb/Benjamin_Netanyahu_0002.ppm,63.9,7.625e-7,0.0002
lfw,all,rgb,rgb/Benjamin_Netanyahu_0003.ppm,55.8,7.622e-7,0.0001
lfw,all,rgb,rgb/Benjamin_Netanyahu_0004.ppm,56.6,8.061e-7,0.0002
lfw,all,rgb,rgb/Benjamin_Netanyahu_0005.ppm,62.2,6.963e-7,0.0002
lfw,all,rgb,rgb/Benjamin_Neulander_0001.ppm,53.7,7.591e-7,0.0001
lfw,all,rgb,rgb/Bernadette_Peters_0001.ppm,70.8,6.382e-7,0.0002
lfw,all,rgb,rgb/Bernard_Ebbers_0001.ppm,56.6,7.438e-7,0.0001
lfw,all,rgb,rgb/Bernard_Giraudeau_0001.ppm,65.3,7.441e-7,0.0002
lfw,all,rgb,rgb/Bernard_Kerik_0001.ppm,52.4,8.169e-7,0.0001
lfw,all,rgb,rgb/Bernard_Landry_0001.ppm,69.0,6.894e-7,0.0002
lfw,all,rgb,rgb/Bernard_Landry_0002.ppm,46.8,6.496e-7,0.0001
lfw,all,rgb,rgb/Bernard_Landry_0003.ppm,54.3,7.663e-7,0.0001
lfw,all,rgb,rgb/Bernard_Landry_0004.ppm,57.4,7.019e-7,0.0001
lfw,all,rgb,rgb/Bernard_Law_0001.ppm,58.3,8.327e-7,0.0002
lfw,all,rgb,rgb/Bernard_Law_0002.ppm,58.5,6.528e-7,0.0001
lfw,all,rgb,rgb/Bernard_Law_0003.ppm,66.9,6.696e-7,0.0002
lfw,all,rgb,rgb/Bernard_Law_0004.ppm,55.7,7.346e-7,0.0001
lfw,all,rgb,rgb/Bernard_Law_0005.ppm,56.6,8.274e-7,0.0001
lfw,all,rgb,rgb/Bernard_Lord_0001.ppm,53.7,7.192e-7,0.0001
lfw,all,rgb,rgb/Bernard_Lord_0002.ppm,52.4,7.586e-7,0.0001
lfw,all,rgb,rgb/Bernard_Siegel_0001.ppm,52.0,7.919e-7,0.0002
lfw,all,rgb,rgb/Bernardo_Segura_0001.ppm,59.0,8.539e-7,0.0002
lfw,all,rgb,rgb/Bernardo_Segura_0002.ppm,54.4,7.699e-7,0.0002
lfw,all,rgb,rgb/Bernice_Wong_0001.ppm,58.3,6.448e-7,0.0001
lfw,all,rgb,rgb/Bertie_Ahern_0001.ppm,56.2,7.336e-7,0.0002
lfw,all,rgb,rgb/Bertie_Ahern_0002.ppm,53.4,7.580e-7,0.0002
lfw,all,rgb,rgb/Bertie_Ahern_0003.ppm,52.2,8.557e-7,0.0002
lfw,all,rgb,rgb/Bertie_Ahern_0004.ppm,53.4,7.497e-7,0.0002
lfw,all,rgb,rgb/Bertie_Ahern_0005.ppm,57.4,7.276e-7,0.0002
lfw,all,rgb,rgb/Bertrand_Bonello_0001.ppm,57.7,8.077e-7,0.0002
lfw,all,rgb,rgb/Bertrand_Bonello_0002.ppm,56.6,7.520e-7,0.0002
lfw,all,rgb,rgb/Bertrand_Delanoe_0001.ppm,50.7,7.757e-7,0.0001
lfw,all,rgb,rgb/Beth_Blough_0001.ppm,58.3,6.474e-7,0.0001
lfw,all,rgb,rgb/Beth_Jones_0001.ppm,61.8,6.691e-7,0.0001
lfw,all,rgb,rgb/Beth_Jones_0002.ppm,66.1,6.471e-7,0.0002
lfw,all,rgb,rgb/Betsy_Coffin_0001.ppm,62.1,7.176e-7,0.0002
lfw,all,rgb,rgb/Betsy_Smith_0001.ppm,58.3,6.271e-7,0.0002
lfw,all,rgb,rgb/Betsy_Smith_0002.ppm,56.8,7.104e-7,0.0001
lfw,all,rgb,rgb/Bettina_Rheims_0001.ppm,58.5,7.153e-7,0.0001
lfw,all,rgb,rgb/Betty_Garrison_0001.ppm,54.2,7.478e-7,0.0001
lfw,all,rgb,rgb/Betty_Williams_0001.ppm,50.9,8.085e-7,0.0001
lfw,all,rgb,rgb/Beyonce_Knowles_0001.ppm,67.3,6.814e-7,0.0002
lfw,all,rgb,rgb/Bianca_Jagger_0001.ppm,61.9,6.548e-7,0.0001
lfw,all,rgb,rgb/Bijan_Darvish_0001.ppm,50.0,7.518e-7,0.0002
lfw,all,rgb,rgb/Bijan_Darvish_0002.ppm,62.8,7.846e-7,0.0002
lfw,all,rgb,rgb/Bijan_Darvish_0003.ppm,51.1,7.399e-7,0.0001
lfw,all,rgb,rgb/Bijan_Namdar_Zangeneh_0001.ppm,35.3,6.951e-7,0.0001
lfw,all,rgb,rgb/Bijan_Namdar_Zangeneh_0002.ppm,52.9,7.495e-7,0.0001
lfw,all,rgb,rgb/Bilal_Erdogan_0001.ppm,62.7,6.870e-7,0.0002
lfw,all,rgb,rgb/Biljana_Plavsic_0001.ppm,53.0,8.010e-7,0.0001
lfw,all,rgb,rgb/Biljana_Plavsic_0002.ppm,56.2,7.711e-7,0.0002
lfw,all,rgb,rgb/Biljana_Plavsic_0003.ppm,56.8,7.268e-7,0.0002
lfw,all,rgb,rgb/Bill_Belichick_0001.ppm,46.9,8.801e-7,0.0002
lfw,all,rgb,rgb/Bill_Belichick_0002.ppm,56.5,7.289e-7,0.0001
lfw,all,rgb,rgb/Bill_Bradley_0001.ppm,58.0,8.451e-7,0.0002
lfw,all,rgb,rgb/Bill_Butler_0001.ppm,62.3,7.246e-7,0.0002
lfw,all,rgb,rgb/Bill_Byrne_0001.ppm,54.2,7.296e-7,0.0001
lfw,all,rgb,rgb/Bill_Callahan_0001.ppm,56.1,6.858e-7,0.0001
lfw,all,rgb,rgb/Bill_Callahan_0002.ppm,55.7,7.147e-7,0.0002
lfw,all,rgb,rgb/Bill_Callahan_0003.ppm,50.4,7.044e-7,0.0001
lfw,all,rgb,rgb/Bill_Carmody_0001.ppm,68.3,8.083e-7,0.0002
lfw,all,rgb,rgb/Bill_Cartwright_0001.ppm,59.5,6.476e-7,0.0002
lfw,all,rgb,rgb/Bill_Clancy_0001.ppm,56.0,7.841e-7,0.0002
lfw,all,rgb,rgb/Bill_Clinton_0001.ppm,57.1,7.260e-7,0.0001
lfw,all,rgb,rgb/Bill_Clinton_0002.ppm,56.4,7.949e-7,0.0002
lfw,all,rgb,rgb/Bill_Clinton_0003.ppm,56.7,6.993e-7,0.0002
lfw,all,rgb,rgb/Bill_Clinton_0004.ppm,58.6,6.852e-7,0.0002
lfw,all,rgb,rgb/Bill_Clinton_0005.ppm,62.1,7.187e-7,0.0002
lfw,all,rgb,rgb/Bill_Clinton_0006.ppm,49.1,9.777e-7,0.0001
lfw,all,rgb,rgb/Bill_Clinton_0007.ppm,57.7,7.050e-7,0.0002
lfw,all,rgb,rgb/Bill_Clinton_0008.ppm,64.3,7.268e-7,0.0002
lfw,all,rgb,rgb/Bill_Clinton_0009.ppm,70.9,6.396e-7,0.0002
lfw,all,rgb,rgb/Bill_Clinton_0010.ppm,62.7,6.830e-7,0.0001
lfw,all,rgb,rgb/Bill_Clinton_0011.ppm,58.0,8.719e-7,0.0002
lfw,all,rgb,rgb/Bill_Clinton_0012.ppm,86.7,6.862e-7,0.0002
lfw,all,rgb,rgb/Bill_Clinton_0013.ppm,57.2,6.923e-7,0.0001
lfw,all,rgb,rgb/Bill_Clinton_0014.ppm,62.7,7.200e-7,0.0002
lfw,all,rgb,rgb/Bill_Clinton_0015.ppm,58.3,8.213e-7,0.0002
lfw,all,rgb,rgb/Bill_Clinton_0016.ppm,57.8,7.354e-7,0.0001
lfw,all,rgb,rgb/Bill_Clinton_0017.ppm,58.3,7.385e-7,0.0002
lfw,all,rgb,rgb/Bill_Clinton_0018.ppm,55.2,8.330e-7,0.0002
lfw,all,rgb,rgb/Bill_Clinton_0019.ppm,58.8,7.444e-7,0.0002
lfw,all,rgb,rgb/Bill_Clinton_0020.ppm,54.7,8.442e-7,0.0002
lfw,all,rgb,rgb/Bill_Clinton_0021.ppm,61.8,7.362e-7,0.0002
lfw,all,rgb,rgb/Bill_Clinton_0022.ppm,62.0,7.466e-7,0.0002
lfw,all,rgb,rgb/Bill_Clinton_0023.ppm,43.6,9.228e-7,0.0002
lfw,all,rgb,rgb/Bill_Clinton_0024.ppm,61.6,7.154e-7,0.0001
lfw,all,rgb,rgb/Bill_Clinton_0025.ppm,46.9,8.448e-7,0.0002
lfw,all,rgb,rgb/Bill_Clinton_0026.ppm,64.6,7.279e-7,0.0002
lfw,all,rgb,rgb/Bill_Clinton_0027.ppm,61.3,6.484e-7,0.0001
lfw,all,rgb,rgb/Bill_Clinton_0028.ppm,58.2,7.098e-7,0.0001
lfw,all,rgb,rgb/Bill_Clinton_0029.ppm,57.5,7.044e-7,0.0001
lfw,all,rgb,rgb/Bill_Curry_0001.ppm,55.0,7.962e-7,0.0001
lfw,all,rgb,rgb/Bill_Doba_0001.ppm,44.0,9.869e-7,0.0001
lfw,all,rgb,rgb/Bill_Duffey_0001.ppm,58.5,7.885e-7,0.0002
lfw,all,rgb,rgb/Bill_Elliott_0001.ppm,59.8,6.611e-7,0.0001
lfw,all,rgb,rgb/Bill_Fennelly_0001.ppm,57.6,7.552e-7,0.0002
lfw,all,rgb,rgb/Bill_Frist_0001.ppm,53.1,7.407e-7,0.0002
lfw,all,rgb,rgb/Bill_Frist_0002.ppm,38.7,1.041e-6,0.0001
lfw,all,rgb,rgb/Bill_Frist_0003.ppm,58.1,6.770e-7,0.0001
lfw,all,rgb,rgb/Bill_Frist_0004.ppm,61.7,6.331e-7,0.0001
lfw,all,rgb,rgb/Bill_Frist_0005.ppm,56.8,8.348e-7,0.0002
lfw,all,rgb,rgb/Bill_Frist_0006.ppm,63.9,6.560e-7,0.0001
lfw,all,rgb,rgb/Bill_Frist_0007.ppm,48.0,7.679e-7,0.0002
lfw,all,rgb,rgb/Bill_Frist_0008.ppm,49.6,9.490e-7,0.0002
lfw,all,rgb,rgb/Bill_Frist_0009.ppm,49.0,9.498e-7,0.0002
lfw,all,rgb,rgb/Bill_Gates_0001.ppm,58.4,6.282e-7,0.0001
lfw,all,rgb,rgb/Bill_Gates_0002.ppm,50.5,6.850e-7,0.0001
lfw,all,rgb,rgb/Bill_Gates_0003.ppm,55.3,7.461e-7,0.0001
lfw,all,rgb,rgb/Bill_Gates_0004.ppm,53.9,6.860e-7,0.0002
lfw,all,rgb,rgb/Bill_Gates_0005.ppm,56.0,7.071e-7,0.0002
lfw,all,rgb,rgb/Bill_Gates_0006.ppm,61.5,7.285e-7,0.0002
lfw,all,rgb,rgb/Bill_Gates_0007.ppm,54.4,6.960e-7,0.0001
lfw,all,rgb,rgb/Bill_Gates_0008.ppm,62.1,6.463e-7,0.0001
lfw,all,rgb,rgb/Bill_Gates_0009.ppm,59.4,7.284e-7,0.0001
lfw,all,rgb,rgb/Bill_Gates_0010.ppm,62.4,6.469e-7,0.0001
lfw,all,rgb,rgb/Bill_Gates_0011.ppm,62.4,6.644e-7,0.0001
lfw,all,rgb,rgb/Bill_Gates_0012.ppm,59.9,7.661e-7,0.0002
lfw,all,rgb,rgb/Bill_Gates_0013.ppm,55.1,7.407e-7,0.0001
lfw,all,rgb,rgb/Bill_Gates_0014.ppm,56.0,7.162e-7,0.0001
lfw,all,rgb,rgb/Bill_Gates_0015.ppm,58.6,7.902e-7,0.0002
lfw,all,rgb,rgb/Bill_Gates_0016.ppm,57.7,6.682e-7,0.0001
lfw,all,rgb,rgb/Bill_Gates_0017.ppm,59.9,6.857e-7,0.0001
lfw,all,rgb,rgb/Bill_Graham_0001.ppm,52.7,7.860e-7,0.0002
lfw,all,rgb,rgb/Bill_Graham_0002.ppm,55.9,8.401e-7,0.0002
lfw,all,rgb,rgb/Bill_Graham_0003.ppm,53.5,7.449e-7,0.0001
lfw,all,rgb,rgb/Bill_Graham_0004.ppm,50.3,8.315e-7,0.0002
lfw,all,rgb,rgb/Bill_Graham_0005.ppm,50.4,8.404e-7,0.0001
lfw,all,rgb,rgb/Bill_Graham_0006.ppm,52.4,8.931e-7,0.0001
lfw,all,rgb,rgb/Bill_Graham_0007.ppm,52.4,7.996e-7,0.0001
lfw,all,rgb,rgb/Bill_Graham_0008.ppm,52.1,7.360e-7,0.0001
lfw,all,rgb,rgb/Bill_Graham_0009.ppm,55.6,7.359e-7,0.0001
lfw,all,rgb,rgb/Bill_Guerin_0001.ppm,55.2,8.242e-7,0.0002
lfw,all,rgb,rgb/Bill_Herrion_0001.ppm,49.5,8.082e-7,0.0002
lfw,all,rgb,rgb/Bill_Hughes_0001.ppm,54.0,7.544e-7,0.0002
lfw,all,rgb,rgb/Bill_King_0001.ppm,56.1,7.564e-7,0.0002
lfw,all,rgb,rgb/Bill_Kollar_0001.ppm,55.5,7.771e-7,0.0002
lfw,all,rgb,rgb/Bill_Kong_0001.ppm,55.7,7.527e-7,0.0001
lfw,all,rgb,rgb/Bill_Lerach_0001.ppm,58.5,7.086e-7,0.0001
lfw,all,rgb,rgb/Bill_Maher_0001.ppm,55.7,8.522e-7,0.0002
lfw,all,rgb,rgb/Bill_Mauldin_0001.ppm,60.3,7.240e-7,0.0001
lfw,all,rgb,rgb/Bill_McBride_0001.ppm,54.4,6.949e-7,0.0001
lfw,all,rgb,rgb/Bill_McBride_0002.ppm,61.6,7.113e-7,0.0001
lfw,all,rgb,rgb/Bill_McBride_0003.ppm,58.1,8.057e-7,0.0002
lfw,all,rgb,rgb/Bill_McBride_0004.ppm,58.6,6.824e-7,0.0001
lfw,all,rgb,rgb/Bill_McBride_0005.ppm,54.8,7.403e-7,0.0001
lfw,all,rgb,rgb/Bill_McBride_0006.ppm,65.7,6.889e-7,0.0002
lfw,all,rgb,rgb/Bill_McBride_0007.ppm,59.1,6.954e-7,0.0001
lfw,all,rgb,rgb/Bill_McBride_0008.ppm,58.9,7.402e-7,0.0001
lfw,all,rgb,rgb/Bill_McBride_0009.ppm,53.2,7.924e-7,0.0001
lfw,all,rgb,rgb/Bill_McBride_0010.ppm,53.1,7.208e-7,0.0002
lfw,all,rgb,rgb/Bill_Nelson_0001.ppm,59.1,7.615e-7,0.0001
lfw,all,rgb,rgb/Bill_Nelson_0002.ppm,56.4,8.024e-7,0.0001
lfw,all,rgb,rgb/Bill_OReilly_0001.ppm,61.5,7.695e-7,0.0002
lfw,all,rgb,rgb/Bill_Parcells_0001.ppm,56.5,6.822e-7,0.0001
lfw,all,rgb,rgb/Bill_Parcells_0002.ppm,62.9,6.977e-7,0.0001
lfw,all,rgb,rgb/Bill_Parsons_0001.ppm,56.5,7.540e-7,0.0001
lfw,all,rgb,rgb/Bill_Paxton_0001.ppm,59.0,7.688e-7,0.0002
lfw,all,rgb,rgb/Bill_Paxton_0002.ppm,53.3,7.261e-7,0.0001
lfw,all,rgb,rgb/Bill_Paxton_0003.ppm,57.6,7.611e-7,0.0002
lfw,all,rgb,rgb/Bill_Paxton_0004.ppm,54.4,7.372e-7,0.0001
lfw,all,rgb,rgb/Bill_Pryor_0001.ppm,58.2,7.058e-7,0.0002
lfw,all,rgb,rgb/Bill_Rainer_0001.ppm,50.9,7.987e-7,0.0002
lfw,all,rgb,rgb/Bill_Readdy_0001.ppm,50.7,9.192e-7,0.0002
lfw,all,rgb,rgb/Bill_Richardson_0001.ppm,58.2,7.106e-7,0.0001
lfw,all,rgb,rgb/Bill_Self_0001.ppm,56.0,8.139e-7,0.0002
lfw,all,rgb,rgb/Bill_Simon_0001.ppm,60.6,7.373e-7,0.0002
lfw,all,rgb,rgb/Bill_Simon_0002.ppm,62.5,7.586e-7,0.0002
lfw,all,rgb,rgb/Bill_Simon_0003.ppm,61.2,6.859e-7,0.0002
lfw,all,rgb,rgb/Bill_Simon_0004.ppm,63.8,7.654e-7,0.0002
lfw,all,rgb,rgb/Bill_Simon_0005.ppm,65.7,6.754e-7,0.0002
lfw,all,rgb,rgb/Bill_Simon_0006.ppm,40.3,1.522e-6,0.0002
lfw,all,rgb,rgb/Bill_Simon_0007.ppm,61.3,7.613e-7,0.0002
lfw,all,rgb,rgb/Bill_Simon_0008.ppm,71.5,7.138e-7,0.0002
lfw,all,rgb,rgb/Bill_Simon_0009.ppm,55.2,7.019e-7,0.0002
lfw,all,rgb,rgb/Bill_Simon_0010.ppm,55.9,7.176e-7,0.0002
lfw,all,rgb,rgb/Bill_Simon_0011.ppm,55.4,7.504e-7,0.0001
lfw,all,rgb,rgb/Bill_Simon_0012.ppm,57.5,7.045e-7,0.0001
lfw,all,rgb,rgb/Bill_Simon_0013.ppm,56.8,6.592e-7,0.0001
lfw,all,rgb,rgb/Bill_Simon_0014.ppm,54.2,7.288e-7,0.0002
lfw,all,rgb,rgb/Bill_Simon_0015.ppm,57.2,7.224e-7,0.0002
lfw,all,rgb,rgb/Bill_Sizemore_0001.ppm,57.7,7.306e-7,0.0001
lfw,all,rgb,rgb/Bill_Sizemore_0002.ppm,52.2,7.106e-7,0.0002
lfw,all,rgb,rgb/Bill_Stapleton_0001.ppm,58.9,6.948e-7,0.0002
lfw,all,rgb,rgb/Bill_Stein_0001.ppm,56.9,7.184e-7,0.0001
lfw,all,rgb,rgb/Bill_Walton_0001.ppm,59.9,6.781e-7,0.0001
lfw,all,rgb,rgb/Billy_Andrade_0001.ppm,54.1,7.125e-7,0.0001
lfw,all,rgb,rgb/Billy_Beane_0001.ppm,50.5,8.517e-7,0.0001
lfw,all,rgb,rgb/Billy_Bob_Thornton_0001.ppm,62.0,5.648e-7,0.0002
lfw,all,rgb,rgb/Billy_Boyd_0001.ppm,60.6,8.184e-7,0.0002
lfw,all,rgb,rgb/Billy_Crawford_0001.ppm,60.3,7.374e-7,0.0002
lfw,all,rgb,rgb/Billy_Crystal_0001.ppm,65.9,7.251e-7,0.0001
lfw,all,rgb,rgb/Billy_Crystal_0002.ppm,59.3,7.298e-7,0.0001
lfw,all,rgb,rgb/Billy_Crystal_0003.ppm,61.3,7.349e-7,0.0002
lfw,all,rgb,rgb/Billy_Crystal_0004.ppm,53.8,7.854e-7,0.0001
lfw,all,rgb,rgb/Billy_Crystal_0005.ppm,60.7,7.385e-7,0.0001
lfw,all,rgb,rgb/Billy_Crystal_0006.ppm,56.3,7.616e-7,0.0001
lfw,all,rgb,rgb/Billy_Donovan_0001.ppm,72.8,6.713e-7,0.0002
lfw,all,rgb,rgb/Billy_Edelin_0001.ppm,52.7,7.524e-7,0.0001
lfw,all,rgb,rgb/Billy_Gilman_0001.ppm,61.9,6.570e-7,0.0001
lfw,all,rgb,rgb/Billy_Graham_0001.ppm,57.4,8.291e-7,0.0002
lfw,all,rgb,rgb/Billy_Graham_0002.ppm,59.5,8.364e-7,0.0002
lfw,all,rgb,rgb/Billy_Joel_0001.ppm,59.2,8.851e-7,0.0002
lfw,all,rgb,rgb/Billy_Rork_0001.ppm,54.1,8.407e-7,0.0002
lfw,all,rgb,rgb/Billy_Sollie_0001.ppm,56.6,7.589e-7,0.0002
lfw,all,rgb,rgb/Billy_Sollie_0002.ppm,57.2,8.533e-7,0.0002
lfw,all,rgb,rgb/Billy_Tibbets_0001.ppm,55.2,7.230e-7,0.0002
lfw,all,rgb,rgb/Bing_Crosby_0001.ppm,63.5,6.531e-7,0.0001
lfw,all,rgb,rgb/Binyamin_Ben-Eliezer_0001.ppm,52.7,8.410e-7,0.0002
lfw,all,rgb,rgb/Binyamin_Ben-Eliezer_0002.ppm,61.5,8.232e-7,0.0002
lfw,all,rgb,rgb/Binyamin_Ben-Eliezer_0003.ppm,56.5,7.200e-7,0.0002
lfw,all,rgb,rgb/Binyamin_Ben-Eliezer_0004.ppm,55.2,7.086e-7,0.0001
lfw,all,rgb,rgb/Binyamin_Ben-Eliezer_0005.ppm,53.0,7.708e-7,0.0001
lfw,all,rgb,rgb/Binyamin_Ben-Eliezer_0006.ppm,51.7,7.069e-7,0.0001
lfw,all,rgb,rgb/Binyamin_Ben-Eliezer_0007.ppm,57.3,7.476e-7,0.0002
lfw,all,rgb,rgb/Bison_Dele_0001.ppm,62.0,7.242e-7,0.0001
lfw,all,rgb,rgb/Bixente_LIzarazu_0001.ppm,62.5,6.544e-7,0.0002
lfw,all,rgb,rgb/Blas_Ople_0001.ppm,60.2,7.792e-7,0.0002
lfw,all,rgb,rgb/Blythe_Danner_0001.ppm,62.3,6.885e-7,0.0001
lfw,all,rgb,rgb/Blythe_Danner_0002.ppm,65.1,7.359e-7,0.0001
lfw,all,rgb,rgb/Blythe_Hartley_0001.ppm,59.2,7.199e-7,0.0001
lfw,all,rgb,rgb/Blythe_Hartley_0002.ppm,64.8,6.727e-7,0.0002
lfw,all,rgb,rgb/Bo_Pelini_0001.ppm,60.3,7.512e-7,0.0001
lfw,all,rgb,rgb/Bo_Pelini_0002.ppm,57.0,7.435e-7,0.0002
lfw,all,rgb,rgb/Bo_Ryan_0001.ppm,60.3,8.014e-7,0.0002
lfw,all,rgb,rgb/Bo_Ryan_0002.ppm,57.8,7.285e-7,0.0001
lfw,all,rgb,rgb/Bob_Alper_0001.ppm,63.1,6.983e-7,0.0002
lfw,all,rgb,rgb/Bob_Beauprez_0001.ppm,61.3,7.261e-7,0.0002
lfw,all,rgb,rgb/Bob_Beauprez_0002.ppm,64.7,6.893e-7,0.0002
lfw,all,rgb,rgb/Bob_Bowlsby_0001.ppm,58.0,7.287e-7,0.0002
lfw,all,rgb,rgb/Bob_Cantrell_0001.ppm,50.8,7.638e-7,0.0001
lfw,all,rgb,rgb/Bob_Colvin_0001.ppm,54.5,8.169e-7,0.0002
lfw,all,rgb,rgb/Bob_Colvin_0002.ppm,57.9,7.218e-7,0.0001
lfw,all,rgb,rgb/Bob_Crippen_0001.ppm,61.8,7.594e-7,0.0002
lfw,all,rgb,rgb/Bob_Curtis_0001.ppm,59.9,6.387e-7,0.0001
lfw,all,rgb,rgb/Bob_Dole_0001.ppm,66.7,7.342e-7,0.0001
lfw,all,rgb,rgb/Bob_Dole_0002.ppm,55.2,7.879e-7,0.0002
lfw,all,rgb,rgb/Bob_Dole_0003.ppm,55.2,7.426e-7,0.0001
lfw,all,rgb,rgb/Bob_Eskridge_0001.ppm,57.2,7.244e-7,0.0002
lfw,all,rgb,rgb/Bob_Ferguson_0001.ppm,54.5,7.184e-7,0.0001
lfw,all,rgb,rgb/Bob_Geldof_0001.ppm,57.2,8.173e-7,0.0002
lfw,all,rgb,rgb/Bob_Geldof_0002.ppm,58.4,7.411e-7,0.0001
lfw,all,rgb,rgb/Bob_Goldman_0001.ppm,60.6,7.375e-7,0.0002
lfw,all,rgb,rgb/Bob_Graham_0001.ppm,59.2,7.169e-7,0.0001
lfw,all,rgb,rgb/Bob_Graham_0002.ppm,56.1,7.291e-7,0.0001
lfw,all,rgb,rgb/Bob_Graham_0003.ppm,56.7,7.703e-7,0.0002
lfw,all,rgb,rgb/Bob_Graham_0004.ppm,50.4,8.954e-7,0.0002
lfw,all,rgb,rgb/Bob_Graham_0005.ppm,55.3,7.291e-7,0.0001
lfw,all,rgb,rgb/Bob_Graham_0006.ppm,59.4,7.737e-7,0.0002
lfw,all,rgb,rgb/Bob_Guccione_0001.ppm,57.1,6.568e-7,0.0002
lfw,all,rgb,rgb/Bob_Hartley_0001.ppm,60.4,7.102e-7,0.0001
lfw,all,rgb,rgb/Bob_Hayes_0001.ppm,58.9,6.572e-7,0.0001
lfw,all,rgb,rgb/Bob_Herz_0001.ppm,48.7,8.351e-7,0.0001
lfw,all,rgb,rgb/Bob_Holden_0001.ppm,61.0,7.891e-7,0.0002
lfw,all,rgb,rgb/Bob_Hope_0001.ppm,62.4,7.411e-7,0.0001
lfw,all,rgb,rgb/Bob_Hope_0002.ppm,64.9,6.048e-7,0.0002
lfw,all,rgb,rgb/Bob_Hope_0003.ppm,61.1,6.579e-7,0.0001
lfw,all,rgb,rgb/Bob_Hope_0004.ppm,46.4,7.862e-7,0.0001
lfw,all,rgb,rgb/Bob_Hope_0005.ppm,57.9,9.182e-7,0.0002
lfw,all,rgb,rgb/Bob_Hope_0006.ppm,59.2,6.471e-7,0.0001
lfw,all,rgb,rgb/Bob_Hope_0007.ppm,60.5,7.030e-7,0.0002
lfw,all,rgb,rgb/Bob_Hope_0008.ppm,60.4,7.610e-7,0.0001
lfw,all,rgb,rgb/Bob_Huggins_0001.ppm,55.2,7.772e-7,0.0001
lfw,all,rgb,rgb/Bob_Huggins_0002.ppm,56.0,8.528e-7,0.0002
lfw,all,rgb,rgb/Bob_Huggins_0003.ppm,39.8,1.616e-6,0.0002
lfw,all,rgb,rgb/Bob_Huggins_0004.ppm,52.5,8.434e-7,0.0002
lfw,all,rgb,rgb/Bob_Iger_0001.ppm,65.0,6.406e-7,0.0002
lfw,all,rgb,rgb/Bob_Krueger_0001.ppm,57.2,7.576e-7,0.0002
lfw,all,rgb,rgb/Bob_Melvin_0001.ppm,58.2,7.463e-7,0.0001
lfw,all,rgb,rgb/Bob_Menendez_0001.ppm,57.4,7.531e-7,0.0002
lfw,all,rgb,rgb/Bob_Newhart_0001.ppm,63.8,6.983e-7,0.0002
lfw,all,rgb,rgb/Bob_Petrino_0001.ppm,58.7,8.179e-7,0.0002
lfw,all,rgb,rgb/Bob_Riley_0001.ppm,64.1,7.861e-7,0.0002
lfw,all,rgb,rgb/Bob_Stoops_0001.ppm,56.3,7.075e-7,0.0001
lfw,all,rgb,rgb/Bob_Stoops_0002.ppm,52.7,8.523e-7,0.0001
lfw,all,rgb,rgb/Bob_Stoops_0003.ppm,58.7,7.869e-7,0.0002
lfw,all,rgb,rgb/Bob_Stoops_0004.ppm,60.6,7.598e-7,0.0001
lfw,all,rgb,rgb/Bob_Stoops_0005.ppm,58.5,7.015e-7,0.0001
lfw,all,rgb,rgb/Bob_Stoops_0006.ppm,54.4,7.169e-7,0.0002
lfw,all,rgb,rgb/Bob_Stoops_0007.ppm,58.2,7.384e-7,0.0001
lfw,all,rgb,rgb/Bob_Sulkin_0001.ppm,59.4,7.881e-7,0.0002
lfw,all,rgb,rgb/Bob_Taft_0001.ppm,44.4,9.238e-7,0.0001
lfw,all,rgb,rgb/Bob_Wright_0001.ppm,65.5,7.943e-7,0.0002
lfw,all,rgb,rgb/Bobby_Bowden_0001.ppm,69.8,6.724e-7,0.0001
lfw,all,rgb,rgb/Bobby_Goldwater_0001.ppm,43.3,9.470e-7,0.0002
lfw,all,rgb,rgb/Bobby_Goldwater_0002.ppm,47.3,8.532e-7,0.0002
lfw,all,rgb,rgb/Bobby_Jackson_0001.ppm,61.2,6.484e-7,0.0002
lfw,all,rgb,rgb/Bobby_Kielty_0001.ppm,59.4,7.371e-7,0.0002
lfw,all,rgb,rgb/Bobby_Robson_0001.ppm,56.7,7.084e-7,0.0002
lfw,all,rgb,rgb/Bobby_Robson_0002.ppm,56.4,7.314e-7,0.0002
lfw,all,rgb,rgb/Bobo_Balde_0001.ppm,59.1,7.785e-7,0.0001
lfw,all,rgb,rgb/Bode_Miller_0001.ppm,56.4,6.649e-7,0.0001
lfw,all,rgb,rgb/Bode_Miller_0002.ppm,60.1,6.914e-7,0.0002
lfw,all,rgb,rgb/Bonnie_Fuller_0001.ppm,61.6,6.349e-7,0.0001
lfw,all,rgb,rgb/Bonnie_Hunt_0001.ppm,61.4,7.576e-7,0.0002
lfw,all,rgb,rgb/Bono_0001.ppm,57.9,7.229e-7,0.0001
lfw,all,rgb,rgb/Bono_0002.ppm,59.0,6.364e-7,0.0001
lfw,all,rgb,rgb/Bono_0003.ppm,60.0,5.985e-7,0.0001
lfw,all,rgb,rgb/Boris_Becker_0001.ppm,51.9,7.532e-7,0.0002
lfw,all,rgb,rgb/Boris_Becker_0002.ppm,52.8,7.336e-7,0.0001
lfw,all,rgb,rgb/Boris_Becker_0003.ppm,56.7,7.359e-7,0.0002
lfw,all,rgb,rgb/Boris_Becker_0004.ppm,61.9,6.681e-7,0.0002
lfw,all,rgb,rgb/Boris_Becker_0005.ppm,57.4,7.195e-7,0.0001
lfw,all,rgb,rgb/Boris_Becker_0006.ppm,57.8,7.138e-7,0.0001
lfw,all,rgb,rgb/Boris_Berezovsky_0001.ppm,58.5,6.984e-7,0.0002
lfw,all,rgb,rgb/Boris_Berezovsky_0002.ppm,59.3,7.021e-7,0.0001
lfw,all,rgb,rgb/Boris_Henry_0001.ppm,58.8,7.998e-7,0.0002
lfw,all,rgb,rgb/Boris_Jordan_0001.ppm,58.1,7.143e-7,0.0002
lfw,all,rgb,rgb/Boris_Trajkovski_0001.ppm,61.4,6.951e-7,0.0002
lfw,all,rgb,rgb/Boris_Yeltsin_0001.ppm,63.6,6.877e-7,0.0001
lfw,all,rgb,rgb/Boris_Yeltsin_0002.ppm,64.0,7.112e-7,0.0002
lfw,all,rgb,rgb/Boutros_Boutros_Ghali_0001.ppm,61.8,6.968e-7,0.0002
lfw,all,rgb,rgb/Brad_Alexander_Smith_0001.ppm,63.8,6.992e-7,0.0001
lfw,all,rgb,rgb/Brad_Banks_0001.ppm,64.8,6.110e-7,0.0001
lfw,all,rgb,rgb/Brad_Brownell_0001.ppm,61.3,6.764e-7,0.0002
lfw,all,rgb,rgb/Brad_Garrett_0001.ppm,57.2,8.512e-7,0.0001
lfw,all,rgb,rgb/Brad_Garrett_0002.ppm,69.0,7.673e-7,0.0002
lfw,all,rgb,rgb/Brad_Garrett_0003.ppm,55.8,7.417e-7,0.0001
lfw,all,rgb,rgb/Brad_Garrett_0004.ppm,45.3,7.790e-7,0.0001
lfw,all,rgb,rgb/Brad_Gushue_0001.ppm,51.0,7.573e-7,0.0001
lfw,all,rgb,rgb/Brad_Johnson_0001.ppm,50.2,8.106e-7,0.0002
lfw,all,rgb,rgb/Brad_Johnson_0002.ppm,63.6,6.984e-7,0.0002
lfw,all,rgb,rgb/Brad_Johnson_0003.ppm,60.1,7.247e-7,0.0002
lfw,all,rgb,rgb/Brad_Johnson_0004.ppm,67.8,6.739e-7,0.0002
lfw,all,rgb,rgb/Brad_Johnson_0005.ppm,61.1,7.497e-7,0.0002
lfw,all,rgb,rgb/Brad_Miller_0001.ppm,55.9,6.952e-7,0.0001
lfw,all,rgb,rgb/Brad_Pitt_0001.ppm,57.3,6.800e-7,0.0002
lfw,all,rgb,rgb/Brad_Russ_0001.ppm,58.8,6.906e-7,0.0001
lfw,all,rgb,rgb/Brad_Smith_0001.ppm,52.8,7.089e-7,0.0002
lfw,all,rgb,rgb/Brad_Wilk_0001.ppm,64.2,6.512e-7,0.0001
lfw,all,rgb,rgb/Brady_Rodgers_0001.ppm,55.8,6.471e-7,0.0001
lfw,all,rgb,rgb/Brajesh_Mishra_0001.ppm,57.2,7.726e-7,0.0002
lfw,all,rgb,rgb/Brandon_Boyd_0001.ppm,64.0,7.992e-7,0.0002
lfw,all,rgb,rgb/Brandon_Fails_0001.ppm,60.8,6.525e-7,0.0001
lfw,all,rgb,rgb/Brandon_Hammond_0001.ppm,58.1,6.522e-7,0.0001
lfw,all,rgb,rgb/Brandon_Inge_0001.ppm,60.9,6.531e-7,0.0002
lfw,all,rgb,rgb/Brandon_Jones_0001.ppm,65.4,6.624e-7,0.0002
lfw,all,rgb,rgb/Brandon_Knight_0001.ppm,53.7,8.412e-7,0.0002
lfw,all,rgb,rgb/Brandon_Larson_0001.ppm,66.9,7.073e-7,0.0002
lfw,all,rgb,rgb/Brandon_Lloyd_0001.ppm,59.8,7.929e-7,0.0001
lfw,all,rgb,rgb/Brandon_Robinson_0001.ppm,62.3,7.151e-7,0.0002
lfw,all,rgb,rgb/Brandon_Spann_0001.ppm,54.4,6.218e-7,0.0001
lfw,all,rgb,rgb/Brandon_Webb_0001.ppm,52.6,6.432e-7,0.0001
lfw,all,rgb,rgb/Branko_Crvenkovski_0001.ppm,63.4,8.000e-7,0.0002
lfw,all,rgb,rgb/Branko_Crvenkovski_0002.ppm,63.6,7.541e-7,0.0002
lfw,all,rgb,rgb/Branko_Crvenkovski_0003.ppm,47.9,8.495e-7,0.0002
lfw,all,rgb,rgb/Brawley_King_0001.ppm,55.8,5.792e-7,0.0001
lfw,all,rgb,rgb/Brenda_Magana_0001.ppm,61.6,6.861e-7,0.0002
lfw,all,rgb,rgb/Brenda_Wilson_0001.ppm,55.9,7.421e-7,0.0002
lfw,all,rgb,rgb/Brenda_van_Dam_0001.ppm,61.5,7.720e-7,0.0002
lfw,all,rgb,rgb/Brendan_Fraser_0001.ppm,61.2,7.237e-7,0.0002
lfw,all,rgb,rgb/Brendan_Gaughan_0001.ppm,55.7,6.943e-7,0.0002
lfw,all,rgb,rgb/Brendan_Hansen_0001.ppm,57.2,7.642e-7,0.0001
lfw,all,rgb,rgb/Brendan_Hansen_0002.ppm,42.5,1.170e-6,0.0002
lfw,all,rgb,rgb/Brendan_Stai_0001.ppm,59.2,7.513e-7,0.0002
lfw,all,rgb,rgb/Brennon_Leighton_0001.ppm,60.0,6.957e-7,0.0002
lfw,all,rgb,rgb/Brent_Coles_0001.ppm,59.6,7.351e-7,0.0002
lfw,all,rgb,rgb/Brett_Boone_0001.ppm,48.9,7.029e-7,0.0001
lfw,all,rgb,rgb/Brett_Hawke_0001.ppm,63.3,6.984e-7,0.0002
lfw,all,rgb,rgb/Brett_Hull_0001.ppm,57.5,7.055e-7,0.0002
lfw,all,rgb,rgb/Brett_Perry_0001.ppm,67.0,6.605e-7,0.0002
lfw,all,rgb,rgb/Brian_Billick_0001.ppm,51.2,8.606e-7,0.0002
lfw,all,rgb,rgb/Brian_Campbell_0001.ppm,60.6,7.371e-7,0.0002
lfw,all,rgb,rgb/Brian_Cashman_0001.ppm,55.5,6.234e-7,0.0001
lfw,all,rgb,rgb/Brian_Clemens_0001.ppm,59.8,6.894e-7,0.0002
lfw,all,rgb,rgb/Brian_Cook_0001.ppm,53.5,7.225e-7,0.0001
lfw,all,rgb,rgb/Brian_Cowen_0001.ppm,55.1,7.325e-7,0.0002
lfw,all,rgb,rgb/Brian_Cowen_0002.ppm,54.3,7.648e-7,0.0002
lfw,all,rgb,rgb/Brian_De_Palma_0001.ppm,51.9,7.530e-7,0.0001
lfw,all,rgb,rgb/Brian_Florence_0001.ppm,41.9,9.570e-7,0.0001
lfw,all,rgb,rgb/Brian_Grazier_0001.ppm,55.8,8.390e-7,0.0001
lfw,all,rgb,rgb/Brian_Gregory_0001.ppm,55.8,8.042e-7,0.0002
lfw,all,rgb,rgb/Brian_Griese_0001.ppm,62.5,7.127e-7,0.0002
lfw,all,rgb,rgb/Brian_Griese_0002.ppm,61.5,7.560e-7,0.0002
lfw,all,rgb,rgb/Brian_Heidik_0001.ppm,67.4,7.292e-7,0.0002
lfw,all,rgb,rgb/Brian_Heidik_0002.ppm,62.3,6.466e-7,0.0001
lfw,all,rgb,rgb/Brian_Henson_0001.ppm,58.7,8.001e-7,0.0002
lfw,all,rgb,rgb/Brian_Jordan_0001.ppm,57.3,7.365e-7,0.0002
lfw,all,rgb,rgb/Brian_Kerr_0001.ppm,55.7,7.842e-7,0.0002
lfw,all,rgb,rgb/Brian_Lara_0001.ppm,53.8,7.823e-7,0.0001
lfw,all,rgb,rgb/Brian_McIntyre_0001.ppm,55.8,7.063e-7,0.0001
lfw,all,rgb,rgb/Brian_Meadors_0001.ppm,61.1,6.565e-7,0.0002
lfw,all,rgb,rgb/Brian_Mulroney_0001.ppm,51.0,8.105e-7,0.0001
lfw,all,rgb,rgb/Brian_Mulroney_0002.ppm,53.2,7.700e-7,0.0001
lfw,all,rgb,rgb/Brian_Olson_0001.ppm,52.9,8.059e-7,0.0001
lfw,all,rgb,rgb/Brian_Pavlich_0001.ppm,55.7,7.514e-7,0.0002
lfw,all,rgb,rgb/Brian_Scalabrine_0001.ppm,50.9,7.876e-7,0.0001
lfw,all,rgb,rgb/Brian_Schneider_0001.ppm,51.8,6.791e-7,0.0001
lfw,all,rgb,rgb/Brian_StPierre_0001.ppm,59.5,6.403e-7,0.0001
lfw,all,rgb,rgb/Brian_Van_Dusen_0001.ppm,62.7,7.359e-7,0.0002
lfw,all,rgb,rgb/Brian_Weaver_0001.ppm,59.2,6.724e-7,0.0001
lfw,all,rgb,rgb/Brian_Wells_0001.ppm,63.0,6.234e-7,0.0001
lfw,all,rgb,rgb/Brian_Wells_0002.ppm,51.9,7.657e-7,0.0001
lfw,all,rgb,rgb/Brian_Williams_0001.ppm,59.4,7.152e-7,0.0001
lfw,all,rgb,rgb/Bridget_Fonda_0001.ppm,55.4,7.076e-7,0.0002
lfw,all,rgb,rgb/Bridget_Fonda_0002.ppm,64.9,7.328e-7,0.0002
lfw,all,rgb,rgb/Bridget_Fonda_0003.ppm,61.0,6.691e-7,0.0001
lfw,all,rgb,rgb/Bridgette_Wilson-Sampras_0001.ppm,58.7,6.783e-7,0.0002
lfw,all,rgb,rgb/Bridgette_Wilson-Sampras_0002.ppm,64.5,6.336e-7,0.0001
lfw,all,rgb,rgb/Bridgette_Wilson-Sampras_0003.ppm,51.7,6.985e-7,0.0001
lfw,all,rgb,rgb/Brigitte_Boisselier_0001.ppm,53.3,8.404e-7,0.0001
lfw,all,rgb,rgb/Brigitte_Boisselier_0002.ppm,57.9,7.307e-7,0.0001
lfw,all,rgb,rgb/Britney_Spears_0001.ppm,70.8,6.424e-7,0.0001
lfw,all,rgb,rgb/Britney_Spears_0002.ppm,70.8,6.565e-7,0.0002
lfw,all,rgb,rgb/Britney_Spears_0003.ppm,66.2,7.291e-7,0.0001
lfw,all,rgb,rgb/Britney_Spears_0004.ppm,66.9,6.202e-7,0.0001
lfw,all,rgb,rgb/Britney_Spears_0005.ppm,65.8,6.560e-7,0.0001
lfw,all,rgb,rgb/Britney_Spears_0006.ppm,63.3,7.507e-7,0.0002
lfw,all,rgb,rgb/Britney_Spears_0007.ppm,61.1,6.522e-7,0.0002
lfw,all,rgb,rgb/Britney_Spears_0008.ppm,59.2,7.403e-7,0.0002
lfw,all,rgb,rgb/Britney_Spears_0009.ppm,67.3,6.779e-7,0.0001
lfw,all,rgb,rgb/Britney_Spears_0010.ppm,67.4,6.290e-7,0.0002
lfw,all,rgb,rgb/Britney_Spears_0011.ppm,58.0,7.287e-7,0.0002
lfw,all,rgb,rgb/Britney_Spears_0012.ppm,48.5,6.968e-7,0.0001
lfw,all,rgb,rgb/Britney_Spears_0013.ppm,60.6,7.147e-7,0.0002
lfw,all,rgb,rgb/Britney_Spears_0014.ppm,67.1,7.084e-7,0.0002
lfw,all,rgb,rgb/Brittany_Snow_0001.ppm,64.4,7.725e-7,0.0001
lfw,all,rgb,rgb/Brock_Berlin_0001.ppm,64.6,6.970e-7,0.0002
lfw,all,rgb,rgb/Bronson_Arroyo_0001.ppm,71.8,6.838e-7,0.0002
lfw,all,rgb,rgb/Brook_Robinson_0001.ppm,66.3,6.921e-7,0.0001
lfw,all,rgb,rgb/Brooke_Adams_0001.ppm,68.5,6.828e-7,0.0001
lfw,all,rgb,rgb/Brooke_Gordon_0001.ppm,57.8,7.399e-7,0.0002
lfw,all,rgb,rgb/Brooke_Shields_0001.ppm,61.1,6.930e-7,0.0002
lfw,all,rgb,rgb/Brooke_Shields_0002.ppm,63.4,6.986e-7,0.0002
lfw,all,rgb,rgb/Bruce_Arena_0001.ppm,53.2,7.736e-7,0.0001
lfw,all,rgb,rgb/Bruce_Gebhardt_0001.ppm,62.0,7.130e-7,0.0002
lfw,all,rgb,rgb/Bruce_Lunsford_0001.ppm,55.1,7.643e-7,0.0002
lfw,all,rgb,rgb/Bruce_Paltrow_0001.ppm,47.6,7.588e-7,0.0001
lfw,all,rgb,rgb/Bruce_Springsteen_0001.ppm,67.8,6.715e-7,0.0001
lfw,all,rgb,rgb/Bruce_Springsteen_0002.ppm,64.2,7.263e-7,0.0002
lfw,all,rgb,rgb/Bruce_Springsteen_0003.ppm,60.9,6.800e-7,0.0002
lfw,all,rgb,rgb/Bruce_Springsteen_0004.ppm,70.6,6.670e-7,0.0002
lfw,all,rgb,rgb/Bruce_Van_De_Velde_0001.ppm,57.7,7.113e-7,0.0001
lfw,all,rgb,rgb/Bruce_Van_De_Velde_0002.ppm,56.5,7.789e-7,0.0002
lfw,all,rgb,rgb/Bruce_Weber_0001.ppm,60.4,7.639e-7,0.0002
lfw,all,rgb,rgb/Bruce_Weber_0002.ppm,62.1,7.353e-7,0.0001
lfw,all,rgb,rgb/Bruce_Willis_0001.ppm,55.0,8.689e-7,0.0002
lfw,all,rgb,rgb/Bruna_Colosio_0001.ppm,57.4,7.095e-7,0.0001
lfw,all,rgb,rgb/Bruno_Junquiera_0001.ppm,62.4,7.001e-7,0.0001
lfw,all,rgb,rgb/Bryan_Adams_0001.ppm,57.2,7.899e-7,0.0002
lfw,all,rgb,rgb/Bryan_Chui_0001.ppm,56.4,7.979e-7,0.0002
lfw,all,rgb,rgb/Bryan_Cooley_0001.ppm,58.1,7.567e-7,0.0001
lfw,all,rgb,rgb/Bryan_Murray_0001.ppm,55.5,7.815e-7,0.0001
lfw,all,rgb,rgb/Bryan_Thomas_0001.ppm,56.9,6.818e-7,0.0002
lfw,all,rgb,rgb/Bryant_Young_0001.ppm,58.8,8.150e-7,0.0002
lfw,all,rgb,rgb/Bryce_Carmine_0001.ppm,59.8,7.497e-7,0.0001
lfw,all,rgb,rgb/Buck_Rodgers_0001.ppm,54.1,7.449e-7,0.0002
lfw,all,rgb,rgb/Bud_Selig_0001.ppm,61.4,6.820e-7,0.0002
lfw,all,rgb,rgb/Bud_Selig_0002.ppm,59.6,8.021e-7,0.0001
lfw,all,rgb,rgb/Bud_Selig_0003.ppm,58.1,7.015e-7,0.0002
lfw,all,rgb,rgb/Bud_Selig_0004.ppm,61.3,7.000e-7,0.0002
lfw,all,rgb,rgb/Budd_Schulberg_0001.ppm,56.7,1.139e-6,0.0003
lfw,all,rgb,rgb/Buddy_Ryan_0001.ppm,54.6,8.563e-7,0.0002
lfw,all,rgb,rgb/Buford_Blount_0001.ppm,60.3,7.256e-7,0.0002
lfw,all,rgb,rgb/Bulent_Ecevit_0001.ppm,55.9,6.907e-7,0.0002
lfw,all,rgb,rgb/Bulent_Ecevit_0002.ppm,58.5,7.049e-7,0.0001
lfw,all,rgb,rgb/Bulent_Ecevit_0003.ppm,49.6,7.340e-7,0.0001
lfw,all,rgb,rgb/Bulent_Ecevit_0004.ppm,58.4,7.294e-7,0.0002
lfw,all,rgb,rgb/Bulent_Ecevit_0005.ppm,58.8,7.003e-7,0.0001
lfw,all,rgb,rgb/Bulent_Ecevit_0006.ppm,60.3,6.932e-7,0.0001
lfw,all,rgb,rgb/Bustam_A_Zedan_Aljanabi_0001.ppm,57.2,7.904e-7,0.0001
lfw,all,rgb,rgb/Butch_Davis_0001.ppm,54.5,7.463e-7,0.0001
lfw,all,rgb,rgb/Butch_Davis_0002.ppm,55.9,7.970e-7,0.0002
lfw,all,rgb,rgb/Buzz_Hargrove_0001.ppm,60.1,9.019e-7,0.0002
lfw,all,rgb,rgb/Byron_Scott_0001.ppm,54.8,7.705e-7,0.0002
lfw,all,rgb,rgb/Byron_Scott_0002.ppm,57.8,8.167e-7,0.0002
lfw,all,rgb,rgb/Cabas_0001.ppm,68.4,6.761e-7,0.0001
lfw,all,rgb,rgb/Caio_Blat_0001.ppm,65.4,6.456e-7,0.0002
lfw,all,rgb,rgb/Calbert_Cheaney_0001.ppm,64.0,6.925e-7,0.0002
lfw,all,rgb,rgb/Calista_Flockhart_0001.ppm,56.6,7.925e-7,0.0002
lfw,all,rgb,rgb/Calista_Flockhart_0002.ppm,57.7,7.505e-7,0.0001
lfw,all,rgb,rgb/Calista_Flockhart_0003.ppm,61.6,6.115e-7,0.0001
lfw,all,rgb,rgb/Calista_Flockhart_0004.ppm,61.7,6.827e-7,0.0002
lfw,all,rgb,rgb/Calista_Flockhart_0005.ppm,59.3,6.316e-7,0.0001
lfw,all,rgb,rgb/Calista_Flockhart_0006.ppm,63.5,6.629e-7,0.0001
lfw,all,rgb,rgb/Calvin_Harrison_0001.ppm,62.5,6.217e-7,0.0001
lfw,all,rgb,rgb/Calvin_Joseph_Coleman_0001.ppm,69.5,7.131e-7,0.0002
lfw,all,rgb,rgb/Cameron_Diaz_0001.ppm,68.8,6.720e-7,0.0001
lfw,all,rgb,rgb/Cameron_Diaz_0002.ppm,64.1,6.812e-7,0.0002
lfw,all,rgb,rgb/Cameron_Diaz_0003.ppm,57.6,6.580e-7,0.0001
lfw,all,rgb,rgb/Cameron_Diaz_0004.ppm,61.3,6.665e-7,0.0002
lfw,all,rgb,rgb/Cameron_Diaz_0005.ppm,60.4,6.935e-7,0.0001
lfw,all,rgb,rgb/Cameron_Diaz_0006.ppm,58.5,6.702e-7,0.0001
lfw,all,rgb,rgb/Camilla_Parker_Bowles_0001.ppm,60.1,6.795e-7,0.0002
lfw,all,rgb,rgb/Camilla_Parker_Bowles_0002.ppm,63.4,6.502e-7,0.0001
lfw,all,rgb,rgb/Camille_Colvin_0001.ppm,58.6,8.786e-7,0.0002
lfw,all,rgb,rgb/Camille_Lewis_0001.ppm,62.4,6.552e-7,0.0001
lfw,all,rgb,rgb/Camryn_Manheim_0001.ppm,66.9,6.711e-7,0.0002
lfw,all,rgb,rgb/Candace_Sutton_0001.ppm,45.9,7.242e-7,0.0001
lfw,all,rgb,rgb/Candice_Beatty_0001.ppm,52.6,7.123e-7,0.0001
lfw,all,rgb,rgb/Candice_Bergen_0001.ppm,43.6,6.466e-7,0.0001
lfw,all,rgb,rgb/Candice_Bergen_0002.ppm,57.7,7.650e-7,0.0001
lfw,all,rgb,rgb/Candice_Bergen_0003.ppm,62.0,6.672e-7,0.0001
lfw,all,rgb,rgb/Candie_Kung_0001.ppm,60.4,5.916e-7,0.0001
lfw,all,rgb,rgb/Candie_Kung_0002.ppm,63.0,6.936e-7,0.0001
lfw,all,rgb,rgb/Candie_Kung_0003.ppm,58.2,6.364e-7,0.0002
lfw,all,rgb,rgb/Candie_Kung_0004.ppm,54.0,6.988e-7,0.0001
lfw,all,rgb,rgb/Carey_Lowell_0001.ppm,60.7,6.942e-7,0.0001
lfw,all,rgb,rgb/Cari_Davis_0001.ppm,54.0,7.359e-7,0.0001
lfw,all,rgb,rgb/Carin_Koch_0001.ppm,79.9,6.833e-7,0.0002
lfw,all,rgb,rgb/Carina_Lau_Ka-ling_0001.ppm,53.8,6.948e-7,0.0002
lfw,all,rgb,rgb/Carl_Levin_0001.ppm,56.0,7.017e-7,0.0002
lfw,all,rgb,rgb/Carl_Pope_0001.ppm,61.7,7.397e-7,0.0002
lfw,all,rgb,rgb/Carl_Reiner_0001.ppm,55.9,8.668e-7,0.0002
lfw,all,rgb,rgb/Carl_Reiner_0002.ppm,55.4,9.086e-7,0.0002
lfw,all,rgb,rgb/Carla_Del_Ponte_0001.ppm,55.0,7.517e-7,0.0001
lfw,all,rgb,rgb/Carla_Del_Ponte_0002.ppm,59.1,7.993e-7,0.0002
lfw,all,rgb,rgb/Carla_Del_Ponte_0003.ppm,58.4,6.714e-7,0.0002
lfw,all,rgb,rgb/Carla_Del_Ponte_0004.ppm,39.5,5.151e-7,0.0001
lfw,all,rgb,rgb/Carla_Del_Ponte_0005.ppm,57.8,7.380e-7,0.0002
lfw,all,rgb,rgb/Carla_Gay_Balingit_0001.ppm,64.5,6.647e-7,0.0002
lfw,all,rgb,rgb/Carla_Gugino_0001.ppm,93.0,6.690e-7,0.0002
lfw,all,rgb,rgb/Carla_Moreno_0001.ppm,60.2,6.756e-7,0.0001
lfw,all,rgb,rgb/Carla_Myers_0001.ppm,62.6,6.722e-7,0.0001
lfw,all,rgb,rgb/Carla_Myers_0002.ppm,63.5,6.323e-7,0.0002
lfw,all,rgb,rgb/Carla_Sullivan_0001.ppm,66.4,6.509e-7,0.0002
lfw,all,rgb,rgb/Carla_Tricoli_0001.ppm,64.6,6.757e-7,0.0002
lfw,all,rgb,rgb/Carlo_Ancelotti_0001.ppm,52.1,7.328e-7,0.0002
lfw,all,rgb,rgb/Carlo_Ancelotti_0002.ppm,53.7,8.165e-7,0.0002
lfw,all,rgb,rgb/Carlo_Ancelotti_0003.ppm,56.5,6.947e-7,0.0002
lfw,all,rgb,rgb/Carlo_Azeglio_Ciampi_0001.ppm,56.6,7.584e-7,0.0001
lfw,all,rgb,rgb/Carlos_Alberto_0001.ppm,64.7,6.530e-7,0.0002
lfw,all,rgb,rgb/Carlos_Alberto_Parreira_0001.ppm,50.6,8.080e-7,0.0002
lfw,all,rgb,rgb/Carlos_Arroyo_0001.ppm,54.5,7.786e-7,0.0001
lfw,all,rgb,rgb/Carlos_Barra_0001.ppm,58.6,6.831e-7,0.0001
lfw,all,rgb,rgb/Carlos_Barragan_0001.ppm,62.4,7.017e-7,0.0002
lfw,all,rgb,rgb/Carlos_Beltran_0001.ppm,79.5,6.204e-7,0.0002
lfw,all,rgb,rgb/Carlos_Bianchi_0001.ppm,62.9,7.110e-7,0.0002
lfw,all,rgb,rgb/Carlos_Bianchi_0002.ppm,58.4,7.875e-7,0.0002
lfw,all,rgb,rgb/Carlos_De_Abreu_0001.ppm,60.2,6.519e-7,0.0001
lfw,all,rgb,rgb/Carlos_Fasciolo_0001.ppm,61.3,6.948e-7,0.0001
lfw,all,rgb,rgb/Carlos_Ghosn_0001.ppm,53.1,7.184e-7,0.0001
lfw,all,rgb,rgb/Carlos_Ghosn_0002.ppm,55.1,7.910e-7,0.0002
lfw,all,rgb,rgb/Carlos_Iturgaitz_0001.ppm,49.0,9.242e-7,0.0002
lfw,all,rgb,rgb/Carlos_Juarez_0001.ppm,58.6,7.019e-7,0.0001
lfw,all,rgb,rgb/Carlos_Lordkipanitse_0001.ppm,56.3,6.934e-7,0.0001
lfw,all,rgb,rgb/Carlos_Manuel_Pruneda_0001.ppm,60.7,6.560e-7,0.0001
lfw,all,rgb,rgb/Carlos_Manuel_Pruneda_0002.ppm,44.2,8.320e-7,0.0002
lfw,all,rgb,rgb/Carlos_Manuel_Pruneda_0003.ppm,56.1,7.492e-7,0.0001
lfw,all,rgb,rgb/Carlos_Menem_0001.ppm,60.4,7.024e-7,0.0001
lfw,all,rgb,rgb/Carlos_Menem_0002.ppm,54.9,7.592e-7,0.0001
lfw,all,rgb,rgb/Carlos_Menem_0003.ppm,50.8,6.559e-7,0.0001
lfw,all,rgb,rgb/Carlos_Menem_0004.ppm,60.9,8.211e-7,0.0001
lfw,all,rgb,rgb/Carlos_Menem_0005.ppm,58.4,7.596e-7,0.0002
lfw,all,rgb,rgb/Carlos_Menem_0006.ppm,60.2,7.344e-7,0.0002
lfw,all,rgb,rgb/Carlos_Menem_0007.ppm,61.6,7.434e-7,0.0002
lfw,all,rgb,rgb/Carlos_Menem_0008.ppm,57.4,6.863e-7,0.0001
lfw,all,rgb,rgb/Carlos_Menem_0009.ppm,53.6,7.563e-7,0.0001
lfw,all,rgb,rgb/Carlos_Menem_0010.ppm,56.3,8.174e-7,0.0002
lfw,all,rgb,rgb/Carlos_Menem_0011.ppm,62.1,6.652e-7,0.0002
lfw,all,rgb,rgb/Carlos_Menem_0012.ppm,55.1,7.523e-7,0.0001
lfw,all,rgb,rgb/Carlos_Menem_0013.ppm,57.7,7.057e-7,0.0001
lfw,all,rgb,rgb/Carlos_Menem_0014.ppm,57.5,7.404e-7,0.0001
lfw,all,rgb,rgb/Carlos_Menem_0015.ppm,55.6,8.440e-7,0.0002
lfw,all,rgb,rgb/Carlos_Menem_0016.ppm,60.2,8.157e-7,0.0002
lfw,all,rgb,rgb/Carlos_Menem_0017.ppm,54.4,7.079e-7,0.0001
lfw,all,rgb,rgb/Carlos_Menem_0018.ppm,56.6,7.652e-7,0.0001
lfw,all,rgb,rgb/Carlos_Menem_0019.ppm,58.0,7.343e-7,0.0001
lfw,all,rgb,rgb/Carlos_Menem_0020.ppm,52.0,7.441e-7,0.0002
lfw,all,rgb,rgb/Carlos_Menem_0021.ppm,61.0,7.617e-7,0.0002
lfw,all,rgb,rgb/Carlos_Mesa_0001.ppm,54.7,7.816e-7,0.0001
lfw,all,rgb,rgb/Carlos_Mesa_0002.ppm,60.6,7.267e-7,0.0002
lfw,all,rgb,rgb/Carlos_Moya_0001.ppm,70.1,8.416e-7,0.0002
lfw,all,rgb,rgb/Carlos_Moya_0002.ppm,57.1,7.854e-7,0.0002
lfw,all,rgb,rgb/Carlos_Moya_0003.ppm,54.4,6.622e-7,0.0001
lfw,all,rgb,rgb/Carlos_Moya_0004.ppm,58.7,8.286e-7,0.0001
lfw,all,rgb,rgb/Carlos_Moya_0005.ppm,54.2,7.171e-7,0.0001
lfw,all,rgb,rgb/Carlos_Moya_0006.ppm,55.0,7.889e-7,0.0002
lfw,all,rgb,rgb/Carlos_Moya_0007.ppm,49.6,7.865e-7,0.0001
lfw,all,rgb,rgb/Carlos_Moya_0008.ppm,52.4,6.978e-7,0.0001
lfw,all,rgb,rgb/Carlos_Moya_0009.ppm,57.3,7.998e-7,0.0002
lfw,all,rgb,rgb/Carlos_Moya_0010.ppm,53.4,6.684e-7,0.0001
lfw,all,rgb,rgb/Carlos_Moya_0011.ppm,57.8,6.746e-7,0.0001
lfw,all,rgb,rgb/Carlos_Moya_0012.ppm,55.4,6.335e-7,0.0002
lfw,all,rgb,rgb/Carlos_Moya_0013.ppm,54.8,7.625e-7,0.0001
lfw,all,rgb,rgb/Carlos_Moya_0014.ppm,55.6,7.353e-7,0.0001
lfw,all,rgb,rgb/Carlos_Moya_0015.ppm,60.3,6.794e-7,0.0001
lfw,all,rgb,rgb/Carlos_Moya_0016.ppm,52.4,6.304e-7,0.0001
lfw,all,rgb,rgb/Carlos_Moya_0017.ppm,63.6,6.568e-7,0.0001
lfw,all,rgb,rgb/Carlos_Moya_0018.ppm,65.7,6.510e-7,0.0002
lfw,all,rgb,rgb/Carlos_Moya_0019.ppm,56.2,7.933e-7,0.0001
lfw,all,rgb,rgb/Carlos_Ortega_0001.ppm,55.8,7.254e-7,0.0001
lfw,all,rgb,rgb/Carlos_Ortega_0002.ppm,53.3,8.519e-7,0.0002
lfw,all,rgb,rgb/Carlos_Ortega_0003.ppm,63.6,6.575e-7,0.0001
lfw,all,rgb,rgb/Carlos_Paternina_0001.ppm,60.3,6.539e-7,0.0001
lfw,all,rgb,rgb/Carlos_Queiroz_0001.ppm,63.1,6.586e-7,0.0002
lfw,all,rgb,rgb/Carlos_Quintanilla_Schmidt_0001.ppm,50.3,7.935e-7,0.0001
lfw,all,rgb,rgb/Carlos_Quintanilla_Schmidt_0002.ppm,51.2,7.790e-7,0.0001
lfw,all,rgb,rgb/Carlos_Ruckauf_0001.ppm,52.6,7.760e-7,0.0001
lfw,all,rgb,rgb/Carlos_Ruiz_0001.ppm,59.2,7.511e-7,0.0002
lfw,all,rgb,rgb/Carlos_Ruiz_0002.ppm,58.7,7.033e-7,0.0002
lfw,all,rgb,rgb/Carlos_Ruiz_0003.ppm,66.5,6.471e-7,0.0001
lfw,all,rgb,rgb/Carlos_Salinas_0001.ppm,54.9,8.060e-7,0.0001
lfw,all,rgb,rgb/Carlos_Savedra_0001.ppm,60.2,7.569e-7,0.0002
lfw,all,rgb,rgb/Carlos_Vives_0001.ppm,61.5,6.924e-7,0.0001
lfw,all,rgb,rgb/Carlos_Vives_0002.ppm,60.7,6.997e-7,0.0002
lfw,all,rgb,rgb/Carlos_Vives_0003.ppm,61.9,7.506e-7,0.0002
lfw,all,rgb,rgb/Carlos_Vives_0004.ppm,54.7,8.276e-7,0.0002
lfw,all,rgb,rgb/Carlton_Baugh_0001.ppm,64.8,6.631e-7,0.0001
lfw,all,rgb,rgb/Carlton_Dotson_0001.ppm,60.7,6.511e-7,0.0002
lfw,all,rgb,rgb/Carly_Fiorina_0001.ppm,62.6,7.408e-7,0.0002
lfw,all,rgb,rgb/Carly_Fiorina_0002.ppm,55.2,6.764e-7,0.0001
lfw,all,rgb,rgb/Carly_Fiorina_0003.ppm,56.4,6.924e-7,0.0002
lfw,all,rgb,rgb/Carly_Gullickson_0001.ppm,56.7,6.899e-7,0.0001
lfw,all,rgb,rgb/Carmen_Electra_0001.ppm,63.3,6.238e-7,0.0002
lfw,all,rgb,rgb/Carmen_Electra_0002.ppm,56.9,6.160e-7,0.0001
lfw,all,rgb,rgb/Carmen_Electra_0003.ppm,62.9,6.522e-7,0.0002
lfw,all,rgb,rgb/Carmen_Electra_0004.ppm,55.0,6.895e-7,0.0001
lfw,all,rgb,rgb/Carmen_Electra_0005.ppm,60.3,6.913e-7,0.0001
lfw,all,rgb,rgb/Carmen_Electra_0006.ppm,60.1,6.758e-7,0.0001
lfw,all,rgb,rgb/Carol_Burnett_0001.ppm,55.5,8.060e-7,0.0002
lfw,all,rgb,rgb/Carol_Burnett_0002.ppm,59.0,8.173e-7,0.0002
lfw,all,rgb,rgb/Carol_Carmody_0001.ppm,56.4,7.171e-7,0.0001
lfw,all,rgb,rgb/Carol_Moseley_Braun_0001.ppm,59.8,7.851e-7,0.0002
lfw,all,rgb,rgb/Carol_Moseley_Braun_0002.ppm,62.2,7.091e-7,0.0001
lfw,all,rgb,rgb/Carol_Niedermayer_0001.ppm,61.3,6.733e-7,0.0001
lfw,all,rgb,rgb/Carol_Williams_0001.ppm,57.2,6.762e-7,0.0001
lfw,all,rgb,rgb/Carolina_Barco_0001.ppm,52.1,6.982e-7,0.0002
lfw,all,rgb,rgb/Carolina_Kluft_0001.ppm,58.4,7.452e-7,0.0001
lfw,all,rgb,rgb/Carolina_Kluft_0002.ppm,61.6,6.889e-7,0.0002
lfw,all,rgb,rgb/Carolina_Kluft_0003.ppm,48.4,8.217e-7,0.0001
lfw,all,rgb,rgb/Carolina_Moraes_0001.ppm,62.2,7.217e-7,0.0002
lfw,all,rgb,rgb/Carolina_Moraes_0002.ppm,59.0,7.937e-7,0.0001
lfw,all,rgb,rgb/Caroline_Dhavernas_0001.ppm,57.0,7.481e-7,0.0002
lfw,all,rgb,rgb/Caroline_Kennedy_0001.ppm,57.2,6.981e-7,0.0002
lfw,all,rgb,rgb/Caroline_Kennedy_0002.ppm,63.4,7.754e-7,0.0001
lfw,all,rgb,rgb/Caroline_Kennedy_0003.ppm,60.0,6.975e-7,0.0001
lfw,all,rgb,rgb/Caroline_Link_0001.ppm,59.2,7.976e-7,0.0002
lfw,all,rgb,rgb/Carolyn_Dawn_Johnson_0001.ppm,60.8,6.672e-7,0.0002
lfw,all,rgb,rgb/Carolyn_Dawn_Johnson_0002.ppm,62.5,7.066e-7,0.0002
lfw,all,rgb,rgb/Carolyn_Dawn_Johnson_0003.ppm,58.1,7.124e-7,0.0001
lfw,all,rgb,rgb/Carolyn_Kuhl_0001.ppm,59.1,7.118e-7,0.0001
lfw,all,rgb,rgb/Carrie-Anne_Moss_0001.ppm,53.1,7.116e-7,0.0002
lfw,all,rgb,rgb/Carrie-Anne_Moss_0002.ppm,54.5,7.437e-7,0.0001
lfw,all,rgb,rgb/Carrie-Anne_Moss_0003.ppm,61.5,7.053e-7,0.0001
lfw,all,rgb,rgb/Carrie-Anne_Moss_0004.ppm,59.8,7.066e-7,0.0001
lfw,all,rgb,rgb/Carrie-Anne_Moss_0005.ppm,56.7,7.087e-7,0.0001
lfw,all,rgb,rgb/Carroll_Weimer_0001.ppm,64.2,7.869e-7,0.0002
lfw,all,rgb,rgb/Carson_Daly_0001.ppm,58.5,6.864e-7,0.0001
lfw,all,rgb,rgb/Carson_Daly_0002.ppm,57.8,7.997e-7,0.0002
lfw,all,rgb,rgb/Carson_Palmer_0001.ppm,65.2,6.735e-7,0.0002
lfw,all,rgb,rgb/Carson_Palmer_0002.ppm,63.5,6.805e-7,0.0001
lfw,all,rgb,rgb/Carson_Palmer_0003.ppm,63.1,6.938e-7,0.0002
lfw,all,rgb,rgb/Carson_Palmer_0004.ppm,55.8,6.510e-7,0.0001
lfw,all,rgb,rgb/Casey_Crowder_0001.ppm,60.0,7.343e-7,0.0002
lfw,all,rgb,rgb/Casey_Mears_0001.ppm,57.4,7.731e-7,0.0001
lfw,all,rgb,rgb/Cass_Ballenger_0001.ppm,56.3,7.767e-7,0.0001
lfw,all,rgb,rgb/Cassandra_Heise_0001.ppm,60.7,6.640e-7,0.0001
lfw,all,rgb,rgb/Casy_Preslar_0001.ppm,55.5,6.774e-7,0.0002
lfw,all,rgb,rgb/Cate_Blanchett_0001.ppm,61.5,6.504e-7,0.0001
lfw,all,rgb,rgb/Cate_Blanchett_0002.ppm,54.9,7.538e-7,0.0002
lfw,all,rgb,rgb/Cate_Blanchett_0003.ppm,64.4,6.309e-7,0.0001
lfw,all,rgb,rgb/Cate_Blanchett_0004.ppm,52.7,6.887e-7,0.0001
lfw,all,rgb,rgb/Catherine_Bell_0001.ppm,60.0,7.341e-7,0.0002
lfw,all,rgb,rgb/Catherine_Deneuve_0001.ppm,53.6,8.053e-7,0.0001
lfw,all,rgb,rgb/Catherine_Deneuve_0002.ppm,58.8,7.004e-7,0.0001
lfw,all,rgb,rgb/Catherine_Deneuve_0003.ppm,57.7,6.770e-7,0.0001
lfw,all,rgb,rgb/Catherine_Deneuve_0004.ppm,55.1,7.201e-7,0.0002
lfw,all,rgb,rgb/Catherine_Deneuve_0005.ppm,54.8,6.731e-7,0.0002
lfw,all,rgb,rgb/Catherine_Donkers_0001.ppm,57.9,6.659e-7,0.0001
lfw,all,rgb,rgb/Catherine_Ndereba_0001.ppm,66.1,7.155e-7,0.0002
lfw,all,rgb,rgb/Catherine_Woodard_0001.ppm,51.8,8.139e-7,0.0001
lfw,all,rgb,rgb/Catherine_Zeta-Jones_0001.ppm,63.8,6.974e-7,0.0002
lfw,all,rgb,rgb/Catherine_Zeta-Jones_0002.ppm,52.8,7.365e-7,0.0001
lfw,all,rgb,rgb/Catherine_Zeta-Jones_0003.ppm,59.3,7.084e-7,0.0001
lfw,all,rgb,rgb/Catherine_Zeta-Jones_0004.ppm,66.5,7.049e-7,0.0002
lfw,all,rgb,rgb/Catherine_Zeta-Jones_0005.ppm,62.6,6.814e-7,0.0001
lfw,all,rgb,rgb/Catherine_Zeta-Jones_0006.ppm,61.8,6.877e-7,0.0002
lfw,all,rgb,rgb/Catherine_Zeta-Jones_0007.ppm,76.9,6.358e-7,0.0002
lfw,all,rgb,rgb/Catherine_Zeta-Jones_0008.ppm,60.5,7.162e-7,0.0002
lfw,all,rgb,rgb/Catherine_Zeta-Jones_0009.ppm,52.5,7.347e-7,0.0001
lfw,all,rgb,rgb/Catherine_Zeta-Jones_0010.ppm,62.5,6.427e-7,0.0002
lfw,all,rgb,rgb/Catherine_Zeta-Jones_0011.ppm,54.6,7.987e-7,0.0002
lfw,all,rgb,rgb/Cathryn_Crawford_0001.ppm,65.2,7.426e-7,0.0002
lfw,all,rgb,rgb/Cathy_Chisholm_0001.ppm,63.0,6.961e-7,0.0001
lfw,all,rgb,rgb/Cathy_Cunningham_0001.ppm,57.7,6.797e-7,0.0001
lfw,all,rgb,rgb/Cathy_Freeman_0001.ppm,56.5,8.699e-7,0.0002
lfw,all,rgb,rgb/Cathy_Freeman_0002.ppm,55.7,6.843e-7,0.0002
lfw,all,rgb,rgb/Catriona_Le_May_Doan_0001.ppm,61.6,7.155e-7,0.0002
lfw,all,rgb,rgb/Cecile_de_France_0001.ppm,57.6,7.164e-7,0.0001
lfw,all,rgb,rgb/Cecilia_Bolocco_0001.ppm,65.0,6.650e-7,0.0001
lfw,all,rgb,rgb/Cecilia_Bolocco_0002.ppm,59.8,6.912e-7,0.0001
lfw,all,rgb,rgb/Cecilia_Bolocco_0003.ppm,67.0,6.664e-7,0.0002
lfw,all,rgb,rgb/Cecilia_Chang_0001.ppm,63.7,5.950e-7,0.0002
lfw,all,rgb,rgb/Cecilia_Cheung_0001.ppm,60.6,6.738e-7,0.0001
lfw,all,rgb,rgb/Cedric_Benson_0001.ppm,63.1,6.693e-7,0.0001
lfw,all,rgb,rgb/Celia_Cruz_0001.ppm,65.9,7.207e-7,0.0002
lfw,all,rgb,rgb/Celine_Dion_0001.ppm,63.8,6.488e-7,0.0002
lfw,all,rgb,rgb/Celine_Dion_0002.ppm,50.1,8.156e-7,0.0001
lfw,all,rgb,rgb/Celine_Dion_0003.ppm,71.7,6.108e-7,0.0002
lfw,all,rgb,rgb/Celine_Dion_0004.ppm,57.0,7.307e-7,0.0002
lfw,all,rgb,rgb/Celine_Dion_0005.ppm,54.9,7.551e-7,0.0002
lfw,all,rgb,rgb/Celine_Dion_0006.ppm,60.6,7.038e-7,0.0002
lfw,all,rgb,rgb/Celine_Dion_0007.ppm,61.2,6.514e-7,0.0001
lfw,all,rgb,rgb/Celine_Dion_0008.ppm,59.9,7.324e-7,0.0002
lfw,all,rgb,rgb/Celso_Amorim_0001.ppm,58.4,7.316e-7,0.0002
lfw,all,rgb,rgb/Celso_Amorim_0002.ppm,48.8,7.307e-7,0.0001
lfw,all,rgb,rgb/Celso_Lafer_0001.ppm,58.0,7.000e-7,0.0002
lfw,all,rgb,rgb/Cemil_Cicek_0001.ppm,58.3,7.544e-7,0.0002
lfw,all,rgb,rgb/Cesar_Gaviria_0001.ppm,60.5,6.972e-7,0.0001
lfw,all,rgb,rgb/Cesar_Gaviria_0002.ppm,60.5,6.572e-7,0.0001
lfw,all,rgb,rgb/Cesar_Gaviria_0003.ppm,60.5,6.782e-7,0.0002
lfw,all,rgb,rgb/Cesar_Gaviria_0004.ppm,54.5,6.546e-7,0.0002
lfw,all,rgb,rgb/Cesar_Gaviria_0005.ppm,65.3,5.943e-7,0.0001
lfw,all,rgb,rgb/Cesar_Gaviria_0006.ppm,60.9,5.966e-7,0.0001
lfw,all,rgb,rgb/Cesar_Gaviria_0007.ppm,56.3,7.022e-7,0.0001
lfw,all,rgb,rgb/Cesar_Gaviria_0008.ppm,58.5,6.311e-7,0.0001
lfw,all,rgb,rgb/Cesar_Maia_0001.ppm,59.4,7.922e-7,0.0002
lfw,all,rgb,rgb/Cesar_Maia_0002.ppm,60.4,8.711e-7,0.0002
lfw,all,rgb,rgb/Cha_Yung-gu_0001.ppm,54.6,7.648e-7,0.0002
lfw,all,rgb,rgb/Chadha_Gurinder_0001.ppm,59.4,6.943e-7,0.0002
lfw,all,rgb,rgb/Chakib_Khelil_0001.ppm,57.0,8.292e-7,0.0002
lfw,all,rgb,rgb/Chakib_Khelil_0002.ppm,54.4,7.857e-7,0.0002
lfw,all,rgb,rgb/Chan_Choi_0001.ppm,56.4,7.289e-7,0.0001
lfw,all,rgb,rgb/Chan_Gailey_0001.ppm,82.2,6.419e-7,0.0002
lfw,all,rgb,rgb/Chan_Gailey_0002.ppm,50.0,6.476e-7,0.0001
lfw,all,rgb,rgb/Chan_Gailey_0003.ppm,57.4,7.767e-7,0.0002
lfw,all,rgb,rgb/Chan_Ho_Park_0001.ppm,56.2,6.606e-7,0.0001
lfw,all,rgb,rgb/Chance_Mock_0001.ppm,62.0,7.414e-7,0.0001
lfw,all,rgb,rgb/Chanda_Rubin_0001.ppm,53.4,7.724e-7,0.0002
lfw,all,rgb,rgb/Chanda_Rubin_0002.ppm,59.8,7.064e-7,0.0001
lfw,all,rgb,rgb/Chanda_Rubin_0003.ppm,60.2,6.668e-7,0.0001
lfw,all,rgb,rgb/Chanda_Rubin_0004.ppm,53.9,7.975e-7,0.0001
lfw,all,rgb,rgb/Chanda_Rubin_0005.ppm,53.8,7.604e-7,0.0001
lfw,all,rgb,rgb/Chandrika_Kumaratunga_0001.ppm,54.9,7.032e-7,0.0001
lfw,all,rgb,rgb/Chang_Dae-whan_0001.ppm,51.1,6.736e-7,0.0001
lfw,all,rgb,rgb/Chang_Dae-whan_0002.ppm,46.3,7.930e-7,0.0001
lfw,all,rgb,rgb/Chang_Jae_On_0001.ppm,61.7,6.789e-7,0.0001
lfw,all,rgb,rgb/Chang_Saio-yue_0001.ppm,50.8,7.636e-7,0.0001
lfw,all,rgb,rgb/Chang_Sang_0001.ppm,52.4,6.801e-7,0.0001
lfw,all,rgb,rgb/Chang_Tso_0001.ppm,58.3,7.887e-7,0.0002
lfw,all,rgb,rgb/Chante_Jawan_Mallard_0001.ppm,60.9,7.561e-7,0.0002
lfw,all,rgb,rgb/Charla_Moye_0001.ppm,58.4,6.895e-7,0.0001
lfw,all,rgb,rgb/Charlene_Barshefsky_0001.ppm,54.8,8.061e-7,0.0002
lfw,all,rgb,rgb/Charles_Bell_0001.ppm,55.5,7.982e-7,0.0002
lfw,all,rgb,rgb/Charles_Bronson_0001.ppm,55.1,7.170e-7,0.0001
lfw,all,rgb,rgb/Charles_Bronson_0002.ppm,67.3,7.408e-7,0.0002
lfw,all,rgb,rgb/Charles_Bronson_0003.ppm,63.6,6.017e-7,0.0001
lfw,all,rgb,rgb/Charles_Chandler_IV_0001.ppm,59.6,7.403e-7,0.0002
lfw,all,rgb,rgb/Charles_Cope_0001.ppm,58.2,7.200e-7,0.0002
lfw,all,rgb,rgb/Charles_Grassley_0001.ppm,52.9,7.818e-7,0.0002
lfw,all,rgb,rgb/Charles_Grassley_0002.ppm,66.2,6.221e-7,0.0002
lfw,all,rgb,rgb/Charles_Holzner_0001.ppm,52.1,7.939e-7,0.0001
lfw,all,rgb,rgb/Charles_Ingram_0001.ppm,65.5,6.786e-7,0.0002
lfw,all,rgb,rgb/Charles_Kartman_0001.ppm,43.5,7.640e-7,0.0001
lfw,all,rgb,rgb/Charles_Kartman_0002.ppm,60.9,7.406e-7,0.0002
lfw,all,rgb,rgb/Charles_Lebois_0001.ppm,62.9,6.595e-7,0.0001
lfw,all,rgb,rgb/Charles_Mathews_0001.ppm,57.0,7.678e-7,0.0002
lfw,all,rgb,rgb/Charles_Mathews_0002.ppm,38.0,1.425e-6,0.0002
lfw,all,rgb,rgb/Charles_Moose_0001.ppm,57.5,6.315e-7,0.0001
lfw,all,rgb,rgb/Charles_Moose_0002.ppm,63.4,6.152e-7,0.0002
lfw,all,rgb,rgb/Charles_Moose_0003.ppm,50.6,6.830e-7,0.0001
lfw,all,rgb,rgb/Charles_Moose_0004.ppm,61.5,6.499e-7,0.0001
lfw,all,rgb,rgb/Charles_Moose_0005.ppm,63.0,6.226e-7,0.0002
lfw,all,rgb,rgb/Charles_Moose_0006.ppm,57.6,7.381e-7,0.0001
lfw,all,rgb,rgb/Charles_Moose_0007.ppm,64.0,6.178e-7,0.0002
lfw,all,rgb,rgb/Charles_Moose_0008.ppm,52.1,6.382e-7,0.0001
lfw,all,rgb,rgb/Charles_Moose_0009.ppm,63.2,6.763e-7,0.0001
lfw,all,rgb,rgb/Charles_Moose_0010.ppm,58.2,4.532e-7,0.0001
lfw,all,rgb,rgb/Charles_Moose_0011.ppm,60.8,7.892e-7,0.0002
lfw,all,rgb,rgb/Charles_Moose_0012.ppm,56.5,6.557e-7,0.0001
lfw,all,rgb,rgb/Charles_Moose_0013.ppm,56.5,7.481e-7,0.0002
lfw,all,rgb,rgb/Charles_Pickering_0001.ppm,56.8,8.234e-7,0.0002
lfw,all,rgb,rgb/Charles_Pouty_0001.ppm,53.5,6.724e-7,0.0001
lfw,all,rgb,rgb/Charles_Richardson_0001.ppm,60.9,8.463e-7,0.0002
lfw,all,rgb,rgb/Charles_Rogers_0001.ppm,78.8,5.855e-7,0.0002
lfw,all,rgb,rgb/Charles_Schumer_0001.ppm,52.7,8.403e-7,0.0002
lfw,all,rgb,rgb/Charles_Schumer_0002.ppm,73.1,5.952e-7,0.0001
lfw,all,rgb,rgb/Charles_Tannok_0001.ppm,59.9,6.960e-7,0.0002
lfw,all,rgb,rgb/Charles_Taylor_0001.ppm,57.7,7.637e-7,0.0001
lfw,all,rgb,rgb/Charles_Taylor_0002.ppm,65.3,7.223e-7,0.0002
lfw,all,rgb,rgb/Charles_Taylor_0003.ppm,68.5,7.207e-7,0.0002
lfw,all,rgb,rgb/Charles_Taylor_0004.ppm,72.6,5.513e-7,0.0001
lfw,all,rgb,rgb/Charles_Taylor_0005.ppm,58.9,6.722e-7,0.0002
lfw,all,rgb,rgb/Charles_Taylor_0006.ppm,65.7,6.770e-7,0.0002
lfw,all,rgb,rgb/Charles_Taylor_0007.ppm,66.1,6.882e-7,0.0002
lfw,all,rgb,rgb/Charles_Taylor_0008.ppm,57.4,7.366e-7,0.0002
lfw,all,rgb,rgb/Charles_Taylor_0009.ppm,45.9,8.048e-7,0.0001
lfw,all,rgb,rgb/Charley_Armey_0001.ppm,49.1,9.573e-7,0.0002
lfw,all,rgb,rgb/Charlie_Coles_0001.ppm,57.2,7.963e-7,0.0002
lfw,all,rgb,rgb/Charlie_Deane_0001.ppm,45.9,8.946e-7,0.0001
lfw,all,rgb,rgb/Charlie_Garner_0001.ppm,68.8,7.054e-7,0.0002
lfw,all,rgb,rgb/Charlie_Hunnam_0001.ppm,53.2,7.054e-7,0.0001
lfw,all,rgb,rgb/Charlie_Sheen_0001.ppm,60.1,6.800e-7,0.0002
lfw,all,rgb,rgb/Charlie_Williams_0001.ppm,53.1,7.508e-7,0.0002
lfw,all,rgb,rgb/Charlie_Zaa_0001.ppm,56.5,7.503e-7,0.0001
lfw,all,rgb,rgb/Charlie_Zaa_0002.ppm,57.2,6.867e-7,0.0001
lfw,all,rgb,rgb/Charlize_Theron_0001.ppm,62.3,6.774e-7,0.0001
lfw,all,rgb,rgb/Charlotte_Casiraghi_0001.ppm,57.9,7.559e-7,0.0001
lfw,all,rgb,rgb/Charlotte_Chambers_0001.ppm,63.7,7.209e-7,0.0002
lfw,all,rgb,rgb/Charlotte_Church_0001.ppm,62.4,6.699e-7,0.0002
lfw,all,rgb,rgb/Charlotte_Rampling_0001.ppm,59.5,6.518e-7,0.0001
lfw,all,rgb,rgb/Charlotte_Rampling_0002.ppm,63.8,7.233e-7,0.0002
lfw,all,rgb,rgb/Charlton_Heston_0001.ppm,61.1,5.986e-7,0.0002
lfw,all,rgb,rgb/Charlton_Heston_0002.ppm,60.1,6.608e-7,0.0002
lfw,all,rgb,rgb/Charlton_Heston_0003.ppm,55.2,7.017e-7,0.0001
lfw,all,rgb,rgb/Charlton_Heston_0004.ppm,59.4,6.644e-7,0.0001
lfw,all,rgb,rgb/Charlton_Heston_0005.ppm,55.4,7.462e-7,0.0001
lfw,all,rgb,rgb/Charlton_Heston_0006.ppm,52.2,6.932e-7,0.0001
lfw,all,rgb,rgb/Charmaine_Crooks_0001.ppm,53.7,7.082e-7,0.0001
lfw,all,rgb,rgb/Chawki_Armali_0001.ppm,53.8,7.384e-7,0.0001
lfw,all,rgb,rgb/Chea_Sophara_0001.ppm,53.3,7.239e-7,0.0001
lfw,all,rgb,rgb/Chelsea_Clinton_0001.ppm,58.7,6.642e-7,0.0001
lfw,all,rgb,rgb/Chen_Kaige_0001.ppm,54.9,6.904e-7,0.0001
lfw,all,rgb,rgb/Chen_Liang_Yu_0001.ppm,55.6,7.370e-7,0.0002
lfw,all,rgb,rgb/Chen_Liang_Yu_0002.ppm,55.8,6.886e-7,0.0001
lfw,all,rgb,rgb/Chen_Shui-bian_0001.ppm,54.0,7.221e-7,0.0001
lfw,all,rgb,rgb/Chen_Shui-bian_0002.ppm,49.2,8.544e-7,0.0001
lfw,all,rgb,rgb/Chen_Shui-bian_0003.ppm,53.3,7.758e-7,0.0001
lfw,all,rgb,rgb/Chen_Shui-bian_0004.ppm,45.2,8.243e-7,0.0001
lfw,all,rgb,rgb/Chen_Shui-bian_0005.ppm,71.0,6.550e-7,0.0003
lfw,all,rgb,rgb/Chen_Tsai-chin_0001.ppm,47.5,7.868e-7,0.0001
lfw,all,rgb,rgb/Cherie_Blair_0001.ppm,59.9,6.534e-7,0.0001
lfw,all,rgb,rgb/Cherie_Blair_0002.ppm,59.7,6.817e-7,0.0001
lfw,all,rgb,rgb/Cherie_Blair_0003.ppm,62.5,7.065e-7,0.0002
lfw,all,rgb,rgb/Cherie_Blair_0004.ppm,64.2,7.102e-7,0.0002
lfw,all,rgb,rgb/Cherry_Jones_0001.ppm,61.1,6.355e-7,0.0001
lfw,all,rgb,rgb/Cheryl_Ford_0001.ppm,63.9,6.575e-7,0.0001
lfw,all,rgb,rgb/Cheryl_Hines_0001.ppm,64.3,7.512e-7,0.0002
lfw,all,rgb,rgb/Cheryl_James_0001.ppm,59.4,6.690e-7,0.0001
lfw,all,rgb,rgb/Cheryl_Little_0001.ppm,59.1,7.238e-7,0.0001
lfw,all,rgb,rgb/Cheryl_Tiegs_0001.ppm,64.5,6.791e-7,0.0001
lfw,all,rgb,rgb/Chhouk_Rin_0001.ppm,56.7,6.895e-7,0.0001
lfw,all,rgb,rgb/Chick_Hearn_0001.ppm,61.3,6.393e-7,0.0001
lfw,all,rgb,rgb/Chick_Hearn_0002.ppm,61.1,7.427e-7,0.0002
lfw,all,rgb,rgb/Chick_Hearn_0003.ppm,58.0,7.643e-7,0.0002
lfw,all,rgb,rgb/Chin-Feng_Chen_0001.ppm,60.5,5.609e-7,0.0001
lfw,all,rgb,rgb/Chin-Hui_Tsao_0001.ppm,55.1,7.851e-7,0.0002
lfw,all,rgb,rgb/Chip_Burrus_0001.ppm,55.6,7.572e-7,0.0001
lfw,all,rgb,rgb/Chip_Ganassi_0001.ppm,63.2,7.014e-7,0.0001
lfw,all,rgb,rgb/Chip_Knight_0001.ppm,80.5,6.817e-7,0.0002
lfw,all,rgb,rgb/Chistian_Stahl_0001.ppm,58.9,6.741e-7,0.0002
lfw,all,rgb,rgb/Chita_Rivera_0001.ppm,57.2,6.788e-7,0.0001
lfw,all,rgb,rgb/Chita_Rivera_0002.ppm,64.5,6.447e-7,0.0001
lfw,all,rgb,rgb/Chloe_Sevigny_0001.ppm,54.5,6.866e-7,0.0001
lfw,all,rgb,rgb/Cho_Myung-kyun_0001.ppm,55.1,7.688e-7,0.0002
lfw,all,rgb,rgb/Choi_Sung-hong_0001.ppm,56.9,7.697e-7,0.0001
lfw,all,rgb,rgb/Choi_Sung-hong_0002.ppm,55.9,7.116e-7,0.0002
lfw,all,rgb,rgb/Choi_Sung-hong_0003.ppm,56.6,7.756e-7,0.0002
lfw,all,rgb,rgb/Choi_Sung-hong_0004.ppm,51.1,7.833e-7,0.0001
lfw,all,rgb,rgb/Choi_Sung-hong_0005.ppm,56.1,7.049e-7,0.0001
lfw,all,rgb,rgb/Choi_Yun-yong_0001.ppm,59.4,7.083e-7,0.0001
lfw,all,rgb,rgb/Chok_Tong_Goh_0001.ppm,42.1,7.873e-7,0.0001
lfw,all,rgb,rgb/Chok_Tong_Goh_0002.ppm,60.6,7.553e-7,0.0002
lfw,all,rgb,rgb/Chris_Andrews_0001.ppm,59.0,6.764e-7,0.0001
lfw,all,rgb,rgb/Chris_Bell_0001.ppm,52.3,6.688e-7,0.0001
lfw,all,rgb,rgb/Chris_Bell_0002.ppm,53.7,7.185e-7,0.0001
lfw,all,rgb,rgb/Chris_Byrd_0001.ppm,60.2,7.461e-7,0.0001
lfw,all,rgb,rgb/Chris_Byrd_0002.ppm,68.1,7.031e-7,0.0002
lfw,all,rgb,rgb/Chris_Cirino_0001.ppm,57.0,7.411e-7,0.0001
lfw,all,rgb,rgb/Chris_Claiborne_0001.ppm,64.1,6.486e-7,0.0001
lfw,all,rgb,rgb/Chris_Columbus_0001.ppm,55.6,7.176e-7,0.0002
lfw,all,rgb,rgb/Chris_Cookson_0001.ppm,56.5,7.742e-7,0.0002
lfw,all,rgb,rgb/Chris_Cooper_0001.ppm,63.3,7.350e-7,0.0002
lfw,all,rgb,rgb/Chris_Cooper_0002.ppm,57.5,7.218e-7,0.0001
lfw,all,rgb,rgb/Chris_Cornell_0001.ppm,68.1,6.335e-7,0.0002
lfw,all,rgb,rgb/Chris_Crocker_0001.ppm,52.7,7.449e-7,0.0001
lfw,all,rgb,rgb/Chris_Dodd_0001.ppm,53.8,9.260e-7,0.0002
lfw,all,rgb,rgb/Chris_Forsyth_0001.ppm,56.2,7.992e-7,0.0002
lfw,all,rgb,rgb/Chris_Gratton_0001.ppm,76.2,6.779e-7,0.0002
lfw,all,rgb,rgb/Chris_Hernandez_0001.ppm,57.7,7.032e-7,0.0001
lfw,all,rgb,rgb/Chris_Klein_0001.ppm,53.1,1.016e-6,0.0002
lfw,all,rgb,rgb/Chris_Kolanas_0001.ppm,62.8,5.909e-7,0.0001
lfw,all,rgb,rgb/Chris_Matthews_0001.ppm,57.1,7.978e-7,0.0002
lfw,all,rgb,rgb/Chris_Moore_0001.ppm,54.6,7.330e-7,0.0001
lfw,all,rgb,rgb/Chris_Neil_0001.ppm,61.3,6.715e-7,0.0002
lfw,all,rgb,rgb/Chris_Noth_0001.ppm,60.5,7.401e-7,0.0002
lfw,all,rgb,rgb/Chris_Penn_0001.ppm,58.4,8.506e-7,0.0002
lfw,all,rgb,rgb/Chris_Pronger_0001.ppm,60.6,7.937e-7,0.0002
lfw,all,rgb,rgb/Chris_Reitsma_0001.ppm,50.8,7.154e-7,0.0001
lfw,all,rgb,rgb/Chris_Rock_0001.ppm,71.8,6.796e-7,0.0002
lfw,all,rgb,rgb/Chris_Rock_0002.ppm,56.0,7.001e-7,0.0002
lfw,all,rgb,rgb/Chris_Simon_0001.ppm,57.2,7.769e-7,0.0001
lfw,all,rgb,rgb/Chris_Swecker_0001.ppm,52.3,6.785e-7,0.0001
lfw,all,rgb,rgb/Chris_Terry_0001.ppm,72.0,6.938e-7,0.0001
lfw,all,rgb,rgb/Chris_Thomas_0001.ppm,47.7,7.968e-7,0.0001
lfw,all,rgb,rgb/Chris_Tucker_0001.ppm,67.4,6.389e-7,0.0001
lfw,all,rgb,rgb/Chris_Tucker_0002.ppm,65.1,6.572e-7,0.0001
lfw,all,rgb,rgb/Chris_Whitney_0001.ppm,66.0,6.389e-7,0.0001
lfw,all,rgb,rgb/Christian_Bale_0001.ppm,55.9,8.655e-7,0.0002
lfw,all,rgb,rgb/Christian_Fittipaldi_0001.ppm,60.2,7.007e-7,0.0001
lfw,all,rgb,rgb/Christian_Fittipaldi_0002.ppm,63.6,6.766e-7,0.0001
lfw,all,rgb,rgb/Christian_Gimenez_0001.ppm,54.0,8.347e-7,0.0002
lfw,all,rgb,rgb/Christian_Lacroix_0001.ppm,60.3,7.581e-7,0.0002
lfw,all,rgb,rgb/Christian_Lirette_0001.ppm,61.5,6.401e-7,0.0001
lfw,all,rgb,rgb/Christian_Longo_0001.ppm,52.2,8.451e-7,0.0001
lfw,all,rgb,rgb/Christian_Longo_0002.ppm,55.4,7.937e-7,0.0001
lfw,all,rgb,rgb/Christian_Longo_0003.ppm,57.7,8.890e-7,0.0002
lfw,all,rgb,rgb/Christian_Malcolm_0001.ppm,60.1,5.638e-7,0.0001
lfw,all,rgb,rgb/Christian_Olsson_0001.ppm,56.7,7.355e-7,0.0001
lfw,all,rgb,rgb/Christian_Patino_0001.ppm,59.5,7.096e-7,0.0001
lfw,all,rgb,rgb/Christian_Von_Wernich_0001.ppm,66.4,7.176e-7,0.0001
lfw,all,rgb,rgb/Christian_Wulff_0001.ppm,60.2,7.436e-7,0.0001
lfw,all,rgb,rgb/Christian_Wulff_0002.ppm,57.6,7.052e-7,0.0001
lfw,all,rgb,rgb/Christiane_Wulff_0001.ppm,65.2,6.289e-7,0.0001
lfw,all,rgb,rgb/Christina_Aguilera_0001.ppm,70.4,7.525e-7,0.0002
lfw,all,rgb,rgb/Christina_Aguilera_0002.ppm,54.1,7.797e-7,0.0002
lfw,all,rgb,rgb/Christina_Aguilera_0003.ppm,67.3,6.683e-7,0.0002
lfw,all,rgb,rgb/Christina_Aguilera_0004.ppm,56.2,6.996e-7,0.0001
lfw,all,rgb,rgb/Christina_Sawaya_0001.ppm,61.4,6.828e-7,0.0001
lfw,all,rgb,rgb/Christine_Arron_0001.ppm,58.3,7.764e-7,0.0002
lfw,all,rgb,rgb/Christine_Baumgartner_0001.ppm,64.5,6.901e-7,0.0001
lfw,all,rgb,rgb/Christine_Baumgartner_0002.ppm,62.3,6.406e-7,0.0002
lfw,all,rgb,rgb/Christine_Baumgartner_0003.ppm,62.3,6.142e-7,0.0001
lfw,all,rgb,rgb/Christine_Baumgartner_0004.ppm,56.7,6.266e-7,0.0001
lfw,all,rgb,rgb/Christine_Baumgartner_0005.ppm,63.3,6.616e-7,0.0001
lfw,all,rgb,rgb/Christine_Ebersole_0001.ppm,64.6,6.791e-7,0.0001
lfw,all,rgb,rgb/Christine_Ebersole_0002.ppm,66.3,6.650e-7,0.0002
lfw,all,rgb,rgb/Christine_Gregoire_0001.ppm,55.3,7.400e-7,0.0001
lfw,all,rgb,rgb/Christine_Gregoire_0002.ppm,49.5,8.432e-7,0.0002
lfw,all,rgb,rgb/Christine_Gregoire_0003.ppm,56.7,7.114e-7,0.0002
lfw,all,rgb,rgb/Christine_Gregoire_0004.ppm,57.9,6.929e-7,0.0002
lfw,all,rgb,rgb/Christine_Rau_0001.ppm,59.8,7.667e-7,0.0002
lfw,all,rgb,rgb/Christine_Todd_Whitman_0001.ppm,58.2,6.670e-7,0.0002
lfw,all,rgb,rgb/Christine_Todd_Whitman_0002.ppm,55.2,8.773e-7,0.0002
lfw,all,rgb,rgb/Christine_Todd_Whitman_0003.ppm,59.5,7.489e-7,0.0002
lfw,all,rgb,rgb/Christine_Todd_Whitman_0004.ppm,59.5,7.371e-7,0.0001
lfw,all,rgb,rgb/Christine_Todd_Whitman_0005.ppm,58.0,8.294e-7,0.0002
lfw,all,rgb,rgb/Christine_Todd_Whitman_0006.ppm,64.0,7.189e-7,0.0002
lfw,all,rgb,rgb/Christoph_Daum_0001.ppm,63.5,7.310e-7,0.0002
lfw,all,rgb,rgb/Christopher_Amolsch_0001.ppm,58.4,7.738e-7,0.0002
lfw,all,rgb,rgb/Christopher_Conyers_0001.ppm,58.1,7.127e-7,0.0001
lfw,all,rgb,rgb/Christopher_Matero_0001.ppm,60.2,6.586e-7,0.0001
lfw,all,rgb,rgb/Christopher_Patten_0001.ppm,59.5,6.514e-7,0.0001
lfw,all,rgb,rgb/Christopher_Patten_0002.ppm,58.2,7.599e-7,0.0001
lfw,all,rgb,rgb/Christopher_Reeve_0001.ppm,62.4,7.059e-7,0.0002
lfw,all,rgb,rgb/Christopher_Reeve_0002.ppm,67.6,6.443e-7,0.0002
lfw,all,rgb,rgb/Christopher_Reeve_0003.ppm,64.8,6.798e-7,0.0001
lfw,all,rgb,rgb/Christopher_Reeve_0004.ppm,62.8,7.759e-7,0.0002
lfw,all,rgb,rgb/Christopher_Russell_0001.ppm,63.6,7.648e-7,0.0002
lfw,all,rgb,rgb/Christopher_Speer_0001.ppm,61.1,7.360e-7,0.0002
lfw,all,rgb,rgb/Christopher_Walken_0001.ppm,60.8,7.239e-7,0.0002
lfw,all,rgb,rgb/Christopher_Walken_0002.ppm,56.0,7.322e-7,0.0001
lfw,all,rgb,rgb/Christopher_Walken_0003.ppm,58.8,7.116e-7,0.0001
lfw,all,rgb,rgb/Christopher_Walken_0004.ppm,58.9,7.662e-7,0.0001
lfw,all,rgb,rgb/Christopher_Whittle_0001.ppm,60.4,7.139e-7,0.0002
lfw,all,rgb,rgb/Christy_Ferer_0001.ppm,53.3,6.968e-7,0.0001
lfw,all,rgb,rgb/Christy_Turlington_0001.ppm,59.8,6.783e-7,0.0002
lfw,all,rgb,rgb/Chuanyun_Li_0001.ppm,65.0,5.765e-7,0.0002
lfw,all,rgb,rgb/Chuck_Amato_0001.ppm,49.1,7.581e-7,0.0001
lfw,all,rgb,rgb/Chuck_Amato_0002.ppm,45.6,7.721e-7,0.0001
lfw,all,rgb,rgb/Chuck_Bednarik_0001.ppm,65.2,6.446e-7,0.0001
lfw,all,rgb,rgb/Chuck_Eidson_0001.ppm,47.0,9.254e-7,0.0001
lfw,all,rgb,rgb/Chuck_Finley_0001.ppm,62.9,6.818e-7,0.0002
lfw,all,rgb,rgb/Chuck_Hagel_0001.ppm,57.4,7.483e-7,0.0002
lfw,all,rgb,rgb/Chuck_Woolery_0001.ppm,52.8,8.140e-7,0.0001
lfw,all,rgb,rgb/Chuck_Yeager_0001.ppm,51.0,7.343e-7,0.0001
lfw,all,rgb,rgb/Chuck_Yeager_0002.ppm,76.8,5.911e-7,0.0001
lfw,all,rgb,rgb/Chung_Mong-hun_0001.ppm,60.0,7.023e-7,0.0002
lfw,all,rgb,rgb/Chung_Mong-hun_0002.ppm,36.0,8.195e-7,0.0001
lfw,all,rgb,rgb/Chung_Mong-joon_0001.ppm,55.7,6.834e-7,0.0001
lfw,all,rgb,rgb/Chung_Mong-joon_0002.ppm,50.0,7.578e-7,0.0001
lfw,all,rgb,rgb/Chyung_Dai-chul_0001.ppm,55.4,7.243e-7,0.0001
lfw,all,rgb,rgb/Ciaran_Hinds_0001.ppm,49.2,1.126e-6,0.0002
lfw,all,rgb,rgb/Cindy_Crawford_0001.ppm,60.1,7.533e-7,0.0002
lfw,all,rgb,rgb/Cindy_Crawford_0002.ppm,62.6,7.621e-7,0.0002
lfw,all,rgb,rgb/Cindy_Crawford_0003.ppm,54.2,6.869e-7,0.0001
lfw,all,rgb,rgb/Cindy_Klassen_0001.ppm,64.2,5.987e-7,0.0002
lfw,all,rgb,rgb/Cindy_Margolis_0001.ppm,60.6,7.152e-7,0.0002
lfw,all,rgb,rgb/Cindy_Margolis_0002.ppm,54.1,7.405e-7,0.0001
lfw,all,rgb,rgb/Cindy_Moll_0001.ppm,61.8,7.033e-7,0.0002
lfw,all,rgb,rgb/Cindy_Taylor_0001.ppm,65.0,6.773e-7,0.0001
lfw,all,rgb,rgb/Cindy_Zagorski_0001.ppm,55.8,8.846e-7,0.0001
lfw,all,rgb,rgb/Ciro_Gomes_0001.ppm,55.4,7.103e-7,0.0001
lfw,all,rgb,rgb/Ciro_Gomes_0002.ppm,55.8,7.053e-7,0.0002
lfw,all,rgb,rgb/Ciro_Gomes_0003.ppm,59.3,7.589e-7,0.0002
lfw,all,rgb,rgb/Ciro_Gomes_0004.ppm,51.8,7.739e-7,0.0001
lfw,all,rgb,rgb/Ciro_Gomes_0005.ppm,60.3,7.384e-7,0.0001
lfw,all,rgb,rgb/Claire_Danes_0001.ppm,61.2,6.331e-7,0.0002
lfw,all,rgb,rgb/Claire_Danes_0002.ppm,54.2,6.406e-7,0.0001
lfw,all,rgb,rgb/Claire_Danes_0003.ppm,56.4,7.223e-7,0.0001
lfw,all,rgb,rgb/Claire_De_Gryse_0001.ppm,60.9,7.067e-7,0.0002
lfw,all,rgb,rgb/Claire_Hentzen_0001.ppm,59.3,7.889e-7,0.0002
lfw,all,rgb,rgb/Claire_Hentzen_0002.ppm,59.0,7.777e-7,0.0002
lfw,all,rgb,rgb/Claire_Leger_0001.ppm,56.5,7.482e-7,0.0001
lfw,all,rgb,rgb/Claire_Leger_0002.ppm,54.4,7.477e-7,0.0001
lfw,all,rgb,rgb/Claire_Tomalin_0001.ppm,52.7,7.793e-7,0.0002
lfw,all,rgb,rgb/Clara_Harris_0001.ppm,47.8,7.282e-7,0.0001
lfw,all,rgb,rgb/Clara_Harris_0002.ppm,57.8,6.480e-7,0.0001
lfw,all,rgb,rgb/Clara_Harris_0003.ppm,55.2,6.319e-7,0.0001
lfw,all,rgb,rgb/Clara_Harris_0004.ppm,57.7,7.654e-7,0.0002
lfw,all,rgb,rgb/Clara_Harris_0005.ppm,56.6,6.818e-7,0.0001
lfw,all,rgb,rgb/Clare_Latimer_0001.ppm,66.6,6.628e-7,0.0001
lfw,all,rgb,rgb/Clare_Short_0001.ppm,57.1,6.809e-7,0.0001
lfw,all,rgb,rgb/Clare_Short_0002.ppm,61.7,6.993e-7,0.0002
lfw,all,rgb,rgb/Clare_Short_0003.ppm,66.4,6.950e-7,0.0002
lfw,all,rgb,rgb/Clare_Short_0004.ppm,55.0,7.367e-7,0.0001
lfw,all,rgb,rgb/Clark_Randt_0001.ppm,59.5,7.381e-7,0.0002
lfw,all,rgb,rgb/Claude_Jorda_0001.ppm,52.8,7.666e-7,0.0001
lfw,all,rgb,rgb/Claudette_Robinson_0001.ppm,69.6,6.437e-7,0.0002
lfw,all,rgb,rgb/Claudia_Cardinale_0001.ppm,62.6,6.647e-7,0.0001
lfw,all,rgb,rgb/Claudia_Coslovich_0001.ppm,61.2,6.925e-7,0.0002
lfw,all,rgb,rgb/Claudia_Pechstein_0001.ppm,58.4,6.428e-7,0.0002
lfw,all,rgb,rgb/Claudia_Pechstein_0002.ppm,65.8,6.259e-7,0.0002
lfw,all,rgb,rgb/Claudia_Pechstein_0003.ppm,58.5,6.128e-7,0.0001
lfw,all,rgb,rgb/Claudia_Pechstein_0004.ppm,50.9,7.035e-7,0.0001
lfw,all,rgb,rgb/Claudia_Pechstein_0005.ppm,62.5,5.668e-7,0.0002
lfw,all,rgb,rgb/Claudia_Schiffer_0001.ppm,66.6,6.124e-7,0.0002
lfw,all,rgb,rgb/Claudia_Schiffer_0002.ppm,62.5,7.697e-7,0.0002
lfw,all,rgb,rgb/Claudia_Schiffer_0003.ppm,65.0,7.612e-7,0.0002
lfw,all,rgb,rgb/Claudine_Farrell_0001.ppm,62.1,6.962e-7,0.0001
lfw,all,rgb,rgb/Claudio_Abbado_0001.ppm,51.5,7.997e-7,0.0001
lfw,all,rgb,rgb/Claudio_Lopez_0001.ppm,64.1,7.020e-7,0.0002
lfw,all,rgb,rgb/Claudio_Ranieri_0001.ppm,57.4,7.390e-7,0.0001
lfw,all,rgb,rgb/Clay_Aiken_0001.ppm,60.7,8.193e-7,0.0001
lfw,all,rgb,rgb/Clay_Aiken_0002.ppm,62.0,7.418e-7,0.0002
lfw,all,rgb,rgb/Clay_Aiken_0003.ppm,54.2,7.042e-7,0.0001
lfw,all,rgb,rgb/Clay_Aiken_0004.ppm,58.6,6.722e-7,0.0001
lfw,all,rgb,rgb/Clay_Aiken_0005.ppm,54.8,7.088e-7,0.0001
lfw,all,rgb,rgb/Clay_Aiken_0006.ppm,60.8,7.038e-7,0.0001
lfw,all,rgb,rgb/Clay_Campbell_0001.ppm,57.4,7.374e-7,0.0001
lfw,all,rgb,rgb/Clemente_de_la_Vega_0001.ppm,67.0,9.072e-7,0.0002
lfw,all,rgb,rgb/Cliff_Ellis_0001.ppm,56.7,8.050e-7,0.0002
lfw,all,rgb,rgb/Clifford_Etienne_0001.ppm,62.2,7.012e-7,0.0002
lfw,all,rgb,rgb/Clifford_Robinson_0001.ppm,69.1,7.317e-7,0.0002
lfw,all,rgb,rgb/Clint_Eastwood_0001.ppm,62.0,7.195e-7,0.0002
lfw,all,rgb,rgb/Clint_Eastwood_0002.ppm,63.8,8.208e-7,0.0002
lfw,all,rgb,rgb/Clint_Eastwood_0003.ppm,58.1,7.612e-7,0.0002
lfw,all,rgb,rgb/Clint_Eastwood_0004.ppm,54.7,7.016e-7,0.0002
lfw,all,rgb,rgb/Clint_Eastwood_0005.ppm,60.4,7.441e-7,0.0002
lfw,all,rgb,rgb/Clint_Eastwood_0006.ppm,58.0,7.591e-7,0.0002
lfw,all,rgb,rgb/Clint_Howard_0001.ppm,58.6,7.421e-7,0.0002
lfw,all,rgb,rgb/Clint_Lamebear_0001.ppm,58.9,6.754e-7,0.0001
lfw,all,rgb,rgb/Clive_Lloyd_0001.ppm,45.2,7.889e-7,0.0001
lfw,all,rgb,rgb/Clive_Woodward_0001.ppm,59.0,7.557e-7,0.0002
lfw,all,rgb,rgb/Coco_dEste_0001.ppm,46.5,1.134e-6,0.0002
lfw,all,rgb,rgb/Cole_Chapman_0001.ppm,66.5,6.317e-7,0.0001
lfw,all,rgb,rgb/Coleen_Rowley_0001.ppm,56.2,7.183e-7,0.0001
lfw,all,rgb,rgb/Colin_Campbell_0001.ppm,61.6,8.266e-7,0.0002
lfw,all,rgb,rgb/Colin_Cowie_0001.ppm,56.3,6.779e-7,0.0001
lfw,all,rgb,rgb/Colin_Farrell_0001.ppm,58.0,8.007e-7,0.0002
lfw,all,rgb,rgb/Colin_Farrell_0002.ppm,53.6,7.984e-7,0.0002
lfw,all,rgb,rgb/Colin_Farrell_0003.ppm,75.6,4.578e-7,0.0001
lfw,all,rgb,rgb/Colin_Farrell_0004.ppm,55.5,7.241e-7,0.0002
lfw,all,rgb,rgb/Colin_Farrell_0005.ppm,58.6,7.306e-7,0.0002
lfw,all,rgb,rgb/Colin_Farrell_0006.ppm,57.4,7.541e-7,0.0001
lfw,all,rgb,rgb/Colin_Farrell_0007.ppm,50.8,8.753e-7,0.0001
lfw,all,rgb,rgb/Colin_Farrell_0008.ppm,59.0,7.303e-7,0.0002
lfw,all,rgb,rgb/Colin_Farrell_0009.ppm,58.2,7.496e-7,0.0002
lfw,all,rgb,rgb/Colin_Jackson_0001.ppm,57.9,7.650e-7,0.0002
lfw,all,rgb,rgb/Colin_Jackson_0002.ppm,56.9,7.097e-7,0.0001
lfw,all,rgb,rgb/Colin_Montgomerie_0001.ppm,63.6,6.898e-7,0.0002
lfw,all,rgb,rgb/Colin_Montgomerie_0002.ppm,58.2,7.576e-7,0.0001
lfw,all,rgb,rgb/Colin_Montgomerie_0003.ppm,61.6,7.511e-7,0.0002
lfw,all,rgb,rgb/Colin_Montgomerie_0004.ppm,55.2,9.190e-7,0.0001
lfw,all,rgb,rgb/Colin_Montgomerie_0005.ppm,56.4,7.233e-7,0.0002
lfw,all,rgb,rgb/Colin_Phillips_0001.ppm,59.3,7.174e-7,0.0001
lfw,all,rgb,rgb/Colin_Powell_0001.ppm,50.7,8.147e-7,0.0001
lfw,all,rgb,rgb/Colin_Powell_0002.ppm,53.6,7.727e-7,0.0002
lfw,all,rgb,rgb/Colin_Powell_0003.ppm,60.9,6.592e-7,0.0002
lfw,all,rgb,rgb/Colin_Powell_0004.ppm,66.1,6.660e-7,0.0002
lfw,all,rgb,rgb/Colin_Powell_0005.ppm,54.1,7.204e-7,0.0002
lfw,all,rgb,rgb/Colin_Powell_0006.ppm,57.4,6.424e-7,0.0002
lfw,all,rgb,rgb/Colin_Powell_0007.ppm,60.5,6.976e-7,0.0002
lfw,all,rgb,rgb/Colin_Powell_0008.ppm,56.9,6.798e-7,0.0001
lfw,all,rgb,rgb/Colin_Powell_0009.ppm,60.8,6.713e-7,0.0002
lfw,all,rgb,rgb/Colin_Powell_0010.ppm,58.4,7.048e-7,0.0002
lfw,all,rgb,rgb/Colin_Powell_0011.ppm,62.0,6.669e-7,0.0001
lfw,all,rgb,rgb/Colin_Powell_0012.ppm,59.6,6.674e-7,0.0001
lfw,all,rgb,rgb/Colin_Powell_0013.ppm,64.5,6.616e-7,0.0001
lfw,all,rgb,rgb/Colin_Powell_0014.ppm,54.6,7.686e-7,0.0002
lfw,all,rgb,rgb/Colin_Powell_0015.ppm,56.2,7.118e-7,0.0001
lfw,all,rgb,rgb/Colin_Powell_0016.ppm,55.9,7.775e-7,0.0001
lfw,all,rgb,rgb/Colin_Powell_0017.ppm,61.9,7.683e-7,0.0002
lfw,all,rgb,rgb/Colin_Powell_0018.ppm,48.9,7.661e-7,0.0002
lfw,all,rgb,rgb/Colin_Powell_0019.ppm,54.4,8.898e-7,0.0002
lfw,all,rgb,rgb/Colin_Powell_0020.ppm,57.7,6.858e-7,0.0001
lfw,all,rgb,rgb/Colin_Powell_0021.ppm,56.5,7.886e-7,0.0002
lfw,all,rgb,rgb/Colin_Powell_0022.ppm,51.4,8.043e-7,0.0001
lfw,all,rgb,rgb/Colin_Powell_0023.ppm,49.5,7.764e-7,0.0002
lfw,all,rgb,rgb/Colin_Powell_0024.ppm,69.5,7.140e-7,0.0002
lfw,all,rgb,rgb/Colin_Powell_0025.ppm,52.9,8.362e-7,0.0001
lfw,all,rgb,rgb/Colin_Powell_0026.ppm,59.3,6.521e-7,0.0001
lfw,all,rgb,rgb/Colin_Powell_0027.ppm,55.8,7.740e-7,0.0001
lfw,all,rgb,rgb/Colin_Powell_0028.ppm,54.7,8.511e-7,0.0002
lfw,all,rgb,rgb/Colin_Powell_0029.ppm,57.5,7.199e-7,0.0001
lfw,all,rgb,rgb/Colin_Powell_0030.ppm,58.5,7.707e-7,0.0002
lfw,all,rgb,rgb/Colin_Powell_0031.ppm,58.3,8.582e-7,0.0002
lfw,all,rgb,rgb/Colin_Powell_0032.ppm,62.5,6.995e-7,0.0001
lfw,all,rgb,rgb/Colin_Powell_0033.ppm,60.7,6.334e-7,0.0001
lfw,all,rgb,rgb/Colin_Powell_0034.ppm,53.5,7.348e-7,0.0002
lfw,all,rgb,rgb/Colin_Powell_0035.ppm,64.4,6.997e-7,0.0002
lfw,all,rgb,rgb/Colin_Powell_0036.ppm,62.2,6.462e-7,0.0002
lfw,all,rgb,rgb/Colin_Powell_0037.ppm,67.4,6.180e-7,0.0001
lfw,all,rgb,rgb/Colin_Powell_0038.ppm,65.7,6.883e-7,0.0002
lfw,all,rgb,rgb/Colin_Powell_0039.ppm,46.9,7.412e-7,0.0001
lfw,all,rgb,rgb/Colin_Powell_0040.ppm,85.7,6.792e-7,0.0002
lfw,all,rgb,rgb/Colin_Powell_0041.ppm,61.0,6.867e-7,0.0001
lfw,all,rgb,rgb/Colin_Powell_0042.ppm,55.2,7.095e-7,0.0001
lfw,all,rgb,rgb/Colin_Powell_0043.ppm,48.1,8.322e-7,0.0002
lfw,all,rgb,rgb/Colin_Powell_0044.ppm,65.5,6.891e-7,0.0002
lfw,all,rgb,rgb/Colin_Powell_0045.ppm,58.0,6.895e-7,0.0001
lfw,all,rgb,rgb/Colin_Powell_0046.ppm,55.5,7.395e-7,0.0002
lfw,all,rgb,rgb/Colin_Powell_0047.ppm,56.5,7.375e-7,0.0002
lfw,all,rgb,rgb/Colin_Powell_0048.ppm,98.6,5.961e-7,0.0002
lfw,all,rgb,rgb/Colin_Powell_0049.ppm,57.4,7.400e-7,0.0002
lfw,all,rgb,rgb/Colin_Powell_0050.ppm,62.8,6.851e-7,0.0002
lfw,all,rgb,rgb/Colin_Powell_0051.ppm,54.2,7.632e-7,0.0001
lfw,all,rgb,rgb/Colin_Powell_0052.ppm,54.8,7.614e-7,0.0001
lfw,all,rgb,rgb/Colin_Powell_0053.ppm,66.3,6.783e-7,0.0001
lfw,all,rgb,rgb/Colin_Powell_0054.ppm,48.6,8.310e-7,0.0002
lfw,all,rgb,rgb/Colin_Powell_0055.ppm,57.5,7.782e-7,0.0001
lfw,all,rgb,rgb/Colin_Powell_0056.ppm,64.9,7.255e-7,0.0002
lfw,all,rgb,rgb/Colin_Powell_0057.ppm,55.7,7.098e-7,0.0001
lfw,all,rgb,rgb/Colin_Powell_0058.ppm,51.4,7.542e-7,0.0001
lfw,all,rgb,rgb/Colin_Powell_0059.ppm,58.8,7.719e-7,0.0002
lfw,all,rgb,rgb/Colin_Powell_0060.ppm,56.8,7.223e-7,0.0001
lfw,all,rgb,rgb/Colin_Powell_0061.ppm,62.9,6.938e-7,0.0002
lfw,all,rgb,rgb/Colin_Powell_0062.ppm,62.0,7.060e-7,0.0001
lfw,all,rgb,rgb/Colin_Powell_0063.ppm,61.0,6.869e-7,0.0001
lfw,all,rgb,rgb/Colin_Powell_0064.ppm,57.4,7.162e-7,0.0002
lfw,all,rgb,rgb/Colin_Powell_0065.ppm,56.1,7.389e-7,0.0001
lfw,all,rgb,rgb/Colin_Powell_0066.ppm,46.2,8.179e-7,0.0001
lfw,all,rgb,rgb/Colin_Powell_0067.ppm,57.2,7.410e-7,0.0002
lfw,all,rgb,rgb/Colin_Powell_0068.ppm,58.2,6.939e-7,0.0002
lfw,all,rgb,rgb/Colin_Powell_0069.ppm,50.3,8.857e-7,0.0001
lfw,all,rgb,rgb/Colin_Powell_0070.ppm,54.8,7.331e-7,0.0001
lfw,all,rgb,rgb/Colin_Powell_0071.ppm,39.1,9.773e-7,0.0001
lfw,all,rgb,rgb/Colin_Powell_0072.ppm,60.3,6.929e-7,0.0002
lfw,all,rgb,rgb/Colin_Powell_0073.ppm,57.6,7.199e-7,0.0002
lfw,all,rgb,rgb/Colin_Powell_0074.ppm,56.8,7.428e-7,0.0001
lfw,all,rgb,rgb/Colin_Powell_0075.ppm,52.9,6.790e-7,0.0001
lfw,all,rgb,rgb/Colin_Powell_0076.ppm,70.4,7.453e-7,0.0002
lfw,all,rgb,rgb/Colin_Powell_0077.ppm,67.1,7.091e-7,0.0002
lfw,all,rgb,rgb/Colin_Powell_0078.ppm,54.4,7.559e-7,0.0002
lfw,all,rgb,rgb/Colin_Powell_0079.ppm,60.4,7.526e-7,0.0002
lfw,all,rgb,rgb/Colin_Powell_0080.ppm,57.5,7.159e-7,0.0001
lfw,all,rgb,rgb/Colin_Powell_0081.ppm,59.3,6.848e-7,0.0002
lfw,all,rgb,rgb/Colin_Powell_0082.ppm,53.4,7.557e-7,0.0001
lfw,all,rgb,rgb/Colin_Powell_0083.ppm,55.4,7.231e-7,0.0002
lfw,all,rgb,rgb/Colin_Powell_0084.ppm,50.3,7.966e-7,0.0001
lfw,all,rgb,rgb/Colin_Powell_0085.ppm,67.2,7.602e-7,0.0002
lfw,all,rgb,rgb/Colin_Powell_0086.ppm,53.3,7.384e-7,0.0002
lfw,all,rgb,rgb/Colin_Powell_0087.ppm,57.1,6.896e-7,0.0001
lfw,all,rgb,rgb/Colin_Powell_0088.ppm,68.6,6.819e-7,0.0002
lfw,all,rgb,rgb/Colin_Powell_0089.ppm,64.0,7.486e-7,0.0002
lfw,all,rgb,rgb/Colin_Powell_0090.ppm,59.2,6.931e-7,0.0002
lfw,all,rgb,rgb/Colin_Powell_0091.ppm,66.1,6.542e-7,0.0002
lfw,all,rgb,rgb/Colin_Powell_0092.ppm,50.6,7.692e-7,0.0001
lfw,all,rgb,rgb/Colin_Powell_0093.ppm,60.0,7.201e-7,0.0002
lfw,all,rgb,rgb/Colin_Powell_0094.ppm,52.5,8.525e-7,0.0001
lfw,all,rgb,rgb/Colin_Powell_0095.ppm,59.0,7.215e-7,0.0002
lfw,all,rgb,rgb/Colin_Powell_0096.ppm,60.9,7.057e-7,0.0002
lfw,all,rgb,rgb/Colin_Powell_0097.ppm,55.5,7.366e-7,0.0001
lfw,all,rgb,rgb/Colin_Powell_0098.ppm,61.7,6.689e-7,0.0002
lfw,all,rgb,rgb/Colin_Powell_0099.ppm,59.7,8.185e-7,0.0002
lfw,all,rgb,rgb/Colin_Powell_0100.ppm,61.2,6.948e-7,0.0002
lfw,all,rgb,rgb/Colin_Powell_0101.ppm,64.9,7.208e-7,0.0002
lfw,all,rgb,rgb/Colin_Powell_0102.ppm,55.8,6.616e-7,0.0001
lfw,all,rgb,rgb/Colin_Powell_0103.ppm,65.0,6.640e-7,0.0002
lfw,all,rgb,rgb/Colin_Powell_0104.ppm,57.8,7.498e-7,0.0002
lfw,all,rgb,rgb/Colin_Powell_0105.ppm,55.0,7.631e-7,0.0002
lfw,all,rgb,rgb/Colin_Powell_0106.ppm,69.9,7.423e-7,0.0002
lfw,all,rgb,rgb/Colin_Powell_0107.ppm,57.2,7.232e-7,0.0002
lfw,all,rgb,rgb/Colin_Powell_0108.ppm,66.5,7.217e-7,0.0002
lfw,all,rgb,rgb/Colin_Powell_0109.ppm,56.3,6.958e-7,0.0001
lfw,all,rgb,rgb/Colin_Powell_0110.ppm,53.2,7.471e-7,0.0001
lfw,all,rgb,rgb/Colin_Powell_0111.ppm,54.7,7.841e-7,0.0001
lfw,all,rgb,rgb/Colin_Powell_0112.ppm,59.4,7.730e-7,0.0002
lfw,all,rgb,rgb/Colin_Powell_0113.ppm,50.7,7.871e-7,0.0002
lfw,all,rgb,rgb/Colin_Powell_0114.ppm,53.6,7.959e-7,0.0001
lfw,all,rgb,rgb/Colin_Powell_0115.ppm,56.7,6.776e-7,0.0002
lfw,all,rgb,rgb/Colin_Powell_0116.ppm,59.5,7.040e-7,0.0001
lfw,all,rgb,rgb/Colin_Powell_0117.ppm,58.6,7.391e-7,0.0002
lfw,all,rgb,rgb/Colin_Powell_0118.ppm,51.5,7.468e-7,0.0001
lfw,all,rgb,rgb/Colin_Powell_0119.ppm,53.8,7.419e-7,0.0001
lfw,all,rgb,rgb/Colin_Powell_0120.ppm,56.1,7.402e-7,0.0001
lfw,all,rgb,rgb/Colin_Powell_0121.ppm,47.3,8.316e-7,0.0001
lfw,all,rgb,rgb/Colin_Powell_0122.ppm,58.5,6.483e-7,0.0002
lfw,all,rgb,rgb/Colin_Powell_0123.ppm,60.2,7.287e-7,0.0002
lfw,all,rgb,rgb/Colin_Powell_0124.ppm,50.0,7.714e-7,0.0002
lfw,all,rgb,rgb/Colin_Powell_0125.ppm,62.4,6.756e-7,0.0001
lfw,all,rgb,rgb/Colin_Powell_0126.ppm,54.7,7.621e-7,0.0001
lfw,all,rgb,rgb/Colin_Powell_0127.ppm,56.6,7.459e-7,0.0001
lfw,all,rgb,rgb/Colin_Powell_0128.ppm,59.5,7.606e-7,0.0001
lfw,all,rgb,rgb/Colin_Powell_0129.ppm,67.4,7.838e-7,0.0002
lfw,all,rgb,rgb/Colin_Powell_0130.ppm,55.8,7.127e-7,0.0001
lfw,all,rgb,rgb/Colin_Powell_0131.ppm,59.2,6.958e-7,0.0002
lfw,all,rgb,rgb/Colin_Powell_0132.ppm,50.5,7.866e-7,0.0001
lfw,all,rgb,rgb/Colin_Powell_0133.ppm,58.6,7.114e-7,0.0001
lfw,all,rgb,rgb/Colin_Powell_0134.ppm,57.6,7.078e-7,0.0001
lfw,all,rgb,rgb/Colin_Powell_0135.ppm,53.1,7.565e-7,0.0001
lfw,all,rgb,rgb/Colin_Powell_0136.ppm,53.0,7.515e-7,0.0001
lfw,all,rgb,rgb/Colin_Powell_0137.ppm,51.7,8.117e-7,0.0001
lfw,all,rgb,rgb/Colin_Powell_0138.ppm,58.0,7.843e-7,0.0002
lfw,all,rgb,rgb/Colin_Powell_0139.ppm,60.1,7.440e-7,0.0002
lfw,all,rgb,rgb/Colin_Powell_0140.ppm,62.1,6.875e-7,0.0001
lfw,all,rgb,rgb/Colin_Powell_0141.ppm,56.3,7.506e-7,0.0002
lfw,all,rgb,rgb/Colin_Powell_0142.ppm,54.4,7.228e-7,0.0002
lfw,all,rgb,rgb/Colin_Powell_0143.ppm,56.1,7.180e-7,0.0002
lfw,all,rgb,rgb/Colin_Powell_0144.ppm,53.5,7.623e-7,0.0001
lfw,all,rgb,rgb/Colin_Powell_0145.ppm,75.6,7.330e-7,0.0002
lfw,all,rgb,rgb/Colin_Powell_0146.ppm,50.7,8.407e-7,0.0001
lfw,all,rgb,rgb/Colin_Powell_0147.ppm,52.0,7.042e-7,0.0001
lfw,all,rgb,rgb/Colin_Powell_0148.ppm,52.0,7.754e-7,0.0001
lfw,all,rgb,rgb/Colin_Powell_0149.ppm,55.8,7.325e-7,0.0001
lfw,all,rgb,rgb/Colin_Powell_0150.ppm,57.7,7.648e-7,0.0001
lfw,all,rgb,rgb/Colin_Powell_0151.ppm,56.1,7.624e-7,0.0002
lfw,all,rgb,rgb/Colin_Powell_0152.ppm,49.8,8.290e-7,0.0001
lfw,all,rgb,rgb/Colin_Powell_0153.ppm,52.8,7.882e-7,0.0002
lfw,all,rgb,rgb/Colin_Powell_0154.ppm,56.3,7.501e-7,0.0001
lfw,all,rgb,rgb/Colin_Powell_0155.ppm,56.2,6.947e-7,0.0001
lfw,all,rgb,rgb/Colin_Powell_0156.ppm,53.1,7.494e-7,0.0001
lfw,all,rgb,rgb/Colin_Powell_0157.ppm,49.8,7.514e-7,0.0001
lfw,all,rgb,rgb/Colin_Powell_0158.ppm,55.7,7.910e-7,0.0002
lfw,all,rgb,rgb/Colin_Powell_0159.ppm,57.9,7.072e-7,0.0001
lfw,all,rgb,rgb/Colin_Powell_0160.ppm,68.2,6.715e-7,0.0002
lfw,all,rgb,rgb/Colin_Powell_0161.ppm,53.8,8.133e-7,0.0001
lfw,all,rgb,rgb/Colin_Powell_0162.ppm,63.8,7.014e-7,0.0002
lfw,all,rgb,rgb/Colin_Powell_0163.ppm,65.0,6.219e-7,0.0001
lfw,all,rgb,rgb/Colin_Powell_0164.ppm,61.9,6.504e-7,0.0001
lfw,all,rgb,rgb/Colin_Powell_0165.ppm,56.9,7.571e-7,0.0001
lfw,all,rgb,rgb/Colin_Powell_0166.ppm,52.6,8.385e-7,0.0002
lfw,all,rgb,rgb/Colin_Powell_0167.ppm,60.5,6.958e-7,0.0002
lfw,all,rgb,rgb/Colin_Powell_0168.ppm,61.0,7.113e-7,0.0002
lfw,all,rgb,rgb/Colin_Powell_0169.ppm,54.8,7.831e-7,0.0001
lfw,all,rgb,rgb/Colin_Powell_0170.ppm,59.2,7.347e-7,0.0001
lfw,all,rgb,rgb/Colin_Powell_0171.ppm,59.9,7.228e-7,0.0002
lfw,all,rgb,rgb/Colin_Powell_0172.ppm,64.2,6.420e-7,0.0002
lfw,all,rgb,rgb/Colin_Powell_0173.ppm,60.1,7.632e-7,0.0002
lfw,all,rgb,rgb/Colin_Powell_0174.ppm,67.7,6.704e-7,0.0001
lfw,all,rgb,rgb/Colin_Powell_0175.ppm,62.9,7.010e-7,0.0001
lfw,all,rgb,rgb/Colin_Powell_0176.ppm,61.7,7.612e-7,0.0002
lfw,all,rgb,rgb/Colin_Powell_0177.ppm,50.5,8.476e-7,0.0001
lfw,all,rgb,rgb/Colin_Powell_0178.ppm,58.4,7.772e-7,0.0001
lfw,all,rgb,rgb/Colin_Powell_0179.ppm,62.4,6.855e-7,0.0002
lfw,all,rgb,rgb/Colin_Powell_0180.ppm,57.0,8.180e-7,0.0002
lfw,all,rgb,rgb/Colin_Powell_0181.ppm,54.6,8.496e-7,0.0001
lfw,all,rgb,rgb/Colin_Powell_0182.ppm,54.1,7.614e-7,0.0002
lfw,all,rgb,rgb/Colin_Powell_0183.ppm,62.1,6.348e-7,0.0001
lfw,all,rgb,rgb/Colin_Powell_0184.ppm,61.8,6.276e-7,0.0001
lfw,all,rgb,rgb/Colin_Powell_0185.ppm,62.5,7.103e-7,0.0002
lfw,all,rgb,rgb/Colin_Powell_0186.ppm,61.5,6.818e-7,0.0002
lfw,all,rgb,rgb/Colin_Powell_0187.ppm,63.5,6.499e-7,0.0001
lfw,all,rgb,rgb/Colin_Powell_0188.ppm,53.2,8.381e-7,0.0002
lfw,all,rgb,rgb/Colin_Powell_0189.ppm,58.0,6.968e-7,0.0001
lfw,all,rgb,rgb/Colin_Powell_0190.ppm,51.5,8.385e-7,0.0001
lfw,all,rgb,rgb/Colin_Powell_0191.ppm,53.8,7.254e-7,0.0001
lfw,all,rgb,rgb/Colin_Powell_0192.ppm,54.7,7.366e-7,0.0001
lfw,all,rgb,rgb/Colin_Powell_0193.ppm,55.6,7.061e-7,0.0001
lfw,all,rgb,rgb/Colin_Powell_0194.ppm,55.8,8.003e-7,0.0002
lfw,all,rgb,rgb/Colin_Powell_0195.ppm,52.5,7.504e-7,0.0002
lfw,all,rgb,rgb/Colin_Powell_0196.ppm,55.9,7.205e-7,0.0002
lfw,all,rgb,rgb/Colin_Powell_0197.ppm,55.0,8.015e-7,0.0002
lfw,all,rgb,rgb/Colin_Powell_0198.ppm,56.2,7.262e-7,0.0002
lfw,all,rgb,rgb/Colin_Powell_0199.ppm,53.9,7.519e-7,0.0001
lfw,all,rgb,rgb/Colin_Powell_0200.ppm,55.5,7.350e-7,0.0002
lfw,all,rgb,rgb/Colin_Powell_0201.ppm,59.1,7.276e-7,0.0002
lfw,all,rgb,rgb/Colin_Powell_0202.ppm,58.4,6.899e-7,0.0002
lfw,all,rgb,rgb/Colin_Powell_0203.ppm,64.1,7.350e-7,0.0001
lfw,all,rgb,rgb/Colin_Powell_0204.ppm,52.5,7.109e-7,0.0002
lfw,all,rgb,rgb/Colin_Powell_0205.ppm,53.0,7.955e-7,0.0002
lfw,all,rgb,rgb/Colin_Powell_0206.ppm,65.9,6.028e-7,0.0001
lfw,all,rgb,rgb/Colin_Powell_0207.ppm,64.1,7.249e-7,0.0002
lfw,all,rgb,rgb/Colin_Powell_0208.ppm,63.4,7.017e-7,0.0002
lfw,all,rgb,rgb/Colin_Powell_0209.ppm,51.5,7.664e-7,0.0001
lfw,all,rgb,rgb/Colin_Powell_0210.ppm,54.4,7.322e-7,0.0002
lfw,all,rgb,rgb/Colin_Powell_0211.ppm,61.9,7.034e-7,0.0001
lfw,all,rgb,rgb/Colin_Powell_0212.ppm,55.1,7.046e-7,0.0002
lfw,all,rgb,rgb/Colin_Powell_0213.ppm,49.4,8.548e-7,0.0001
lfw,all,rgb,rgb/Colin_Powell_0214.ppm,62.7,7.152e-7,0.0001
lfw,all,rgb,rgb/Colin_Powell_0215.ppm,64.3,7.638e-7,0.0002
lfw,all,rgb,rgb/Colin_Powell_0216.ppm,65.8,6.692e-7,0.0001
lfw,all,rgb,rgb/Colin_Powell_0217.ppm,57.1,7.119e-7,0.0001
lfw,all,rgb,rgb/Colin_Powell_0218.ppm,54.0,7.422e-7,0.0002
lfw,all,rgb,rgb/Colin_Powell_0219.ppm,57.7,7.416e-7,0.0001
lfw,all,rgb,rgb/Colin_Powell_0220.ppm,55.1,7.051e-7,0.0001
lfw,all,rgb,rgb/Colin_Powell_0221.ppm,58.5,6.849e-7,0.0001
lfw,all,rgb,rgb/Colin_Powell_0222.ppm,57.0,6.924e-7,0.0001
lfw,all,rgb,rgb/Colin_Powell_0223.ppm,55.5,8.325e-7,0.0002
lfw,all,rgb,rgb/Colin_Powell_0224.ppm,57.9,7.338e-7,0.0002
lfw,all,rgb,rgb/Colin_Powell_0225.ppm,60.3,7.153e-7,0.0002
lfw,all,rgb,rgb/Colin_Powell_0226.ppm,61.7,6.860e-7,0.0001
lfw,all,rgb,rgb/Colin_Powell_0227.ppm,59.7,7.666e-7,0.0002
lfw,all,rgb,rgb/Colin_Powell_0228.ppm,49.9,7.567e-7,0.0001
lfw,all,rgb,rgb/Colin_Powell_0229.ppm,65.2,7.169e-7,0.0002
lfw,all,rgb,rgb/Colin_Powell_0230.ppm,55.3,7.741e-7,0.0001
lfw,all,rgb,rgb/Colin_Powell_0231.ppm,63.9,7.013e-7,0.0001
lfw,all,rgb,rgb/Colin_Powell_0232.ppm,57.6,6.974e-7,0.0001
lfw,all,rgb,rgb/Colin_Powell_0233.ppm,43.1,9.284e-7,0.0001
lfw,all,rgb,rgb/Colin_Powell_0234.ppm,52.0,9.037e-7,0.0001
lfw,all,rgb,rgb/Colin_Powell_0235.ppm,56.9,7.595e-7,0.0002
lfw,all,rgb,rgb/Colin_Powell_0236.ppm,58.8,6.956e-7,0.0001
lfw,all,rgb,rgb/Colin_Prescot_0001.ppm,58.6,7.099e-7,0.0002
lfw,all,rgb,rgb/Colleen_Atwood_0001.ppm,70.6,6.285e-7,0.0001
lfw,all,rgb,rgb/Colleen_Donovan_0001.ppm,54.8,7.014e-7,0.0002
lfw,all,rgb,rgb/Colleen_Jones_0001.ppm,63.2,7.661e-7,0.0002
lfw,all,rgb,rgb/Colleen_OClair_0001.ppm,47.5,9.384e-7,0.0001
lfw,all,rgb,rgb/Colleen_Ryan_0001.ppm,52.5,7.265e-7,0.0001
lfw,all,rgb,rgb/Collis_Temple_III_0001.ppm,51.5,8.002e-7,0.0002
lfw,all,rgb,rgb/Columba_Bush_0001.ppm,64.8,6.642e-7,0.0001
lfw,all,rgb,rgb/Compay_Segundo_0001.ppm,69.6,6.561e-7,0.0001
lfw,all,rgb,rgb/Conan_OBrien_0001.ppm,59.8,7.671e-7,0.0002
lfw,all,rgb,rgb/Conan_OBrien_0002.ppm,60.3,7.208e-7,0.0001
lfw,all,rgb,rgb/Conan_OBrien_0003.ppm,64.4,7.300e-7,0.0002
lfw,all,rgb,rgb/Conan_OBrien_0004.ppm,58.7,7.747e-7,0.0001
lfw,all,rgb,rgb/Conchita_Martinez_0001.ppm,54.4,6.851e-7,0.0001
lfw,all,rgb,rgb/Conchita_Martinez_0002.ppm,54.5,6.825e-7,0.0001
lfw,all,rgb,rgb/Conchita_Martinez_0003.ppm,48.4,8.438e-7,0.0001
lfw,all,rgb,rgb/Condoleezza_Rice_0001.ppm,65.4,6.019e-7,0.0002
lfw,all,rgb,rgb/Condoleezza_Rice_0002.ppm,68.5,6.386e-7,0.0002
lfw,all,rgb,rgb/Condoleezza_Rice_0003.ppm,63.7,7.102e-7,0.0001
lfw,all,rgb,rgb/Condoleezza_Rice_0004.ppm,54.8,5.317e-7,0.0001
lfw,all,rgb,rgb/Condoleezza_Rice_0005.ppm,52.6,7.385e-7,0.0002
lfw,all,rgb,rgb/Condoleezza_Rice_0006.ppm,58.6,7.685e-7,0.0002
lfw,all,rgb,rgb/Condoleezza_Rice_0007.ppm,55.8,7.281e-7,0.0001
lfw,all,rgb,rgb/Condoleezza_Rice_0008.ppm,64.3,6.564e-7,0.0001
lfw,all,rgb,rgb/Condoleezza_Rice_0009.ppm,65.5,6.663e-7,0.0002
lfw,all,rgb,rgb/Condoleezza_Rice_0010.ppm,60.7,6.178e-7,0.0001
lfw,all,rgb,rgb/Condoleezza_Rice_0011.ppm,66.4,6.415e-7,0.0002
lfw,all,rgb,rgb/Connie_Chung_0001.ppm,64.1,6.971e-7,0.0002
lfw,all,rgb,rgb/Connie_Freydell_0001.ppm,60.6,6.617e-7,0.0001
lfw,all,rgb,rgb/Conrad_Black_0001.ppm,58.1,7.537e-7,0.0002
lfw,all,rgb,rgb/Constance_Marie_0001.ppm,60.5,6.338e-7,0.0001
lfw,all,rgb,rgb/Constance_Marie_0002.ppm,60.2,6.834e-7,0.0001
lfw,all,rgb,rgb/Constance_Marie_0003.ppm,67.4,6.704e-7,0.0001
lfw,all,rgb,rgb/Cora_Cambell_0001.ppm,52.9,6.893e-7,0.0001
lfw,all,rgb,rgb/Coretta_Scott_King_0001.ppm,54.1,7.583e-7,0.0001
lfw,all,rgb,rgb/Coretta_Scott_King_0002.ppm,56.0,6.830e-7,0.0001
lfw,all,rgb,rgb/Coretta_Scott_King_0003.ppm,54.2,6.994e-7,0.0001
lfw,all,rgb,rgb/Corey_Maggette_0001.ppm,58.8,7.326e-7,0.0002
lfw,all,rgb,rgb/Cori_Enghusen_0001.ppm,46.9,8.291e-7,0.0001
lfw,all,rgb,rgb/Corinna_Harfouch_0001.ppm,61.6,8.037e-7,0.0002
lfw,all,rgb,rgb/Corinne_Coman_0001.ppm,62.3,6.366e-7,0.0001
lfw,all,rgb,rgb/Corinne_Coman_0002.ppm,57.4,7.548e-7,0.0001
lfw,all,rgb,rgb/Corliss_Williamson_0001.ppm,61.9,7.609e-7,0.0002
lfw,all,rgb,rgb/Cosmo_Iacavazzi_0001.ppm,59.3,6.593e-7,0.0001
lfw,all,rgb,rgb/Costas_Simitis_0001.ppm,56.0,8.241e-7,0.0002
lfw,all,rgb,rgb/Costas_Simitis_0002.ppm,48.8,8.320e-7,0.0002
lfw,all,rgb,rgb/Costas_Simitis_0003.ppm,55.6,8.034e-7,0.0001
lfw,all,rgb,rgb/Costas_Simitis_0004.ppm,55.4,9.055e-7,0.0002
lfw,all,rgb,rgb/Costas_Simitis_0005.ppm,54.1,7.918e-7,0.0002
lfw,all,rgb,rgb/Costas_Simitis_0006.ppm,55.6,7.535e-7,0.0002
lfw,all,rgb,rgb/Courtney_Cox_0001.ppm,58.7,7.307e-7,0.0001
lfw,all,rgb,rgb/Courtney_Love_0001.ppm,52.3,7.051e-7,0.0001
lfw,all,rgb,rgb/Courtney_Love_0002.ppm,61.2,7.075e-7,0.0001
lfw,all,rgb,rgb/Craig_Burley_0001.ppm,57.9,7.865e-7,0.0002
lfw,all,rgb,rgb/Craig_David_0001.ppm,60.5,6.055e-7,0.0002
lfw,all,rgb,rgb/Craig_Doblin_0001.ppm,69.0,5.193e-7,0.0001
lfw,all,rgb,rgb/Craig_Fitzgibbon_0001.ppm,61.2,8.113e-7,0.0002
lfw,all,rgb,rgb/Craig_MacTavish_0001.ppm,54.8,7.622e-7,0.0001
lfw,all,rgb,rgb/Craig_Morgan_0001.ppm,62.1,6.635e-7,0.0001
lfw,all,rgb,rgb/Craig_OClair_0001.ppm,53.1,8.257e-7,0.0002
lfw,all,rgb,rgb/Craig_Wilson_0001.ppm,58.0,7.594e-7,0.0002
lfw,all,rgb,rgb/Crandall_Bowles_0001.ppm,58.6,7.647e-7,0.0002
lfw,all,rgb,rgb/Crispin_Glover_0001.ppm,57.6,6.797e-7,0.0001
lfw,all,rgb,rgb/Cristian_Barros_0001.ppm,56.9,6.664e-7,0.0002
lfw,all,rgb,rgb/Cristiano_da_Matta_0001.ppm,58.0,6.832e-7,0.0001
lfw,all,rgb,rgb/Cristina_Fernandez_0001.ppm,62.0,6.243e-7,0.0001
lfw,all,rgb,rgb/Cristina_Fernandez_0002.ppm,62.2,7.252e-7,0.0002
lfw,all,rgb,rgb/Cristina_Kirchner_0001.ppm,57.9,6.914e-7,0.0002
lfw,all,rgb,rgb/Cristina_Saralegui_0001.ppm,50.6,9.799e-7,0.0001
lfw,all,rgb,rgb/Cristina_Saralegui_0002.ppm,60.4,7.858e-7,0.0002
lfw,all,rgb,rgb/Cristina_Torrens_Valero_0001.ppm,55.7,7.781e-7,0.0002
lfw,all,rgb,rgb/Cruz_Bustamante_0001.ppm,58.5,7.211e-7,0.0002
lfw,all,rgb,rgb/Cruz_Bustamante_0002.ppm,58.5,7.115e-7,0.0001
lfw,all,rgb,rgb/Cruz_Bustamante_0003.ppm,53.1,7.315e-7,0.0001
lfw,all,rgb,rgb/Cruz_Bustamante_0004.ppm,56.3,7.097e-7,0.0001
lfw,all,rgb,rgb/Cruz_Bustamante_0005.ppm,49.5,7.531e-7,0.0001
lfw,all,rgb,rgb/Cuba_Gooding_Jr_0001.ppm,56.7,7.015e-7,0.0002
lfw,all,rgb,rgb/Curt_Weldon_0001.ppm,61.2,6.837e-7,0.0002
lfw,all,rgb,rgb/Curtis_Joseph_0001.ppm,63.1,6.852e-7,0.0002
lfw,all,rgb,rgb/Curtis_Rodriguez_0001.ppm,55.1,6.918e-7,0.0001
lfw,all,rgb,rgb/Curtis_Strange_0001.ppm,48.1,6.892e-7,0.0001
lfw,all,rgb,rgb/Cyndi_Thompson_0001.ppm,61.2,6.816e-7,0.0001
lfw,all,rgb,rgb/Cyndi_Thompson_0002.ppm,66.1,6.458e-7,0.0002
lfw,all,rgb,rgb/Cynthia_Nixon_0001.ppm,58.4,6.766e-7,0.0002
lfw,all,rgb,rgb/Cynthia_Rowley_0001.ppm,60.1,7.616e-7,0.0002
lfw,all,rgb,rgb/DAngelo_Jimenez_0001.ppm,66.4,5.474e-7,0.0001
lfw,all,rgb,rgb/Dagmar_Dunlevy_0001.ppm,66.6,7.117e-7,0.0002
lfw,all,rgb,rgb/Dai_Bachtiar_0001.ppm,57.0,6.904e-7,0.0002
lfw,all,rgb,rgb/Dai_Bachtiar_0002.ppm,60.2,7.954e-7,0.0002
lfw,all,rgb,rgb/Dai_Chul_Chyung_0001.ppm,57.4,7.057e-7,0.0001
lfw,all,rgb,rgb/Daisy_Fuentes_0001.ppm,61.0,6.777e-7,0.0001
lfw,all,rgb,rgb/Daisy_Fuentes_0002.ppm,64.6,6.924e-7,0.0001
lfw,all,rgb,rgb/Daisy_Fuentes_0003.ppm,62.5,6.896e-7,0.0001
lfw,all,rgb,rgb/Daisy_Fuentes_0004.ppm,61.1,6.509e-7,0.0002
lfw,all,rgb,rgb/Daja_Bedanova_0001.ppm,59.9,7.025e-7,0.0002
lfw,all,rgb,rgb/Dalai_Lama_0001.ppm,59.3,6.930e-7,0.0001
lfw,all,rgb,rgb/Dalai_Lama_0002.ppm,49.9,7.458e-7,0.0001
lfw,all,rgb,rgb/Dale_Bosworth_0001.ppm,53.7,7.087e-7,0.0001
lfw,all,rgb,rgb/Dale_Earnhardt_0001.ppm,57.7,6.857e-7,0.0001
lfw,all,rgb,rgb/Dale_Earnhardt_Jr_0001.ppm,61.9,6.978e-7,0.0002
lfw,all,rgb,rgb/Dale_Earnhardt_Jr_0002.ppm,60.8,7.031e-7,0.0002
lfw,all,rgb,rgb/Dale_Earnhardt_Jr_0003.ppm,79.2,5.928e-7,0.0001
lfw,all,rgb,rgb/Dale_Earnhardt_Jr_0004.ppm,70.5,6.336e-7,0.0001
lfw,all,rgb,rgb/Dalia_Rabin-Pelosoff_0001.ppm,60.0,7.055e-7,0.0002
lfw,all,rgb,rgb/Damarius_Bilbo_0001.ppm,55.1,6.486e-7,0.0001
lfw,all,rgb,rgb/Damon_Dash_0001.ppm,67.8,6.504e-7,0.0002
lfw,all,rgb,rgb/Damon_Stoudamire_0001.ppm,40.9,7.199e-7,0.0001
lfw,all,rgb,rgb/Damon_van_Dam_0001.ppm,61.7,6.612e-7,0.0001
lfw,all,rgb,rgb/Damon_van_Dam_0002.ppm,54.4,8.230e-7,0.0002
lfw,all,rgb,rgb/Dan_Ackroyd_0001.ppm,62.5,7.503e-7,0.0002
lfw,all,rgb,rgb/Dan_Bartlett_0001.ppm,55.6,7.887e-7,0.0001
lfw,all,rgb,rgb/Dan_Boyle_0001.ppm,61.0,8.114e-7,0.0001
lfw,all,rgb,rgb/Dan_Bylsma_0001.ppm,52.3,7.215e-7,0.0001
lfw,all,rgb,rgb/Dan_Dickau_0001.ppm,58.1,6.588e-7,0.0001
lfw,all,rgb,rgb/Dan_Duquette_0001.ppm,54.5,7.927e-7,0.0002
lfw,all,rgb,rgb/Dan_Guerrero_0001.ppm,50.1,7.536e-7,0.0002
lfw,all,rgb,rgb/Dan_Kellner_0001.ppm,56.3,7.701e-7,0.0001
lfw,all,rgb,rgb/Dan_LaCoutre_0001.ppm,58.4,7.205e-7,0.0002
lfw,all,rgb,rgb/Dan_Monson_0001.ppm,54.4,7.610e-7,0.0001
lfw,all,rgb,rgb/Dan_Morales_0001.ppm,56.4,7.564e-7,0.0001
lfw,all,rgb,rgb/Dan_Morales_0002.ppm,60.6,8.495e-7,0.0002
lfw,all,rgb,rgb/Dan_Morales_0003.ppm,51.7,8.284e-7,0.0001
lfw,all,rgb,rgb/Dan_Prinster_0001.ppm,54.4,7.391e-7,0.0002
lfw,all,rgb,rgb/Dan_Quayle_0001.ppm,56.9,7.825e-7,0.0002
lfw,all,rgb,rgb/Dan_Reeves_0001.ppm,56.3,7.307e-7,0.0002
lfw,all,rgb,rgb/Dan_Snyder_0001.ppm,63.4,6.793e-7,0.0002
lfw,all,rgb,rgb/Dan_Wheldon_0001.ppm,54.6,7.878e-7,0.0002
lfw,all,rgb,rgb/Dan_Wheldon_0002.ppm,63.5,6.496e-7,0.0001
lfw,all,rgb,rgb/Dana_Vollmer_0001.ppm,61.0,7.437e-7,0.0001
lfw,all,rgb,rgb/Daniel_Barenboim_0001.ppm,58.5,7.587e-7,0.0001
lfw,all,rgb,rgb/Daniel_Bruehl_0001.ppm,61.4,6.401e-7,0.0002
lfw,all,rgb,rgb/Daniel_Chin_0001.ppm,60.8,7.202e-7,0.0001
lfw,all,rgb,rgb/Daniel_Coats_0001.ppm,53.1,7.981e-7,0.0002
lfw,all,rgb,rgb/Daniel_Comisso_Urdaneta_0001.ppm,53.0,7.921e-7,0.0001
lfw,all,rgb,rgb/Daniel_Darnell_0001.ppm,60.2,7.067e-7,0.0001
lfw,all,rgb,rgb/Daniel_Day-Lewis_0001.ppm,67.1,6.778e-7,0.0002
lfw,all,rgb,rgb/Daniel_Day-Lewis_0002.ppm,63.2,7.537e-7,0.0002
lfw,all,rgb,rgb/Daniel_Day-Lewis_0003.ppm,61.8,7.049e-7,0.0002
lfw,all,rgb,rgb/Daniel_Kurtzer_0001.ppm,53.8,6.933e-7,0.0001
lfw,all,rgb,rgb/Daniel_Montenegro_0001.ppm,58.7,7.776e-7,0.0002
lfw,all,rgb,rgb/Daniel_Montgomery_0001.ppm,59.6,7.127e-7,0.0001
lfw,all,rgb,rgb/Daniel_Ortega_0001.ppm,56.7,7.010e-7,0.0001
lfw,all,rgb,rgb/Daniel_Osorno_0001.ppm,58.0,6.929e-7,0.0002
lfw,all,rgb,rgb/Daniel_Patrick_Moynihan_0001.ppm,56.4,7.298e-7,0.0002
lfw,all,rgb,rgb/Daniel_Pearl_0001.ppm,54.0,7.451e-7,0.0002
lfw,all,rgb,rgb/Daniel_Radcliffe_0001.ppm,48.4,7.260e-7,0.0001
lfw,all,rgb,rgb/Daniel_Radcliffe_0002.ppm,56.6,8.630e-7,0.0002
lfw,all,rgb,rgb/Daniel_Radcliffe_0003.ppm,58.5,6.752e-7,0.0001
lfw,all,rgb,rgb/Daniel_Radcliffe_0004.ppm,58.8,7.532e-7,0.0002
lfw,all,rgb,rgb/Daniel_Rouse_0001.ppm,61.0,7.548e-7,0.0002
lfw,all,rgb,rgb/Daniel_Scioli_0001.ppm,67.7,8.061e-7,0.0002
lfw,all,rgb,rgb/Daniel_Zelman_0001.ppm,66.9,7.200e-7,0.0002
lfw,all,rgb,rgb/Daniela_Cicarelli_0001.ppm,66.3,6.891e-7,0.0002
lfw,all,rgb,rgb/Daniela_Hantuchova_0001.ppm,60.3,6.878e-7,0.0001
lfw,all,rgb,rgb/Daniela_Hantuchova_0002.ppm,65.5,5.923e-7,0.0002
lfw,all,rgb,rgb/Daniele_Bergamin_0001.ppm,53.2,7.077e-7,0.0001
lfw,all,rgb,rgb/Daniele_Hypolito_0001.ppm,53.8,8.016e-7,0.0001
lfw,all,rgb,rgb/Daniele_Nardello_0001.ppm,62.1,6.692e-7,0.0002
lfw,all,rgb,rgb/Daniell_Sunjata_0001.ppm,62.9,7.029e-7,0.0001
lfw,all,rgb,rgb/Danielle_Spencer_0001.ppm,56.3,8.070e-7,0.0002
lfw,all,rgb,rgb/Danis_Tanovic_0001.ppm,60.6,6.851e-7,0.0001
lfw,all,rgb,rgb/Danny_Ainge_0001.ppm,54.1,7.624e-7,0.0002
lfw,all,rgb,rgb/Danny_Avalon_0001.ppm,57.4,7.204e-7,0.0001
lfw,all,rgb,rgb/Danny_Elfman_0001.ppm,65.5,6.528e-7,0.0001
lfw,all,rgb,rgb/Danny_Glover_0001.ppm,62.4,7.102e-7,0.0002
lfw,all,rgb,rgb/Danny_Green_0001.ppm,55.3,7.779e-7,0.0002
lfw,all,rgb,rgb/Danny_Morgan_0001.ppm,57.0,7.303e-7,0.0001
lfw,all,rgb,rgb/Dany_Heatley_0001.ppm,87.2,6.632e-7,0.0002
lfw,all,rgb,rgb/Darcy_Regier_0001.ppm,58.0,8.207e-7,0.0002
lfw,all,rgb,rgb/Darin_Erstad_0001.ppm,58.4,7.556e-7,0.0002
lfw,all,rgb,rgb/Dario_Camuffo_0001.ppm,61.4,7.222e-7,0.0002
lfw,all,rgb,rgb/Dario_Franchitti_0001.ppm,64.5,6.305e-7,0.0001
lfw,all,rgb,rgb/Dariusz_Michalczewski_0001.ppm,58.4,7.193e-7,0.0001
lfw,all,rgb,rgb/Darko_Milicic_0001.ppm,53.0,6.926e-7,0.0002
lfw,all,rgb,rgb/Darla_Moore_0001.ppm,58.5,7.174e-7,0.0001
lfw,all,rgb,rgb/Darlene_Garrettson_0001.ppm,57.9,6.989e-7,0.0002
lfw,all,rgb,rgb/Darrell_Dickey_0001.ppm,63.1,7.729e-7,0.0002
lfw,all,rgb,rgb/Darrell_Issa_0001.ppm,55.7,7.079e-7,0.0002
lfw,all,rgb,rgb/Darrell_Issa_0002.ppm,55.2,7.622e-7,0.0002
lfw,all,rgb,rgb/Darrell_Porter_0001.ppm,63.2,6.226e-7,0.0001
lfw,all,rgb,rgb/Darrell_Porter_0002.ppm,65.2,6.742e-7,0.0001
lfw,all,rgb,rgb/Darrell_Royal_0001.ppm,59.7,7.636e-7,0.0001
lfw,all,rgb,rgb/Darren_Campel_0001.ppm,54.6,6.591e-7,0.0001
lfw,all,rgb,rgb/Darren_Clarke_0001.ppm,66.8,6.530e-7,0.0002
lfw,all,rgb,rgb/Darren_Clarke_0002.ppm,59.0,6.271e-7,0.0001
lfw,all,rgb,rgb/Darryl_McDaniels_0001.ppm,56.0,6.600e-7,0.0001
lfw,all,rgb,rgb/Darryl_Stingley_0001.ppm,62.9,6.819e-7,0.0001
lfw,all,rgb,rgb/Darvis_Patton_0001.ppm,68.6,7.027e-7,0.0002
lfw,all,rgb,rgb/Daryl_Hannah_0001.ppm,60.6,7.909e-7,0.0002
lfw,all,rgb,rgb/Daryl_Hannah_0002.ppm,55.0,8.410e-7,0.0002
lfw,all,rgb,rgb/Daryl_Jones_0001.ppm,54.5,7.248e-7,0.0001
lfw,all,rgb,rgb/Daryl_Parks_0001.ppm,53.6,7.178e-7,0.0001
lfw,all,rgb,rgb/Daryl_Sabara_0001.ppm,61.4,6.796e-7,0.0001
lfw,all,rgb,rgb/Daryl_Smith_0001.ppm,63.8,6.053e-7,0.0001
lfw,all,rgb,rgb/Dave_Barr_0001.ppm,59.4,6.746e-7,0.0001
lfw,all,rgb,rgb/Dave_Campo_0001.ppm,56.6,7.653e-7,0.0001
lfw,all,rgb,rgb/Dave_Campo_0002.ppm,60.1,8.216e-7,0.0002
lfw,all,rgb,rgb/Dave_Campo_0003.ppm,58.9,7.393e-7,0.0002
lfw,all,rgb,rgb/Dave_Johnson_0001.ppm,68.5,6.911e-7,0.0002
lfw,all,rgb,rgb/Dave_Lewis_0001.ppm,56.2,7.785e-7,0.0002
lfw,all,rgb,rgb/Dave_Matthews_0001.ppm,63.5,7.592e-7,0.0002
lfw,all,rgb,rgb/Dave_McGinnis_0001.ppm,56.3,7.079e-7,0.0001
lfw,all,rgb,rgb/Dave_McNally_0001.ppm,57.4,6.538e-7,0.0002
lfw,all,rgb,rgb/Dave_McNealey_0001.ppm,60.4,7.788e-7,0.0002
lfw,all,rgb,rgb/Dave_Odom_0001.ppm,50.8,7.507e-7,0.0001
lfw,all,rgb,rgb/Dave_Potter_0001.ppm,66.1,6.433e-7,0.0002
lfw,all,rgb,rgb/Dave_Ragone_0001.ppm,59.5,7.926e-7,0.0002
lfw,all,rgb,rgb/Dave_Robertson_0001.ppm,53.4,6.935e-7,0.0001
lfw,all,rgb,rgb/Dave_Tucker_0001.ppm,58.1,7.915e-7,0.0001
lfw,all,rgb,rgb/Dave_Wannstedt_0001.ppm,55.4,6.854e-7,0.0001
lfw,all,rgb,rgb/Dave_Williams_0001.ppm,60.6,7.452e-7,0.0002
lfw,all,rgb,rgb/Davey_Johnson_0001.ppm,57.4,7.962e-7,0.0002
lfw,all,rgb,rgb/David_Alpay_0001.ppm,68.5,6.299e-7,0.0002
lfw,all,rgb,rgb/David_Anderson_0001.ppm,53.8,8.956e-7,0.0002
lfw,all,rgb,rgb/David_Anderson_0002.ppm,59.8,7.963e-7,0.0002
lfw,all,rgb,rgb/David_Anderson_0003.ppm,62.2,7.420e-7,0.0001
lfw,all,rgb,rgb/David_Anderson_0004.ppm,58.7,8.002e-7,0.0002
lfw,all,rgb,rgb/David_Anderson_0005.ppm,52.1,8.862e-7,0.0002
lfw,all,rgb,rgb/David_Arquette_0001.ppm,58.1,7.408e-7,0.0002
lfw,all,rgb,rgb/David_Ballantyne_0001.ppm,57.1,7.240e-7,0.0002
lfw,all,rgb,rgb/David_Beckham_0001.ppm,60.4,6.963e-7,0.0001
lfw,all,rgb,rgb/David_Beckham_0002.ppm,57.3,8.566e-7,0.0002
lfw,all,rgb,rgb/David_Beckham_0003.ppm,57.8,6.721e-7,0.0001
lfw,all,rgb,rgb/David_Beckham_0004.ppm,63.7,6.901e-7,0.0001
lfw,all,rgb,rgb/David_Beckham_0005.ppm,61.3,7.426e-7,0.0002
lfw,all,rgb,rgb/David_Beckham_0006.ppm,62.5,7.003e-7,0.0002
lfw,all,rgb,rgb/David_Beckham_0007.ppm,59.5,6.875e-7,0.0001
lfw,all,rgb,rgb/David_Beckham_0008.ppm,63.3,6.839e-7,0.0002
lfw,all,rgb,rgb/David_Beckham_0009.ppm,59.9,7.535e-7,0.0002
lfw,all,rgb,rgb/David_Beckham_0010.ppm,53.1,7.476e-7,0.0001
lfw,all,rgb,rgb/David_Beckham_0011.ppm,53.4,7.170e-7,0.0001
lfw,all,rgb,rgb/David_Beckham_0012.ppm,58.2,7.449e-7,0.0001
lfw,all,rgb,rgb/David_Beckham_0013.ppm,52.4,7.992e-7,0.0001
lfw,all,rgb,rgb/David_Beckham_0014.ppm,55.0,8.081e-7,0.0002
lfw,all,rgb,rgb/David_Beckham_0015.ppm,58.1,7.699e-7,0.0001
lfw,all,rgb,rgb/David_Beckham_0016.ppm,57.0,7.363e-7,0.0001
lfw,all,rgb,rgb/David_Beckham_0017.ppm,61.1,7.095e-7,0.0001
lfw,all,rgb,rgb/David_Beckham_0018.ppm,59.8,6.507e-7,0.0001
lfw,all,rgb,rgb/David_Beckham_0019.ppm,53.3,8.022e-7,0.0001
lfw,all,rgb,rgb/David_Beckham_0020.ppm,59.9,7.370e-7,0.0002
lfw,all,rgb,rgb/David_Beckham_0021.ppm,65.3,7.067e-7,0.0001
lfw,all,rgb,rgb/David_Beckham_0022.ppm,55.6,8.255e-7,0.0001
lfw,all,rgb,rgb/David_Beckham_0023.ppm,59.0,6.831e-7,0.0002
lfw,all,rgb,rgb/David_Beckham_0024.ppm,58.5,1.098e-6,0.0002
lfw,all,rgb,rgb/David_Beckham_0025.ppm,60.3,6.597e-7,0.0001
lfw,all,rgb,rgb/David_Beckham_0026.ppm,55.6,6.980e-7,0.0001
lfw,all,rgb,rgb/David_Beckham_0027.ppm,56.2,7.785e-7,0.0002
lfw,all,rgb,rgb/David_Beckham_0028.ppm,63.1,6.235e-7,0.0001
lfw,all,rgb,rgb/David_Beckham_0029.ppm,61.2,6.695e-7,0.0002
lfw,all,rgb,rgb/David_Beckham_0030.ppm,62.6,7.368e-7,0.0002
lfw,all,rgb,rgb/David_Beckham_0031.ppm,61.0,7.375e-7,0.0002
lfw,all,rgb,rgb/David_Bell_0001.ppm,52.5,7.887e-7,0.0002
lfw,all,rgb,rgb/David_Bell_0002.ppm,50.2,8.314e-7,0.0002
lfw,all,rgb,rgb/David_Bisbal_0001.ppm,62.8,7.136e-7,0.0002
lfw,all,rgb,rgb/David_Blaine_0001.ppm,55.7,6.795e-7,0.0002
lfw,all,rgb,rgb/David_Bowie_0001.ppm,57.8,6.877e-7,0.0001
lfw,all,rgb,rgb/David_Braley_0001.ppm,62.4,7.094e-7,0.0002
lfw,all,rgb,rgb/David_Brent_0001.ppm,56.8,8.372e-7,0.0002
lfw,all,rgb,rgb/David_Brinkley_0001.ppm,62.2,6.934e-7,0.0001
lfw,all,rgb,rgb/David_Brown_0001.ppm,58.8,7.362e-7,0.0002
lfw,all,rgb,rgb/David_Canary_0001.ppm,60.8,8.148e-7,0.0002
lfw,all,rgb,rgb/David_Caraway_0001.ppm,53.8,8.372e-7,0.0002
lfw,all,rgb,rgb/David_Caraway_0002.ppm,47.3,9.181e-7,0.0002
lfw,all,rgb,rgb/David_Carradine_0001.ppm,55.2,8.072e-7,0.0001
lfw,all,rgb,rgb/David_Caruso_0001.ppm,57.1,7.209e-7,0.0001
lfw,all,rgb,rgb/David_Caruso_0002.ppm,57.6,8.048e-7,0.0001
lfw,all,rgb,rgb/David_Caruso_0003.ppm,57.4,7.245e-7,0.0002
lfw,all,rgb,rgb/David_Chase_0001.ppm,54.1,6.463e-7,0.0001
lfw,all,rgb,rgb/David_Collenette_0001.ppm,52.6,8.650e-7,0.0002
lfw,all,rgb,rgb/David_Coulthard_0001.ppm,60.2,6.330e-7,0.0001
lfw,all,rgb,rgb/David_Coulthard_0002.ppm,58.2,7.363e-7,0.0001
lfw,all,rgb,rgb/David_Dewayne_Williams_0001.ppm,53.7,7.532e-7,0.0001
lfw,all,rgb,rgb/David_Dewhurst_0001.ppm,56.0,8.154e-7,0.0002
lfw,all,rgb,rgb/David_Dodge_0001.ppm,51.1,7.868e-7,0.0002
lfw,all,rgb,rgb/David_Dodge_0002.ppm,48.0,9.086e-7,0.0002
lfw,all,rgb,rgb/David_Donohue_0001.ppm,46.7,8.458e-7,0.0001
lfw,all,rgb,rgb/David_Dorfman_0001.ppm,63.3,6.718e-7,0.0001
lfw,all,rgb,rgb/David_Duke_0001.ppm,62.5,6.664e-7,0.0002
lfw,all,rgb,rgb/David_Duval_0001.ppm,56.1,8.424e-7,0.0002
lfw,all,rgb,rgb/David_Eldon_0001.ppm,57.2,7.582e-7,0.0002
lfw,all,rgb,rgb/David_Gest_0001.ppm,47.4,7.580e-7,0.0001
lfw,all,rgb,rgb/David_Glenn_0001.ppm,57.6,6.792e-7,0.0002
lfw,all,rgb,rgb/David_Hannay_0001.ppm,55.6,7.215e-7,0.0001
lfw,all,rgb,rgb/David_Hanson_0001.ppm,57.3,6.760e-7,0.0002
lfw,all,rgb,rgb/David_Hasselhoff_0001.ppm,59.2,6.951e-7,0.0001
lfw,all,rgb,rgb/David_Heyman_0001.ppm,67.5,6.051e-7,0.0002
lfw,all,rgb,rgb/David_Heyman_0002.ppm,64.0,6.389e-7,0.0001
lfw,all,rgb,rgb/David_Heymann_0001.ppm,56.8,7.286e-7,0.0001
lfw,all,rgb,rgb/David_Heymann_0002.ppm,50.6,8.272e-7,0.0002
lfw,all,rgb,rgb/David_Heymann_0003.ppm,58.3,7.363e-7,0.0002
lfw,all,rgb,rgb/David_Heymann_0004.ppm,54.6,7.374e-7,0.0001
lfw,all,rgb,rgb/David_Heymann_0005.ppm,55.7,7.572e-7,0.0002
lfw,all,rgb,rgb/David_Hilt_0001.ppm,62.0,7.064e-7,0.0002
lfw,all,rgb,rgb/David_Ho_0001.ppm,55.1,7.277e-7,0.0001
lfw,all,rgb,rgb/David_Howard_0001.ppm,43.1,9.820e-7,0.0002
lfw,all,rgb,rgb/David_Hyde_Pierce_0001.ppm,55.1,8.151e-7,0.0002
lfw,all,rgb,rgb/David_Hyde_Pierce_0002.ppm,54.3,7.244e-7,0.0002
lfw,all,rgb,rgb/David_Hyde_Pierce_0003.ppm,59.3,6.960e-7,0.0002
lfw,all,rgb,rgb/David_Hyde_Pierce_0004.ppm,65.6,6.841e-7,0.0001
lfw,all,rgb,rgb/David_Kelley_0001.ppm,56.2,7.883e-7,0.0001
lfw,all,rgb,rgb/David_Kelley_0002.ppm,59.5,7.193e-7,0.0002
lfw,all,rgb,rgb/David_Kelly_0001.ppm,57.6,7.801e-7,0.0002
lfw,all,rgb,rgb/David_Leahy_0001.ppm,54.1,8.700e-7,0.0002
lfw,all,rgb,rgb/David_Leahy_0002.ppm,53.1,7.953e-7,0.0002
lfw,all,rgb,rgb/David_McCallum_0001.ppm,62.4,6.495e-7,0.0001
lfw,all,rgb,rgb/David_McCullough_0001.ppm,71.1,6.743e-7,0.0002
lfw,all,rgb,rgb/David_McKiernan_0001.ppm,51.8,7.840e-7,0.0001
lfw,all,rgb,rgb/David_Millar_0001.ppm,96.1,6.720e-7,0.0002
lfw,all,rgb,rgb/David_Modell_0001.ppm,59.9,8.037e-7,0.0001
lfw,all,rgb,rgb/David_Montoya_0001.ppm,63.1,5.987e-7,0.0002
lfw,all,rgb,rgb/David_Myers_0001.ppm,59.9,6.880e-7,0.0002
lfw,all,rgb,rgb/David_Myers_0002.ppm,58.9,7.769e-7,0.0001
lfw,all,rgb,rgb/David_Nalbandian_0001.ppm,51.1,8.341e-7,0.0001
lfw,all,rgb,rgb/David_Nalbandian_0002.ppm,55.1,7.067e-7,0.0001
lfw,all,rgb,rgb/David_Nalbandian_0003.ppm,59.4,7.086e-7,0.0001
lfw,all,rgb,rgb/David_Nalbandian_0004.ppm,54.4,7.224e-7,0.0001
lfw,all,rgb,rgb/David_Nalbandian_0005.ppm,57.0,7.528e-7,0.0002
lfw,all,rgb,rgb/David_Nalbandian_0006.ppm,61.7,7.069e-7,0.0002
lfw,all,rgb,rgb/David_Nalbandian_0007.ppm,56.1,7.290e-7,0.0001
lfw,all,rgb,rgb/David_Nalbandian_0008.ppm,57.3,7.111e-7,0.0001
lfw,all,rgb,rgb/David_Nalbandian_0009.ppm,58.1,6.664e-7,0.0002
lfw,all,rgb,rgb/David_Nalbandian_0010.ppm,55.6,7.371e-7,0.0001
lfw,all,rgb,rgb/David_Nalbandian_0011.ppm,63.3,7.178e-7,0.0002
lfw,all,rgb,rgb/David_Nalbandian_0012.ppm,56.8,7.563e-7,0.0001
lfw,all,rgb,rgb/David_Nalbandian_0013.ppm,56.8,8.122e-7,0.0001
lfw,all,rgb,rgb/David_Nalbandian_0014.ppm,57.5,7.339e-7,0.0001
lfw,all,rgb,rgb/David_Obey_0001.ppm,58.3,9.344e-7,0.0002
lfw,all,rgb,rgb/David_Oh_0001.ppm,57.1,8.107e-7,0.0002
lfw,all,rgb,rgb/David_Provost_0001.ppm,58.5,7.880e-7,0.0001
lfw,all,rgb,rgb/David_Przybyszewski_0001.ppm,61.4,7.660e-7,0.0002
lfw,all,rgb,rgb/David_Rivkin_Jr_0001.ppm,54.5,7.731e-7,0.0001
lfw,all,rgb,rgb/David_Scott_Morris_0001.ppm,59.6,8.464e-7,0.0002
lfw,all,rgb,rgb/David_Shayler_0001.ppm,57.1,6.933e-7,0.0001
lfw,all,rgb,rgb/David_Sibleyk_0001.ppm,58.3,6.809e-7,0.0001
lfw,all,rgb,rgb/David_Siegel_0001.ppm,54.8,7.873e-7,0.0001
lfw,all,rgb,rgb/David_Sousa_0001.ppm,59.0,7.740e-7,0.0002
lfw,all,rgb,rgb/David_Spade_0001.ppm,59.1,7.492e-7,0.0002
lfw,all,rgb,rgb/David_Spade_0002.ppm,63.7,7.517e-7,0.0002
lfw,all,rgb,rgb/David_Stern_0001.ppm,60.1,8.189e-7,0.0002
lfw,all,rgb,rgb/David_Stern_0002.ppm,59.4,6.398e-7,0.0002
lfw,all,rgb,rgb/David_Stern_0003.ppm,56.2,6.774e-7,0.0001
lfw,all,rgb,rgb/David_Stern_0004.ppm,57.0,7.839e-7,0.0002
lfw,all,rgb,rgb/David_Suazo_0001.ppm,61.4,7.057e-7,0.0002
lfw,all,rgb,rgb/David_Surrett_0001.ppm,56.3,5.811e-7,0.0001
lfw,all,rgb,rgb/David_Tornberg_0001.ppm,48.5,8.686e-7,0.0001
lfw,all,rgb,rgb/David_Trimble_0001.ppm,57.7,7.915e-7,0.0001
lfw,all,rgb,rgb/David_Trimble_0002.ppm,58.4,6.636e-7,0.0001
lfw,all,rgb,rgb/David_Trimble_0003.ppm,52.6,8.824e-7,0.0002
lfw,all,rgb,rgb/David_Trimble_0004.ppm,55.9,7.869e-7,0.0002
lfw,all,rgb,rgb/David_Trimble_0005.ppm,60.5,7.704e-7,0.0002
lfw,all,rgb,rgb/David_Welch_0001.ppm,62.0,6.743e-7,0.0001
lfw,all,rgb,rgb/David_Wells_0001.ppm,64.6,5.647e-7,0.0001
lfw,all,rgb,rgb/David_Wells_0002.ppm,59.2,7.545e-7,0.0002
lfw,all,rgb,rgb/David_Wells_0003.ppm,76.7,6.826e-7,0.0002
lfw,all,rgb,rgb/David_Wells_0004.ppm,70.8,6.218e-7,0.0001
lfw,all,rgb,rgb/David_Wells_0005.ppm,72.4,6.722e-7,0.0002
lfw,all,rgb,rgb/David_Wells_0006.ppm,64.7,7.209e-7,0.0002
lfw,all,rgb,rgb/David_Wells_0007.ppm,70.5,7.884e-7,0.0002
lfw,all,rgb,rgb/David_Westerfield_0001.ppm,52.7,5.439e-7,0.0001
lfw,all,rgb,rgb/David_Wolf_0001.ppm,53.3,8.375e-7,0.0001
lfw,all,rgb,rgb/David_Wolf_0002.ppm,67.7,6.019e-7,0.0002
lfw,all,rgb,rgb/David_Zeplowitz_0001.ppm,57.5,7.297e-7,0.0001
lfw,all,rgb,rgb/Davis_Love_III_0001.ppm,61.2,8.395e-7,0.0002
lfw,all,rgb,rgb/Dawn_Staley_0001.ppm,54.8,7.648e-7,0.0001
lfw,all,rgb,rgb/Dawna_LoPiccolo_0001.ppm,61.7,7.661e-7,0.0002
lfw,all,rgb,rgb/Dean_Barker_0001.ppm,57.8,7.129e-7,0.0001
lfw,all,rgb,rgb/Dean_Barkley_0001.ppm,49.8,8.787e-7,0.0002
lfw,all,rgb,rgb/Dean_Barkley_0002.ppm,56.2,8.352e-7,0.0002
lfw,all,rgb,rgb/Dean_Barkley_0003.ppm,56.5,9.067e-7,0.0002
lfw,all,rgb,rgb/Dean_Barkley_0004.ppm,53.3,9.325e-7,0.0002
lfw,all,rgb,rgb/Dean_Jacek_0001.ppm,56.2,7.598e-7,0.0001
lfw,all,rgb,rgb/Dean_Sheremet_0001.ppm,63.4,7.038e-7,0.0002
lfw,all,rgb,rgb/Deb_Santos_0001.ppm,55.6,7.005e-7,0.0001
lfw,all,rgb,rgb/Debbie_Allen_0001.ppm,61.8,6.911e-7,0.0002
lfw,all,rgb,rgb/Debbie_Reynolds_0001.ppm,60.9,7.318e-7,0.0001
lfw,all,rgb,rgb/Debbie_Reynolds_0002.ppm,64.3,6.936e-7,0.0002
lfw,all,rgb,rgb/Debbie_Reynolds_0003.ppm,58.2,7.408e-7,0.0001
lfw,all,rgb,rgb/Debbie_Reynolds_0004.ppm,59.1,6.760e-7,0.0002
lfw,all,rgb,rgb/Debra_Brown_0001.ppm,55.4,7.726e-7,0.0001
lfw,all,rgb,rgb/Debra_Brown_0002.ppm,60.7,6.517e-7,0.0001
lfw,all,rgb,rgb/Debra_Messing_0001.ppm,64.2,6.117e-7,0.0001
lfw,all,rgb,rgb/Debra_Messing_0002.ppm,62.8,7.349e-7,0.0001
lfw,all,rgb,rgb/Debra_Messing_0003.ppm,58.2,6.845e-7,0.0002
lfw,all,rgb,rgb/Debra_Rose_0001.ppm,58.5,7.239e-7,0.0002
lfw,all,rgb,rgb/Debra_Shank_0001.ppm,56.2,8.759e-7,0.0002
lfw,all,rgb,rgb/Debra_Yang_0001.ppm,57.1,6.981e-7,0.0001
lfw,all,rgb,rgb/Deece_Eckstein_0001.ppm,55.4,8.193e-7,0.0002
lfw,all,rgb,rgb/Deena_Burnett_0001.ppm,64.2,6.466e-7,0.0002
lfw,all,rgb,rgb/Deepa_Mehta_0001.ppm,60.4,7.963e-7,0.0002
lfw,all,rgb,rgb/Della_Clara_0001.ppm,57.2,6.473e-7,0.0001
lfw,all,rgb,rgb/Delphine_Chuillot_0001.ppm,59.6,6.431e-7,0.0001
lfw,all,rgb,rgb/Demetrin_Veal_0001.ppm,61.3,7.211e-7,0.0001
lfw,all,rgb,rgb/Demetrius_Ferraciu_0001.ppm,49.3,7.870e-7,0.0001
lfw,all,rgb,rgb/Demetrius_Ferraciu_0002.ppm,57.5,7.529e-7,0.0002
lfw,all,rgb,rgb/Demi_Moore_0001.ppm,58.4,7.007e-7,0.0001
lfw,all,rgb,rgb/Demi_Moore_0002.ppm,59.4,7.109e-7,0.0002
lfw,all,rgb,rgb/Demi_Moore_0003.ppm,65.5,7.249e-7,0.0002
lfw,all,rgb,rgb/Demi_Moore_0004.ppm,59.1,6.722e-7,0.0002
lfw,all,rgb,rgb/Denis_Coderre_0001.ppm,54.1,7.856e-7,0.0001
lfw,all,rgb,rgb/Denis_Fassou-Nguesso_0001.ppm,64.3,7.271e-7,0.0002
lfw,all,rgb,rgb/Denise_Johnson_0001.ppm,56.2,7.411e-7,0.0001
lfw,all,rgb,rgb/Denise_Johnson_0002.ppm,59.2,7.174e-7,0.0001
lfw,all,rgb,rgb/Denise_Locke_0001.ppm,64.6,6.496e-7,0.0002
lfw,all,rgb,rgb/Denise_van_Outen_0001.ppm,59.9,6.451e-7,0.0001
lfw,all,rgb,rgb/Deniz_Baykal_0001.ppm,49.1,7.477e-7,0.0001
lfw,all,rgb,rgb/Dennis_Archer_0001.ppm,61.4,8.462e-7,0.0002
lfw,all,rgb,rgb/Dennis_Erickson_0001.ppm,59.9,6.945e-7,0.0002
lfw,all,rgb,rgb/Dennis_Erickson_0002.ppm,61.4,7.533e-7,0.0002
lfw,all,rgb,rgb/Dennis_Franchione_0001.ppm,52.5,8.305e-7,0.0002
lfw,all,rgb,rgb/Dennis_Hastert_0001.ppm,65.0,6.272e-7,0.0001
lfw,all,rgb,rgb/Dennis_Hastert_0002.ppm,65.9,6.725e-7,0.0002
lfw,all,rgb,rgb/Dennis_Hastert_0003.ppm,64.1,7.040e-7,0.0002
lfw,all,rgb,rgb/Dennis_Hastert_0004.ppm,70.6,6.356e-7,0.0001
lfw,all,rgb,rgb/Dennis_Hastert_0005.ppm,63.9,7.130e-7,0.0002
lfw,all,rgb,rgb/Dennis_Hastert_0006.ppm,64.8,7.058e-7,0.0002
lfw,all,rgb,rgb/Dennis_Johnson_0001.ppm,59.8,7.203e-7,0.0001
lfw,all,rgb,rgb/Dennis_Kozlowski_0001.ppm,62.9,7.408e-7,0.0002
lfw,all,rgb,rgb/Dennis_Kozlowski_0002.ppm,64.7,6.920e-7,0.0002
lfw,all,rgb,rgb/Dennis_Kucinich_0001.ppm,57.5,7.551e-7,0.0001
lfw,all,rgb,rgb/Dennis_Kucinich_0002.ppm,55.9,6.556e-7,0.0001
lfw,all,rgb,rgb/Dennis_Kucinich_0003.ppm,54.5,7.385e-7,0.0002
lfw,all,rgb,rgb/Dennis_Kucinich_0004.ppm,63.2,6.705e-7,0.0002
lfw,all,rgb,rgb/Dennis_Kucinich_0005.ppm,57.9,6.773e-7,0.0001
lfw,all,rgb,rgb/Dennis_Kucinich_0006.ppm,53.3,6.679e-7,0.0001
lfw,all,rgb,rgb/Dennis_Kucinich_0007.ppm,60.3,7.692e-7,0.0002
lfw,all,rgb,rgb/Dennis_Miller_0001.ppm,52.3,7.870e-7,0.0001
lfw,all,rgb,rgb/Dennis_Oswald_0001.ppm,57.0,7.858e-7,0.0002
lfw,all,rgb,rgb/Dennis_Powell_0001.ppm,53.5,8.263e-7,0.0002
lfw,all,rgb,rgb/Dennis_Powell_0002.ppm,58.5,7.792e-7,0.0001
lfw,all,rgb,rgb/Denys_Arcand_0001.ppm,49.6,8.771e-7,0.0001
lfw,all,rgb,rgb/Denzel_Washington_0001.ppm,60.8,7.257e-7,0.0002
lfw,all,rgb,rgb/Denzel_Washington_0002.ppm,54.5,7.176e-7,0.0002
lfw,all,rgb,rgb/Denzel_Washington_0003.ppm,64.2,6.393e-7,0.0002
lfw,all,rgb,rgb/Denzel_Washington_0004.ppm,61.7,6.353e-7,0.0001
lfw,all,rgb,rgb/Denzel_Washington_0005.ppm,65.5,6.542e-7,0.0002
lfw,all,rgb,rgb/Dereck_Whittenburg_0001.ppm,58.7,6.693e-7,0.0001
lfw,all,rgb,rgb/Derek_Abney_0001.ppm,59.6,7.402e-7,0.0001
lfw,all,rgb,rgb/Derek_Bond_0001.ppm,62.1,7.727e-7,0.0001
lfw,all,rgb,rgb/Derek_Jeter_0001.ppm,46.7,9.222e-7,0.0001
lfw,all,rgb,rgb/Derek_Jeter_0002.ppm,57.4,7.477e-7,0.0001
lfw,all,rgb,rgb/Derek_Jeter_0003.ppm,58.6,7.371e-7,0.0001
lfw,all,rgb,rgb/Derek_Jeter_0004.ppm,56.6,7.712e-7,0.0001
lfw,all,rgb,rgb/Derek_King_0001.ppm,51.8,7.285e-7,0.0001
lfw,all,rgb,rgb/Derek_Lowe_0001.ppm,65.5,7.303e-7,0.0002
lfw,all,rgb,rgb/Derek_Lowe_0002.ppm,52.7,6.799e-7,0.0001
lfw,all,rgb,rgb/Derek_Parra_0001.ppm,55.1,7.692e-7,0.0002
lfw,all,rgb,rgb/Derian_Hatcher_0001.ppm,64.0,6.373e-7,0.0001
lfw,all,rgb,rgb/Derrick_Battie_0001.ppm,60.6,6.553e-7,0.0001
lfw,all,rgb,rgb/Derrick_Rodgers_0001.ppm,78.6,6.359e-7,0.0002
lfw,all,rgb,rgb/Derrick_Taylor_0001.ppm,60.9,7.247e-7,0.0001
lfw,all,rgb,rgb/Des_Brown_0001.ppm,68.7,5.980e-7,0.0001
lfw,all,rgb,rgb/Desiree_Lemosi_0001.ppm,56.1,6.937e-7,0.0001
lfw,all,rgb,rgb/Desiree_Lemosi_0002.ppm,58.1,6.962e-7,0.0001
lfw,all,rgb,rgb/Desiree_McKenzie_0001.ppm,65.6,6.093e-7,0.0001
lfw,all,rgb,rgb/Desmon_Farmer_0001.ppm,51.2,7.435e-7,0.0001
lfw,all,rgb,rgb/Devin_Harris_0001.ppm,51.4,8.123e-7,0.0001
lfw,all,rgb,rgb/Dewayne_White_0001.ppm,73.2,6.194e-7,0.0001
lfw,all,rgb,rgb/Dexter_Jackson_0001.ppm,61.9,7.297e-7,0.0001
lfw,all,rgb,rgb/Dexter_Jackson_0002.ppm,65.3,7.037e-7,0.0001
lfw,all,rgb,rgb/Diana_Krall_0001.ppm,63.5,7.496e-7,0.0002
lfw,all,rgb,rgb/Diana_Krall_0002.ppm,56.6,7.628e-7,0.0001
lfw,all,rgb,rgb/Diana_Krall_0003.ppm,60.9,7.072e-7,0.0002
lfw,all,rgb,rgb/Diana_Krall_0004.ppm,59.9,6.602e-7,0.0001
lfw,all,rgb,rgb/Diana_Krall_0005.ppm,61.5,6.814e-7,0.0001
lfw,all,rgb,rgb/Diana_Krall_0006.ppm,61.0,6.898e-7,0.0001
lfw,all,rgb,rgb/Diana_Munz_0001.ppm,65.7,6.745e-7,0.0002
lfw,all,rgb,rgb/Diana_Munz_0002.ppm,64.9,6.795e-7,0.0002
lfw,all,rgb,rgb/Diana_Munz_0003.ppm,65.8,6.720e-7,0.0001
lfw,all,rgb,rgb/Diana_Renee_Valdivieso_Dubon_0001.ppm,57.4,7.005e-7,0.0002
lfw,all,rgb,rgb/Diana_Ross_0001.ppm,54.5,7.128e-7,0.0002
lfw,all,rgb,rgb/Diana_Silvius_0001.ppm,59.7,6.136e-7,0.0001
lfw,all,rgb,rgb/Diana_Taurasi_0001.ppm,50.8,8.099e-7,0.0001
lfw,all,rgb,rgb/Diana_Taurasi_0002.ppm,52.2,7.754e-7,0.0002
lfw,all,rgb,rgb/Diana_Taylor_0001.ppm,67.5,7.216e-7,0.0002
lfw,all,rgb,rgb/Diane_Green_0001.ppm,62.2,6.967e-7,0.0002
lfw,all,rgb,rgb/Diane_Green_0002.ppm,67.0,6.884e-7,0.0001
lfw,all,rgb,rgb/Diane_Ladd_0001.ppm,58.2,6.561e-7,0.0001
lfw,all,rgb,rgb/Diane_Lane_0001.ppm,60.1,7.835e-7,0.0002
lfw,all,rgb,rgb/Dianne_Feinstein_0001.ppm,57.8,6.690e-7,0.0001
lfw,all,rgb,rgb/Dianne_Feinstein_0002.ppm,62.3,6.427e-7,0.0001
lfw,all,rgb,rgb/Dianne_Feinstein_0003.ppm,67.0,7.272e-7,0.0002
lfw,all,rgb,rgb/Dianne_Reeves_0001.ppm,64.1,6.533e-7,0.0001
lfw,all,rgb,rgb/Dick_Armey_0001.ppm,66.2,6.833e-7,0.0002
lfw,all,rgb,rgb/Dick_Bennett_0001.ppm,57.2,7.242e-7,0.0001
lfw,all,rgb,rgb/Dick_Cheney_0001.ppm,60.9,7.329e-7,0.0001
lfw,all,rgb,rgb/Dick_Cheney_0002.ppm,62.4,6.977e-7,0.0002
lfw,all,rgb,rgb/Dick_Cheney_0003.ppm,59.9,7.554e-7,0.0002
lfw,all,rgb,rgb/Dick_Cheney_0004.ppm,55.8,7.581e-7,0.0002
lfw,all,rgb,rgb/Dick_Cheney_0005.ppm,55.7,7.910e-7,0.0002
lfw,all,rgb,rgb/Dick_Cheney_0006.ppm,60.4,7.491e-7,0.0002
lfw,all,rgb,rgb/Dick_Cheney_0007.ppm,58.0,6.947e-7,0.0002
lfw,all,rgb,rgb/Dick_Cheney_0008.ppm,57.5,7.316e-7,0.0002
lfw,all,rgb,rgb/Dick_Cheney_0009.ppm,57.4,7.784e-7,0.0002
lfw,all,rgb,rgb/Dick_Cheney_0010.ppm,75.1,6.748e-7,0.0002
lfw,all,rgb,rgb/Dick_Cheney_0011.ppm,59.5,7.811e-7,0.0002
lfw,all,rgb,rgb/Dick_Cheney_0012.ppm,64.0,7.114e-7,0.0002
lfw,all,rgb,rgb/Dick_Cheney_0013.ppm,56.5,7.342e-7,0.0002
lfw,all,rgb,rgb/Dick_Cheney_0014.ppm,60.9,7.581e-7,0.0002
lfw,all,rgb,rgb/Dick_Clark_0001.ppm,60.6,7.393e-7,0.0002
lfw,all,rgb,rgb/Dick_Clark_0002.ppm,54.5,8.171e-7,0.0001
lfw,all,rgb,rgb/Dick_Clark_0003.ppm,56.9,6.826e-7,0.0001
lfw,all,rgb,rgb/Dick_Devine_0001.ppm,63.7,9.563e-7,0.0002
lfw,all,rgb,rgb/Dick_Jauron_0001.ppm,55.8,6.951e-7,0.0001
lfw,all,rgb,rgb/Dick_Latessa_0001.ppm,56.5,7.286e-7,0.0001
lfw,all,rgb,rgb/Dick_Latessa_0002.ppm,68.2,7.707e-7,0.0002
lfw,all,rgb,rgb/Dick_Posthumus_0001.ppm,57.2,7.361e-7,0.0001
lfw,all,rgb,rgb/Dick_Smothers_0001.ppm,57.1,7.942e-7,0.0001
lfw,all,rgb,rgb/Dick_Vermeil_0001.ppm,62.9,6.958e-7,0.0002
lfw,all,rgb,rgb/Dick_Vermeil_0002.ppm,58.3,7.070e-7,0.0002
lfw,all,rgb,rgb/Didier_Defago_0001.ppm,60.0,6.250e-7,0.0001
lfw,all,rgb,rgb/Diego_Armando_Maradona_0001.ppm,66.5,6.869e-7,0.0001
lfw,all,rgb,rgb/Diego_Colorado_0001.ppm,52.7,7.043e-7,0.0001
lfw,all,rgb,rgb/Diego_Diego_Lerman_0001.ppm,60.1,6.998e-7,0.0002
lfw,all,rgb,rgb/Dieter_Holzer_0001.ppm,45.4,7.554e-7,0.0001
lfw,all,rgb,rgb/Dieter_Zetsche_0001.ppm,53.6,8.076e-7,0.0002
lfw,all,rgb,rgb/Dimitar_Berbatov_0001.ppm,57.3,7.324e-7,0.0001
lfw,all,rgb,rgb/Dimitri_Perricos_0001.ppm,58.1,6.801e-7,0.0002
lfw,all,rgb,rgb/Din_Samsudin_0001.ppm,51.1,7.824e-7,0.0001
lfw,all,rgb,rgb/Dinah_Turner_0001.ppm,57.9,7.720e-7,0.0002
lfw,all,rgb,rgb/Dino_Risi_0001.ppm,64.0,6.485e-7,0.0001
lfw,all,rgb,rgb/Dino_de_Laurentis_0001.ppm,66.1,7.193e-7,0.0002
lfw,all,rgb,rgb/Dino_de_Laurentis_0002.ppm,64.3,7.037e-7,0.0002
lfw,all,rgb,rgb/Dinora_Rosales_0001.ppm,59.2,6.992e-7,0.0002
lfw,all,rgb,rgb/Dion_Glover_0001.ppm,52.2,7.763e-7,0.0001
lfw,all,rgb,rgb/Dionigi_Tettamanzi_0001.ppm,60.1,6.793e-7,0.0002
lfw,all,rgb,rgb/Dionne_Warwick_0001.ppm,70.4,6.357e-7,0.0001
lfw,all,rgb,rgb/Dionyssis_Georgiadis_0001.ppm,60.2,6.864e-7,0.0001
lfw,all,rgb,rgb/Dirk_Kempthorne_0001.ppm,58.6,7.113e-7,0.0002
lfw,all,rgb,rgb/Dita_Von_Tesse_0001.ppm,60.6,6.668e-7,0.0001
lfw,all,rgb,rgb/Djabir_Said-Guerni_0001.ppm,51.1,7.138e-7,0.0001
lfw,all,rgb,rgb/Doc_Rivers_0001.ppm,61.4,7.508e-7,0.0001
lfw,all,rgb,rgb/Dolly_Parton_0001.ppm,65.4,7.720e-7,0.0002
lfw,all,rgb,rgb/Dolly_Parton_0002.ppm,57.6,8.218e-7,0.0001
lfw,all,rgb,rgb/Dolma_Tsering_0001.ppm,59.9,7.800e-7,0.0001
lfw,all,rgb,rgb/Dolma_Tsering_0002.ppm,56.6,7.757e-7,0.0002
lfw,all,rgb,rgb/Dominic_Monaghan_0001.ppm,62.0,7.701e-7,0.0002
lfw,all,rgb,rgb/Dominick_Dunne_0001.ppm,58.1,7.680e-7,0.0002
lfw,all,rgb,rgb/Dominik_Garcia-Lorido_0001.ppm,61.0,6.597e-7,0.0001
lfw,all,rgb,rgb/Dominik_Garcia-Lorido_0002.ppm,60.2,7.180e-7,0.0001
lfw,all,rgb,rgb/Dominik_Hrbaty_0001.ppm,56.0,7.577e-7,0.0002
lfw,all,rgb,rgb/Dominique_Perben_0001.ppm,58.1,7.023e-7,0.0002
lfw,all,rgb,rgb/Dominique_de_Villepin_0001.ppm,61.7,7.035e-7,0.0002
lfw,all,rgb,rgb/Dominique_de_Villepin_0002.ppm,61.3,7.336e-7,0.0002
lfw,all,rgb,rgb/Dominique_de_Villepin_0003.ppm,50.7,7.509e-7,0.0001
lfw,all,rgb,rgb/Dominique_de_Villepin_0004.ppm,60.8,7.707e-7,0.0001
lfw,all,rgb,rgb/Dominique_de_Villepin_0005.ppm,54.9,9.270e-7,0.0002
lfw,all,rgb,rgb/Dominique_de_Villepin_0006.ppm,64.2,6.389e-7,0.0001
lfw,all,rgb,rgb/Dominique_de_Villepin_0007.ppm,42.7,9.439e-7,0.0002
lfw,all,rgb,rgb/Dominique_de_Villepin_0008.ppm,53.5,7.677e-7,0.0001
lfw,all,rgb,rgb/Dominique_de_Villepin_0009.ppm,65.0,6.738e-7,0.0001
lfw,all,rgb,rgb/Dominique_de_Villepin_0010.ppm,62.1,7.512e-7,0.0002
lfw,all,rgb,rgb/Dominique_de_Villepin_0011.ppm,57.4,7.501e-7,0.0001
lfw,all,rgb,rgb/Dominique_de_Villepin_0012.ppm,63.2,8.613e-7,0.0002
lfw,all,rgb,rgb/Dominique_de_Villepin_0013.ppm,56.9,7.476e-7,0.0002
lfw,all,rgb,rgb/Dominique_de_Villepin_0014.ppm,57.1,6.954e-7,0.0002
lfw,all,rgb,rgb/Dominique_de_Villepin_0015.ppm,61.8,7.033e-7,0.0002
lfw,all,rgb,rgb/Don_Boudria_0001.ppm,54.0,8.145e-7,0.0002
lfw,all,rgb,rgb/Don_Carcieri_0001.ppm,60.4,7.713e-7,0.0002
lfw,all,rgb,rgb/Don_Flanagan_0001.ppm,51.7,6.918e-7,0.0001
lfw,all,rgb,rgb/Don_Henley_0001.ppm,46.8,9.609e-7,0.0002
lfw,all,rgb,rgb/Don_Hewitt_0001.ppm,53.1,7.608e-7,0.0002
lfw,all,rgb,rgb/Don_King_0001.ppm,59.2,9.474e-7,0.0002
lfw,all,rgb,rgb/Don_Lake_0001.ppm,65.5,7.239e-7,0.0002
lfw,all,rgb,rgb/Don_Matthews_0001.ppm,66.7,6.287e-7,0.0002
lfw,all,rgb,rgb/Don_Meredith_0001.ppm,56.3,7.697e-7,0.0002
lfw,all,rgb,rgb/Don_Nickles_0001.ppm,60.2,7.674e-7,0.0002
lfw,all,rgb,rgb/Don_Nickles_0002.ppm,72.6,7.512e-7,0.0002
lfw,all,rgb,rgb/Don_Siegelman_0001.ppm,58.7,7.169e-7,0.0001
lfw,all,rgb,rgb/Don_Siegelman_0002.ppm,62.3,6.517e-7,0.0002
lfw,all,rgb,rgb/Don_Siegelman_0003.ppm,59.8,7.102e-7,0.0001
lfw,all,rgb,rgb/Don_Siegelman_0004.ppm,63.2,6.906e-7,0.0002
lfw,all,rgb,rgb/Donald_Anderson_0001.ppm,58.2,7.464e-7,0.0001
lfw,all,rgb,rgb/Donald_Carty_0001.ppm,58.4,7.480e-7,0.0001
lfw,all,rgb,rgb/Donald_Evans_0001.ppm,56.3,7.983e-7,0.0002
lfw,all,rgb,rgb/Donald_Evans_0002.ppm,65.0,7.168e-7,0.0002
lfw,all,rgb,rgb/Donald_Fehr_0001.ppm,56.8,7.240e-7,0.0001
lfw,all,rgb,rgb/Donald_Fehr_0002.ppm,60.6,7.113e-7,0.0002
lfw,all,rgb,rgb/Donald_Fehr_0003.ppm,52.2,7.127e-7,0.0002
lfw,all,rgb,rgb/Donald_Fehr_0004.ppm,61.6,7.219e-7,0.0002
lfw,all,rgb,rgb/Donald_Hays_0001.ppm,53.1,8.880e-7,0.0002
lfw,all,rgb,rgb/Donald_Keck_0001.ppm,56.0,8.481e-7,0.0002
lfw,all,rgb,rgb/Donald_Keyser_0001.ppm,52.4,8.401e-7,0.0002
lfw,all,rgb,rgb/Donald_Pettit_0001.ppm,47.7,7.839e-7,0.0001
lfw,all,rgb,rgb/Donald_Pettit_0002.ppm,59.0,7.547e-7,0.0002
lfw,all,rgb,rgb/Donald_Pettit_0003.ppm,52.5,7.947e-7,0.0001
lfw,all,rgb,rgb/Donald_Regan_0001.ppm,53.5,7.225e-7,0.0001
lfw,all,rgb,rgb/Donald_Rumsfeld_0001.ppm,51.0,7.272e-7,0.0001
lfw,all,rgb,rgb/Donald_Rumsfeld_0002.ppm,59.6,7.245e-7,0.0002
lfw,all,rgb,rgb/Donald_Rumsfeld_0003.ppm,54.5,7.654e-7,0.0001
lfw,all,rgb,rgb/Donald_Rumsfeld_0004.ppm,63.1,7.539e-7,0.0002
lfw,all,rgb,rgb/Donald_Rumsfeld_0005.ppm,43.5,8.124e-7,0.0001
lfw,all,rgb,rgb/Donald_Rumsfeld_0006.ppm,57.7,7.611e-7,0.0001
lfw,all,rgb,rgb/Donald_Rumsfeld_0007.ppm,66.2,6.767e-7,0.0001
lfw,all,rgb,rgb/Donald_Rumsfeld_0008.ppm,60.8,7.245e-7,0.0002
lfw,all,rgb,rgb/Donald_Rumsfeld_0009.ppm,66.9,7.245e-7,0.0002
lfw,all,rgb,rgb/Donald_Rumsfeld_0010.ppm,64.8,7.202e-7,0.0002
lfw,all,rgb,rgb/Donald_Rumsfeld_0011.ppm,56.7,7.644e-7,0.0002
lfw,all,rgb,rgb/Donald_Rumsfeld_0012.ppm,54.1,7.559e-7,0.0001
lfw,all,rgb,rgb/Donald_Rumsfeld_0013.ppm,56.8,7.387e-7,0.0002
lfw,all,rgb,rgb/Donald_Rumsfeld_0014.ppm,54.7,7.994e-7,0.0001
lfw,all,rgb,rgb/Donald_Rumsfeld_0015.ppm,54.7,7.493e-7,0.0001
lfw,all,rgb,rgb/Donald_Rumsfeld_0016.ppm,56.5,7.705e-7,0.0002
lfw,all,rgb,rgb/Donald_Rumsfeld_0017.ppm,51.7,8.850e-7,0.0002
lfw,all,rgb,rgb/Donald_Rumsfeld_0018.ppm,54.4,8.192e-7,0.0002
lfw,all,rgb,rgb/Donald_Rumsfeld_0019.ppm,57.9,7.502e-7,0.0002
lfw,all,rgb,rgb/Donald_Rumsfeld_0020.ppm,58.7,7.691e-7,0.0002
lfw,all,rgb,rgb/Donald_Rumsfeld_0021.ppm,60.9,7.988e-7,0.0002
lfw,all,rgb,rgb/Donald_Rumsfeld_0022.ppm,58.3,7.197e-7,0.0002
lfw,all,rgb,rgb/Donald_Rumsfeld_0023.ppm,52.5,8.259e-7,0.0002
lfw,all,rgb,rgb/Donald_Rumsfeld_0024.ppm,56.2,8.285e-7,0.0002
lfw,all,rgb,rgb/Donald_Rumsfeld_0025.ppm,64.9,6.665e-7,0.0002
lfw,all,rgb,rgb/Donald_Rumsfeld_0026.ppm,53.7,8.703e-7,0.0002
lfw,all,rgb,rgb/Donald_Rumsfeld_0027.ppm,57.2,7.729e-7,0.0002
lfw,all,rgb,rgb/Donald_Rumsfeld_0028.ppm,62.8,7.495e-7,0.0002
lfw,all,rgb,rgb/Donald_Rumsfeld_0029.ppm,45.4,9.804e-7,0.0002
lfw,all,rgb,rgb/Donald_Rumsfeld_0030.ppm,60.4,7.186e-7,0.0002
lfw,all,rgb,rgb/Donald_Rumsfeld_0031.ppm,62.5,7.130e-7,0.0001
lfw,all,rgb,rgb/Donald_Rumsfeld_0032.ppm,59.8,7.098e-7,0.0001
lfw,all,rgb,rgb/Donald_Rumsfeld_0033.ppm,57.3,8.348e-7,0.0002
lfw,all,rgb,rgb/Donald_Rumsfeld_0034.ppm,54.2,8.246e-7,0.0001
lfw,all,rgb,rgb/Donald_Rumsfeld_0035.ppm,61.4,7.308e-7,0.0002
lfw,all,rgb,rgb/Donald_Rumsfeld_0036.ppm,65.6,7.220e-7,0.0002
lfw,all,rgb,rgb/Donald_Rumsfeld_0037.ppm,56.7,7.834e-7,0.0002
lfw,all,rgb,rgb/Donald_Rumsfeld_0038.ppm,55.7,7.076e-7,0.0002
lfw,all,rgb,rgb/Donald_Rumsfeld_0039.ppm,56.7,7.929e-7,0.0001
lfw,all,rgb,rgb/Donald_Rumsfeld_0040.ppm,52.2,9.314e-7,0.0001
lfw,all,rgb,rgb/Donald_Rumsfeld_0041.ppm,66.8,4.346e-7,0.0001
lfw,all,rgb,rgb/Donald_Rumsfeld_0042.ppm,57.4,7.468e-7,0.0001
lfw,all,rgb,rgb/Donald_Rumsfeld_0043.ppm,54.5,7.857e-7,0.0001
lfw,all,rgb,rgb/Donald_Rumsfeld_0044.ppm,51.1,7.766e-7,0.0001
lfw,all,rgb,rgb/Donald_Rumsfeld_0045.ppm,52.6,8.210e-7,0.0002
lfw,all,rgb,rgb/Donald_Rumsfeld_0046.ppm,55.1,7.888e-7,0.0002
lfw,all,rgb,rgb/Donald_Rumsfeld_0047.ppm,63.2,7.448e-7,0.0002
lfw,all,rgb,rgb/Donald_Rumsfeld_0048.ppm,48.6,8.397e-7,0.0001
lfw,all,rgb,rgb/Donald_Rumsfeld_0049.ppm,64.9,7.134e-7,0.0002
lfw,all,rgb,rgb/Donald_Rumsfeld_0050.ppm,60.5,7.392e-7,0.0002
lfw,all,rgb,rgb/Donald_Rumsfeld_0051.ppm,54.9,8.202e-7,0.0001
lfw,all,rgb,rgb/Donald_Rumsfeld_0052.ppm,60.5,7.655e-7,0.0002
lfw,all,rgb,rgb/Donald_Rumsfeld_0053.ppm,57.5,7.708e-7,0.0002
lfw,all,rgb,rgb/Donald_Rumsfeld_0054.ppm,58.9,7.155e-7,0.0002
lfw,all,rgb,rgb/Donald_Rumsfeld_0055.ppm,53.6,8.218e-7,0.0001
lfw,all,rgb,rgb/Donald_Rumsfeld_0056.ppm,55.5,8.769e-7,0.0002
lfw,all,rgb,rgb/Donald_Rumsfeld_0057.ppm,55.4,8.299e-7,0.0001
lfw,all,rgb,rgb/Donald_Rumsfeld_0058.ppm,55.3,8.178e-7,0.0002
lfw,all,rgb,rgb/Donald_Rumsfeld_0059.ppm,52.6,8.219e-7,0.0002
lfw,all,rgb,rgb/Donald_Rumsfeld_0060.ppm,52.1,8.087e-7,0.0002
lfw,all,rgb,rgb/Donald_Rumsfeld_0061.ppm,55.5,7.901e-7,0.0002
lfw,all,rgb,rgb/Donald_Rumsfeld_0062.ppm,56.0,7.444e-7,0.0002
lfw,all,rgb,rgb/Donald_Rumsfeld_0063.ppm,54.6,7.904e-7,0.0001
lfw,all,rgb,rgb/Donald_Rumsfeld_0064.ppm,55.1,7.723e-7,0.0001
lfw,all,rgb,rgb/Donald_Rumsfeld_0065.ppm,59.3,7.659e-7,0.0001
lfw,all,rgb,rgb/Donald_Rumsfeld_0066.ppm,53.2,8.417e-7,0.0002
lfw,all,rgb,rgb/Donald_Rumsfeld_0067.ppm,60.8,7.998e-7,0.0002
lfw,all,rgb,rgb/Donald_Rumsfeld_0068.ppm,60.2,8.452e-7,0.0002
lfw,all,rgb,rgb/Donald_Rumsfeld_0069.ppm,60.8,8.379e-7,0.0002
lfw,all,rgb,rgb/Donald_Rumsfeld_0070.ppm,61.0,7.448e-7,0.0001
lfw,all,rgb,rgb/Donald_Rumsfeld_0071.ppm,54.2,7.978e-7,0.0001
lfw,all,rgb,rgb/Donald_Rumsfeld_0072.ppm,59.1,7.502e-7,0.0002
lfw,all,rgb,rgb/Donald_Rumsfeld_0073.ppm,61.2,7.287e-7,0.0002
lfw,all,rgb,rgb/Donald_Rumsfeld_0074.ppm,44.2,9.330e-7,0.0002
lfw,all,rgb,rgb/Donald_Rumsfeld_0075.ppm,56.3,7.699e-7,0.0001
lfw,all,rgb,rgb/Donald_Rumsfeld_0076.ppm,46.9,1.003e-6,0.0002
lfw,all,rgb,rgb/Donald_Rumsfeld_0077.ppm,56.3,7.841e-7,0.0002
lfw,all,rgb,rgb/Donald_Rumsfeld_0078.ppm,56.8,8.035e-7,0.0001
lfw,all,rgb,rgb/Donald_Rumsfeld_0079.ppm,56.9,8.291e-7,0.0002
lfw,all,rgb,rgb/Donald_Rumsfeld_0080.ppm,56.7,7.162e-7,0.0001
lfw,all,rgb,rgb/Donald_Rumsfeld_0081.ppm,57.9,7.800e-7,0.0002
lfw,all,rgb,rgb/Donald_Rumsfeld_0082.ppm,53.0,8.674e-7,0.0001
lfw,all,rgb,rgb/Donald_Rumsfeld_0083.ppm,43.7,9.678e-7,0.0002
lfw,all,rgb,rgb/Donald_Rumsfeld_0084.ppm,59.0,7.316e-7,0.0002
lfw,all,rgb,rgb/Donald_Rumsfeld_0085.ppm,55.9,7.656e-7,0.0001
lfw,all,rgb,rgb/Donald_Rumsfeld_0086.ppm,55.3,7.538e-7,0.0002
lfw,all,rgb,rgb/Donald_Rumsfeld_0087.ppm,52.4,8.945e-7,0.0002
lfw,all,rgb,rgb/Donald_Rumsfeld_0088.ppm,52.9,8.461e-7,0.0001
lfw,all,rgb,rgb/Donald_Rumsfeld_0089.ppm,61.0,7.656e-7,0.0002
lfw,all,rgb,rgb/Donald_Rumsfeld_0090.ppm,59.3,7.380e-7,0.0001
lfw,all,rgb,rgb/Donald_Rumsfeld_0091.ppm,56.0,8.006e-7,0.0002
lfw,all,rgb,rgb/Donald_Rumsfeld_0092.ppm,62.0,7.072e-7,0.0001
lfw,all,rgb,rgb/Donald_Rumsfeld_0093.ppm,52.4,7.753e-7,0.0001
lfw,all,rgb,rgb/Donald_Rumsfeld_0094.ppm,55.9,7.957e-7,0.0001
lfw,all,rgb,rgb/Donald_Rumsfeld_0095.ppm,56.8,8.283e-7,0.0002
lfw,all,rgb,rgb/Donald_Rumsfeld_0096.ppm,56.7,8.121e-7,0.0002
lfw,all,rgb,rgb/Donald_Rumsfeld_0097.ppm,57.4,7.636e-7,0.0001
lfw,all,rgb,rgb/Donald_Rumsfeld_0098.ppm,55.5,7.398e-7,0.0001
lfw,all,rgb,rgb/Donald_Rumsfeld_0099.ppm,52.8,7.802e-7,0.0001
lfw,all,rgb,rgb/Donald_Rumsfeld_0100.ppm,60.2,7.462e-7,0.0002
lfw,all,rgb,rgb/Donald_Rumsfeld_0101.ppm,54.0,7.568e-7,0.0002
lfw,all,rgb,rgb/Donald_Rumsfeld_0102.ppm,56.1,7.734e-7,0.0002
lfw,all,rgb,rgb/Donald_Rumsfeld_0103.ppm,53.0,8.344e-7,0.0002
lfw,all,rgb,rgb/Donald_Rumsfeld_0104.ppm,51.1,1.099e-6,0.0002
lfw,all,rgb,rgb/Donald_Rumsfeld_0105.ppm,56.9,8.237e-7,0.0002
lfw,all,rgb,rgb/Donald_Rumsfeld_0106.ppm,55.8,7.990e-7,0.0001
lfw,all,rgb,rgb/Donald_Rumsfeld_0107.ppm,56.7,7.787e-7,0.0002
lfw,all,rgb,rgb/Donald_Rumsfeld_0108.ppm,56.4,8.016e-7,0.0002
lfw,all,rgb,rgb/Donald_Rumsfeld_0109.ppm,58.4,8.553e-7,0.0002
lfw,all,rgb,rgb/Donald_Rumsfeld_0110.ppm,59.1,8.616e-7,0.0002
lfw,all,rgb,rgb/Donald_Rumsfeld_0111.ppm,55.4,7.964e-7,0.0001
lfw,all,rgb,rgb/Donald_Rumsfeld_0112.ppm,56.2,7.726e-7,0.0002
lfw,all,rgb,rgb/Donald_Rumsfeld_0113.ppm,48.9,8.380e-7,0.0001
lfw,all,rgb,rgb/Donald_Rumsfeld_0114.ppm,55.4,8.373e-7,0.0002
lfw,all,rgb,rgb/Donald_Rumsfeld_0115.ppm,49.1,8.324e-7,0.0002
lfw,all,rgb,rgb/Donald_Rumsfeld_0116.ppm,77.5,6.410e-7,0.0002
lfw,all,rgb,rgb/Donald_Rumsfeld_0117.ppm,56.9,1.170e-6,0.0002
lfw,all,rgb,rgb/Donald_Rumsfeld_0118.ppm,58.4,7.217e-7,0.0001
lfw,all,rgb,rgb/Donald_Rumsfeld_0119.ppm,57.4,8.066e-7,0.0002
lfw,all,rgb,rgb/Donald_Rumsfeld_0120.ppm,57.0,8.450e-7,0.0002
lfw,all,rgb,rgb/Donald_Rumsfeld_0121.ppm,55.5,8.341e-7,0.0002
lfw,all,rgb,rgb/Donald_Trump_0001.ppm,59.2,6.537e-7,0.0001
lfw,all,rgb,rgb/Donatella_Versace_0001.ppm,58.4,7.060e-7,0.0002
lfw,all,rgb,rgb/Donatella_Versace_0002.ppm,62.1,5.774e-7,0.0001
lfw,all,rgb,rgb/Donatella_Versace_0003.ppm,50.6,6.735e-7,0.0001
lfw,all,rgb,rgb/Donna_Barrera_0001.ppm,66.0,6.216e-7,0.0002
lfw,all,rgb,rgb/Donna_Brazile_0001.ppm,63.8,6.905e-7,0.0002
lfw,all,rgb,rgb/Donna_Morrissey_0001.ppm,54.1,8.561e-7,0.0001
lfw,all,rgb,rgb/Donna_Ralston_0001.ppm,55.1,7.147e-7,0.0001
lfw,all,rgb,rgb/Donna_Shalala_0001.ppm,54.9,7.083e-7,0.0001
lfw,all,rgb,rgb/Donna_Shalala_0002.ppm,48.3,8.002e-7,0.0002
lfw,all,rgb,rgb/Donna_Walker_0001.ppm,65.8,6.437e-7,0.0001
lfw,all,rgb,rgb/Donnie_Brennan_0001.ppm,54.5,8.313e-7,0.0002
lfw,all,rgb,rgb/Donny_Osmond_0001.ppm,62.1,7.517e-7,0.0002
lfw,all,rgb,rgb/Dora_Bakoyianni_0001.ppm,64.9,7.156e-7,0.0002
lfw,all,rgb,rgb/Doris_Roberts_0001.ppm,57.2,7.823e-7,0.0002
lfw,all,rgb,rgb/Doris_Roberts_0002.ppm,58.1,8.203e-7,0.0001
lfw,all,rgb,rgb/Doris_Roberts_0003.ppm,59.8,7.295e-7,0.0001
lfw,all,rgb,rgb/Doris_Schroeder_0001.ppm,59.7,8.751e-7,0.0002
lfw,all,rgb,rgb/Doris_Schroeder_0002.ppm,61.8,7.916e-7,0.0002
lfw,all,rgb,rgb/Doris_Schroeder_0003.ppm,42.4,7.521e-7,0.0001
lfw,all,rgb,rgb/Doris_Schroeder_0004.ppm,62.8,7.041e-7,0.0001
lfw,all,rgb,rgb/Dorothy_Lamour_0001.ppm,62.4,6.464e-7,0.0001
lfw,all,rgb,rgb/Dorothy_Loudon_0001.ppm,61.5,6.455e-7,0.0001
lfw,all,rgb,rgb/Dorothy_Wilson_0001.ppm,66.5,6.538e-7,0.0001
lfw,all,rgb,rgb/Dorthy_Moxley_0001.ppm,52.5,7.091e-7,0.0001
lfw,all,rgb,rgb/Dorthy_Moxley_0002.ppm,52.0,7.434e-7,0.0001
lfw,all,rgb,rgb/Dot_Helms_0001.ppm,58.3,7.185e-7,0.0002
lfw,all,rgb,rgb/Doug_Christie_0001.ppm,54.5,9.064e-7,0.0002
lfw,all,rgb,rgb/Doug_Collins_0001.ppm,51.5,8.543e-7,0.0001
lfw,all,rgb,rgb/Doug_Collins_0002.ppm,53.5,8.447e-7,0.0002
lfw,all,rgb,rgb/Doug_Duncan_0001.ppm,58.5,7.225e-7,0.0001
lfw,all,rgb,rgb/Doug_Duncan_0002.ppm,55.0,7.627e-7,0.0001
lfw,all,rgb,rgb/Doug_Melvin_0001.ppm,58.5,6.760e-7,0.0002
lfw,all,rgb,rgb/Doug_Melvin_0002.ppm,57.4,7.526e-7,0.0001
lfw,all,rgb,rgb/Doug_Melvin_0003.ppm,57.1,7.517e-7,0.0001
lfw,all,rgb,rgb/Doug_Moe_0001.ppm,55.6,8.731e-7,0.0002
lfw,all,rgb,rgb/Doug_Racine_0001.ppm,62.0,7.807e-7,0.0001
lfw,all,rgb,rgb/Doug_Wilson_0001.ppm,53.9,7.751e-7,0.0002
lfw,all,rgb,rgb/Douglas_Faneuil_0001.ppm,58.2,7.036e-7,0.0002
lfw,all,rgb,rgb/Douglas_Gansler_0001.ppm,56.0,7.673e-7,0.0001
lfw,all,rgb,rgb/Douglas_Meester_0001.ppm,58.9,7.254e-7,0.0001
lfw,all,rgb,rgb/Douglas_Paal_0001.ppm,60.2,7.727e-7,0.0001
lfw,all,rgb,rgb/Dragan_Covic_0001.ppm,58.2,6.990e-7,0.0001
lfw,all,rgb,rgb/Drew_Barrymore_0001.ppm,58.4,8.075e-7,0.0002
lfw,all,rgb,rgb/Drew_Barrymore_0002.ppm,58.0,7.339e-7,0.0001
lfw,all,rgb,rgb/Drew_Bledsoe_0001.ppm,64.3,6.816e-7,0.0001
lfw,all,rgb,rgb/Drew_Gooden_0001.ppm,57.9,7.305e-7,0.0002
lfw,all,rgb,rgb/Du_Qinglin_0001.ppm,48.8,8.707e-7,0.0002
lfw,all,rgb,rgb/Duane_Barber_0001.ppm,53.8,7.565e-7,0.0002
lfw,all,rgb,rgb/Duane_Lee_Chapman_0001.ppm,64.9,6.925e-7,0.0002
lfw,all,rgb,rgb/Duane_Lee_Chapman_0002.ppm,60.2,8.007e-7,0.0002
lfw,all,rgb,rgb/Dudley_Rogers_0001.ppm,60.3,7.697e-7,0.0002
lfw,all,rgb,rgb/Dule_Hill_0001.ppm,61.6,7.751e-7,0.0001
lfw,all,rgb,rgb/Duncan_Fletcher_0001.ppm,56.9,7.315e-7,0.0001
lfw,all,rgb,rgb/Dunn_Lampton_0001.ppm,36.3,7.131e-7,0.0001
lfw,all,rgb,rgb/Dustan_Mohr_0001.ppm,56.4,9.003e-7,0.0002
lfw,all,rgb,rgb/Dustin_Brown_0001.ppm,61.0,6.579e-7,0.0001
lfw,all,rgb,rgb/Dustin_Hoffman_0001.ppm,51.2,8.007e-7,0.0001
lfw,all,rgb,rgb/Dusty_Baker_0001.ppm,57.6,7.785e-7,0.0001
lfw,all,rgb,rgb/Dwain_Kyles_0001.ppm,57.3,7.064e-7,0.0001
lfw,all,rgb,rgb/Dwayne_Johnson_0001.ppm,55.4,7.685e-7,0.0002
lfw,all,rgb,rgb/Dwayne_Johnson_0002.ppm,58.5,7.525e-7,0.0002
lfw,all,rgb,rgb/Dwayne_Wade_0001.ppm,61.5,6.471e-7,0.0002
lfw,all,rgb,rgb/Dwayne_Williams_0001.ppm,60.0,7.262e-7,0.0002
lfw,all,rgb,rgb/Dyab_Abou_Jahjah_0001.ppm,50.8,8.263e-7,0.0001
lfw,all,rgb,rgb/Dyana_Calub_0001.ppm,61.1,7.036e-7,0.0001
lfw,all,rgb,rgb/E_Clay_Shaw_0001.ppm,62.1,7.457e-7,0.0002
lfw,all,rgb,rgb/Earl_Campbell_0001.ppm,61.0,7.401e-7,0.0002
lfw,all,rgb,rgb/Earl_Counter_0001.ppm,54.2,8.593e-7,0.0002
lfw,all,rgb,rgb/Earl_Fritts_0001.ppm,64.9,6.484e-7,0.0001
lfw,all,rgb,rgb/Earl_Scruggs_0001.ppm,59.5,7.527e-7,0.0002
lfw,all,rgb,rgb/Ed_Book_0001.ppm,69.1,8.840e-7,0.0002
lfw,all,rgb,rgb/Ed_Case_0001.ppm,56.2,7.852e-7,0.0001
lfw,all,rgb,rgb/Ed_Mekertichian_0001.ppm,39.3,1.190e-6,0.0002
lfw,all,rgb,rgb/Ed_Rendell_0001.ppm,63.3,9.130e-7,0.0002
lfw,all,rgb,rgb/Ed_Rosenthal_0001.ppm,57.7,8.071e-7,0.0001
lfw,all,rgb,rgb/Ed_Rosenthal_0002.ppm,52.9,8.426e-7,0.0001
lfw,all,rgb,rgb/Ed_Rosenthal_0003.ppm,59.5,7.222e-7,0.0001
lfw,all,rgb,rgb/Ed_Smart_0001.ppm,64.5,7.118e-7,0.0002
lfw,all,rgb,rgb/Ed_Smart_0002.ppm,61.3,8.500e-7,0.0001
lfw,all,rgb,rgb/Ed_Smart_0003.ppm,64.5,6.778e-7,0.0002
lfw,all,rgb,rgb/Ed_Sullivan_0001.ppm,59.0,7.154e-7,0.0002
lfw,all,rgb,rgb/Ed_Wade_0001.ppm,56.9,7.861e-7,0.0002
lfw,all,rgb,rgb/Eddie_Compass_0001.ppm,53.4,8.456e-7,0.0002
lfw,all,rgb,rgb/Eddie_Fenech_Adami_0001.ppm,65.0,6.967e-7,0.0002
lfw,all,rgb,rgb/Eddie_Jordan_0001.ppm,54.1,7.392e-7,0.0002
lfw,all,rgb,rgb/Eddie_Lewis_0001.ppm,56.3,6.441e-7,0.0001
lfw,all,rgb,rgb/Eddie_Lucio_0001.ppm,51.2,7.147e-7,0.0001
lfw,all,rgb,rgb/Eddie_Murray_0001.ppm,63.3,6.572e-7,0.0001
lfw,all,rgb,rgb/Eddie_Sutton_0001.ppm,56.7,8.497e-7,0.0002
lfw,all,rgb,rgb/Eddie_Sutton_0002.ppm,54.0,7.691e-7,0.0001
lfw,all,rgb,rgb/Eddy_Hartenstein_0001.ppm,57.0,7.608e-7,0.0002
lfw,all,rgb,rgb/Eddy_Merckx_0001.ppm,54.8,7.225e-7,0.0001
lfw,all,rgb,rgb/Eddy_Merckx_0002.ppm,39.0,8.940e-7,0.0001
lfw,all,rgb,rgb/Edgar_Savisaar_0001.ppm,67.7,7.681e-7,0.0002
lfw,all,rgb,rgb/Edie_Falco_0001.ppm,59.4,7.384e-7,0.0002
lfw,all,rgb,rgb/Edie_Falco_0002.ppm,68.2,6.392e-7,0.0001
lfw,all,rgb,rgb/Edina_Batar_0001.ppm,53.5,7.158e-7,0.0001
lfw,all,rgb,rgb/Edith_Masai_0001.ppm,56.3,5.975e-7,0.0002
lfw,all,rgb,rgb/Edmund_Hillary_0001.ppm,63.2,7.564e-7,0.0002
lfw,all,rgb,rgb/Edmund_Hillary_0002.ppm,55.7,7.809e-7,0.0001
lfw,all,rgb,rgb/Edmund_Hillary_0003.ppm,55.1,7.647e-7,0.0002
lfw,all,rgb,rgb/Edmund_Stoiber_0001.ppm,65.8,6.860e-7,0.0001
lfw,all,rgb,rgb/Edmund_Stoiber_0002.ppm,61.4,6.460e-7,0.0001
lfw,all,rgb,rgb/Edmund_Stoiber_0003.ppm,75.9,6.297e-7,0.0002
lfw,all,rgb,rgb/Edmund_Stoiber_0004.ppm,58.8,7.727e-7,0.0001
lfw,all,rgb,rgb/Edmund_Stoiber_0005.ppm,63.1,8.207e-7,0.0002
lfw,all,rgb,rgb/Edmund_Stoiber_0006.ppm,61.3,7.340e-7,0.0001
lfw,all,rgb,rgb/Edmund_Stoiber_0007.ppm,64.0,6.723e-7,0.0002
lfw,all,rgb,rgb/Edmund_Stoiber_0008.ppm,63.5,8.018e-7,0.0002
lfw,all,rgb,rgb/Edmund_Stoiber_0009.ppm,65.1,7.847e-7,0.0002
lfw,all,rgb,rgb/Edmund_Stoiber_0010.ppm,64.3,6.592e-7,0.0002
lfw,all,rgb,rgb/Edmund_Stoiber_0011.ppm,61.7,6.900e-7,0.0001
lfw,all,rgb,rgb/Edmund_Stoiber_0012.ppm,55.7,7.922e-7,0.0001
lfw,all,rgb,rgb/Edmund_Stoiber_0013.ppm,53.9,7.315e-7,0.0001
lfw,all,rgb,rgb/Edouard_Michelin_0001.ppm,58.7,7.086e-7,0.0002
lfw,all,rgb,rgb/Eduard_Limonov_0001.ppm,66.0,6.718e-7,0.0002
lfw,all,rgb,rgb/Eduard_Shevardnadze_0001.ppm,58.9,7.158e-7,0.0001
lfw,all,rgb,rgb/Eduard_Shevardnadze_0002.ppm,59.9,7.412e-7,0.0002
lfw,all,rgb,rgb/Eduard_Shevardnadze_0003.ppm,54.6,8.771e-7,0.0002
lfw,all,rgb,rgb/Eduard_Shevardnadze_0004.ppm,58.7,7.031e-7,0.0001
lfw,all,rgb,rgb/Eduard_Shevardnadze_0005.ppm,55.5,7.648e-7,0.0002
lfw,all,rgb,rgb/Eduardo_Chillida_0001.ppm,54.4,7.687e-7,0.0001
lfw,all,rgb,rgb/Eduardo_Duhalde_0001.ppm,56.3,7.656e-7,0.0002
lfw,all,rgb,rgb/Eduardo_Duhalde_0002.ppm,55.6,7.272e-7,0.0001
lfw,all,rgb,rgb/Eduardo_Duhalde_0003.ppm,60.9,7.508e-7,0.0001
lfw,all,rgb,rgb/Eduardo_Duhalde_0004.ppm,57.0,7.412e-7,0.0001
lfw,all,rgb,rgb/Eduardo_Duhalde_0005.ppm,51.8,7.263e-7,0.0001
lfw,all,rgb,rgb/Eduardo_Duhalde_0006.ppm,58.7,8.985e-7,0.0002
lfw,all,rgb,rgb/Eduardo_Duhalde_0007.ppm,46.6,5.271e-7,0.0001
lfw,all,rgb,rgb/Eduardo_Duhalde_0008.ppm,48.0,7.288e-7,0.0001
lfw,all,rgb,rgb/Eduardo_Duhalde_0009.ppm,56.4,8.040e-7,0.0002
lfw,all,rgb,rgb/Eduardo_Duhalde_0010.ppm,56.8,7.829e-7,0.0001
lfw,all,rgb,rgb/Eduardo_Duhalde_0011.ppm,51.3,7.200e-7,0.0001
lfw,all,rgb,rgb/Eduardo_Duhalde_0012.ppm,44.7,8.878e-7,0.0001
lfw,all,rgb,rgb/Eduardo_Duhalde_0013.ppm,52.2,7.761e-7,0.0002
lfw,all,rgb,rgb/Eduardo_Duhalde_0014.ppm,53.4,7.781e-7,0.0001
lfw,all,rgb,rgb/Eduardo_Fischer_0001.ppm,65.6,7.887e-7,0.0002
lfw,all,rgb,rgb/Eduardo_Romero_0001.ppm,56.9,6.177e-7,0.0001
lfw,all,rgb,rgb/Edward_Albee_0001.ppm,56.3,6.984e-7,0.0001
lfw,all,rgb,rgb/Edward_Arsenault_0001.ppm,43.5,6.909e-7,0.0001
lfw,all,rgb,rgb/Edward_Belvin_0001.ppm,71.3,6.859e-7,0.0002
lfw,all,rgb,rgb/Edward_Burns_0001.ppm,61.9,6.662e-7,0.0002
lfw,all,rgb,rgb/Edward_Egan_0001.ppm,39.8,7.048e-7,0.0001
lfw,all,rgb,rgb/Edward_Flynn_0001.ppm,50.5,7.425e-7,0.0001
lfw,all,rgb,rgb/Edward_Greenspan_0001.ppm,62.5,6.131e-7,0.0001
lfw,all,rgb,rgb/Edward_James_Olmos_0001.ppm,44.0,7.992e-7,0.0002
lfw,all,rgb,rgb/Edward_James_Olmos_0002.ppm,58.8,7.692e-7,0.0002
lfw,all,rgb,rgb/Edward_Johnson_0001.ppm,54.3,8.643e-7,0.0001
lfw,all,rgb,rgb/Edward_Kennedy_0001.ppm,54.7,9.199e-7,0.0002
lfw,all,rgb,rgb/Edward_Kennedy_0002.ppm,55.7,6.841e-7,0.0001
lfw,all,rgb,rgb/Edward_Kennedy_0003.ppm,60.0,7.386e-7,0.0002
lfw,all,rgb,rgb/Edward_Lohn_0001.ppm,57.4,6.811e-7,0.0002
lfw,all,rgb,rgb/Edward_Lu_0001.ppm,45.7,8.164e-7,0.0001
lfw,all,rgb,rgb/Edward_Lu_0002.ppm,44.9,8.052e-7,0.0001
lfw,all,rgb,rgb/Edward_Lu_0003.ppm,51.7,7.584e-7,0.0001
lfw,all,rgb,rgb/Edward_Lu_0004.ppm,54.3,7.611e-7,0.0001
lfw,all,rgb,rgb/Edward_Lu_0005.ppm,51.1,9.269e-7,0.0002
lfw,all,rgb,rgb/Edward_Lu_0006.ppm,57.0,7.200e-7,0.0001
lfw,all,rgb,rgb/Edward_Norton_0001.ppm,47.5,8.565e-7,0.0002
lfw,all,rgb,rgb/Edward_Norton_0002.ppm,60.8,7.113e-7,0.0001
lfw,all,rgb,rgb/Edward_Said_0001.ppm,58.7,7.701e-7,0.0002
lfw,all,rgb,rgb/Edward_Said_0002.ppm,49.5,7.395e-7,0.0001
lfw,all,rgb,rgb/Edward_Seaga_0001.ppm,57.7,7.437e-7,0.0002
lfw,all,rgb,rgb/Edwin_Edwards_0001.ppm,51.9,7.808e-7,0.0002
lfw,all,rgb,rgb/Edwin_Edwards_0002.ppm,59.8,7.899e-7,0.0001
lfw,all,rgb,rgb/Edwin_Edwards_0003.ppm,58.3,6.544e-7,0.0001
lfw,all,rgb,rgb/Edwina_Currie_0001.ppm,56.6,7.104e-7,0.0001
lfw,all,rgb,rgb/Edwina_Currie_0002.ppm,55.6,7.004e-7,0.0002
lfw,all,rgb,rgb/Edwina_Currie_0003.ppm,59.4,7.304e-7,0.0002
lfw,all,rgb,rgb/Edwina_Currie_0004.ppm,56.9,6.500e-7,0.0001
lfw,all,rgb,rgb/Efrain_Rios_Montt_0001.ppm,52.0,7.367e-7,0.0001
lfw,all,rgb,rgb/Eglis_Yaima_Cruz_0001.ppm,70.8,7.130e-7,0.0002
lfw,all,rgb,rgb/Eileen_Coparropa_0001.ppm,61.5,6.801e-7,0.0002
lfw,all,rgb,rgb/Eileen_Coparropa_0002.ppm,64.3,6.480e-7,0.0002
lfw,all,rgb,rgb/Eileen_Coparropa_0003.ppm,52.1,7.551e-7,0.0001
lfw,all,rgb,rgb/Eileen_Spina_0001.ppm,53.6,7.112e-7,0.0001
lfw,all,rgb,rgb/Einars_Repse_0001.ppm,63.3,7.008e-7,0.0001
lfw,all,rgb,rgb/Ekaterina_Dmitriev_0001.ppm,59.4,6.725e-7,0.0001
lfw,all,rgb,rgb/Ekke_Hard_Forberg_0001.ppm,57.4,7.220e-7,0.0002
lfw,all,rgb,rgb/El_Hadji_Diouf_0001.ppm,59.1,7.100e-7,0.0002
lfw,all,rgb,rgb/Eladio_Larez_0001.ppm,61.3,7.362e-7,0.0002
lfw,all,rgb,rgb/Elaine_Chao_0001.ppm,53.2,7.118e-7,0.0002
lfw,all,rgb,rgb/Elaine_Stritch_0001.ppm,68.8,8.042e-7,0.0002
lfw,all,rgb,rgb/Elena_Bereznaya_0001.ppm,63.2,7.320e-7,0.0002
lfw,all,rgb,rgb/Elena_Bovina_0001.ppm,58.9,7.246e-7,0.0002
lfw,all,rgb,rgb/Elena_Bovina_0002.ppm,55.7,7.920e-7,0.0002
lfw,all,rgb,rgb/Elena_Bovina_0003.ppm,58.8,7.551e-7,0.0001
lfw,all,rgb,rgb/Elena_Dementieva_0001.ppm,59.3,7.462e-7,0.0002
lfw,all,rgb,rgb/Elena_Likhovtseva_0001.ppm,57.5,5.866e-7,0.0001
lfw,all,rgb,rgb/Elena_Tihomirova_0001.ppm,57.1,6.590e-7,0.0001
lfw,all,rgb,rgb/Elena_de_Chavez_0001.ppm,53.2,7.099e-7,0.0001
lfw,all,rgb,rgb/Elgin_Baylor_0001.ppm,55.3,7.132e-7,0.0001
lfw,all,rgb,rgb/Eli_Broad_0001.ppm,59.6,7.386e-7,0.0002
lfw,all,rgb,rgb/Eli_Rosenbaum_0001.ppm,53.0,8.415e-7,0.0002
lfw,all,rgb,rgb/Eli_Stutsman_0001.ppm,34.3,7.361e-7,0.0001
lfw,all,rgb,rgb/Eliane_Karp_0001.ppm,57.2,6.896e-7,0.0001
lfw,all,rgb,rgb/Eliane_Karp_0002.ppm,59.6,6.529e-7,0.0001
lfw,all,rgb,rgb/Eliane_Karp_0003.ppm,64.4,7.632e-7,0.0002
lfw,all,rgb,rgb/Eliane_Karp_0004.ppm,64.7,6.784e-7,0.0002
lfw,all,rgb,rgb/Elias_Attallah_0001.ppm,57.5,7.619e-7,0.0002
lfw,all,rgb,rgb/Elijah_Wood_0001.ppm,66.0,6.379e-7,0.0002
lfw,all,rgb,rgb/Elijah_Wood_0002.ppm,70.7,6.129e-7,0.0001
lfw,all,rgb,rgb/Elijah_Wood_0003.ppm,61.7,7.168e-7,0.0002
lfw,all,rgb,rgb/Elijan_Ingram_0001.ppm,58.6,7.556e-7,0.0001
lfw,all,rgb,rgb/Elin_Nordegren_0001.ppm,67.9,7.759e-7,0.0002
lfw,all,rgb,rgb/Elin_Nordegren_0002.ppm,59.6,6.845e-7,0.0001
lfw,all,rgb,rgb/Elinor_Caplan_0001.ppm,57.6,5.936e-7,0.0001
lfw,all,rgb,rgb/Elinor_Caplan_0002.ppm,57.0,7.655e-7,0.0002
lfw,all,rgb,rgb/Eliott_Spitzer_0001.ppm,58.4,7.036e-7,0.0001
lfw,all,rgb,rgb/Elisabeth_Schumacher_0001.ppm,57.6,6.890e-7,0.0001
lfw,all,rgb,rgb/Elisabeth_Schumacher_0002.ppm,57.4,7.499e-7,0.0001
lfw,all,rgb,rgb/Elisabeth_Welch_0001.ppm,60.1,6.508e-7,0.0001
lfw,all,rgb,rgb/Elisha_Cuthbert_0001.ppm,62.3,6.668e-7,0.0001
lfw,all,rgb,rgb/Eliza_Dushku_0001.ppm,55.3,6.893e-7,0.0001
lfw,all,rgb,rgb/Eliza_Manningham-Buller_0001.ppm,57.2,6.734e-7,0.0001
lfw,all,rgb,rgb/Elizabeth_Berkeley_0001.ppm,56.0,6.458e-7,0.0001
lfw,all,rgb,rgb/Elizabeth_Dole_0001.ppm,47.5,8.811e-7,0.0002
lfw,all,rgb,rgb/Elizabeth_Dole_0002.ppm,54.6,7.942e-7,0.0002
lfw,all,rgb,rgb/Elizabeth_Dole_0003.ppm,57.0,8.248e-7,0.0001
lfw,all,rgb,rgb/Elizabeth_Dole_0004.ppm,60.6,7.432e-7,0.0002
lfw,all,rgb,rgb/Elizabeth_Hill_0001.ppm,58.5,7.062e-7,0.0002
lfw,all,rgb,rgb/Elizabeth_Hurley_0001.ppm,61.0,7.487e-7,0.0001
lfw,all,rgb,rgb/Elizabeth_Hurley_0002.ppm,64.4,7.040e-7,0.0001
lfw,all,rgb,rgb/Elizabeth_Hurley_0003.ppm,67.0,7.221e-7,0.0002
lfw,all,rgb,rgb/Elizabeth_Hurley_0004.ppm,62.2,7.691e-7,0.0001
lfw,all,rgb,rgb/Elizabeth_Hurley_0005.ppm,60.9,7.160e-7,0.0001
lfw,all,rgb,rgb/Elizabeth_Pena_0001.ppm,59.7,6.834e-7,0.0002
lfw,all,rgb,rgb/Elizabeth_Regan_0001.ppm,63.6,7.061e-7,0.0001
lfw,all,rgb,rgb/Elizabeth_Shue_0001.ppm,54.7,8.113e-7,0.0002
lfw,all,rgb,rgb/Elizabeth_Shue_0002.ppm,61.7,7.131e-7,0.0001
lfw,all,rgb,rgb/Elizabeth_Smart_0001.ppm,63.4,6.207e-7,0.0001
lfw,all,rgb,rgb/Elizabeth_Smart_0002.ppm,62.3,6.849e-7,0.0001
lfw,all,rgb,rgb/Elizabeth_Smart_0003.ppm,61.9,6.886e-7,0.0002
lfw,all,rgb,rgb/Elizabeth_Smart_0004.ppm,61.8,5.931e-7,0.0001
lfw,all,rgb,rgb/Elizabeth_Smart_0005.ppm,68.0,6.381e-7,0.0001
lfw,all,rgb,rgb/Elizabeth_Taylor_0001.ppm,62.0,6.950e-7,0.0001
lfw,all,rgb,rgb/Elizabeth_Taylor_0002.ppm,63.7,7.519e-7,0.0002
lfw,all,rgb,rgb/Ellen_Barkin_0001.ppm,59.4,6.551e-7,0.0001
lfw,all,rgb,rgb/Ellen_DeGeneres_0001.ppm,61.2,7.156e-7,0.0002
lfw,all,rgb,rgb/Ellen_DeGeneres_0002.ppm,62.5,7.643e-7,0.0002
lfw,all,rgb,rgb/Ellen_Engleman_0001.ppm,54.6,8.218e-7,0.0002
lfw,all,rgb,rgb/Ellen_Engleman_0002.ppm,58.6,6.528e-7,0.0001
lfw,all,rgb,rgb/Ellen_MacArthur_0001.ppm,59.8,6.420e-7,0.0001
lfw,all,rgb,rgb/Ellen_Martin_0001.ppm,61.4,6.423e-7,0.0001
lfw,all,rgb,rgb/Ellen_Pompeo_0001.ppm,58.8,6.751e-7,0.0001
lfw,all,rgb,rgb/Ellen_Saracini_0001.ppm,52.2,7.320e-7,0.0001
lfw,all,rgb,rgb/Elliott_Mincberg_0001.ppm,55.8,7.516e-7,0.0001
lfw,all,rgb,rgb/Elmar_Brok_0001.ppm,60.7,7.382e-7,0.0001
lfw,all,rgb,rgb/Elodie_Bouchez_0001.ppm,63.2,7.060e-7,0.0002
lfw,all,rgb,rgb/Eloy_Gutierrez_0001.ppm,60.6,7.309e-7,0.0001
lfw,all,rgb,rgb/Elsa_Zylberstein_0001.ppm,53.9,7.017e-7,0.0002
lfw,all,rgb,rgb/Elsa_Zylberstein_0002.ppm,59.3,6.652e-7,0.0001
lfw,all,rgb,rgb/Elsa_Zylberstein_0003.ppm,52.6,7.567e-7,0.0001
lfw,all,rgb,rgb/Elsa_Zylberstein_0004.ppm,58.9,7.470e-7,0.0002
lfw,all,rgb,rgb/Elsa_Zylberstein_0005.ppm,56.1,7.783e-7,0.0002
lfw,all,rgb,rgb/Elsa_Zylberstein_0006.ppm,50.1,8.208e-7,0.0001
lfw,all,rgb,rgb/Elton_John_0001.ppm,63.6,7.030e-7,0.0002
lfw,all,rgb,rgb/Elton_John_0002.ppm,51.8,7.534e-7,0.0001
lfw,all,rgb,rgb/Elton_John_0003.ppm,61.5,8.344e-7,0.0002
lfw,all,rgb,rgb/Elton_John_0004.ppm,52.4,8.095e-7,0.0001
lfw,all,rgb,rgb/Elton_John_0005.ppm,59.5,6.964e-7,0.0002
lfw,all,rgb,rgb/Elton_John_0006.ppm,59.9,6.926e-7,0.0002
lfw,all,rgb,rgb/Elton_John_0007.ppm,58.7,6.997e-7,0.0001
lfw,all,rgb,rgb/Elva_Hsiao_0001.ppm,57.0,7.840e-7,0.0002
lfw,all,rgb,rgb/Elvis_Costello_0001.ppm,45.7,7.111e-7,0.0001
lfw,all,rgb,rgb/Elvis_Presley_0001.ppm,58.5,6.800e-7,0.0001
lfw,all,rgb,rgb/Elvis_Presley_0002.ppm,59.7,6.834e-7,0.0002
lfw,all,rgb,rgb/Elvis_Stojko_0001.ppm,61.1,6.685e-7,0.0002
lfw,all,rgb,rgb/Emanuel_Ginobili_0001.ppm,46.4,7.448e-7,0.0001
lfw,all,rgb,rgb/Emanuel_Ginobili_0002.ppm,47.5,7.686e-7,0.0001
lfw,all,rgb,rgb/Emanuel_Ginobili_0003.ppm,59.4,6.989e-7,0.0001
lfw,all,rgb,rgb/Emanuel_Ginobili_0004.ppm,46.0,8.595e-7,0.0001
lfw,all,rgb,rgb/Emanuel_Ginobili_0005.ppm,54.0,8.502e-7,0.0002
lfw,all,rgb,rgb/Emelie_Loit_0001.ppm,55.1,7.408e-7,0.0001
lfw,all,rgb,rgb/Emile_Lahoud_0001.ppm,59.6,1.105e-6,0.0002
lfw,all,rgb,rgb/Emile_Lahoud_0002.ppm,60.2,8.090e-7,0.0002
lfw,all,rgb,rgb/Emilio_Azcarraga_Jean_0001.ppm,53.9,7.977e-7,0.0002
lfw,all,rgb,rgb/Emilio_Botin_0001.ppm,58.3,7.810e-7,0.0002
lfw,all,rgb,rgb/Emily_Mason_0001.ppm,61.5,7.188e-7,0.0002
lfw,all,rgb,rgb/Emily_Mortimer_0001.ppm,66.0,6.035e-7,0.0001
lfw,all,rgb,rgb/Emily_Robison_0001.ppm,55.8,7.773e-7,0.0002
lfw,all,rgb,rgb/Emily_Robison_0002.ppm,54.3,8.502e-7,0.0001
lfw,all,rgb,rgb/Emily_Stevens_0001.ppm,63.7,6.879e-7,0.0001
lfw,all,rgb,rgb/Eminem_0001.ppm,53.9,7.643e-7,0.0002
lfw,all,rgb,rgb/Emma_Nicholson_0001.ppm,59.2,8.001e-7,0.0001
lfw,all,rgb,rgb/Emma_Thompson_0001.ppm,57.3,7.866e-7,0.0002
lfw,all,rgb,rgb/Emma_Thompson_0002.ppm,59.8,7.066e-7,0.0001
lfw,all,rgb,rgb/Emma_Thompson_0003.ppm,60.0,7.302e-7,0.0001
lfw,all,rgb,rgb/Emma_Watson_0001.ppm,63.9,6.728e-7,0.0001
lfw,all,rgb,rgb/Emma_Watson_0002.ppm,62.2,6.688e-7,0.0001
lfw,all,rgb,rgb/Emma_Watson_0003.ppm,61.0,6.782e-7,0.0001
lfw,all,rgb,rgb/Emma_Watson_0004.ppm,61.9,6.510e-7,0.0001
lfw,all,rgb,rgb/Emma_Watson_0005.ppm,61.9,7.240e-7,0.0002
lfw,all,rgb,rgb/Emmanuel_Filiberto_0001.ppm,57.9,7.604e-7,0.0001
lfw,all,rgb,rgb/Emmanuel_Milingo_0001.ppm,64.1,6.880e-7,0.0002
lfw,all,rgb,rgb/Emmanuelle_Beart_0001.ppm,57.6,7.580e-7,0.0002
lfw,all,rgb,rgb/Emmanuelle_Beart_0002.ppm,51.6,7.424e-7,0.0001
lfw,all,rgb,rgb/Emmanuelle_Beart_0003.ppm,54.4,7.432e-7,0.0002
lfw,all,rgb,rgb/Emmanuelle_Jagodsinski_0001.ppm,62.0,7.794e-7,0.0001
lfw,all,rgb,rgb/Emmit_Smith_0001.ppm,64.9,6.520e-7,0.0001
lfw,all,rgb,rgb/Emmit_Smith_0002.ppm,64.5,7.117e-7,0.0002
lfw,all,rgb,rgb/Emmy_Rossum_0001.ppm,59.0,7.237e-7,0.0002
lfw,all,rgb,rgb/Emyr_Jones_Parry_0001.ppm,64.6,7.296e-7,0.0002
lfw,all,rgb,rgb/Enola_Rice_0001.ppm,59.6,6.766e-7,0.0001
lfw,all,rgb,rgb/Enos_Slaughter_0001.ppm,63.5,7.062e-7,0.0001
lfw,all,rgb,rgb/Enrica_Fico_0001.ppm,61.0,6.684e-7,0.0001
lfw,all,rgb,rgb/Enrik_Vendt_0001.ppm,60.4,6.783e-7,0.0001
lfw,all,rgb,rgb/Enrique_Bolanos_0001.ppm,70.1,7.097e-7,0.0001
lfw,all,rgb,rgb/Enrique_Bolanos_0002.ppm,56.9,7.342e-7,0.0001
lfw,all,rgb,rgb/Enrique_Bolanos_0003.ppm,59.8,7.983e-7,0.0001
lfw,all,rgb,rgb/Enrique_Bolanos_0004.ppm,58.0,7.511e-7,0.0002
lfw,all,rgb,rgb/Enrique_Bolanos_0005.ppm,66.4,7.004e-7,0.0001
lfw,all,rgb,rgb/Enrique_Haroldo_Gorriaran_Merlo_0001.ppm,57.4,7.162e-7,0.0002
lfw,all,rgb,rgb/Enrique_Iglesias_0001.ppm,54.8,7.750e-7,0.0001
lfw,all,rgb,rgb/Enrique_Medina_Gomez_0001.ppm,48.8,1.050e-6,0.0002
lfw,all,rgb,rgb/Enrique_Oliu_0001.ppm,59.3,6.871e-7,0.0001
lfw,all,rgb,rgb/Eric_Bana_0001.ppm,67.4,7.353e-7,0.0002
lfw,all,rgb,rgb/Eric_Benet_0001.ppm,62.6,7.010e-7,0.0002
lfw,all,rgb,rgb/Eric_Christian_Olsen_0001.ppm,62.5,7.392e-7,0.0002
lfw,all,rgb,rgb/Eric_Clapton_0001.ppm,62.0,8.058e-7,0.0002
lfw,all,rgb,rgb/Eric_Clapton_0002.ppm,57.5,8.075e-7,0.0001
lfw,all,rgb,rgb/Eric_Daze_0001.ppm,55.6,7.152e-7,0.0002
lfw,all,rgb,rgb/Eric_Dubin_0001.ppm,54.6,8.095e-7,0.0001
lfw,all,rgb,rgb/Eric_Fehr_0001.ppm,57.9,7.348e-7,0.0002
lfw,all,rgb,rgb/Eric_Hinske_0001.ppm,72.5,6.500e-7,0.0002
lfw,all,rgb,rgb/Eric_Hinske_0002.ppm,61.4,6.939e-7,0.0002
lfw,all,rgb,rgb/Eric_Idle_0001.ppm,63.9,7.828e-7,0.0001
lfw,all,rgb,rgb/Eric_Lindros_0001.ppm,52.7,9.337e-7,0.0002
lfw,all,rgb,rgb/Eric_Lloyd_0001.ppm,61.2,7.497e-7,0.0002
lfw,all,rgb,rgb/Eric_Robert_Rudolph_0001.ppm,59.8,7.111e-7,0.0001
lfw,all,rgb,rgb/Eric_Robert_Rudolph_0002.ppm,64.1,7.088e-7,0.0001
lfw,all,rgb,rgb/Eric_Robert_Rudolph_0003.ppm,57.5,7.279e-7,0.0001
lfw,all,rgb,rgb/Eric_Rosser_0001.ppm,74.2,6.969e-7,0.0002
lfw,all,rgb,rgb/Eric_Rosser_0002.ppm,60.3,8.321e-7,0.0002
lfw,all,rgb,rgb/Eric_Ryan_Donnelly_0001.ppm,60.2,7.691e-7,0.0002
lfw,all,rgb,rgb/Eric_Schacht_0001.ppm,60.5,6.489e-7,0.0002
lfw,all,rgb,rgb/Eric_Shinseki_0001.ppm,50.3,8.643e-7,0.0001
lfw,all,rgb,rgb/Eric_Snow_0001.ppm,61.1,6.809e-7,0.0002
lfw,all,rgb,rgb/Eric_Staal_0001.ppm,63.1,6.874e-7,0.0001
lfw,all,rgb,rgb/Eric_Taino_0001.ppm,57.3,7.530e-7,0.0001
lfw,all,rgb,rgb/Eric_Vigouroux_0001.ppm,58.6,7.584e-7,0.0001
lfw,all,rgb,rgb/Eric_Wedge_0001.ppm,56.5,7.592e-7,0.0002
lfw,all,rgb,rgb/Erick_Barkley_0001.ppm,60.6,6.376e-7,0.0001
lfw,all,rgb,rgb/Erik_Morales_0001.ppm,59.6,6.479e-7,0.0001
lfw,all,rgb,rgb/Erik_Morales_0002.ppm,57.4,7.456e-7,0.0001
lfw,all,rgb,rgb/Erik_Morales_0003.ppm,60.5,7.325e-7,0.0002
lfw,all,rgb,rgb/Erika_Christensen_0001.ppm,63.0,6.924e-7,0.0002
lfw,all,rgb,rgb/Erika_Christensen_0002.ppm,63.1,7.298e-7,0.0001
lfw,all,rgb,rgb/Erika_Harold_0001.ppm,62.8,7.130e-7,0.0002
lfw,all,rgb,rgb/Erika_Harold_0002.ppm,57.7,7.376e-7,0.0002
lfw,all,rgb,rgb/Erika_Harold_0003.ppm,53.3,7.114e-7,0.0002
lfw,all,rgb,rgb/Erika_Harold_0004.ppm,61.7,8.213e-7,0.0002
lfw,all,rgb,rgb/Erika_Harold_0005.ppm,61.0,7.050e-7,0.0001
lfw,all,rgb,rgb/Erika_Reyes_0001.ppm,67.3,6.368e-7,0.0002
lfw,all,rgb,rgb/Eriko_Tamura_0001.ppm,56.8,6.770e-7,0.0001
lfw,all,rgb,rgb/Erin_Brockovich_0001.ppm,60.3,7.772e-7,0.0002
lfw,all,rgb,rgb/Erin_Hershey_Presley_0001.ppm,57.4,8.113e-7,0.0001
lfw,all,rgb,rgb/Erin_Runnion_0001.ppm,58.9,7.191e-7,0.0002
lfw,all,rgb,rgb/Erin_Runnion_0002.ppm,61.6,7.210e-7,0.0002
lfw,all,rgb,rgb/Erin_Runnion_0003.ppm,55.4,7.834e-7,0.0001
lfw,all,rgb,rgb/Erin_Runnion_0004.ppm,54.0,8.253e-7,0.0002
lfw,all,rgb,rgb/Ernest_Hollings_0001.ppm,53.2,7.226e-7,0.0001
lfw,all,rgb,rgb/Ernesto_Zedillo_0001.ppm,57.1,7.334e-7,0.0002
lfw,all,rgb,rgb/Ernesto_Zedillo_0002.ppm,59.7,7.270e-7,0.0001
lfw,all,rgb,rgb/Ernie_Els_0001.ppm,69.4,5.976e-7,0.0001
lfw,all,rgb,rgb/Ernie_Els_0002.ppm,52.9,6.374e-7,0.0001
lfw,all,rgb,rgb/Ernie_Els_0003.ppm,59.4,6.371e-7,0.0001
lfw,all,rgb,rgb/Ernie_Els_0004.ppm,59.7,6.058e-7,0.0001
lfw,all,rgb,rgb/Ernie_Eves_0001.ppm,48.7,9.537e-7,0.0002
lfw,all,rgb,rgb/Ernie_Eves_0002.ppm,52.0,8.112e-7,0.0001
lfw,all,rgb,rgb/Ernie_Fletcher_0001.ppm,58.9,6.951e-7,0.0002
lfw,all,rgb,rgb/Ernie_Fletcher_0002.ppm,57.2,7.287e-7,0.0002
lfw,all,rgb,rgb/Ernie_Grunfeld_0001.ppm,54.9,7.511e-7,0.0001
lfw,all,rgb,rgb/Ernie_Harwell_0001.ppm,66.2,6.980e-7,0.0002
lfw,all,rgb,rgb/Ernie_Preate_0001.ppm,55.1,7.757e-7,0.0002
lfw,all,rgb,rgb/Ernie_Stewart_0001.ppm,65.8,5.822e-7,0.0001
lfw,all,rgb,rgb/Erskine_Bowles_0001.ppm,54.8,8.336e-7,0.0002
lfw,all,rgb,rgb/Erwin_Abdullah_0001.ppm,53.7,6.948e-7,0.0002
lfw,all,rgb,rgb/Erwin_Mapasseng_0001.ppm,54.5,7.369e-7,0.0002
lfw,all,rgb,rgb/Esad_Landzo_0001.ppm,60.9,7.146e-7,0.0001
lfw,all,rgb,rgb/Esteban_Cordoba-Velazquez_0001.ppm,49.4,8.082e-7,0.0001
lfw,all,rgb,rgb/Estella_Warren_0001.ppm,61.7,6.531e-7,0.0001
lfw,all,rgb,rgb/Estelle_Morris_0001.ppm,65.3,6.774e-7,0.0002
lfw,all,rgb,rgb/Ester_Canadas_0001.ppm,59.1,8.069e-7,0.0002
lfw,all,rgb,rgb/Esther_Macklin_0001.ppm,55.0,7.422e-7,0.0001
lfw,all,rgb,rgb/Ethan_Hawke_0001.ppm,57.2,6.831e-7,0.0001
lfw,all,rgb,rgb/Ethan_Hawke_0002.ppm,56.6,7.654e-7,0.0002
lfw,all,rgb,rgb/Ethan_Hawke_0003.ppm,62.0,6.463e-7,0.0001
lfw,all,rgb,rgb/Ethan_Hawke_0004.ppm,58.5,6.954e-7,0.0001
lfw,all,rgb,rgb/Etta_James_0001.ppm,56.9,6.692e-7,0.0001
lfw,all,rgb,rgb/Eugene_Melnyk_0001.ppm,57.2,6.656e-7,0.0001
lfw,all,rgb,rgb/Eugene_Teslovic_0001.ppm,56.3,7.755e-7,0.0002
lfw,all,rgb,rgb/Eunice_Barber_0001.ppm,67.3,5.917e-7,0.0001
lfw,all,rgb,rgb/Eunice_Barber_0002.ppm,62.0,6.267e-7,0.0001
lfw,all,rgb,rgb/Eurico_Guterres_0001.ppm,56.8,6.915e-7,0.0002
lfw,all,rgb,rgb/Eva_Amurri_0001.ppm,58.2,6.908e-7,0.0001
lfw,all,rgb,rgb/Eva_Dimas_0001.ppm,55.8,8.402e-7,0.0002
lfw,all,rgb,rgb/Eva_Dimas_0002.ppm,58.6,7.054e-7,0.0001
lfw,all,rgb,rgb/Eva_Herzigova_0001.ppm,61.2,6.302e-7,0.0002
lfw,all,rgb,rgb/Eva_Marie_Saint_0001.ppm,64.9,7.294e-7,0.0002
lfw,all,rgb,rgb/Eva_Mendes_0001.ppm,61.6,7.784e-7,0.0002
lfw,all,rgb,rgb/Evan_Marriott_0001.ppm,56.3,6.814e-7,0.0002
lfw,all,rgb,rgb/Evan_Rachel_Wood_0001.ppm,64.2,7.463e-7,0.0002
lfw,all,rgb,rgb/Evan_Rachel_Wood_0002.ppm,57.6,6.805e-7,0.0002
lfw,all,rgb,rgb/Evan_Rachel_Wood_0003.ppm,59.6,7.102e-7,0.0002
lfw,all,rgb,rgb/Evander_Holyfield_0001.ppm,57.5,7.742e-7,0.0002
lfw,all,rgb,rgb/Evander_Holyfield_0002.ppm,58.7,7.736e-7,0.0002
lfw,all,rgb,rgb/Eve_Ensler_0001.ppm,64.7,6.403e-7,0.0001
lfw,all,rgb,rgb/Eve_Pelletier_0001.ppm,62.8,7.499e-7,0.0002
lfw,all,rgb,rgb/Eve_Pelletier_0002.ppm,56.7,7.695e-7,0.0001
lfw,all,rgb,rgb/Evelyn_Lauder_0001.ppm,60.9,7.100e-7,0.0002
lfw,all,rgb,rgb/Evgeni_Plushenko_0001.ppm,59.5,7.136e-7,0.0002
lfw,all,rgb,rgb/Evie_Lazarou_0001.ppm,57.5,6.865e-7,0.0001
lfw,all,rgb,rgb/Evo_Morales_0001.ppm,56.4,7.084e-7,0.0001
lfw,all,rgb,rgb/Ewan_McGregor_0001.ppm,59.2,7.111e-7,0.0001
lfw,all,rgb,rgb/Fabian_Vargas_0001.ppm,53.0,7.282e-7,0.0001
lfw,all,rgb,rgb/Fabiola_Zuluaga_0001.ppm,56.3,6.972e-7,0.0001
lfw,all,rgb,rgb/Fabiola_Zuluaga_0002.ppm,54.9,7.325e-7,0.0001
lfw,all,rgb,rgb/Fabrice_Santoro_0001.ppm,56.5,7.341e-7,0.0002
lfw,all,rgb,rgb/Fabrice_Santoro_0002.ppm,59.5,7.390e-7,0.0002
lfw,all,rgb,rgb/Fabrice_Santoro_0003.ppm,55.7,7.143e-7,0.0002
lfw,all,rgb,rgb/Fabricio_Oberto_0001.ppm,59.0,6.772e-7,0.0001
lfw,all,rgb,rgb/Faisal_Iqbal_0001.ppm,59.4,7.810e-7,0.0001
lfw,all,rgb,rgb/Faisal_Saleh_Hayat_0001.ppm,59.3,6.177e-7,0.0001
lfw,all,rgb,rgb/Fann_Wong_0001.ppm,74.7,6.059e-7,0.0002
lfw,all,rgb,rgb/Farida_Ragoonanan_0001.ppm,57.5,6.484e-7,0.0002
lfw,all,rgb,rgb/Farouk_Kaddoumi_0001.ppm,63.4,7.038e-7,0.0002
lfw,all,rgb,rgb/Farouk_al-Sharaa_0001.ppm,49.5,7.922e-7,0.0001
lfw,all,rgb,rgb/Farouk_al-Sharaa_0002.ppm,49.5,8.648e-7,0.0002
lfw,all,rgb,rgb/Farouk_al-Sharaa_0003.ppm,54.7,7.121e-7,0.0002
lfw,all,rgb,rgb/Fatma_Kusibeh_0001.ppm,49.6,7.831e-7,0.0002
lfw,all,rgb,rgb/Fatmir_Limaj_0001.ppm,59.0,7.134e-7,0.0002
lfw,all,rgb,rgb/Faye_Alibocus_0001.ppm,55.0,7.640e-7,0.0001
lfw,all,rgb,rgb/Faye_Dunaway_0001.ppm,61.1,6.451e-7,0.0001
lfw,all,rgb,rgb/Faye_Dunaway_0002.ppm,59.2,6.880e-7,0.0001
lfw,all,rgb,rgb/Faye_Dunaway_0003.ppm,56.8,7.261e-7,0.0002
lfw,all,rgb,rgb/Faye_Wong_0001.ppm,59.9,7.014e-7,0.0002
lfw,all,rgb,rgb/Fayssal_Mekdad_0001.ppm,57.8,7.327e-7,0.0001
lfw,all,rgb,rgb/Fayssal_Mekdad_0002.ppm,56.5,7.861e-7,0.0002
lfw,all,rgb,rgb/Fayssal_Mekdad_0003.ppm,52.9,7.832e-7,0.0001
lfw,all,rgb,rgb/Fayssal_Mekdad_0004.ppm,57.7,7.570e-7,0.0002
lfw,all,rgb,rgb/Fazal-ur-Rehman_0001.ppm,64.7,6.411e-7,0.0002
lfw,all,rgb,rgb/Federico_Castelan_Sayre_0001.ppm,55.7,7.443e-7,0.0001
lfw,all,rgb,rgb/Federico_Fellini_0001.ppm,66.3,5.963e-7,0.0001
lfw,all,rgb,rgb/Federico_Trillo_0001.ppm,43.8,9.488e-7,0.0002
lfw,all,rgb,rgb/Federico_Trillo_0002.ppm,45.1,8.758e-7,0.0002
lfw,all,rgb,rgb/Federico_Trillo_0003.ppm,56.3,7.385e-7,0.0001
lfw,all,rgb,rgb/Feliciano_Lopez_0001.ppm,53.5,6.767e-7,0.0001
lfw,all,rgb,rgb/Felicity_Huffman_0001.ppm,64.3,6.828e-7,0.0002
lfw,all,rgb,rgb/Felipe_De_Borbon_0001.ppm,60.1,7.142e-7,0.0001
lfw,all,rgb,rgb/Felipe_Fernandez_0001.ppm,63.3,7.180e-7,0.0002
lfw,all,rgb,rgb/Felipe_Perez_Roque_0001.ppm,60.9,6.681e-7,0.0002
lfw,all,rgb,rgb/Felipe_Perez_Roque_0002.ppm,60.5,7.077e-7,0.0001
lfw,all,rgb,rgb/Felipe_Perez_Roque_0003.ppm,50.4,7.502e-7,0.0001
lfw,all,rgb,rgb/Felipe_Perez_Roque_0004.ppm,60.3,6.859e-7,0.0001
lfw,all,rgb,rgb/Felix_Doh_0001.ppm,69.9,7.101e-7,0.0002
lfw,all,rgb,rgb/Felix_Mantilla_0001.ppm,48.9,9.616e-7,0.0002
lfw,all,rgb,rgb/Felix_Mantilla_0002.ppm,57.4,6.992e-7,0.0001
lfw,all,rgb,rgb/Felix_Sanchez_0001.ppm,59.0,7.567e-7,0.0002
lfw,all,rgb,rgb/Felix_Trinidad_0001.ppm,57.6,8.111e-7,0.0002
lfw,all,rgb,rgb/Ferenc_Madl_0001.ppm,58.3,7.238e-7,0.0001
lfw,all,rgb,rgb/Ferenc_Madl_0002.ppm,59.6,7.725e-7,0.0002
lfw,all,rgb,rgb/Fernando_Alonso_0001.ppm,60.6,6.745e-7,0.0001
lfw,all,rgb,rgb/Fernando_Gonzalez_0001.ppm,48.9,6.483e-7,0.0001
lfw,all,rgb,rgb/Fernando_Gonzalez_0002.ppm,57.8,7.721e-7,0.0001
lfw,all,rgb,rgb/Fernando_Gonzalez_0003.ppm,66.6,6.453e-7,0.0001
lfw,all,rgb,rgb/Fernando_Gonzalez_0004.ppm,64.0,6.442e-7,0.0001
lfw,all,rgb,rgb/Fernando_Gonzalez_0005.ppm,65.6,6.967e-7,0.0001
lfw,all,rgb,rgb/Fernando_Gonzalez_0006.ppm,66.1,6.881e-7,0.0002
lfw,all,rgb,rgb/Fernando_Gonzalez_0007.ppm,58.2,6.743e-7,0.0001
lfw,all,rgb,rgb/Fernando_Gonzalez_0008.ppm,60.4,7.762e-7,0.0002
lfw,all,rgb,rgb/Fernando_Gonzalez_0009.ppm,62.3,6.998e-7,0.0002
lfw,all,rgb,rgb/Fernando_Henrique_Cardoso_0001.ppm,64.4,7.111e-7,0.0002
lfw,all,rgb,rgb/Fernando_Henrique_Cardoso_0002.ppm,54.2,7.550e-7,0.0001
lfw,all,rgb,rgb/Fernando_Henrique_Cardoso_0003.ppm,59.8,7.500e-7,0.0002
lfw,all,rgb,rgb/Fernando_Henrique_Cardoso_0004.ppm,59.0,7.719e-7,0.0001
lfw,all,rgb,rgb/Fernando_Henrique_Cardoso_0005.ppm,45.4,8.925e-7,0.0002
lfw,all,rgb,rgb/Fernando_Henrique_Cardoso_0006.ppm,57.0,8.323e-7,0.0001
lfw,all,rgb,rgb/Fernando_Henrique_Cardoso_0007.ppm,60.7,8.136e-7,0.0002
lfw,all,rgb,rgb/Fernando_Henrique_Cardoso_0008.ppm,54.2,7.472e-7,0.0001
lfw,all,rgb,rgb/Fernando_Hierro_0001.ppm,56.9,7.162e-7,0.0002
lfw,all,rgb,rgb/Fernando_Leon_de_Aranoa_0001.ppm,56.0,7.508e-7,0.0002
lfw,all,rgb,rgb/Fernando_Sanz_0001.ppm,47.4,7.407e-7,0.0001
lfw,all,rgb,rgb/Fernando_Valenzuela_0001.ppm,68.8,6.334e-7,0.0002
lfw,all,rgb,rgb/Fernando_Vargas_0001.ppm,57.0,7.049e-7,0.0002
lfw,all,rgb,rgb/Fernando_Vargas_0002.ppm,58.8,6.281e-7,0.0001
lfw,all,rgb,rgb/Fernando_Vargas_0003.ppm,62.7,5.940e-7,0.0001
lfw,all,rgb,rgb/Fernando_Vargas_0004.ppm,60.9,5.759e-7,0.0001
lfw,all,rgb,rgb/Fernando_Velardez_0001.ppm,50.7,8.152e-7,0.0002
lfw,all,rgb,rgb/Festus_Mogae_0001.ppm,62.4,7.217e-7,0.0001
lfw,all,rgb,rgb/Fidel_Castro_0001.ppm,57.3,7.818e-7,0.0001
lfw,all,rgb,rgb/Fidel_Castro_0002.ppm,50.0,7.881e-7,0.0001
lfw,all,rgb,rgb/Fidel_Castro_0003.ppm,61.3,7.524e-7,0.0002
lfw,all,rgb,rgb/Fidel_Castro_0004.ppm,72.3,7.886e-7,0.0002
lfw,all,rgb,rgb/Fidel_Castro_0005.ppm,60.5,7.219e-7,0.0002
lfw,all,rgb,rgb/Fidel_Castro_0006.ppm,51.4,9.225e-7,0.0001
lfw,all,rgb,rgb/Fidel_Castro_0007.ppm,58.1,7.955e-7,0.0002
lfw,all,rgb,rgb/Fidel_Castro_0008.ppm,51.7,8.243e-7,0.0002
lfw,all,rgb,rgb/Fidel_Castro_0009.ppm,62.3,7.248e-7,0.0002
lfw,all,rgb,rgb/Fidel_Castro_0010.ppm,47.5,8.537e-7,0.0001
lfw,all,rgb,rgb/Fidel_Castro_0011.ppm,57.9,8.128e-7,0.0002
lfw,all,rgb,rgb/Fidel_Castro_0012.ppm,53.6,6.868e-7,0.0001
lfw,all,rgb,rgb/Fidel_Castro_0013.ppm,54.0,7.752e-7,0.0002
lfw,all,rgb,rgb/Fidel_Castro_0014.ppm,59.5,7.338e-7,0.0001
lfw,all,rgb,rgb/Fidel_Castro_0015.ppm,55.3,7.356e-7,0.0001
lfw,all,rgb,rgb/Fidel_Castro_0016.ppm,62.8,9.295e-7,0.0002
lfw,all,rgb,rgb/Fidel_Castro_0017.ppm,61.2,8.063e-7,0.0002
lfw,all,rgb,rgb/Fidel_Castro_0018.ppm,56.4,7.619e-7,0.0002
lfw,all,rgb,rgb/Fidel_Castro_Daiz-Balart_0001.ppm,59.0,7.725e-7,0.0002
lfw,all,rgb,rgb/Filip_De_Winter_0001.ppm,60.2,6.701e-7,0.0001
lfw,all,rgb,rgb/Filippo_Inzaghi_0001.ppm,58.2,7.135e-7,0.0001
lfw,all,rgb,rgb/Filippo_Inzaghi_0002.ppm,66.6,6.508e-7,0.0001
lfw,all,rgb,rgb/Filippo_Inzaghi_0003.ppm,51.0,7.911e-7,0.0001
lfw,all,rgb,rgb/Filippo_Volandri_0001.ppm,56.8,7.064e-7,0.0002
lfw,all,rgb,rgb/Fiona_Milne_0001.ppm,61.2,7.595e-7,0.0001
lfw,all,rgb,rgb/Flavia_Delaroli_0001.ppm,61.2,6.803e-7,0.0001
lfw,all,rgb,rgb/Flavia_Delaroli_0002.ppm,65.5,6.771e-7,0.0001
lfw,all,rgb,rgb/Flavia_Pennetta_0001.ppm,50.1,7.646e-7,0.0002
lfw,all,rgb,rgb/Flor_Montulo_0001.ppm,64.2,6.400e-7,0.0001
lfw,all,rgb,rgb/Flor_Montulo_0002.ppm,62.7,7.177e-7,0.0002
lfw,all,rgb,rgb/Florecita_Cobian_0001.ppm,60.3,6.765e-7,0.0002
lfw,all,rgb,rgb/Florencia_Kirchner_0001.ppm,66.4,6.341e-7,0.0002
lfw,all,rgb,rgb/Florencia_Macri_0001.ppm,57.1,6.869e-7,0.0001
lfw,all,rgb,rgb/Floyd_Keith_0001.ppm,57.3,8.072e-7,0.0001
lfw,all,rgb,rgb/Floyd_Mayweather_0001.ppm,55.0,7.683e-7,0.0001
lfw,all,rgb,rgb/Fran_Drescher_0001.ppm,70.0,6.911e-7,0.0002
lfw,all,rgb,rgb/Fran_Drescher_0002.ppm,61.9,7.302e-7,0.0002
lfw,all,rgb,rgb/Frances_Fisher_0001.ppm,61.2,6.048e-7,0.0001
lfw,all,rgb,rgb/Frances_Fisher_0002.ppm,61.8,6.980e-7,0.0002
lfw,all,rgb,rgb/Francesco_Totti_0001.ppm,49.5,8.254e-7,0.0001
lfw,all,rgb,rgb/Francis_Collins_0001.ppm,53.7,7.968e-7,0.0001
lfw,all,rgb,rgb/Francis_Crick_0001.ppm,64.9,7.974e-7,0.0002
lfw,all,rgb,rgb/Francis_Ford_Coppola_0001.ppm,56.6,7.683e-7,0.0001
lfw,all,rgb,rgb/Francis_Ford_Coppola_0002.ppm,57.5,7.400e-7,0.0002
lfw,all,rgb,rgb/Francis_George_0001.ppm,55.7,7.845e-7,0.0001
lfw,all,rgb,rgb/Francis_George_0002.ppm,61.3,7.777e-7,0.0002
lfw,all,rgb,rgb/Francis_Mer_0001.ppm,57.7,7.206e-7,0.0002
lfw,all,rgb,rgb/Francis_Mer_0002.ppm,66.9,6.702e-7,0.0001
lfw,all,rgb,rgb/Francis_Ricciardone_0001.ppm,56.7,7.176e-7,0.0001
lfw,all,rgb,rgb/Francisco_Flores_0001.ppm,57.9,7.155e-7,0.0001
lfw,all,rgb,rgb/Francisco_Flores_0002.ppm,58.0,7.494e-7,0.0001
lfw,all,rgb,rgb/Francisco_Flores_0003.ppm,59.8,8.501e-7,0.0002
lfw,all,rgb,rgb/Francisco_Flores_0004.ppm,62.1,7.176e-7,0.0001
lfw,all,rgb,rgb/Francisco_Garcia_0001.ppm,46.2,8.918e-7,0.0002
lfw,all,rgb,rgb/Francisco_Maturana_0001.ppm,58.8,6.943e-7,0.0001
lfw,all,rgb,rgb/Francisco_Santos_0001.ppm,54.7,6.716e-7,0.0001
lfw,all,rgb,rgb/Francisco_Urenda_0001.ppm,61.4,6.959e-7,0.0002
lfw,all,rgb,rgb/Franck_Cerutti_0001.ppm,63.2,6.692e-7,0.0001
lfw,all,rgb,rgb/Franco_Cangele_0001.ppm,67.0,6.352e-7,0.0002
lfw,all,rgb,rgb/Franco_Dragone_0001.ppm,41.2,9.208e-7,0.0001
lfw,all,rgb,rgb/Franco_Dragone_0002.ppm,54.8,7.330e-7,0.0001
lfw,all,rgb,rgb/Franco_Frattini_0001.ppm,59.3,6.935e-7,0.0001
lfw,all,rgb,rgb/Francois_Botha_0001.ppm,73.1,6.842e-7,0.0002
lfw,all,rgb,rgb/Francois_Ozon_0001.ppm,61.3,6.449e-7,0.0001
lfw,all,rgb,rgb/Francois_Pienaar_0001.ppm,65.7,6.932e-7,0.0002
lfw,all,rgb,rgb/Frank_Abagnale_Jr_0001.ppm,56.6,7.335e-7,0.0001
lfw,all,rgb,rgb/Frank_Beamer_0001.ppm,52.2,7.565e-7,0.0001
lfw,all,rgb,rgb/Frank_Bell_0001.ppm,61.6,7.499e-7,0.0001
lfw,all,rgb,rgb/Frank_Cassell_0001.ppm,62.8,7.773e-7,0.0002
lfw,all,rgb,rgb/Frank_Cassell_0002.ppm,56.4,7.954e-7,0.0002
lfw,all,rgb,rgb/Frank_Cassell_0003.ppm,51.1,8.072e-7,0.0002
lfw,all,rgb,rgb/Frank_Coraci_0001.ppm,46.8,7.631e-7,0.0001
lfw,all,rgb,rgb/Frank_Dunham_Jr_0001.ppm,45.7,5.407e-7,0.0001
lfw,all,rgb,rgb/Frank_Dunham_Jr_0002.ppm,51.0,8.860e-7,0.0002
lfw,all,rgb,rgb/Frank_Griswold_0001.ppm,61.6,6.948e-7,0.0002
lfw,all,rgb,rgb/Frank_Griswold_0002.ppm,64.9,6.587e-7,0.0002
lfw,all,rgb,rgb/Frank_Hilldrup_0001.ppm,61.8,6.996e-7,0.0002
lfw,all,rgb,rgb/Frank_Hsieh_0001.ppm,69.3,7.240e-7,0.0002
lfw,all,rgb,rgb/Frank_Keating_0001.ppm,55.1,8.172e-7,0.0002
lfw,all,rgb,rgb/Frank_Lautenberg_0001.ppm,57.0,7.446e-7,0.0002
lfw,all,rgb,rgb/Frank_Lautenberg_0002.ppm,59.8,7.607e-7,0.0002
lfw,all,rgb,rgb/Frank_Marshall_0001.ppm,57.2,7.970e-7,0.0002
lfw,all,rgb,rgb/Frank_Murkowski_0001.ppm,60.8,7.615e-7,0.0002
lfw,all,rgb,rgb/Frank_Pallone_0001.ppm,43.9,9.341e-7,0.0001
lfw,all,rgb,rgb/Frank_Schmoekel_0001.ppm,61.3,7.084e-7,0.0002
lfw,all,rgb,rgb/Frank_Shea_0001.ppm,56.4,6.672e-7,0.0001
lfw,all,rgb,rgb/Frank_Sinatra_0001.ppm,54.5,7.447e-7,0.0001
lfw,all,rgb,rgb/Frank_Solich_0001.ppm,61.0,7.320e-7,0.0002
lfw,all,rgb,rgb/Frank_Solich_0002.ppm,57.5,7.045e-7,0.0001
lfw,all,rgb,rgb/Frank_Solich_0003.ppm,62.4,7.540e-7,0.0002
lfw,all,rgb,rgb/Frank_Solich_0004.ppm,63.0,7.765e-7,0.0002
lfw,all,rgb,rgb/Frank_Solich_0005.ppm,57.0,7.618e-7,0.0001
lfw,all,rgb,rgb/Frank_Stallone_0001.ppm,56.2,7.095e-7,0.0002
lfw,all,rgb,rgb/Frank_Stallone_0002.ppm,55.3,7.366e-7,0.0001
lfw,all,rgb,rgb/Frank_Taylor_0001.ppm,58.1,6.270e-7,0.0002
lfw,all,rgb,rgb/Frank_Van_Ecke_0001.ppm,51.6,8.177e-7,0.0001
lfw,all,rgb,rgb/Frank_Wycheck_0001.ppm,60.2,7.085e-7,0.0002
lfw,all,rgb,rgb/Frank_Zappa_0001.ppm,61.2,7.151e-7,0.0002
lfw,all,rgb,rgb/Franklin_Brown_0001.ppm,60.1,6.773e-7,0.0001
lfw,all,rgb,rgb/Franklin_Damann_0001.ppm,41.6,8.656e-7,0.0001
lfw,all,rgb,rgb/Franko_Simatovic_0001.ppm,55.3,8.352e-7,0.0002
lfw,all,rgb,rgb/Franko_Simatovic_0002.ppm,58.5,6.445e-7,0.0001
lfw,all,rgb,rgb/Franz_Beckenbauer_0001.ppm,55.7,7.562e-7,0.0002
lfw,all,rgb,rgb/Franz_Beckenbauer_0002.ppm,58.4,6.921e-7,0.0001
lfw,all,rgb,rgb/Franz_Fischler_0001.ppm,52.2,7.590e-7,0.0001
lfw,all,rgb,rgb/Franz_Fischler_0002.ppm,59.9,6.900e-7,0.0001
lfw,all,rgb,rgb/Franz_Fischler_0003.ppm,65.1,6.965e-7,0.0001
lfw,all,rgb,rgb/Franz_Fischler_0004.ppm,45.1,6.514e-7,0.0001
lfw,all,rgb,rgb/Franz_Gsell_0001.ppm,63.9,6.439e-7,0.0002
lfw,all,rgb,rgb/Franz_Muentefering_0001.ppm,47.6,8.007e-7,0.0001
lfw,all,rgb,rgb/Franz_Muentefering_0002.ppm,44.7,9.233e-7,0.0001
lfw,all,rgb,rgb/Franz_Muentefering_0003.ppm,30.9,1.377e-6,0.0001
lfw,all,rgb,rgb/Franz_Muentefering_0004.ppm,51.9,9.337e-7,0.0002
lfw,all,rgb,rgb/Fred_Durst_0001.ppm,62.3,6.615e-7,0.0001
lfw,all,rgb,rgb/Fred_Eckhard_0001.ppm,53.6,7.099e-7,0.0001
lfw,all,rgb,rgb/Fred_Eckhard_0002.ppm,56.5,7.146e-7,0.0002
lfw,all,rgb,rgb/Fred_Eckhard_0003.ppm,54.6,7.613e-7,0.0002
lfw,all,rgb,rgb/Fred_Funk_0001.ppm,53.7,8.193e-7,0.0001
lfw,all,rgb,rgb/Fred_Funk_0002.ppm,38.9,6.841e-7,0.0001
lfw,all,rgb,rgb/Fred_Huff_0001.ppm,58.6,7.430e-7,0.0002
lfw,all,rgb,rgb/Fred_Rogers_0001.ppm,61.6,7.141e-7,0.0002
lfw,all,rgb,rgb/Fred_Swan_0001.ppm,56.0,7.855e-7,0.0002
lfw,all,rgb,rgb/Fred_Thompson_0001.ppm,61.4,8.092e-7,0.0002
lfw,all,rgb,rgb/Fred_Thompson_0002.ppm,55.4,8.169e-7,0.0002
lfw,all,rgb,rgb/Fred_Thompson_0003.ppm,60.6,7.737e-7,0.0002
lfw,all,rgb,rgb/Fred_Wilpon_0001.ppm,55.8,7.090e-7,0.0001
lfw,all,rgb,rgb/Freda_Black_0001.ppm,59.6,7.703e-7,0.0001
lfw,all,rgb,rgb/Freddy_Garcia_0001.ppm,53.7,8.648e-7,0.0002
lfw,all,rgb,rgb/Freddy_Garcia_0002.ppm,66.2,6.679e-7,0.0002
lfw,all,rgb,rgb/Freddy_Vasques_Kinchokpe_0001.ppm,56.6,6.879e-7,0.0002
lfw,all,rgb,rgb/Frederick_Madden_0001.ppm,60.6,8.650e-7,0.0002
lfw,all,rgb,rgb/Frederique_van_der_Wal_0001.ppm,58.6,7.249e-7,0.0002
lfw,all,rgb,rgb/Fredric_Seaman_0001.ppm,57.6,7.811e-7,0.0002
lfw,all,rgb,rgb/Fruit_Chan_0001.ppm,56.5,6.952e-7,0.0002
lfw,all,rgb,rgb/Fujio_Cho_0001.ppm,59.1,7.352e-7,0.0002
lfw,all,rgb,rgb/Fujio_Cho_0002.ppm,50.8,7.750e-7,0.0001
lfw,all,rgb,rgb/Fujio_Cho_0003.ppm,51.5,8.432e-7,0.0001
lfw,all,rgb,rgb/Fujio_Cho_0004.ppm,47.9,7.540e-7,0.0001
lfw,all,rgb,rgb/Fujio_Cho_0005.ppm,53.7,7.872e-7,0.0001
lfw,all,rgb,rgb/Fujio_Cho_0006.ppm,52.8,6.866e-7,0.0001
lfw,all,rgb,rgb/Fujio_Mitarai_0001.ppm,58.8,7.712e-7,0.0002
lfw,all,rgb,rgb/GL_Peiris_0001.ppm,66.1,6.536e-7,0.0002
lfw,all,rgb,rgb/GL_Peiris_0002.ppm,60.6,7.360e-7,0.0002
lfw,all,rgb,rgb/GL_Peiris_0003.ppm,64.7,7.394e-7,0.0001
lfw,all,rgb,rgb/GL_Peiris_0004.ppm,59.0,7.613e-7,0.0002
lfw,all,rgb,rgb/Gabi_Zimmer_0001.ppm,67.0,6.999e-7,0.0002
lfw,all,rgb,rgb/Gabriel_Batistuta_0001.ppm,64.5,6.943e-7,0.0001
lfw,all,rgb,rgb/Gabriel_Batistuta_0002.ppm,64.8,6.450e-7,0.0002
lfw,all,rgb,rgb/Gabriel_Farhi_0001.ppm,57.9,7.124e-7,0.0001
lfw,all,rgb,rgb/Gabriel_Hughes_0001.ppm,49.7,7.246e-7,0.0001
lfw,all,rgb,rgb/Gabriel_Jorge_Ferreia_0001.ppm,55.8,8.016e-7,0.0002
lfw,all,rgb,rgb/Gabriel_Valdes_0001.ppm,51.8,8.470e-7,0.0001
lfw,all,rgb,rgb/Gabriel_Valdes_0002.ppm,57.1,7.286e-7,0.0001
lfw,all,rgb,rgb/Gabriella_Bo_0001.ppm,62.2,6.518e-7,0.0002
lfw,all,rgb,rgb/Gabrielle_Rose_0001.ppm,60.0,7.159e-7,0.0001
lfw,all,rgb,rgb/Gabrielle_Union_0001.ppm,65.1,6.456e-7,0.0001
lfw,all,rgb,rgb/Gael_Garcia_Bermal_0001.ppm,65.5,7.551e-7,0.0002
lfw,all,rgb,rgb/Gala_Leon_Garcia_0001.ppm,60.4,6.935e-7,0.0001
lfw,all,rgb,rgb/Galen_Rowell_0001.ppm,53.3,7.359e-7,0.0001
lfw,all,rgb,rgb/Gao_Qiang_0001.ppm,62.9,6.431e-7,0.0001
lfw,all,rgb,rgb/Gao_Qiang_0002.ppm,53.1,7.180e-7,0.0002
lfw,all,rgb,rgb/Garry_Alejano_0001.ppm,56.2,6.637e-7,0.0001
lfw,all,rgb,rgb/Garry_Kasparov_0001.ppm,55.1,7.436e-7,0.0001
lfw,all,rgb,rgb/Garry_Kasparov_0002.ppm,51.7,8.385e-7,0.0001
lfw,all,rgb,rgb/Garry_McCoy_0001.ppm,59.6,8.122e-7,0.0002
lfw,all,rgb,rgb/Garry_Trudeau_0001.ppm,59.6,7.584e-7,0.0002
lfw,all,rgb,rgb/Garry_Trudeau_0002.ppm,56.3,7.555e-7,0.0002
lfw,all,rgb,rgb/Garry_Witherall_0001.ppm,65.5,7.040e-7,0.0002
lfw,all,rgb,rgb/Garth_Drabinsky_0001.ppm,59.9,7.438e-7,0.0002
lfw,all,rgb,rgb/Gary_Bald_0001.ppm,46.8,9.742e-7,0.0001
lfw,all,rgb,rgb/Gary_Barnett_0001.ppm,54.3,6.720e-7,0.0001
lfw,all,rgb,rgb/Gary_Bauer_0001.ppm,56.1,7.277e-7,0.0001
lfw,all,rgb,rgb/Gary_Bergeron_0001.ppm,62.6,6.762e-7,0.0002
lfw,all,rgb,rgb/Gary_Bergeron_0002.ppm,49.7,9.070e-7,0.0002
lfw,all,rgb,rgb/Gary_Bettman_0001.ppm,55.5,8.853e-7,0.0001
lfw,all,rgb,rgb/Gary_Carter_0001.ppm,57.6,7.952e-7,0.0001
lfw,all,rgb,rgb/Gary_Carter_0002.ppm,57.8,7.503e-7,0.0001
lfw,all,rgb,rgb/Gary_Carter_0003.ppm,52.9,8.787e-7,0.0001
lfw,all,rgb,rgb/Gary_Coleman_0001.ppm,63.6,6.784e-7,0.0002
lfw,all,rgb,rgb/Gary_Condit_0001.ppm,51.4,6.611e-7,0.0001
lfw,all,rgb,rgb/Gary_Dellaverson_0001.ppm,58.1,6.785e-7,0.0001
lfw,all,rgb,rgb/Gary_Doer_0001.ppm,55.8,7.775e-7,0.0002
lfw,all,rgb,rgb/Gary_Doer_0002.ppm,56.2,7.441e-7,0.0002
lfw,all,rgb,rgb/Gary_Doer_0003.ppm,61.9,7.206e-7,0.0002
lfw,all,rgb,rgb/Gary_Forsee_0001.ppm,61.0,6.979e-7,0.0001
lfw,all,rgb,rgb/Gary_Forsee_0002.ppm,56.0,7.609e-7,0.0001
lfw,all,rgb,rgb/Gary_Gero_0001.ppm,56.0,6.706e-7,0.0001
lfw,all,rgb,rgb/Gary_Gitnick_0001.ppm,59.1,7.895e-7,0.0002
lfw,all,rgb,rgb/Gary_Leon_Ridgway_0001.ppm,55.8,7.532e-7,0.0001
lfw,all,rgb,rgb/Gary_Locke_0001.ppm,54.7,6.937e-7,0.0001
lfw,all,rgb,rgb/Gary_Locke_0002.ppm,55.6,7.560e-7,0.0002
lfw,all,rgb,rgb/Gary_Marshall_0001.ppm,52.8,8.045e-7,0.0002
lfw,all,rgb,rgb/Gary_Paer_0001.ppm,51.7,7.867e-7,0.0002
lfw,all,rgb,rgb/Gary_Sayler_0001.ppm,57.0,8.013e-7,0.0001
lfw,all,rgb,rgb/Gary_Sinise_0001.ppm,63.2,6.711e-7,0.0001
lfw,all,rgb,rgb/Gary_Stevens_0001.ppm,58.8,7.229e-7,0.0002
lfw,all,rgb,rgb/Gary_Williams_0001.ppm,54.3,7.623e-7,0.0001
lfw,all,rgb,rgb/Gary_Williams_0002.ppm,55.1,6.911e-7,0.0001
lfw,all,rgb,rgb/Gary_Winnick_0001.ppm,60.9,8.312e-7,0.0002
lfw,all,rgb,rgb/Gary_Winnick_0002.ppm,63.2,7.062e-7,0.0002
lfw,all,rgb,rgb/Gaston_Gaudio_0001.ppm,53.3,6.966e-7,0.0001
lfw,all,rgb,rgb/Gavin_Degraw_0001.ppm,61.9,6.633e-7,0.0001
lfw,all,rgb,rgb/Gavyn_Arthur_0001.ppm,63.6,6.449e-7,0.0001
lfw,all,rgb,rgb/Gavyn_Davies_0001.ppm,56.2,7.438e-7,0.0001
lfw,all,rgb,rgb/Gen_Meredith_0001.ppm,70.6,6.275e-7,0.0001
lfw,all,rgb,rgb/Gene_Autry_0001.ppm,63.2,6.514e-7,0.0002
lfw,all,rgb,rgb/Gene_Hackman_0001.ppm,63.2,7.525e-7,0.0001
lfw,all,rgb,rgb/Gene_Keady_0001.ppm,56.5,7.863e-7,0.0002
lfw,all,rgb,rgb/Gene_Orza_0001.ppm,51.9,9.027e-7,0.0002
lfw,all,rgb,rgb/Gene_Robinson_0001.ppm,55.5,7.202e-7,0.0001
lfw,all,rgb,rgb/Gene_Robinson_0002.ppm,55.6,7.348e-7,0.0001
lfw,all,rgb,rgb/Gene_Robinson_0003.ppm,65.2,9.290e-7,0.0002
lfw,all,rgb,rgb/Gene_Robinson_0004.ppm,58.0,7.898e-7,0.0001
lfw,all,rgb,rgb/Gene_Robinson_0005.ppm,56.1,8.408e-7,0.0002
lfw,all,rgb,rgb/Gene_Sauers_0001.ppm,63.6,6.135e-7,0.0002
lfw,all,rgb,rgb/Gennifer_Flowers_0001.ppm,57.0,7.213e-7,0.0002
lfw,all,rgb,rgb/Geno_Auriemma_0001.ppm,79.1,7.404e-7,0.0002
lfw,all,rgb,rgb/Geno_Auriemma_0002.ppm,61.1,7.535e-7,0.0002
lfw,all,rgb,rgb/Geoff_Dixon_0001.ppm,58.3,6.912e-7,0.0001
lfw,all,rgb,rgb/Geoff_Hoon_0001.ppm,53.5,7.807e-7,0.0001
lfw,all,rgb,rgb/Geoff_Hoon_0002.ppm,55.5,7.596e-7,0.0002
lfw,all,rgb,rgb/Geoff_Hoon_0003.ppm,55.4,7.620e-7,0.0001
lfw,all,rgb,rgb/Geoff_Hoon_0004.ppm,53.5,7.733e-7,0.0002
lfw,all,rgb,rgb/Geoff_Hoon_0005.ppm,53.1,7.642e-7,0.0001
lfw,all,rgb,rgb/Geoff_Hoon_0006.ppm,55.0,8.175e-7,0.0001
lfw,all,rgb,rgb/Geoff_Hoon_0007.ppm,58.2,7.446e-7,0.0002
lfw,all,rgb,rgb/Geoffrey_Davis_0001.ppm,55.0,6.454e-7,0.0001
lfw,all,rgb,rgb/Geoffrey_Rush_0001.ppm,55.6,7.729e-7,0.0001
lfw,all,rgb,rgb/George_Allen_0001.ppm,33.8,1.039e-6,0.0001
lfw,all,rgb,rgb/George_Blaney_0001.ppm,61.2,6.672e-7,0.0002
lfw,all,rgb,rgb/George_Bovell_0001.ppm,52.6,7.383e-7,0.0002
lfw,all,rgb,rgb/George_Brumley_0001.ppm,59.8,8.358e-7,0.0002
lfw,all,rgb,rgb/George_Brumley_0002.ppm,61.6,7.678e-7,0.0002
lfw,all,rgb,rgb/George_Brumley_III_0001.ppm,55.4,7.178e-7,0.0001
lfw,all,rgb,rgb/George_Clooney_0001.ppm,47.3,9.206e-7,0.0001
lfw,all,rgb,rgb/George_Clooney_0002.ppm,28.9,1.535e-6,0.0001
lfw,all,rgb,rgb/George_Clooney_0003.ppm,53.1,6.972e-7,0.0001
lfw,all,rgb,rgb/George_Clooney_0004.ppm,57.4,7.761e-7,0.0002
lfw,all,rgb,rgb/George_Clooney_0005.ppm,62.1,7.258e-7,0.0001
lfw,all,rgb,rgb/George_Clooney_0006.ppm,61.3,6.805e-7,0.0002
lfw,all,rgb,rgb/George_Clooney_0007.ppm,58.6,7.155e-7,0.0001
lfw,all,rgb,rgb/George_Clooney_0008.ppm,57.7,7.087e-7,0.0001
lfw,all,rgb,rgb/George_Clooney_0009.ppm,60.0,7.057e-7,0.0001
lfw,all,rgb,rgb/George_Foreman_0001.ppm,63.3,6.913e-7,0.0001
lfw,all,rgb,rgb/George_Foreman_0002.ppm,57.9,6.839e-7,0.0001
lfw,all,rgb,rgb/George_Galloway_0001.ppm,58.4,7.892e-7,0.0002
lfw,all,rgb,rgb/George_Galloway_0002.ppm,58.7,7.603e-7,0.0002
lfw,all,rgb,rgb/George_Galloway_0003.ppm,62.1,6.571e-7,0.0002
lfw,all,rgb,rgb/George_Galloway_0004.ppm,58.9,7.413e-7,0.0002
lfw,all,rgb,rgb/George_Gregan_0001.ppm,57.0,6.842e-7,0.0001
lfw,all,rgb,rgb/George_HW_Bush_0001.ppm,65.0,5.965e-7,0.0001
lfw,all,rgb,rgb/George_HW_Bush_0002.ppm,70.6,1.274e-6,0.0002
lfw,all,rgb,rgb/George_HW_Bush_0003.ppm,72.9,7.303e-7,0.0002
lfw,all,rgb,rgb/George_HW_Bush_0004.ppm,56.2,7.618e-7,0.0001
lfw,all,rgb,rgb/George_HW_Bush_0005.ppm,55.4,8.581e-7,0.0002
lfw,all,rgb,rgb/George_HW_Bush_0006.ppm,55.6,7.798e-7,0.0002
lfw,all,rgb,rgb/George_HW_Bush_0007.ppm,62.6,6.904e-7,0.0001
lfw,all,rgb,rgb/George_HW_Bush_0008.ppm,53.9,8.808e-7,0.0001
lfw,all,rgb,rgb/George_HW_Bush_0009.ppm,58.4,7.525e-7,0.0002
lfw,all,rgb,rgb/George_HW_Bush_0010.ppm,52.7,7.216e-7,0.0001
lfw,all,rgb,rgb/George_HW_Bush_0011.ppm,55.0,8.021e-7,0.0002
lfw,all,rgb,rgb/George_HW_Bush_0012.ppm,55.6,7.551e-7,0.0001
lfw,all,rgb,rgb/George_HW_Bush_0013.ppm,63.2,7.480e-7,0.0002
lfw,all,rgb,rgb/George_Harrison_0001.ppm,56.8,7.967e-7,0.0002
lfw,all,rgb,rgb/George_Karl_0001.ppm,54.4,7.746e-7,0.0001
lfw,all,rgb,rgb/George_Karl_0002.ppm,56.2,7.988e-7,0.0002
lfw,all,rgb,rgb/George_Lopez_0001.ppm,54.9,6.246e-7,0.0001
lfw,all,rgb,rgb/George_Lopez_0002.ppm,59.8,6.415e-7,0.0001
lfw,all,rgb,rgb/George_Lopez_0003.ppm,61.7,6.887e-7,0.0002
lfw,all,rgb,rgb/George_Lopez_0004.ppm,54.8,6.270e-7,0.0001
lfw,all,rgb,rgb/George_Lopez_0005.ppm,58.1,6.513e-7,0.0001
lfw,all,rgb,rgb/George_Lucas_0001.ppm,63.2,6.893e-7,0.0002
lfw,all,rgb,rgb/George_Maxwell_Richards_0001.ppm,50.9,8.703e-7,0.0001
lfw,all,rgb,rgb/George_McCloud_0001.ppm,66.4,6.754e-7,0.0002
lfw,all,rgb,rgb/George_Murphy_0001.ppm,54.6,7.361e-7,0.0001
lfw,all,rgb,rgb/George_P_Bush_0001.ppm,44.0,7.389e-7,0.0001
lfw,all,rgb,rgb/George_P_Bush_0002.ppm,59.2,7.572e-7,0.0001
lfw,all,rgb,rgb/George_Papandreou_0001.ppm,57.9,7.608e-7,0.0001
lfw,all,rgb,rgb/George_Papandreou_0002.ppm,51.5,9.548e-7,0.0001
lfw,all,rgb,rgb/George_Papandreou_0003.ppm,63.8,7.513e-7,0.0002
lfw,all,rgb,rgb/George_Papandreou_0004.ppm,58.2,8.376e-7,0.0002
lfw,all,rgb,rgb/George_Pataki_0001.ppm,65.3,8.106e-7,0.0002
lfw,all,rgb,rgb/George_Pataki_0002.ppm,40.0,1.026e-6,0.0001
lfw,all,rgb,rgb/George_Pataki_0003.ppm,56.1,6.712e-7,0.0002
lfw,all,rgb,rgb/George_Pataki_0004.ppm,61.5,7.666e-7,0.0002
lfw,all,rgb,rgb/George_Pataki_0005.ppm,56.4,7.292e-7,0.0002
lfw,all,rgb,rgb/George_Plimpton_0001.ppm,61.3,6.569e-7,0.0001
lfw,all,rgb,rgb/George_Robertson_0001.ppm,60.1,7.374e-7,0.0002
lfw,all,rgb,rgb/George_Robertson_0002.ppm,55.9,6.798e-7,0.0002
lfw,all,rgb,rgb/George_Robertson_0003.ppm,51.4,5.776e-7,0.0001
lfw,all,rgb,rgb/George_Robertson_0004.ppm,46.0,9.470e-7,0.0002
lfw,all,rgb,rgb/George_Robertson_0005.ppm,57.7,9.999e-7,0.0002
lfw,all,rgb,rgb/George_Robertson_0006.ppm,58.3,7.313e-7,0.0001
lfw,all,rgb,rgb/George_Robertson_0007.ppm,60.3,7.225e-7,0.0001
lfw,all,rgb,rgb/George_Robertson_0008.ppm,53.6,8.399e-7,0.0002
lfw,all,rgb,rgb/George_Robertson_0009.ppm,57.8,7.667e-7,0.0002
lfw,all,rgb,rgb/George_Robertson_0010.ppm,58.0,8.765e-7,0.0002
lfw,all,rgb,rgb/George_Robertson_0011.ppm,58.0,7.945e-7,0.0002
lfw,all,rgb,rgb/George_Robertson_0012.ppm,53.5,8.086e-7,0.0001
lfw,all,rgb,rgb/George_Robertson_0013.ppm,55.4,7.272e-7,0.0001
lfw,all,rgb,rgb/George_Robertson_0014.ppm,56.1,7.515e-7,0.0001
lfw,all,rgb,rgb/George_Robertson_0015.ppm,54.1,8.333e-7,0.0001
lfw,all,rgb,rgb/George_Robertson_0016.ppm,49.8,7.743e-7,0.0002
lfw,all,rgb,rgb/George_Robertson_0017.ppm,54.8,7.408e-7,0.0001
lfw,all,rgb,rgb/George_Robertson_0018.ppm,27.7,8.380e-7,0.0002
lfw,all,rgb,rgb/George_Robertson_0019.ppm,54.1,8.329e-7,0.0001
lfw,all,rgb,rgb/George_Robertson_0020.ppm,57.0,7.360e-7,0.0001
lfw,all,rgb,rgb/George_Robertson_0021.ppm,54.1,8.040e-7,0.0002
lfw,all,rgb,rgb/George_Robertson_0022.ppm,46.5,1.486e-6,0.0002
lfw,all,rgb,rgb/George_Roy_Hill_0001.ppm,54.7,8.329e-7,0.0002
lfw,all,rgb,rgb/George_Roy_Hill_0002.ppm,56.8,7.781e-7,0.0001
lfw,all,rgb,rgb/George_Ryan_0001.ppm,56.9,7.385e-7,0.0001
lfw,all,rgb,rgb/George_Ryan_0002.ppm,59.4,7.148e-7,0.0001
lfw,all,rgb,rgb/George_Ryan_0003.ppm,61.5,7.326e-7,0.0002
lfw,all,rgb,rgb/George_Ryan_0004.ppm,64.1,7.265e-7,0.0002
lfw,all,rgb,rgb/George_Tenet_0001.ppm,57.7,7.356e-7,0.0001
lfw,all,rgb,rgb/George_Tenet_0002.ppm,51.2,7.521e-7,0.0001
lfw,all,rgb,rgb/George_Voinovich_0001.ppm,61.5,8.181e-7,0.0001
lfw,all,rgb,rgb/George_Voinovich_0002.ppm,53.9,7.982e-7,0.0001
lfw,all,rgb,rgb/George_Voinovich_0003.ppm,52.9,7.525e-7,0.0001
lfw,all,rgb,rgb/George_W_Bush_0001.ppm,53.8,7.162e-7,0.0002
lfw,all,rgb,rgb/George_W_Bush_0002.ppm,53.6,8.403e-7,0.0002
lfw,all,rgb,rgb/George_W_Bush_0003.ppm,56.3,8.439e-7,0.0001
lfw,all,rgb,rgb/George_W_Bush_0004.ppm,45.0,9.116e-7,0.0002
lfw,all,rgb,rgb/George_W_Bush_0005.ppm,51.9,8.150e-7,0.0001
lfw,all,rgb,rgb/George_W_Bush_0006.ppm,60.1,8.027e-7,0.0002
lfw,all,rgb,rgb/George_W_Bush_0007.ppm,56.2,7.477e-7,0.0001
lfw,all,rgb,rgb/George_W_Bush_0008.ppm,56.8,7.071e-7,0.0002
lfw,all,rgb,rgb/George_W_Bush_0009.ppm,56.7,7.180e-7,0.0001
lfw,all,rgb,rgb/George_W_Bush_0010.ppm,63.1,7.819e-7,0.0002
lfw,all,rgb,rgb/George_W_Bush_0011.ppm,71.3,7.115e-7,0.0002
lfw,all,rgb,rgb/George_W_Bush_0012.ppm,53.6,7.663e-7,0.0001
lfw,all,rgb,rgb/George_W_Bush_0013.ppm,51.6,8.047e-7,0.0001
lfw,all,rgb,rgb/George_W_Bush_0014.ppm,43.9,9.460e-7,0.0002
lfw,all,rgb,rgb/George_W_Bush_0015.ppm,54.5,8.489e-7,0.0002
lfw,all,rgb,rgb/George_W_Bush_0016.ppm,50.9,8.281e-7,0.0002
lfw,all,rgb,rgb/George_W_Bush_0017.ppm,52.7,7.859e-7,0.0002
lfw,all,rgb,rgb/George_W_Bush_0018.ppm,47.5,7.524e-7,0.0001
lfw,all,rgb,rgb/George_W_Bush_0019.ppm,52.9,8.016e-7,0.0002
lfw,all,rgb,rgb/George_W_Bush_0020.ppm,50.6,8.056e-7,0.0001
lfw,all,rgb,rgb/George_W_Bush_0021.ppm,55.3,7.753e-7,0.0002
lfw,all,rgb,rgb/George_W_Bush_0022.ppm,53.0,7.315e-7,0.0001
lfw,all,rgb,rgb/George_W_Bush_0023.ppm,52.7,7.360e-7,0.0002
lfw,all,rgb,rgb/George_W_Bush_0024.ppm,52.2,8.466e-7,0.0001
lfw,all,rgb,rgb/George_W_Bush_0025.ppm,56.0,8.021e-7,0.0002
lfw,all,rgb,rgb/George_W_Bush_0026.ppm,56.6,8.296e-7,0.0001
lfw,all,rgb,rgb/George_W_Bush_0027.ppm,53.3,8.243e-7,0.0001
lfw,all,rgb,rgb/George_W_Bush_0028.ppm,49.1,7.987e-7,0.0001
lfw,all,rgb,rgb/George_W_Bush_0029.ppm,56.1,8.429e-7,0.0001
lfw,all,rgb,rgb/George_W_Bush_0030.ppm,55.7,8.321e-7,0.0001
lfw,all,rgb,rgb/George_W_Bush_0031.ppm,55.2,7.310e-7,0.0001
lfw,all,rgb,rgb/George_W_Bush_0032.ppm,54.6,7.630e-7,0.0002
lfw,all,rgb,rgb/George_W_Bush_0033.ppm,58.3,7.737e-7,0.0002
lfw,all,rgb,rgb/George_W_Bush_0034.ppm,54.3,8.987e-7,0.0002
lfw,all,rgb,rgb/George_W_Bush_0035.ppm,52.7,7.974e-7,0.0002
lfw,all,rgb,rgb/George_W_Bush_0036.ppm,49.4,8.335e-7,0.0002
lfw,all,rgb,rgb/George_W_Bush_0037.ppm,55.1,7.505e-7,0.0001
lfw,all,rgb,rgb/George_W_Bush_0038.ppm,65.5,7.465e-7,0.0002
lfw,all,rgb,rgb/George_W_Bush_0039.ppm,50.4,8.223e-7,0.0001
lfw,all,rgb,rgb/George_W_Bush_0040.ppm,54.9,8.288e-7,0.0002
lfw,all,rgb,rgb/George_W_Bush_0041.ppm,53.2,8.287e-7,0.0001
lfw,all,rgb,rgb/George_W_Bush_0042.ppm,57.3,8.038e-7,0.0002
lfw,all,rgb,rgb/George_W_Bush_0043.ppm,58.6,7.752e-7,0.0001
lfw,all,rgb,rgb/George_W_Bush_0044.ppm,52.5,9.127e-7,0.0001
lfw,all,rgb,rgb/George_W_Bush_0045.ppm,58.6,7.845e-7,0.0001
lfw,all,rgb,rgb/George_W_Bush_0046.ppm,53.5,7.697e-7,0.0002
lfw,all,rgb,rgb/George_W_Bush_0047.ppm,55.6,7.208e-7,0.0001
lfw,all,rgb,rgb/George_W_Bush_0048.ppm,69.5,7.093e-7,0.0002
lfw,all,rgb,rgb/George_W_Bush_0049.ppm,53.6,7.424e-7,0.0002
lfw,all,rgb,rgb/George_W_Bush_0050.ppm,61.6,7.210e-7,0.0002
lfw,all,rgb,rgb/George_W_Bush_0051.ppm,55.5,8.076e-7,0.0001
lfw,all,rgb,rgb/George_W_Bush_0052.ppm,64.3,8.278e-7,0.0002
lfw,all,rgb,rgb/George_W_Bush_0053.ppm,51.5,8.323e-7,0.0002
lfw,all,rgb,rgb/George_W_Bush_0054.ppm,40.4,9.164e-7,0.0001
lfw,all,rgb,rgb/George_W_Bush_0055.ppm,55.2,9.021e-7,0.0002
lfw,all,rgb,rgb/George_W_Bush_0056.ppm,59.0,8.470e-7,0.0002
lfw,all,rgb,rgb/George_W_Bush_0057.ppm,54.3,7.926e-7,0.0001
lfw,all,rgb,rgb/George_W_Bush_0058.ppm,57.5,7.456e-7,0.0002
lfw,all,rgb,rgb/George_W_Bush_0059.ppm,53.5,7.568e-7,0.0001
lfw,all,rgb,rgb/George_W_Bush_0060.ppm,57.8,6.640e-7,0.0001
lfw,all,rgb,rgb/George_W_Bush_0061.ppm,55.1,7.680e-7,0.0001
lfw,all,rgb,rgb/George_W_Bush_0062.ppm,55.9,6.990e-7,0.0001
lfw,all,rgb,rgb/George_W_Bush_0063.ppm,52.5,8.808e-7,0.0002
lfw,all,rgb,rgb/George_W_Bush_0064.ppm,51.7,8.180e-7,0.0002
lfw,all,rgb,rgb/George_W_Bush_0065.ppm,58.0,7.457e-7,0.0002
lfw,all,rgb,rgb/George_W_Bush_0066.ppm,58.0,7.581e-7,0.0002
lfw,all,rgb,rgb/George_W_Bush_0067.ppm,55.3,7.849e-7,0.0002
lfw,all,rgb,rgb/George_W_Bush_0068.ppm,51.7,8.261e-7,0.0002
lfw,all,rgb,rgb/George_W_Bush_0069.ppm,53.6,8.994e-7,0.0002
lfw,all,rgb,rgb/George_W_Bush_0070.ppm,49.2,7.754e-7,0.0001
lfw,all,rgb,rgb/George_W_Bush_0071.ppm,62.2,7.605e-7,0.0002
lfw,all,rgb,rgb/George_W_Bush_0072.ppm,53.9,7.571e-7,0.0002
lfw,all,rgb,rgb/George_W_Bush_0073.ppm,60.0,6.629e-7,0.0001
lfw,all,rgb,rgb/George_W_Bush_0074.ppm,50.0,8.450e-7,0.0001
lfw,all,rgb,rgb/George_W_Bush_0075.ppm,50.6,8.622e-7,0.0002
lfw,all,rgb,rgb/George_W_Bush_0076.ppm,41.0,8.262e-7,0.0001
lfw,all,rgb,rgb/George_W_Bush_0077.ppm,51.8,9.952e-7,0.0002
lfw,all,rgb,rgb/George_W_Bush_0078.ppm,54.5,8.025e-7,0.0001
lfw,all,rgb,rgb/George_W_Bush_0079.ppm,51.1,7.794e-7,0.0001
lfw,all,rgb,rgb/George_W_Bush_0080.ppm,59.6,8.348e-7,0.0002
lfw,all,rgb,rgb/George_W_Bush_0081.ppm,52.7,9.001e-7,0.0002
lfw,all,rgb,rgb/George_W_Bush_0082.ppm,58.4,7.170e-7,0.0001
lfw,all,rgb,rgb/George_W_Bush_0083.ppm,54.1,7.566e-7,0.0001
lfw,all,rgb,rgb/George_W_Bush_0084.ppm,52.2,7.669e-7,0.0002
lfw,all,rgb,rgb/George_W_Bush_0085.ppm,49.9,7.987e-7,0.0002
lfw,all,rgb,rgb/George_W_Bush_0086.ppm,55.6,7.786e-7,0.0002
lfw,all,rgb,rgb/George_W_Bush_0087.ppm,56.5,7.753e-7,0.0002
lfw,all,rgb,rgb/George_W_Bush_0088.ppm,58.0,8.190e-7,0.0002
lfw,all,rgb,rgb/George_W_Bush_0089.ppm,57.6,7.689e-7,0.0001
lfw,all,rgb,rgb/George_W_Bush_0090.ppm,52.6,8.494e-7,0.0002
lfw,all,rgb,rgb/George_W_Bush_0091.ppm,55.3,7.372e-7,0.0001
lfw,all,rgb,rgb/George_W_Bush_0092.ppm,55.6,7.277e-7,0.0002
lfw,all,rgb,rgb/George_W_Bush_0093.ppm,56.2,8.818e-7,0.0002
lfw,all,rgb,rgb/George_W_Bush_0094.ppm,53.6,8.533e-7,0.0002
lfw,all,rgb,rgb/George_W_Bush_0095.ppm,50.8,8.001e-7,0.0002
lfw,all,rgb,rgb/George_W_Bush_0096.ppm,63.1,7.155e-7,0.0001
lfw,all,rgb,rgb/George_W_Bush_0097.ppm,59.8,7.254e-7,0.0001
lfw,all,rgb,rgb/George_W_Bush_0098.ppm,53.1,7.177e-7,0.0001
lfw,all,rgb,rgb/George_W_Bush_0099.ppm,56.2,7.460e-7,0.0001
lfw,all,rgb,rgb/George_W_Bush_0100.ppm,46.1,1.037e-6,0.0002
lfw,all,rgb,rgb/George_W_Bush_0101.ppm,52.5,7.948e-7,0.0001
lfw,all,rgb,rgb/George_W_Bush_0102.ppm,56.4,7.240e-7,0.0001
lfw,all,rgb,rgb/George_W_Bush_0103.ppm,58.0,7.683e-7,0.0001
lfw,all,rgb,rgb/George_W_Bush_0104.ppm,54.6,7.730e-7,0.0001
lfw,all,rgb,rgb/George_W_Bush_0105.ppm,56.1,7.423e-7,0.0001
lfw,all,rgb,rgb/George_W_Bush_0106.ppm,53.7,7.273e-7,0.0002
lfw,all,rgb,rgb/George_W_Bush_0107.ppm,54.0,7.918e-7,0.0001
lfw,all,rgb,rgb/George_W_Bush_0108.ppm,52.9,8.585e-7,0.0001
lfw,all,rgb,rgb/George_W_Bush_0109.ppm,63.7,8.867e-7,0.0002
lfw,all,rgb,rgb/George_W_Bush_0110.ppm,59.7,9.548e-7,0.0002
lfw,all,rgb,rgb/George_W_Bush_0111.ppm,54.9,8.125e-7,0.0001
lfw,all,rgb,rgb/George_W_Bush_0112.ppm,56.2,7.443e-7,0.0001
lfw,all,rgb,rgb/George_W_Bush_0113.ppm,51.8,7.631e-7,0.0002
lfw,all,rgb,rgb/George_W_Bush_0114.ppm,53.6,7.809e-7,0.0001
lfw,all,rgb,rgb/George_W_Bush_0115.ppm,56.0,7.822e-7,0.0002
lfw,all,rgb,rgb/George_W_Bush_0116.ppm,56.0,7.164e-7,0.0001
lfw,all,rgb,rgb/George_W_Bush_0117.ppm,52.8,7.337e-7,0.0001
lfw,all,rgb,rgb/George_W_Bush_0118.ppm,53.0,7.369e-7,0.0001
lfw,all,rgb,rgb/George_W_Bush_0119.ppm,56.9,7.337e-7,0.0001
lfw,all,rgb,rgb/George_W_Bush_0120.ppm,54.2,7.365e-7,0.0001
lfw,all,rgb,rgb/George_W_Bush_0121.ppm,58.4,7.519e-7,0.0002
lfw,all,rgb,rgb/George_W_Bush_0122.ppm,50.1,9.979e-7,0.0002
lfw,all,rgb,rgb/George_W_Bush_0123.ppm,64.2,6.833e-7,0.0001
lfw,all,rgb,rgb/George_W_Bush_0124.ppm,54.6,8.152e-7,0.0002
lfw,all,rgb,rgb/George_W_Bush_0125.ppm,52.4,8.052e-7,0.0001
lfw,all,rgb,rgb/George_W_Bush_0126.ppm,53.5,7.821e-7,0.0001
lfw,all,rgb,rgb/George_W_Bush_0127.ppm,66.9,7.531e-7,0.0002
lfw,all,rgb,rgb/George_W_Bush_0128.ppm,46.8,8.262e-7,0.0001
lfw,all,rgb,rgb/George_W_Bush_0129.ppm,54.3,8.000e-7,0.0002
lfw,all,rgb,rgb/George_W_Bush_0130.ppm,58.0,8.123e-7,0.0002
lfw,all,rgb,rgb/George_W_Bush_0131.ppm,51.7,8.694e-7,0.0001
lfw,all,rgb,rgb/George_W_Bush_0132.ppm,50.1,8.239e-7,0.0002
lfw,all,rgb,rgb/George_W_Bush_0133.ppm,52.4,8.124e-7,0.0001
lfw,all,rgb,rgb/George_W_Bush_0134.ppm,52.3,7.790e-7,0.0001
lfw,all,rgb,rgb/George_W_Bush_0135.ppm,52.2,8.120e-7,0.0001
lfw,all,rgb,rgb/George_W_Bush_0136.ppm,46.1,1.005e-6,0.0002
lfw,all,rgb,rgb/George_W_Bush_0137.ppm,59.5,7.364e-7,0.0002
lfw,all,rgb,rgb/George_W_Bush_0138.ppm,43.8,8.594e-7,0.0002
lfw,all,rgb,rgb/George_W_Bush_0139.ppm,52.4,7.586e-7,0.0001
lfw,all,rgb,rgb/George_W_Bush_0140.ppm,52.1,8.089e-7,0.0001
lfw,all,rgb,rgb/George_W_Bush_0141.ppm,52.4,7.857e-7,0.0001
lfw,all,rgb,rgb/George_W_Bush_0142.ppm,59.8,7.332e-7,0.0002
lfw,all,rgb,rgb/George_W_Bush_0143.ppm,53.5,7.625e-7,0.0002
lfw,all,rgb,rgb/George_W_Bush_0144.ppm,56.5,7.656e-7,0.0001
lfw,all,rgb,rgb/George_W_Bush_0145.ppm,42.0,9.306e-7,0.0001
lfw,all,rgb,rgb/George_W_Bush_0146.ppm,47.1,9.137e-7,0.0002
lfw,all,rgb,rgb/George_W_Bush_0147.ppm,42.3,9.880e-7,0.0001
lfw,all,rgb,rgb/George_W_Bush_0148.ppm,63.8,6.920e-7,0.0002
lfw,all,rgb,rgb/George_W_Bush_0149.ppm,52.1,7.440e-7,0.0001
lfw,all,rgb,rgb/George_W_Bush_0150.ppm,53.4,8.323e-7,0.0002
lfw,all,rgb,rgb/George_W_Bush_0151.ppm,54.3,7.977e-7,0.0002
lfw,all,rgb,rgb/George_W_Bush_0152.ppm,53.8,7.385e-7,0.0001
lfw,all,rgb,rgb/George_W_Bush_0153.ppm,55.6,7.646e-7,0.0002
lfw,all,rgb,rgb/George_W_Bush_0154.ppm,55.7,7.698e-7,0.0002
lfw,all,rgb,rgb/George_W_Bush_0155.ppm,49.9,8.788e-7,0.0002
lfw,all,rgb,rgb/George_W_Bush_0156.ppm,58.9,7.658e-7,0.0002
lfw,all,rgb,rgb/George_W_Bush_0157.ppm,36.0,1.112e-6,0.0001
lfw,all,rgb,rgb/George_W_Bush_0158.ppm,55.2,7.762e-7,0.0002
lfw,all,rgb,rgb/George_W_Bush_0159.ppm,54.5,8.153e-7,0.0001
lfw,all,rgb,rgb/George_W_Bush_0160.ppm,61.5,7.448e-7,0.0002
lfw,all,rgb,rgb/George_W_Bush_0161.ppm,49.2,7.957e-7,0.0002
lfw,all,rgb,rgb/George_W_Bush_0162.ppm,58.0,7.730e-7,0.0002
lfw,all,rgb,rgb/George_W_Bush_0163.ppm,55.3,7.829e-7,0.0001
lfw,all,rgb,rgb/George_W_Bush_0164.ppm,55.4,7.856e-7,0.0002
lfw,all,rgb,rgb/George_W_Bush_0165.ppm,42.7,9.820e-7,0.0002
lfw,all,rgb,rgb/George_W_Bush_0166.ppm,56.1,9.135e-7,0.0002
lfw,all,rgb,rgb/George_W_Bush_0167.ppm,56.9,7.346e-7,0.0002
lfw,all,rgb,rgb/George_W_Bush_0168.ppm,53.4,8.070e-7,0.0002
lfw,all,rgb,rgb/George_W_Bush_0169.ppm,47.3,7.921e-7,0.0001
lfw,all,rgb,rgb/George_W_Bush_0170.ppm,59.7,7.254e-7,0.0002
lfw,all,rgb,rgb/George_W_Bush_0171.ppm,49.7,7.543e-7,0.0001
lfw,all,rgb,rgb/George_W_Bush_0172.ppm,53.0,8.325e-7,0.0002
lfw,all,rgb,rgb/George_W_Bush_0173.ppm,51.9,8.016e-7,0.0002
lfw,all,rgb,rgb/George_W_Bush_0174.ppm,53.2,8.716e-7,0.0001
lfw,all,rgb,rgb/George_W_Bush_0175.ppm,48.1,7.201e-7,0.0001
lfw,all,rgb,rgb/George_W_Bush_0176.ppm,52.9,7.094e-7,0.0001
lfw,all,rgb,rgb/George_W_Bush_0177.ppm,51.7,8.253e-7,0.0002
lfw,all,rgb,rgb/George_W_Bush_0178.ppm,48.6,7.987e-7,0.0001
lfw,all,rgb,rgb/George_W_Bush_0179.ppm,57.2,7.315e-7,0.0002
lfw,all,rgb,rgb/George_W_Bush_0180.ppm,55.6,7.700e-7,0.0001
lfw,all,rgb,rgb/George_W_Bush_0181.ppm,49.8,8.909e-7,0.0002
lfw,all,rgb,rgb/George_W_Bush_0182.ppm,53.5,7.479e-7,0.0001
lfw,all,rgb,rgb/George_W_Bush_0183.ppm,66.4,6.955e-7,0.0002
lfw,all,rgb,rgb/George_W_Bush_0184.ppm,52.4,7.601e-7,0.0002
lfw,all,rgb,rgb/George_W_Bush_0185.ppm,52.3,7.862e-7,0.0002
lfw,all,rgb,rgb/George_W_Bush_0186.ppm,56.0,7.266e-7,0.0002
lfw,all,rgb,rgb/George_W_Bush_0187.ppm,52.5,8.217e-7,0.0002
lfw,all,rgb,rgb/George_W_Bush_0188.ppm,53.6,8.265e-7,0.0002
lfw,all,rgb,rgb/George_W_Bush_0189.ppm,58.6,8.382e-7,0.0002
lfw,all,rgb,rgb/George_W_Bush_0190.ppm,54.4,7.780e-7,0.0002
lfw,all,rgb,rgb/George_W_Bush_0191.ppm,40.6,9.187e-7,0.0001
lfw,all,rgb,rgb/George_W_Bush_0192.ppm,54.7,8.401e-7,0.0002
lfw,all,rgb,rgb/George_W_Bush_0193.ppm,59.2,8.254e-7,0.0002
lfw,all,rgb,rgb/George_W_Bush_0194.ppm,52.9,8.170e-7,0.0002
lfw,all,rgb,rgb/George_W_Bush_0195.ppm,53.2,8.123e-7,0.0002
lfw,all,rgb,rgb/George_W_Bush_0196.ppm,58.9,7.192e-7,0.0001
lfw,all,rgb,rgb/George_W_Bush_0197.ppm,56.4,8.148e-7,0.0002
lfw,all,rgb,rgb/George_W_Bush_0198.ppm,54.3,7.649e-7,0.0001
lfw,all,rgb,rgb/George_W_Bush_0199.ppm,53.4,7.965e-7,0.0001
lfw,all,rgb,rgb/George_W_Bush_0200.ppm,58.0,6.509e-7,0.0001
lfw,all,rgb,rgb/George_W_Bush_0201.ppm,57.4,7.856e-7,0.0002
lfw,all,rgb,rgb/George_W_Bush_0202.ppm,56.2,8.617e-7,0.0002
lfw,all,rgb,rgb/George_W_Bush_0203.ppm,56.1,7.968e-7,0.0001
lfw,all,rgb,rgb/George_W_Bush_0204.ppm,58.4,7.046e-7,0.0002
lfw,all,rgb,rgb/George_W_Bush_0205.ppm,48.5,9.176e-7,0.0002
lfw,all,rgb,rgb/George_W_Bush_0206.ppm,58.1,7.402e-7,0.0002
lfw,all,rgb,rgb/George_W_Bush_0207.ppm,55.2,7.758e-7,0.0001
lfw,all,rgb,rgb/George_W_Bush_0208.ppm,56.4,7.528e-7,0.0001
lfw,all,rgb,rgb/George_W_Bush_0209.ppm,53.9,7.880e-7,0.0001
lfw,all,rgb,rgb/George_W_Bush_0210.ppm,51.5,7.828e-7,0.0002
lfw,all,rgb,rgb/George_W_Bush_0211.ppm,57.0,7.298e-7,0.0001
lfw,all,rgb,rgb/George_W_Bush_0212.ppm,60.4,7.835e-7,0.0001
lfw,all,rgb,rgb/George_W_Bush_0213.ppm,58.3,8.063e-7,0.0002
lfw,all,rgb,rgb/George_W_Bush_0214.ppm,53.4,8.075e-7,0.0001
lfw,all,rgb,rgb/George_W_Bush_0215.ppm,54.7,7.736e-7,0.0001
lfw,all,rgb,rgb/George_W_Bush_0216.ppm,47.0,8.676e-7,0.0001
lfw,all,rgb,rgb/George_W_Bush_0217.ppm,57.5,7.721e-7,0.0002
lfw,all,rgb,rgb/George_W_Bush_0218.ppm,58.7,7.667e-7,0.0002
lfw,all,rgb,rgb/George_W_Bush_0219.ppm,51.6,9.496e-7,0.0002
lfw,all,rgb,rgb/George_W_Bush_0220.ppm,56.6,7.237e-7,0.0001
lfw,all,rgb,rgb/George_W_Bush_0221.ppm,60.4,7.309e-7,0.0002
lfw,all,rgb,rgb/George_W_Bush_0222.ppm,55.4,7.654e-7,0.0002
lfw,all,rgb,rgb/George_W_Bush_0223.ppm,53.8,7.832e-7,0.0002
lfw,all,rgb,rgb/George_W_Bush_0224.ppm,56.1,7.922e-7,0.0002
lfw,all,rgb,rgb/George_W_Bush_0225.ppm,54.8,7.760e-7,0.0001
lfw,all,rgb,rgb/George_W_Bush_0226.ppm,56.3,7.683e-7,0.0002
lfw,all,rgb,rgb/George_W_Bush_0227.ppm,33.8,1.155e-6,0.0001
lfw,all,rgb,rgb/George_W_Bush_0228.ppm,52.3,7.798e-7,0.0001
lfw,all,rgb,rgb/George_W_Bush_0229.ppm,57.3,7.386e-7,0.0002
lfw,all,rgb,rgb/George_W_Bush_0230.ppm,53.8,8.040e-7,0.0002
lfw,all,rgb,rgb/George_W_Bush_0231.ppm,55.3,7.957e-7,0.0002
lfw,all,rgb,rgb/George_W_Bush_0232.ppm,57.9,7.790e-7,0.0002
lfw,all,rgb,rgb/George_W_Bush_0233.ppm,57.9,7.787e-7,0.0002
lfw,all,rgb,rgb/George_W_Bush_0234.ppm,55.1,7.911e-7,0.0002
lfw,all,rgb,rgb/George_W_Bush_0235.ppm,50.2,7.660e-7,0.0001
lfw,all,rgb,rgb/George_W_Bush_0236.ppm,43.8,9.012e-7,0.0001
lfw,all,rgb,rgb/George_W_Bush_0237.ppm,51.8,8.125e-7,0.0002
lfw,all,rgb,rgb/George_W_Bush_0238.ppm,52.4,7.824e-7,0.0001
lfw,all,rgb,rgb/George_W_Bush_0239.ppm,46.2,8.521e-7,0.0001
lfw,all,rgb,rgb/George_W_Bush_0240.ppm,48.6,8.730e-7,0.0002
lfw,all,rgb,rgb/George_W_Bush_0241.ppm,49.4,7.897e-7,0.0001
lfw,all,rgb,rgb/George_W_Bush_0242.ppm,61.5,8.486e-7,0.0002
lfw,all,rgb,rgb/George_W_Bush_0243.ppm,36.9,9.069e-7,0.0001
lfw,all,rgb,rgb/George_W_Bush_0244.ppm,51.3,7.882e-7,0.0001
lfw,all,rgb,rgb/George_W_Bush_0245.ppm,47.4,7.555e-7,0.0001
lfw,all,rgb,rgb/George_W_Bush_0246.ppm,56.2,7.678e-7,0.0001
lfw,all,rgb,rgb/George_W_Bush_0247.ppm,58.5,7.288e-7,0.0001
lfw,all,rgb,rgb/George_W_Bush_0248.ppm,52.7,7.447e-7,0.0001
lfw,all,rgb,rgb/George_W_Bush_0249.ppm,52.9,7.504e-7,0.0001
lfw,all,rgb,rgb/George_W_Bush_0250.ppm,51.8,8.212e-7,0.0001
lfw,all,rgb,rgb/George_W_Bush_0251.ppm,53.2,7.545e-7,0.0002
lfw,all,rgb,rgb/George_W_Bush_0252.ppm,57.8,7.310e-7,0.0002
lfw,all,rgb,rgb/George_W_Bush_0253.ppm,54.7,7.696e-7,0.0002
lfw,all,rgb,rgb/George_W_Bush_0254.ppm,57.4,7.722e-7,0.0001
lfw,all,rgb,rgb/George_W_Bush_0255.ppm,55.9,7.940e-7,0.0002
lfw,all,rgb,rgb/George_W_Bush_0256.ppm,53.5,8.158e-7,0.0002
lfw,all,rgb,rgb/George_W_Bush_0257.ppm,53.2,7.401e-7,0.0001
lfw,all,rgb,rgb/George_W_Bush_0258.ppm,57.3,7.882e-7,0.0002
lfw,all,rgb,rgb/George_W_Bush_0259.ppm,58.4,7.765e-7,0.0002
lfw,all,rgb,rgb/George_W_Bush_0260.ppm,59.1,7.480e-7,0.0001
lfw,all,rgb,rgb/George_W_Bush_0261.ppm,50.6,8.087e-7,0.0002
lfw,all,rgb,rgb/George_W_Bush_0262.ppm,57.7,7.625e-7,0.0002
lfw,all,rgb,rgb/George_W_Bush_0263.ppm,50.3,8.875e-7,0.0001
lfw,all,rgb,rgb/George_W_Bush_0264.ppm,57.8,8.011e-7,0.0002
lfw,all,rgb,rgb/George_W_Bush_0265.ppm,45.2,6.722e-7,0.0001
lfw,all,rgb,rgb/George_W_Bush_0266.ppm,51.6,7.226e-7,0.0002
lfw,all,rgb,rgb/George_W_Bush_0267.ppm,52.4,7.931e-7,0.0002
lfw,all,rgb,rgb/George_W_Bush_0268.ppm,58.8,7.031e-7,0.0002
lfw,all,rgb,rgb/George_W_Bush_0269.ppm,58.5,7.115e-7,0.0001
lfw,all,rgb,rgb/George_W_Bush_0270.ppm,53.8,7.879e-7,0.0002
lfw,all,rgb,rgb/George_W_Bush_0271.ppm,56.1,7.997e-7,0.0001
lfw,all,rgb,rgb/George_W_Bush_0272.ppm,53.5,8.330e-7,0.0002
lfw,all,rgb,rgb/George_W_Bush_0273.ppm,57.8,7.501e-7,0.0002
lfw,all,rgb,rgb/George_W_Bush_0274.ppm,63.2,7.112e-7,0.0002
lfw,all,rgb,rgb/George_W_Bush_0275.ppm,54.5,8.404e-7,0.0002
lfw,all,rgb,rgb/George_W_Bush_0276.ppm,52.6,7.561e-7,0.0001
lfw,all,rgb,rgb/George_W_Bush_0277.ppm,56.8,7.600e-7,0.0001
lfw,all,rgb,rgb/George_W_Bush_0278.ppm,63.5,7.504e-7,0.0002
lfw,all,rgb,rgb/George_W_Bush_0279.ppm,58.2,7.165e-7,0.0002
lfw,all,rgb,rgb/George_W_Bush_0280.ppm,52.6,7.811e-7,0.0002
lfw,all,rgb,rgb/George_W_Bush_0281.ppm,54.9,7.771e-7,0.0002
lfw,all,rgb,rgb/George_W_Bush_0282.ppm,57.9,7.602e-7,0.0002
lfw,all,rgb,rgb/George_W_Bush_0283.ppm,64.9,6.832e-7,0.0002
lfw,all,rgb,rgb/George_W_Bush_0284.ppm,52.8,7.288e-7,0.0002
lfw,all,rgb,rgb/George_W_Bush_0285.ppm,55.0,7.417e-7,0.0002
lfw,all,rgb,rgb/George_W_Bush_0286.ppm,58.7,7.379e-7,0.0001
lfw,all,rgb,rgb/George_W_Bush_0287.ppm,58.0,7.802e-7,0.0001
lfw,all,rgb,rgb/George_W_Bush_0288.ppm,55.9,7.706e-7,0.0002
lfw,all,rgb,rgb/George_W_Bush_0289.ppm,56.3,8.500e-7,0.0001
lfw,all,rgb,rgb/George_W_Bush_0290.ppm,56.1,7.937e-7,0.0002
lfw,all,rgb,rgb/George_W_Bush_0291.ppm,55.9,8.260e-7,0.0002
lfw,all,rgb,rgb/George_W_Bush_0292.ppm,56.6,8.560e-7,0.0002
lfw,all,rgb,rgb/George_W_Bush_0293.ppm,54.2,8.293e-7,0.0002
lfw,all,rgb,rgb/George_W_Bush_0294.ppm,65.2,7.901e-7,0.0002
lfw,all,rgb,rgb/George_W_Bush_0295.ppm,53.7,7.878e-7,0.0001
lfw,all,rgb,rgb/George_W_Bush_0296.ppm,59.2,7.358e-7,0.0001
lfw,all,rgb,rgb/George_W_Bush_0297.ppm,48.0,9.433e-7,0.0002
lfw,all,rgb,rgb/George_W_Bush_0298.ppm,53.9,8.033e-7,0.0002
lfw,all,rgb,rgb/George_W_Bush_0299.ppm,64.2,7.734e-7,0.0002
lfw,all,rgb,rgb/George_W_Bush_0300.ppm,54.3,8.166e-7,0.0002
lfw,all,rgb,rgb/George_W_Bush_0301.ppm,59.1,7.672e-7,0.0001
lfw,all,rgb,rgb/George_W_Bush_0302.ppm,52.0,7.981e-7,0.0001
lfw,all,rgb,rgb/George_W_Bush_0303.ppm,61.0,8.354e-7,0.0002
lfw,all,rgb,rgb/George_W_Bush_0304.ppm,60.3,7.281e-7,0.0002
lfw,all,rgb,rgb/George_W_Bush_0305.ppm,57.6,7.691e-7,0.0002
lfw,all,rgb,rgb/George_W_Bush_0306.ppm,55.3,7.862e-7,0.0002
lfw,all,rgb,rgb/George_W_Bush_0307.ppm,62.7,7.142e-7,0.0002
lfw,all,rgb,rgb/George_W_Bush_0308.ppm,54.3,7.648e-7,0.0001
lfw,all,rgb,rgb/George_W_Bush_0309.ppm,52.5,7.652e-7,0.0002
lfw,all,rgb,rgb/George_W_Bush_0310.ppm,56.5,7.489e-7,0.0001
lfw,all,rgb,rgb/George_W_Bush_0311.ppm,55.6,7.608e-7,0.0002
lfw,all,rgb,rgb/George_W_Bush_0312.ppm,52.4,8.332e-7,0.0001
lfw,all,rgb,rgb/George_W_Bush_0313.ppm,54.0,8.460e-7,0.0002
lfw,all,rgb,rgb/George_W_Bush_0314.ppm,51.9,7.977e-7,0.0001
lfw,all,rgb,rgb/George_W_Bush_0315.ppm,50.9,7.940e-7,0.0002
lfw,all,rgb,rgb/George_W_Bush_0316.ppm,53.1,8.031e-7,0.0001
lfw,all,rgb,rgb/George_W_Bush_0317.ppm,70.1,6.889e-7,0.0002
lfw,all,rgb,rgb/George_W_Bush_0318.ppm,52.4,7.038e-7,0.0001
lfw,all,rgb,rgb/George_W_Bush_0319.ppm,57.6,8.101e-7,0.0002
lfw,all,rgb,rgb/George_W_Bush_0320.ppm,54.2,7.845e-7,0.0002
lfw,all,rgb,rgb/George_W_Bush_0321.ppm,58.8,6.811e-7,0.0002
lfw,all,rgb,rgb/George_W_Bush_0322.ppm,60.5,8.485e-7,0.0002
lfw,all,rgb,rgb/George_W_Bush_0323.ppm,54.3,7.777e-7,0.0002
lfw,all,rgb,rgb/George_W_Bush_0324.ppm,51.4,8.448e-7,0.0001
lfw,all,rgb,rgb/George_W_Bush_0325.ppm,49.9,7.987e-7,0.0002
lfw,all,rgb,rgb/George_W_Bush_0326.ppm,49.2,7.565e-7,0.0001
lfw,all,rgb,rgb/George_W_Bush_0327.ppm,51.6,7.723e-7,0.0001
lfw,all,rgb,rgb/George_W_Bush_0328.ppm,55.1,7.113e-7,0.0001
lfw,all,rgb,rgb/George_W_Bush_0329.ppm,58.1,8.036e-7,0.0001
lfw,all,rgb,rgb/George_W_Bush_0330.ppm,57.2,7.881e-7,0.0002
lfw,all,rgb,rgb/George_W_Bush_0331.ppm,54.8,7.631e-7,0.0001
lfw,all,rgb,rgb/George_W_Bush_0332.ppm,60.8,7.243e-7,0.0001
lfw,all,rgb,rgb/George_W_Bush_0333.ppm,55.8,7.010e-7,0.0002
lfw,all,rgb,rgb/George_W_Bush_0334.ppm,83.2,6.486e-7,0.0002
lfw,all,rgb,rgb/George_W_Bush_0335.ppm,55.1,7.810e-7,0.0002
lfw,all,rgb,rgb/George_W_Bush_0336.ppm,54.6,8.221e-7,0.0002
lfw,all,rgb,rgb/George_W_Bush_0337.ppm,61.4,7.195e-7,0.0002
lfw,all,rgb,rgb/George_W_Bush_0338.ppm,58.5,7.525e-7,0.0002
lfw,all,rgb,rgb/George_W_Bush_0339.ppm,53.6,8.458e-7,0.0001
lfw,all,rgb,rgb/George_W_Bush_0340.ppm,54.8,7.958e-7,0.0002
lfw,all,rgb,rgb/George_W_Bush_0341.ppm,48.6,8.170e-7,0.0002
lfw,all,rgb,rgb/George_W_Bush_0342.ppm,51.7,7.546e-7,0.0002
lfw,all,rgb,rgb/George_W_Bush_0343.ppm,54.0,8.212e-7,0.0002
lfw,all,rgb,rgb/George_W_Bush_0344.ppm,54.7,7.344e-7,0.0002
lfw,all,rgb,rgb/George_W_Bush_0345.ppm,53.2,7.485e-7,0.0002
lfw,all,rgb,rgb/George_W_Bush_0346.ppm,46.6,9.671e-7,0.0001
lfw,all,rgb,rgb/George_W_Bush_0347.ppm,48.2,8.459e-7,0.0002
lfw,all,rgb,rgb/George_W_Bush_0348.ppm,56.1,7.524e-7,0.0002
lfw,all,rgb,rgb/George_W_Bush_0349.ppm,55.1,7.443e-7,0.0002
lfw,all,rgb,rgb/George_W_Bush_0350.ppm,52.0,8.804e-7,0.0002
lfw,all,rgb,rgb/George_W_Bush_0351.ppm,55.0,7.609e-7,0.0002
lfw,all,rgb,rgb/George_W_Bush_0352.ppm,52.7,7.651e-7,0.0002
lfw,all,rgb,rgb/George_W_Bush_0353.ppm,52.4,8.309e-7,0.0002
lfw,all,rgb,rgb/George_W_Bush_0354.ppm,47.7,8.745e-7,0.0001
lfw,all,rgb,rgb/George_W_Bush_0355.ppm,54.1,7.843e-7,0.0002
lfw,all,rgb,rgb/George_W_Bush_0356.ppm,48.3,8.297e-7,0.0002
lfw,all,rgb,rgb/George_W_Bush_0357.ppm,54.2,7.701e-7,0.0002
lfw,all,rgb,rgb/George_W_Bush_0358.ppm,53.1,8.319e-7,0.0002
lfw,all,rgb,rgb/George_W_Bush_0359.ppm,58.1,7.784e-7,0.0002
lfw,all,rgb,rgb/George_W_Bush_0360.ppm,59.0,7.002e-7,0.0002
lfw,all,rgb,rgb/George_W_Bush_0361.ppm,50.0,7.753e-7,0.0001
lfw,all,rgb,rgb/George_W_Bush_0362.ppm,52.1,7.591e-7,0.0002
lfw,all,rgb,rgb/George_W_Bush_0363.ppm,52.0,7.905e-7,0.0002
lfw,all,rgb,rgb/George_W_Bush_0364.ppm,55.8,7.805e-7,0.0002
lfw,all,rgb,rgb/George_W_Bush_0365.ppm,44.7,8.868e-7,0.0001
lfw,all,rgb,rgb/George_W_Bush_0366.ppm,49.6,7.756e-7,0.0001
lfw,all,rgb,rgb/George_W_Bush_0367.ppm,54.7,7.782e-7,0.0002
lfw,all,rgb,rgb/George_W_Bush_0368.ppm,63.0,7.940e-7,0.0002
lfw,all,rgb,rgb/George_W_Bush_0369.ppm,54.7,7.112e-7,0.0001
lfw,all,rgb,rgb/George_W_Bush_0370.ppm,53.7,8.280e-7,0.0001
lfw,all,rgb,rgb/George_W_Bush_0371.ppm,56.7,7.919e-7,0.0002
lfw,all,rgb,rgb/George_W_Bush_0372.ppm,52.6,8.050e-7,0.0001
lfw,all,rgb,rgb/George_W_Bush_0373.ppm,53.1,8.025e-7,0.0001
lfw,all,rgb,rgb/George_W_Bush_0374.ppm,54.4,7.830e-7,0.0001
lfw,all,rgb,rgb/George_W_Bush_0375.ppm,50.5,8.151e-7,0.0001
lfw,all,rgb,rgb/George_W_Bush_0376.ppm,53.3,7.924e-7,0.0001
lfw,all,rgb,rgb/George_W_Bush_0377.ppm,54.9,8.651e-7,0.0002
lfw,all,rgb,rgb/George_W_Bush_0378.ppm,48.2,7.899e-7,0.0001
lfw,all,rgb,rgb/George_W_Bush_0379.ppm,57.3,7.342e-7,0.0001
lfw,all,rgb,rgb/George_W_Bush_0380.ppm,51.7,7.978e-7,0.0001
lfw,all,rgb,rgb/George_W_Bush_0381.ppm,53.9,8.122e-7,0.0001
lfw,all,rgb,rgb/George_W_Bush_0382.ppm,52.7,8.023e-7,0.0002
lfw,all,rgb,rgb/George_W_Bush_0383.ppm,53.4,8.094e-7,0.0002
lfw,all,rgb,rgb/George_W_Bush_0384.ppm,54.6,7.555e-7,0.0001
lfw,all,rgb,rgb/George_W_Bush_0385.ppm,60.7,7.524e-7,0.0002
lfw,all,rgb,rgb/George_W_Bush_0386.ppm,48.4,8.718e-7,0.0001
lfw,all,rgb,rgb/George_W_Bush_0387.ppm,55.9,7.721e-7,0.0002
lfw,all,rgb,rgb/George_W_Bush_0388.ppm,59.7,8.073e-7,0.0002
lfw,all,rgb,rgb/George_W_Bush_0389.ppm,57.6,7.994e-7,0.0002
lfw,all,rgb,rgb/George_W_Bush_0390.ppm,55.6,7.553e-7,0.0002
lfw,all,rgb,rgb/George_W_Bush_0391.ppm,53.0,8.142e-7,0.0001
lfw,all,rgb,rgb/George_W_Bush_0392.ppm,57.5,6.961e-7,0.0001
lfw,all,rgb,rgb/George_W_Bush_0393.ppm,60.1,6.875e-7,0.0001
lfw,all,rgb,rgb/George_W_Bush_0394.ppm,67.0,7.915e-7,0.0002
lfw,all,rgb,rgb/George_W_Bush_0395.ppm,58.7,7.758e-7,0.0002
lfw,all,rgb,rgb/George_W_Bush_0396.ppm,52.9,8.605e-7,0.0002
lfw,all,rgb,rgb/George_W_Bush_0397.ppm,54.6,7.870e-7,0.0001
lfw,all,rgb,rgb/George_W_Bush_0398.ppm,52.2,7.716e-7,0.0001
lfw,all,rgb,rgb/George_W_Bush_0399.ppm,53.2,7.363e-7,0.0001
lfw,all,rgb,rgb/George_W_Bush_0400.ppm,52.4,7.715e-7,0.0002
lfw,all,rgb,rgb/George_W_Bush_0401.ppm,51.6,7.798e-7,0.0002
lfw,all,rgb,rgb/George_W_Bush_0402.ppm,50.0,7.566e-7,0.0002
lfw,all,rgb,rgb/George_W_Bush_0403.ppm,55.1,8.276e-7,0.0002
lfw,all,rgb,rgb/George_W_Bush_0404.ppm,54.5,7.120e-7,0.0001
lfw,all,rgb,rgb/George_W_Bush_0405.ppm,57.9,6.861e-7,0.0001
lfw,all,rgb,rgb/George_W_Bush_0406.ppm,48.6,8.722e-7,0.0002
lfw,all,rgb,rgb/George_W_Bush_0407.ppm,51.8,7.414e-7,0.0001
lfw,all,rgb,rgb/George_W_Bush_0408.ppm,53.6,8.002e-7,0.0002
lfw,all,rgb,rgb/George_W_Bush_0409.ppm,52.4,8.104e-7,0.0001
lfw,all,rgb,rgb/George_W_Bush_0410.ppm,54.8,7.694e-7,0.0002
lfw,all,rgb,rgb/George_W_Bush_0411.ppm,54.3,7.384e-7,0.0002
lfw,all,rgb,rgb/George_W_Bush_0412.ppm,52.6,8.184e-7,0.0001
lfw,all,rgb,rgb/George_W_Bush_0413.ppm,56.7,7.336e-7,0.0001
lfw,all,rgb,rgb/George_W_Bush_0414.ppm,59.9,9.079e-7,0.0002
lfw,all,rgb,rgb/George_W_Bush_0415.ppm,57.6,8.315e-7,0.0002
lfw,all,rgb,rgb/George_W_Bush_0416.ppm,65.3,7.759e-7,0.0002
lfw,all,rgb,rgb/George_W_Bush_0417.ppm,55.0,7.727e-7,0.0001
lfw,all,rgb,rgb/George_W_Bush_0418.ppm,58.2,8.136e-7,0.0002
lfw,all,rgb,rgb/George_W_Bush_0419.ppm,57.8,7.013e-7,0.0001
lfw,all,rgb,rgb/George_W_Bush_0420.ppm,57.2,7.116e-7,0.0002
lfw,all,rgb,rgb/George_W_Bush_0421.ppm,50.2,9.032e-7,0.0002
lfw,all,rgb,rgb/George_W_Bush_0422.ppm,56.2,7.845e-7,0.0002
lfw,all,rgb,rgb/George_W_Bush_0423.ppm,58.2,7.138e-7,0.0001
lfw,all,rgb,rgb/George_W_Bush_0424.ppm,52.3,7.476e-7,0.0001
lfw,all,rgb,rgb/George_W_Bush_0425.ppm,53.0,8.092e-7,0.0002
lfw,all,rgb,rgb/George_W_Bush_0426.ppm,55.2,7.489e-7,0.0002
lfw,all,rgb,rgb/George_W_Bush_0427.ppm,51.8,8.077e-7,0.0002
lfw,all,rgb,rgb/George_W_Bush_0428.ppm,54.2,7.505e-7,0.0002
lfw,all,rgb,rgb/George_W_Bush_0429.ppm,60.2,7.919e-7,0.0002
lfw,all,rgb,rgb/George_W_Bush_0430.ppm,53.8,9.846e-7,0.0002
lfw,all,rgb,rgb/George_W_Bush_0431.ppm,55.1,8.268e-7,0.0002
lfw,all,rgb,rgb/George_W_Bush_0432.ppm,58.5,7.074e-7,0.0001
lfw,all,rgb,rgb/George_W_Bush_0433.ppm,56.5,7.442e-7,0.0001
lfw,all,rgb,rgb/George_W_Bush_0434.ppm,58.5,7.360e-7,0.0002
lfw,all,rgb,rgb/George_W_Bush_0435.ppm,53.2,7.646e-7,0.0001
lfw,all,rgb,rgb/George_W_Bush_0436.ppm,46.5,8.232e-7,0.0001
lfw,all,rgb,rgb/George_W_Bush_0437.ppm,57.9,8.059e-7,0.0002
lfw,all,rgb,rgb/George_W_Bush_0438.ppm,58.0,7.338e-7,0.0001
lfw,all,rgb,rgb/George_W_Bush_0439.ppm,53.6,8.462e-7,0.0001
lfw,all,rgb,rgb/George_W_Bush_0440.ppm,56.1,7.734e-7,0.0002
lfw,all,rgb,rgb/George_W_Bush_0441.ppm,53.7,7.138e-7,0.0001
lfw,all,rgb,rgb/George_W_Bush_0442.ppm,51.8,8.117e-7,0.0001
lfw,all,rgb,rgb/George_W_Bush_0443.ppm,52.9,7.708e-7,0.0002
lfw,all,rgb,rgb/George_W_Bush_0444.ppm,53.3,8.262e-7,0.0002
lfw,all,rgb,rgb/George_W_Bush_0445.ppm,50.9,7.811e-7,0.0002
lfw,all,rgb,rgb/George_W_Bush_0446.ppm,55.0,8.154e-7,0.0001
lfw,all,rgb,rgb/George_W_Bush_0447.ppm,55.5,9.001e-7,0.0002
lfw,all,rgb,rgb/George_W_Bush_0448.ppm,53.5,6.813e-7,0.0001
lfw,all,rgb,rgb/George_W_Bush_0449.ppm,59.7,7.416e-7,0.0001
lfw,all,rgb,rgb/George_W_Bush_0450.ppm,62.1,7.470e-7,0.0002
lfw,all,rgb,rgb/George_W_Bush_0451.ppm,52.5,8.142e-7,0.0001
lfw,all,rgb,rgb/George_W_Bush_0452.ppm,52.9,7.557e-7,0.0002
lfw,all,rgb,rgb/George_W_Bush_0453.ppm,62.8,9.401e-7,0.0002
lfw,all,rgb,rgb/George_W_Bush_0454.ppm,51.4,8.279e-7,0.0002
lfw,all,rgb,rgb/George_W_Bush_0455.ppm,53.3,8.031e-7,0.0001
lfw,all,rgb,rgb/George_W_Bush_0456.ppm,52.2,7.733e-7,0.0002
lfw,all,rgb,rgb/George_W_Bush_0457.ppm,52.1,8.444e-7,0.0001
lfw,all,rgb,rgb/George_W_Bush_0458.ppm,54.4,7.883e-7,0.0002
lfw,all,rgb,rgb/George_W_Bush_0459.ppm,64.1,6.428e-7,0.0001
lfw,all,rgb,rgb/George_W_Bush_0460.ppm,53.6,7.564e-7,0.0001
lfw,all,rgb,rgb/George_W_Bush_0461.ppm,51.3,9.585e-7,0.0002
lfw,all,rgb,rgb/George_W_Bush_0462.ppm,55.8,7.351e-7,0.0001
lfw,all,rgb,rgb/George_W_Bush_0463.ppm,59.6,7.976e-7,0.0001
lfw,all,rgb,rgb/George_W_Bush_0464.ppm,54.3,7.340e-7,0.0001
lfw,all,rgb,rgb/George_W_Bush_0465.ppm,53.1,7.913e-7,0.0001
lfw,all,rgb,rgb/George_W_Bush_0466.ppm,54.9,7.718e-7,0.0002
lfw,all,rgb,rgb/George_W_Bush_0467.ppm,54.5,7.736e-7,0.0001
lfw,all,rgb,rgb/George_W_Bush_0468.ppm,54.7,8.299e-7,0.0002
lfw,all,rgb,rgb/George_W_Bush_0469.ppm,54.8,7.221e-7,0.0001
lfw,all,rgb,rgb/George_W_Bush_0470.ppm,54.4,8.028e-7,0.0002
lfw,all,rgb,rgb/George_W_Bush_0471.ppm,54.8,7.770e-7,0.0001
lfw,all,rgb,rgb/George_W_Bush_0472.ppm,54.3,7.823e-7,0.0002
lfw,all,rgb,rgb/George_W_Bush_0473.ppm,61.4,9.262e-7,0.0004
lfw,all,rgb,rgb/George_W_Bush_0474.ppm,52.8,7.754e-7,0.0001
lfw,all,rgb,rgb/George_W_Bush_0475.ppm,56.7,7.896e-7,0.0001
lfw,all,rgb,rgb/George_W_Bush_0476.ppm,48.7,7.444e-7,0.0002
lfw,all,rgb,rgb/George_W_Bush_0477.ppm,54.9,8.269e-7,0.0001
lfw,all,rgb,rgb/George_W_Bush_0478.ppm,56.6,7.148e-7,0.0001
lfw,all,rgb,rgb/George_W_Bush_0479.ppm,55.8,7.782e-7,0.0002
lfw,all,rgb,rgb/George_W_Bush_0480.ppm,71.3,7.483e-7,0.0002
lfw,all,rgb,rgb/George_W_Bush_0481.ppm,53.3,7.947e-7,0.0002
lfw,all,rgb,rgb/George_W_Bush_0482.ppm,55.5,7.388e-7,0.0001
lfw,all,rgb,rgb/George_W_Bush_0483.ppm,55.4,8.018e-7,0.0001
lfw,all,rgb,rgb/George_W_Bush_0484.ppm,55.5,7.053e-7,0.0001
lfw,all,rgb,rgb/George_W_Bush_0485.ppm,51.2,8.145e-7,0.0001
lfw,all,rgb,rgb/George_W_Bush_0486.ppm,50.3,8.589e-7,0.0001
lfw,all,rgb,rgb/George_W_Bush_0487.ppm,57.0,7.653e-7,0.0001
lfw,all,rgb,rgb/George_W_Bush_0488.ppm,54.8,7.280e-7,0.0001
lfw,all,rgb,rgb/George_W_Bush_0489.ppm,57.7,8.314e-7,0.0002
lfw,all,rgb,rgb/George_W_Bush_0490.ppm,52.1,8.255e-7,0.0002
lfw,all,rgb,rgb/George_W_Bush_0491.ppm,53.6,8.349e-7,0.0001
lfw,all,rgb,rgb/George_W_Bush_0492.ppm,51.9,8.383e-7,0.0001
lfw,all,rgb,rgb/George_W_Bush_0493.ppm,49.6,8.134e-7,0.0001
lfw,all,rgb,rgb/George_W_Bush_0494.ppm,50.4,9.012e-7,0.0002
lfw,all,rgb,rgb/George_W_Bush_0495.ppm,54.7,7.598e-7,0.0002
lfw,all,rgb,rgb/George_W_Bush_0496.ppm,52.4,7.079e-7,0.0001
lfw,all,rgb,rgb/George_W_Bush_0497.ppm,52.2,8.047e-7,0.0001
lfw,all,rgb,rgb/George_W_Bush_0498.ppm,62.4,7.604e-7,0.0002
lfw,all,rgb,rgb/George_W_Bush_0499.ppm,55.7,8.009e-7,0.0002
lfw,all,rgb,rgb/George_W_Bush_0500.ppm,56.3,7.808e-7,0.0002
lfw,all,rgb,rgb/George_W_Bush_0501.ppm,54.8,7.835e-7,0.0002
lfw,all,rgb,rgb/George_W_Bush_0502.ppm,53.1,9.036e-7,0.0001
lfw,all,rgb,rgb/George_W_Bush_0503.ppm,61.0,6.748e-7,0.0002
lfw,all,rgb,rgb/George_W_Bush_0504.ppm,56.1,7.420e-7,0.0002
lfw,all,rgb,rgb/George_W_Bush_0505.ppm,57.7,7.872e-7,0.0002
lfw,all,rgb,rgb/George_W_Bush_0506.ppm,59.1,7.492e-7,0.0002
lfw,all,rgb,rgb/George_W_Bush_0507.ppm,58.0,7.261e-7,0.0002
lfw,all,rgb,rgb/George_W_Bush_0508.ppm,55.8,7.403e-7,0.0001
lfw,all,rgb,rgb/George_W_Bush_0509.ppm,59.8,6.669e-7,0.0001
lfw,all,rgb,rgb/George_W_Bush_0510.ppm,60.5,7.798e-7,0.0002
lfw,all,rgb,rgb/George_W_Bush_0511.ppm,68.6,7.102e-7,0.0002
lfw,all,rgb,rgb/George_W_Bush_0512.ppm,59.1,7.562e-7,0.0001
lfw,all,rgb,rgb/George_W_Bush_0513.ppm,62.7,7.065e-7,0.0002
lfw,all,rgb,rgb/George_W_Bush_0514.ppm,55.7,8.332e-7,0.0002
lfw,all,rgb,rgb/George_W_Bush_0515.ppm,54.5,7.779e-7,0.0001
lfw,all,rgb,rgb/George_W_Bush_0516.ppm,54.0,8.159e-7,0.0002
lfw,all,rgb,rgb/George_W_Bush_0517.ppm,52.0,8.174e-7,0.0001
lfw,all,rgb,rgb/George_W_Bush_0518.ppm,58.5,6.699e-7,0.0001
lfw,all,rgb,rgb/George_W_Bush_0519.ppm,53.1,7.687e-7,0.0001
lfw,all,rgb,rgb/George_W_Bush_0520.ppm,55.9,8.523e-7,0.0002
lfw,all,rgb,rgb/George_W_Bush_0521.ppm,57.1,8.408e-7,0.0002
lfw,all,rgb,rgb/George_W_Bush_0522.ppm,51.1,8.084e-7,0.0001
lfw,all,rgb,rgb/George_W_Bush_0523.ppm,55.1,8.184e-7,0.0002
lfw,all,rgb,rgb/George_W_Bush_0524.ppm,55.1,7.106e-7,0.0001
lfw,all,rgb,rgb/George_W_Bush_0525.ppm,63.7,7.648e-7,0.0002
lfw,all,rgb,rgb/George_W_Bush_0526.ppm,57.6,7.456e-7,0.0001
lfw,all,rgb,rgb/George_W_Bush_0527.ppm,52.8,8.094e-7,0.0001
lfw,all,rgb,rgb/George_W_Bush_0528.ppm,54.8,7.719e-7,0.0002
lfw,all,rgb,rgb/George_W_Bush_0529.ppm,57.7,7.973e-7,0.0002
lfw,all,rgb,rgb/George_W_Bush_0530.ppm,59.1,7.459e-7,0.0001
lfw,all,rgb,rgb/Georgi_Parvanov_0001.ppm,54.2,7.248e-7,0.0001
lfw,all,rgb,rgb/Georgi_Parvanov_0002.ppm,58.1,7.092e-7,0.0001
lfw,all,rgb,rgb/Georgia_Giddings_0001.ppm,58.4,7.240e-7,0.0002
lfw,all,rgb,rgb/Georgina_Bardach_0001.ppm,58.1,7.623e-7,0.0002
lfw,all,rgb,rgb/Georgina_Papin_0001.ppm,58.2,6.970e-7,0.0002
lfw,all,rgb,rgb/Geovani_Lapentti_0001.ppm,62.3,7.546e-7,0.0002
lfw,all,rgb,rgb/Gerald_Barbarito_0001.ppm,59.3,6.483e-7,0.0001
lfw,all,rgb,rgb/Gerald_Calabrese_0001.ppm,67.8,7.329e-7,0.0002
lfw,all,rgb,rgb/Gerald_Fitch_0001.ppm,55.3,7.634e-7,0.0002
lfw,all,rgb,rgb/Gerald_Ford_0001.ppm,51.0,7.787e-7,0.0002
lfw,all,rgb,rgb/Gerald_Riley_0001.ppm,55.1,6.881e-7,0.0001
lfw,all,rgb,rgb/Geraldine_Chaplin_0001.ppm,62.9,6.645e-7,0.0002
lfw,all,rgb,rgb/Geraldine_Chaplin_0002.ppm,59.3,7.482e-7,0.0001
lfw,all,rgb,rgb/Geraldine_Chaplin_0003.ppm,70.8,6.449e-7,0.0002
lfw,all,rgb,rgb/Geraldine_Chaplin_0004.ppm,72.0,6.370e-7,0.0002
lfw,all,rgb,rgb/Geraldo_Rivera_0001.ppm,59.0,6.634e-7,0.0001
lfw,all,rgb,rgb/Gerard_Butler_0001.ppm,65.2,6.318e-7,0.0002
lfw,all,rgb,rgb/Gerard_Depardieu_0001.ppm,51.3,7.881e-7,0.0001
lfw,all,rgb,rgb/Gerard_Depardieu_0002.ppm,54.8,7.487e-7,0.0001
lfw,all,rgb,rgb/Gerard_Kleisterlee_0001.ppm,61.0,6.772e-7,0.0002
lfw,all,rgb,rgb/Gerard_Tronche_0001.ppm,58.3,7.318e-7,0.0001
lfw,all,rgb,rgb/Gerard_de_Cortanze_0001.ppm,53.0,7.557e-7,0.0001
lfw,all,rgb,rgb/Gerardo_Gambala_0001.ppm,65.3,6.631e-7,0.0001
lfw,all,rgb,rgb/Gerardo_Gambala_0002.ppm,53.5,7.237e-7,0.0001
lfw,all,rgb,rgb/Gerhard_Boekel_0001.ppm,58.8,7.535e-7,0.0002
lfw,all,rgb,rgb/Gerhard_Schmid_0001.ppm,53.0,7.367e-7,0.0001
lfw,all,rgb,rgb/Gerhard_Schroeder_0001.ppm,56.5,7.407e-7,0.0002
lfw,all,rgb,rgb/Gerhard_Schroeder_0002.ppm,61.3,7.254e-7,0.0002
lfw,all,rgb,rgb/Gerhard_Schroeder_0003.ppm,61.9,7.089e-7,0.0002
lfw,all,rgb,rgb/Gerhard_Schroeder_0004.ppm,63.5,7.473e-7,0.0002
lfw,all,rgb,rgb/Gerhard_Schroeder_0005.ppm,55.9,7.527e-7,0.0001
lfw,all,rgb,rgb/Gerhard_Schroeder_0006.ppm,58.5,6.450e-7,0.0001
lfw,all,rgb,rgb/Gerhard_Schroeder_0007.ppm,62.4,7.157e-7,0.0002
lfw,all,rgb,rgb/Gerhard_Schroeder_0008.ppm,57.1,7.244e-7,0.0002
lfw,all,rgb,rgb/Gerhard_Schroeder_0009.ppm,53.3,8.138e-7,0.0001
lfw,all,rgb,rgb/Gerhard_Schroeder_0010.ppm,63.2,7.863e-7,0.0002
lfw,all,rgb,rgb/Gerhard_Schroeder_0011.ppm,59.6,7.210e-7,0.0001
lfw,all,rgb,rgb/Gerhard_Schroeder_0012.ppm,62.1,6.819e-7,0.0001
lfw,all,rgb,rgb/Gerhard_Schroeder_0013.ppm,60.2,7.235e-7,0.0001
lfw,all,rgb,rgb/Gerhard_Schroeder_0014.ppm,67.3,7.425e-7,0.0001
lfw,all,rgb,rgb/Gerhard_Schroeder_0015.ppm,59.0,7.892e-7,0.0002
lfw,all,rgb,rgb/Gerhard_Schroeder_0016.ppm,64.4,6.635e-7,0.0001
lfw,all,rgb,rgb/Gerhard_Schroeder_0017.ppm,66.9,6.704e-7,0.0002
lfw,all,rgb,rgb/Gerhard_Schroeder_0018.ppm,61.7,6.825e-7,0.0002
lfw,all,rgb,rgb/Gerhard_Schroeder_0019.ppm,59.9,7.908e-7,0.0002
lfw,all,rgb,rgb/Gerhard_Schroeder_0020.ppm,56.8,7.512e-7,0.0001
lfw,all,rgb,rgb/Gerhard_Schroeder_0021.ppm,60.0,7.322e-7,0.0002
lfw,all,rgb,rgb/Gerhard_Schroeder_0022.ppm,54.0,8.082e-7,0.0001
lfw,all,rgb,rgb/Gerhard_Schroeder_0023.ppm,55.6,8.114e-7,0.0002
lfw,all,rgb,rgb/Gerhard_Schroeder_0024.ppm,54.5,7.468e-7,0.0002
lfw,all,rgb,rgb/Gerhard_Schroeder_0025.ppm,58.8,7.089e-7,0.0001
lfw,all,rgb,rgb/Gerhard_Schroeder_0026.ppm,61.3,7.095e-7,0.0001
lfw,all,rgb,rgb/Gerhard_Schroeder_0027.ppm,58.0,7.155e-7,0.0001
lfw,all,rgb,rgb/Gerhard_Schroeder_0028.ppm,61.7,7.477e-7,0.0002
lfw,all,rgb,rgb/Gerhard_Schroeder_0029.ppm,56.0,7.777e-7,0.0002
lfw,all,rgb,rgb/Gerhard_Schroeder_0030.ppm,58.9,7.618e-7,0.0002
lfw,all,rgb,rgb/Gerhard_Schroeder_0031.ppm,59.0,6.761e-7,0.0001
lfw,all,rgb,rgb/Gerhard_Schroeder_0032.ppm,59.8,7.377e-7,0.0002
lfw,all,rgb,rgb/Gerhard_Schroeder_0033.ppm,63.3,7.295e-7,0.0001
lfw,all,rgb,rgb/Gerhard_Schroeder_0034.ppm,57.2,7.923e-7,0.0001
lfw,all,rgb,rgb/Gerhard_Schroeder_0035.ppm,58.8,7.727e-7,0.0002
lfw,all,rgb,rgb/Gerhard_Schroeder_0036.ppm,56.9,7.291e-7,0.0002
lfw,all,rgb,rgb/Gerhard_Schroeder_0037.ppm,52.3,9.044e-7,0.0002
lfw,all,rgb,rgb/Gerhard_Schroeder_0038.ppm,56.9,7.443e-7,0.0002
lfw,all,rgb,rgb/Gerhard_Schroeder_0039.ppm,59.7,6.926e-7,0.0001
lfw,all,rgb,rgb/Gerhard_Schroeder_0040.ppm,60.2,7.277e-7,0.0001
lfw,all,rgb,rgb/Gerhard_Schroeder_0041.ppm,57.7,7.333e-7,0.0001
lfw,all,rgb,rgb/Gerhard_Schroeder_0042.ppm,56.2,8.411e-7,0.0002
lfw,all,rgb,rgb/Gerhard_Schroeder_0043.ppm,57.0,8.465e-7,0.0002
lfw,all,rgb,rgb/Gerhard_Schroeder_0044.ppm,50.5,7.444e-7,0.0001
lfw,all,rgb,rgb/Gerhard_Schroeder_0045.ppm,60.0,7.334e-7,0.0002
lfw,all,rgb,rgb/Gerhard_Schroeder_0046.ppm,59.0,7.274e-7,0.0001
lfw,all,rgb,rgb/Gerhard_Schroeder_0047.ppm,49.7,8.676e-7,0.0002
lfw,all,rgb,rgb/Gerhard_Schroeder_0048.ppm,55.5,7.716e-7,0.0001
lfw,all,rgb,rgb/Gerhard_Schroeder_0049.ppm,64.2,6.697e-7,0.0002
lfw,all,rgb,rgb/Gerhard_Schroeder_0050.ppm,54.9,7.911e-7,0.0001
lfw,all,rgb,rgb/Gerhard_Schroeder_0051.ppm,61.5,7.136e-7,0.0002
lfw,all,rgb,rgb/Gerhard_Schroeder_0052.ppm,57.5,7.445e-7,0.0002
lfw,all,rgb,rgb/Gerhard_Schroeder_0053.ppm,64.5,6.798e-7,0.0002
lfw,all,rgb,rgb/Gerhard_Schroeder_0054.ppm,59.1,7.460e-7,0.0001
lfw,all,rgb,rgb/Gerhard_Schroeder_0055.ppm,55.9,7.315e-7,0.0002
lfw,all,rgb,rgb/Gerhard_Schroeder_0056.ppm,63.5,7.654e-7,0.0002
lfw,all,rgb,rgb/Gerhard_Schroeder_0057.ppm,61.9,8.280e-7,0.0002
lfw,all,rgb,rgb/Gerhard_Schroeder_0058.ppm,65.5,6.739e-7,0.0001
lfw,all,rgb,rgb/Gerhard_Schroeder_0059.ppm,58.1,7.170e-7,0.0001
lfw,all,rgb,rgb/Gerhard_Schroeder_0060.ppm,51.2,8.286e-7,0.0002
lfw,all,rgb,rgb/Gerhard_Schroeder_0061.ppm,61.5,7.830e-7,0.0001
lfw,all,rgb,rgb/Gerhard_Schroeder_0062.ppm,53.7,7.604e-7,0.0001
lfw,all,rgb,rgb/Gerhard_Schroeder_0063.ppm,57.7,7.265e-7,0.0002
lfw,all,rgb,rgb/Gerhard_Schroeder_0064.ppm,56.1,7.157e-7,0.0001
lfw,all,rgb,rgb/Gerhard_Schroeder_0065.ppm,58.0,7.283e-7,0.0002
lfw,all,rgb,rgb/Gerhard_Schroeder_0066.ppm,64.4,7.459e-7,0.0002
lfw,all,rgb,rgb/Gerhard_Schroeder_0067.ppm,48.6,7.931e-7,0.0001
lfw,all,rgb,rgb/Gerhard_Schroeder_0068.ppm,57.7,8.170e-7,0.0002
lfw,all,rgb,rgb/Gerhard_Schroeder_0069.ppm,57.7,7.190e-7,0.0001
lfw,all,rgb,rgb/Gerhard_Schroeder_0070.ppm,40.4,9.280e-7,0.0002
lfw,all,rgb,rgb/Gerhard_Schroeder_0071.ppm,59.8,7.557e-7,0.0002
lfw,all,rgb,rgb/Gerhard_Schroeder_0072.ppm,55.5,7.976e-7,0.0001
lfw,all,rgb,rgb/Gerhard_Schroeder_0073.ppm,66.3,6.976e-7,0.0002
lfw,all,rgb,rgb/Gerhard_Schroeder_0074.ppm,63.7,6.925e-7,0.0002
lfw,all,rgb,rgb/Gerhard_Schroeder_0075.ppm,64.7,6.919e-7,0.0001
lfw,all,rgb,rgb/Gerhard_Schroeder_0076.ppm,55.3,7.942e-7,0.0001
lfw,all,rgb,rgb/Gerhard_Schroeder_0077.ppm,66.1,6.737e-7,0.0002
lfw,all,rgb,rgb/Gerhard_Schroeder_0078.ppm,63.5,7.159e-7,0.0002
lfw,all,rgb,rgb/Gerhard_Schroeder_0079.ppm,63.5,6.752e-7,0.0001
lfw,all,rgb,rgb/Gerhard_Schroeder_0080.ppm,62.9,8.258e-7,0.0002
lfw,all,rgb,rgb/Gerhard_Schroeder_0081.ppm,57.0,7.422e-7,0.0001
lfw,all,rgb,rgb/Gerhard_Schroeder_0082.ppm,59.6,7.234e-7,0.0001
lfw,all,rgb,rgb/Gerhard_Schroeder_0083.ppm,54.5,7.516e-7,0.0001
lfw,all,rgb,rgb/Gerhard_Schroeder_0084.ppm,56.3,7.209e-7,0.0001
lfw,all,rgb,rgb/Gerhard_Schroeder_0085.ppm,54.5,8.335e-7,0.0002
lfw,all,rgb,rgb/Gerhard_Schroeder_0086.ppm,56.0,7.503e-7,0.0001
lfw,all,rgb,rgb/Gerhard_Schroeder_0087.ppm,53.7,8.453e-7,0.0002
lfw,all,rgb,rgb/Gerhard_Schroeder_0088.ppm,58.0,7.038e-7,0.0001
lfw,all,rgb,rgb/Gerhard_Schroeder_0089.ppm,54.5,7.492e-7,0.0002
lfw,all,rgb,rgb/Gerhard_Schroeder_0090.ppm,58.5,7.250e-7,0.0001
lfw,all,rgb,rgb/Gerhard_Schroeder_0091.ppm,57.1,7.341e-7,0.0001
lfw,all,rgb,rgb/Gerhard_Schroeder_0092.ppm,55.4,7.736e-7,0.0002
lfw,all,rgb,rgb/Gerhard_Schroeder_0093.ppm,64.3,8.315e-7,0.0002
lfw,all,rgb,rgb/Gerhard_Schroeder_0094.ppm,61.1,7.106e-7,0.0002
lfw,all,rgb,rgb/Gerhard_Schroeder_0095.ppm,53.8,8.924e-7,0.0002
lfw,all,rgb,rgb/Gerhard_Schroeder_0096.ppm,53.7,8.311e-7,0.0002
lfw,all,rgb,rgb/Gerhard_Schroeder_0097.ppm,58.5,7.190e-7,0.0001
lfw,all,rgb,rgb/Gerhard_Schroeder_0098.ppm,45.8,8.564e-7,0.0001
lfw,all,rgb,rgb/Gerhard_Schroeder_0099.ppm,59.2,7.432e-7,0.0001
lfw,all,rgb,rgb/Gerhard_Schroeder_0100.ppm,65.5,9.076e-7,0.0002
lfw,all,rgb,rgb/Gerhard_Schroeder_0101.ppm,53.4,8.368e-7,0.0001
lfw,all,rgb,rgb/Gerhard_Schroeder_0102.ppm,56.5,7.688e-7,0.0002
lfw,all,rgb,rgb/Gerhard_Schroeder_0103.ppm,59.2,7.010e-7,0.0001
lfw,all,rgb,rgb/Gerhard_Schroeder_0104.ppm,58.9,6.656e-7,0.0001
lfw,all,rgb,rgb/Gerhard_Schroeder_0105.ppm,53.7,8.167e-7,0.0002
lfw,all,rgb,rgb/Gerhard_Schroeder_0106.ppm,53.6,8.106e-7,0.0001
lfw,all,rgb,rgb/Gerhard_Schroeder_0107.ppm,74.0,7.312e-7,0.0002
lfw,all,rgb,rgb/Gerhard_Schroeder_0108.ppm,47.7,9.291e-7,0.0002
lfw,all,rgb,rgb/Gerhard_Schroeder_0109.ppm,59.2,7.090e-7,0.0001
lfw,all,rgb,rgb/German_Khan_0001.ppm,58.5,8.222e-7,0.0001
lfw,all,rgb,rgb/Gerrit_Zalm_0001.ppm,65.8,7.471e-7,0.0002
lfw,all,rgb,rgb/Gerry_Adams_0001.ppm,58.1,8.119e-7,0.0002
lfw,all,rgb,rgb/Gerry_Adams_0002.ppm,58.3,7.317e-7,0.0001
lfw,all,rgb,rgb/Gerry_Adams_0003.ppm,57.3,8.071e-7,0.0002
lfw,all,rgb,rgb/Gerry_Adams_0004.ppm,55.5,7.217e-7,0.0001
lfw,all,rgb,rgb/Gerry_Adams_0005.ppm,59.5,7.215e-7,0.0002
lfw,all,rgb,rgb/Gerry_Adams_0006.ppm,53.0,7.472e-7,0.0002
lfw,all,rgb,rgb/Gerry_Adams_0007.ppm,61.2,6.925e-7,0.0002
lfw,all,rgb,rgb/Gerry_Adams_0008.ppm,59.5,7.343e-7,0.0001
lfw,all,rgb,rgb/Gerry_Kelly_0001.ppm,49.3,8.167e-7,0.0002
lfw,all,rgb,rgb/Gerry_Parsky_0001.ppm,54.9,6.771e-7,0.0002
lfw,all,rgb,rgb/Gerry_Parsky_0002.ppm,54.9,7.358e-7,0.0001
lfw,all,rgb,rgb/Ghassan_Elashi_0001.ppm,58.1,7.558e-7,0.0002
lfw,all,rgb,rgb/Gholamreza_Aghazadeh_0001.ppm,58.2,7.756e-7,0.0001
lfw,all,rgb,rgb/Gian_Marco_0001.ppm,56.4,8.176e-7,0.0002
lfw,all,rgb,rgb/Gian_Marco_0002.ppm,62.3,7.517e-7,0.0002
lfw,all,rgb,rgb/Gian_Marco_0003.ppm,52.4,8.891e-7,0.0002
lfw,all,rgb,rgb/Giancarlo_Fisichella_0001.ppm,63.3,6.110e-7,0.0002
lfw,all,rgb,rgb/Gianna_Angelopoulos-Daskalaki_0001.ppm,56.7,8.362e-7,0.0002
lfw,all,rgb,rgb/Gianna_Angelopoulos-Daskalaki_0002.ppm,57.5,6.770e-7,0.0001
lfw,all,rgb,rgb/Gianna_Angelopoulos-Daskalaki_0003.ppm,56.5,6.551e-7,0.0001
lfw,all,rgb,rgb/Gianni_Agnelli_0001.ppm,79.5,7.043e-7,0.0003
lfw,all,rgb,rgb/Giannina_Facio_0001.ppm,58.1,7.343e-7,0.0002
lfw,all,rgb,rgb/Gideon_Black_0001.ppm,56.9,7.305e-7,0.0002
lfw,all,rgb,rgb/Gideon_Yago_0001.ppm,58.3,7.038e-7,0.0002
lfw,all,rgb,rgb/Gil_Cates_0001.ppm,59.8,8.162e-7,0.0002
lfw,all,rgb,rgb/Gil_de_Ferran_0001.ppm,58.7,7.071e-7,0.0002
lfw,all,rgb,rgb/Gil_de_Ferran_0002.ppm,97.4,5.026e-7,0.0002
lfw,all,rgb,rgb/Gil_de_Ferran_0003.ppm,61.5,6.495e-7,0.0001
lfw,all,rgb,rgb/Gil_de_Ferran_0004.ppm,58.7,7.314e-7,0.0001
lfw,all,rgb,rgb/Gil_de_Ferran_0005.ppm,66.3,5.800e-7,0.0001
lfw,all,rgb,rgb/Gilberto_Rodriguez_Orejuela_0001.ppm,56.4,7.568e-7,0.0002
lfw,all,rgb,rgb/Gilberto_Rodriguez_Orejuela_0002.ppm,63.8,7.330e-7,0.0001
lfw,all,rgb,rgb/Gilberto_Rodriguez_Orejuela_0003.ppm,55.4,7.596e-7,0.0001
lfw,all,rgb,rgb/Gilberto_Rodriguez_Orejuela_0004.ppm,62.3,7.498e-7,0.0002
lfw,all,rgb,rgb/Gilberto_Simoni_0001.ppm,53.3,7.953e-7,0.0001
lfw,all,rgb,rgb/Gilles_Panizzi_0001.ppm,64.2,6.696e-7,0.0001
lfw,all,rgb,rgb/Gillian_Anderson_0001.ppm,56.1,7.065e-7,0.0001
lfw,all,rgb,rgb/Gillian_Anderson_0002.ppm,70.3,6.501e-7,0.0001
lfw,all,rgb,rgb/Gina_Centrello_0001.ppm,56.4,6.990e-7,0.0001
lfw,all,rgb,rgb/Gina_Gershon_0001.ppm,70.7,6.512e-7,0.0002
lfw,all,rgb,rgb/Gina_Lollobrigida_0001.ppm,68.4,6.464e-7,0.0002
lfw,all,rgb,rgb/Gina_Torres_0001.ppm,50.5,6.975e-7,0.0001
lfw,all,rgb,rgb/Giovanny_Cordoba_0001.ppm,58.3,6.515e-7,0.0001
lfw,all,rgb,rgb/Gisele_Bundchen_0001.ppm,68.5,6.950e-7,0.0002
lfw,all,rgb,rgb/Gisele_Bundchen_0002.ppm,59.9,6.672e-7,0.0001
lfw,all,rgb,rgb/Giselle_Estefania_Tavarelli_0001.ppm,60.8,7.959e-7,0.0002
lfw,all,rgb,rgb/Giulietta_Masina_0001.ppm,64.0,6.649e-7,0.0002
lfw,all,rgb,rgb/Giulio_Andreotti_0001.ppm,55.5,7.295e-7,0.0001
lfw,all,rgb,rgb/Giuseppe_Gibilisco_0001.ppm,64.1,7.089e-7,0.0001
lfw,all,rgb,rgb/Giuseppe_Gibilisco_0002.ppm,64.8,6.365e-7,0.0001
lfw,all,rgb,rgb/Giuseppe_Gibilisco_0003.ppm,57.1,7.748e-7,0.0001
lfw,all,rgb,rgb/Giuseppe_Gibilisco_0004.ppm,59.4,7.378e-7,0.0001
lfw,all,rgb,rgb/Giuseppe_Morchio_0001.ppm,57.1,7.804e-7,0.0001
lfw,all,rgb,rgb/Glafcos_Clerides_0001.ppm,64.7,7.540e-7,0.0002
lfw,all,rgb,rgb/Glafcos_Clerides_0002.ppm,60.1,7.520e-7,0.0002
lfw,all,rgb,rgb/Glafcos_Clerides_0003.ppm,60.5,7.361e-7,0.0002
lfw,all,rgb,rgb/Glafcos_Clerides_0004.ppm,55.7,7.291e-7,0.0001
lfw,all,rgb,rgb/Glen_Clark_0001.ppm,57.9,7.101e-7,0.0002
lfw,all,rgb,rgb/Glen_DaSilva_0001.ppm,59.2,6.631e-7,0.0001
lfw,all,rgb,rgb/Glen_Sather_0001.ppm,59.8,7.871e-7,0.0001
lfw,all,rgb,rgb/Glenn_Plummer_0001.ppm,51.6,7.852e-7,0.0002
lfw,all,rgb,rgb/Glenn_Rivers_0001.ppm,62.1,7.294e-7,0.0001
lfw,all,rgb,rgb/Glenn_Tilton_0001.ppm,54.6,7.802e-7,0.0001
lfw,all,rgb,rgb/Gloria_Allred_0001.ppm,58.1,6.789e-7,0.0002
lfw,all,rgb,rgb/Gloria_Allred_0002.ppm,57.7,7.425e-7,0.0001
lfw,all,rgb,rgb/Gloria_Gaynor_0001.ppm,69.3,6.922e-7,0.0002
lfw,all,rgb,rgb/Gloria_Macapagal_Arroyo_0001.ppm,61.9,6.667e-7,0.0001
lfw,all,rgb,rgb/Gloria_Macapagal_Arroyo_0002.ppm,56.5,6.375e-7,0.0002
lfw,all,rgb,rgb/Gloria_Macapagal_Arroyo_0003.ppm,60.4,6.664e-7,0.0001
lfw,all,rgb,rgb/Gloria_Macapagal_Arroyo_0004.ppm,60.3,6.635e-7,0.0001
lfw,all,rgb,rgb/Gloria_Macapagal_Arroyo_0005.ppm,53.4,6.347e-7,0.0001
lfw,all,rgb,rgb/Gloria_Macapagal_Arroyo_0006.ppm,62.8,6.810e-7,0.0002
lfw,all,rgb,rgb/Gloria_Macapagal_Arroyo_0007.ppm,64.3,6.138e-7,0.0001
lfw,all,rgb,rgb/Gloria_Macapagal_Arroyo_0008.ppm,59.7,6.653e-7,0.0001
lfw,all,rgb,rgb/Gloria_Macapagal_Arroyo_0009.ppm,56.4,7.314e-7,0.0002
lfw,all,rgb,rgb/Gloria_Macapagal_Arroyo_0010.ppm,67.1,6.826e-7,0.0001
lfw,all,rgb,rgb/Gloria_Macapagal_Arroyo_0011.ppm,61.5,6.218e-7,0.0002
lfw,all,rgb,rgb/Gloria_Macapagal_Arroyo_0012.ppm,60.4,6.567e-7,0.0001
lfw,all,rgb,rgb/Gloria_Macapagal_Arroyo_0013.ppm,56.5,7.468e-7,0.0001
lfw,all,rgb,rgb/Gloria_Macapagal_Arroyo_0014.ppm,54.9,6.562e-7,0.0001
lfw,all,rgb,rgb/Gloria_Macapagal_Arroyo_0015.ppm,55.6,7.320e-7,0.0001
lfw,all,rgb,rgb/Gloria_Macapagal_Arroyo_0016.ppm,60.1,6.699e-7,0.0001
lfw,all,rgb,rgb/Gloria_Macapagal_Arroyo_0017.ppm,62.5,7.313e-7,0.0001
lfw,all,rgb,rgb/Gloria_Macapagal_Arroyo_0018.ppm,60.1,6.351e-7,0.0001
lfw,all,rgb,rgb/Gloria_Macapagal_Arroyo_0019.ppm,60.5,6.682e-7,0.0001
lfw,all,rgb,rgb/Gloria_Macapagal_Arroyo_0020.ppm,61.2,6.775e-7,0.0001
lfw,all,rgb,rgb/Gloria_Macapagal_Arroyo_0021.ppm,61.8,6.717e-7,0.0002
lfw,all,rgb,rgb/Gloria_Macapagal_Arroyo_0022.ppm,58.7,7.279e-7,0.0001
lfw,all,rgb,rgb/Gloria_Macapagal_Arroyo_0023.ppm,59.3,6.630e-7,0.0001
lfw,all,rgb,rgb/Gloria_Macapagal_Arroyo_0024.ppm,59.3,7.429e-7,0.0002
lfw,all,rgb,rgb/Gloria_Macapagal_Arroyo_0025.ppm,61.8,6.864e-7,0.0002
lfw,all,rgb,rgb/Gloria_Macapagal_Arroyo_0026.ppm,58.7,6.492e-7,0.0001
lfw,all,rgb,rgb/Gloria_Macapagal_Arroyo_0027.ppm,63.1,6.767e-7,0.0001
lfw,all,rgb,rgb/Gloria_Macapagal_Arroyo_0028.ppm,55.7,8.121e-7,0.0002
lfw,all,rgb,rgb/Gloria_Macapagal_Arroyo_0029.ppm,59.6,6.549e-7,0.0001
lfw,all,rgb,rgb/Gloria_Macapagal_Arroyo_0030.ppm,63.9,6.093e-7,0.0001
lfw,all,rgb,rgb/Gloria_Macapagal_Arroyo_0031.ppm,61.2,7.095e-7,0.0001
lfw,all,rgb,rgb/Gloria_Macapagal_Arroyo_0032.ppm,59.4,7.069e-7,0.0001
lfw,all,rgb,rgb/Gloria_Macapagal_Arroyo_0033.ppm,66.5,7.074e-7,0.0001
lfw,all,rgb,rgb/Gloria_Macapagal_Arroyo_0034.ppm,58.9,6.934e-7,0.0001
lfw,all,rgb,rgb/Gloria_Macapagal_Arroyo_0035.ppm,57.3,6.984e-7,0.0002
lfw,all,rgb,rgb/Gloria_Macapagal_Arroyo_0036.ppm,57.8,7.398e-7,0.0001
lfw,all,rgb,rgb/Gloria_Macapagal_Arroyo_0037.ppm,66.9,6.218e-7,0.0001
lfw,all,rgb,rgb/Gloria_Macapagal_Arroyo_0038.ppm,58.9,6.425e-7,0.0001
lfw,all,rgb,rgb/Gloria_Macapagal_Arroyo_0039.ppm,57.4,6.423e-7,0.0001
lfw,all,rgb,rgb/Gloria_Macapagal_Arroyo_0040.ppm,60.6,7.003e-7,0.0002
lfw,all,rgb,rgb/Gloria_Macapagal_Arroyo_0041.ppm,66.0,6.531e-7,0.0001
lfw,all,rgb,rgb/Gloria_Macapagal_Arroyo_0042.ppm,68.4,8.107e-7,0.0002
lfw,all,rgb,rgb/Gloria_Macapagal_Arroyo_0043.ppm,60.1,6.957e-7,0.0001
lfw,all,rgb,rgb/Gloria_Macapagal_Arroyo_0044.ppm,63.3,7.404e-7,0.0001
lfw,all,rgb,rgb/Gloria_Trevi_0001.ppm,59.6,7.337e-7,0.0001
lfw,all,rgb,rgb/Gloria_Trevi_0002.ppm,61.5,6.340e-7,0.0001
lfw,all,rgb,rgb/Gloria_Trevi_0003.ppm,61.6,6.786e-7,0.0001
lfw,all,rgb,rgb/Gloria_Trevi_0004.ppm,58.8,7.001e-7,0.0001
lfw,all,rgb,rgb/Goh_Kun_0001.ppm,51.1,6.877e-7,0.0001
lfw,all,rgb,rgb/Goh_Kun_0002.ppm,48.8,7.794e-7,0.0001
lfw,all,rgb,rgb/Goldie_Hawn_0001.ppm,62.5,6.834e-7,0.0002
lfw,all,rgb,rgb/Goldie_Hawn_0002.ppm,38.7,6.276e-7,0.0001
lfw,all,rgb,rgb/Goldie_Hawn_0003.ppm,69.6,7.373e-7,0.0002
lfw,all,rgb,rgb/Goldie_Hawn_0004.ppm,65.1,6.734e-7,0.0001
lfw,all,rgb,rgb/Goldie_Hawn_0005.ppm,64.2,6.424e-7,0.0001
lfw,all,rgb,rgb/Goldie_Hawn_0006.ppm,60.6,6.883e-7,0.0001
lfw,all,rgb,rgb/Goldie_Hawn_0007.ppm,66.5,6.441e-7,0.0002
lfw,all,rgb,rgb/Gong_Li_0001.ppm,59.6,7.793e-7,0.0001
lfw,all,rgb,rgb/Gong_Ruina_0001.ppm,54.1,7.247e-7,0.0002
lfw,all,rgb,rgb/Gonzalo_Barrientos_0001.ppm,55.7,7.636e-7,0.0002
lfw,all,rgb,rgb/Gonzalo_Sanchez_de_Lozada_0001.ppm,62.3,7.276e-7,0.0002
lfw,all,rgb,rgb/Gonzalo_Sanchez_de_Lozada_0002.ppm,60.5,7.975e-7,0.0002
lfw,all,rgb,rgb/Gonzalo_Sanchez_de_Lozada_0003.ppm,78.5,6.772e-7,0.0002
lfw,all,rgb,rgb/Gonzalo_Sanchez_de_Lozada_0004.ppm,65.5,7.455e-7,0.0002
lfw,all,rgb,rgb/Gonzalo_Sanchez_de_Lozada_0005.ppm,64.3,7.180e-7,0.0002
lfw,all,rgb,rgb/Gonzalo_Sanchez_de_Lozada_0006.ppm,61.4,7.554e-7,0.0002
lfw,all,rgb,rgb/Gonzalo_Sanchez_de_Lozada_0007.ppm,59.4,8.394e-7,0.0002
lfw,all,rgb,rgb/Gonzalo_Sanchez_de_Lozada_0008.ppm,52.6,7.523e-7,0.0001
lfw,all,rgb,rgb/Gonzalo_Sanchez_de_Lozada_0009.ppm,65.2,7.340e-7,0.0002
lfw,all,rgb,rgb/Gonzalo_Sanchez_de_Lozada_0010.ppm,63.0,7.170e-7,0.0002
lfw,all,rgb,rgb/Gonzalo_Sanchez_de_Lozada_0011.ppm,61.4,7.179e-7,0.0002
lfw,all,rgb,rgb/Gonzalo_Sanchez_de_Lozada_0012.ppm,61.7,7.181e-7,0.0001
lfw,all,rgb,rgb/Goran_Persson_0001.ppm,55.1,8.155e-7,0.0001
lfw,all,rgb,rgb/Goran_Persson_0002.ppm,60.1,7.406e-7,0.0001
lfw,all,rgb,rgb/Goran_Zivkovic_0001.ppm,56.9,7.788e-7,0.0001
lfw,all,rgb,rgb/Gordana_Grubin_0001.ppm,57.4,7.097e-7,0.0001
lfw,all,rgb,rgb/Gorden_Tallis_0001.ppm,60.0,7.177e-7,0.0001
lfw,all,rgb,rgb/Gordon_Brown_0001.ppm,57.2,7.711e-7,0.0001
lfw,all,rgb,rgb/Gordon_Brown_0002.ppm,55.5,8.218e-7,0.0002
lfw,all,rgb,rgb/Gordon_Brown_0003.ppm,56.3,7.406e-7,0.0002
lfw,all,rgb,rgb/Gordon_Brown_0004.ppm,59.3,7.994e-7,0.0002
lfw,all,rgb,rgb/Gordon_Brown_0005.ppm,49.7,8.601e-7,0.0002
lfw,all,rgb,rgb/Gordon_Brown_0006.ppm,57.3,6.886e-7,0.0001
lfw,all,rgb,rgb/Gordon_Brown_0007.ppm,60.6,6.791e-7,0.0002
lfw,all,rgb,rgb/Gordon_Brown_0008.ppm,57.4,7.152e-7,0.0001
lfw,all,rgb,rgb/Gordon_Brown_0009.ppm,54.1,7.660e-7,0.0002
lfw,all,rgb,rgb/Gordon_Brown_0010.ppm,59.3,7.951e-7,0.0002
lfw,all,rgb,rgb/Gordon_Brown_0011.ppm,57.3,8.758e-7,0.0002
lfw,all,rgb,rgb/Gordon_Brown_0012.ppm,52.8,8.202e-7,0.0002
lfw,all,rgb,rgb/Gordon_Brown_0013.ppm,54.6,7.731e-7,0.0001
lfw,all,rgb,rgb/Gordon_Campbell_0001.ppm,63.5,6.881e-7,0.0001
lfw,all,rgb,rgb/Gordon_Campbell_0002.ppm,61.7,7.475e-7,0.0001
lfw,all,rgb,rgb/Gordon_Cooper_0001.ppm,56.0,8.963e-7,0.0002
lfw,all,rgb,rgb/Gordon_Lightfoot_0001.ppm,60.9,7.321e-7,0.0002
lfw,all,rgb,rgb/Gordon_McDonald_0001.ppm,58.4,7.122e-7,0.0001
lfw,all,rgb,rgb/Gore_Verbinski_0001.ppm,58.2,7.208e-7,0.0001
lfw,all,rgb,rgb/Gore_Vidal_0001.ppm,53.8,7.151e-7,0.0001
lfw,all,rgb,rgb/Grace_Brinell_0001.ppm,53.8,7.021e-7,0.0002
lfw,all,rgb,rgb/Grace_Dodd_0001.ppm,72.0,6.025e-7,0.0001
lfw,all,rgb,rgb/Grace_Kelly_0001.ppm,60.9,6.501e-7,0.0001
lfw,all,rgb,rgb/Gracia_Burnham_0001.ppm,54.4,7.007e-7,0.0001
lfw,all,rgb,rgb/Graciano_Rocchigiani_0001.ppm,55.7,7.343e-7,0.0001
lfw,all,rgb,rgb/Grady_Irvin_Jr_0001.ppm,56.9,7.912e-7,0.0002
lfw,all,rgb,rgb/Grady_Irvin_Jr_0002.ppm,56.1,7.695e-7,0.0001
lfw,all,rgb,rgb/Grady_Little_0001.ppm,78.5,5.887e-7,0.0002
lfw,all,rgb,rgb/Graeme_Lloyd_0001.ppm,59.0,6.635e-7,0.0002
lfw,all,rgb,rgb/Graeme_Smith_0001.ppm,62.5,6.992e-7,0.0001
lfw,all,rgb,rgb/Graham_Bentley_0001.ppm,57.6,7.927e-7,0.0002
lfw,all,rgb,rgb/Grant_Hackett_0001.ppm,53.5,7.427e-7,0.0001
lfw,all,rgb,rgb/Grant_Hackett_0002.ppm,57.2,7.310e-7,0.0001
lfw,all,rgb,rgb/Grant_Hackett_0003.ppm,54.9,7.437e-7,0.0001
lfw,all,rgb,rgb/Grant_Hackett_0004.ppm,56.1,7.810e-7,0.0002
lfw,all,rgb,rgb/Grant_Hackett_0005.ppm,50.5,8.429e-7,0.0002
lfw,all,rgb,rgb/Grant_Rossenmeyer_0001.ppm,60.7,6.892e-7,0.0002
lfw,all,rgb,rgb/Gray_Davis_0001.ppm,51.4,7.998e-7,0.0001
lfw,all,rgb,rgb/Gray_Davis_0002.ppm,52.0,8.355e-7,0.0001
lfw,all,rgb,rgb/Gray_Davis_0003.ppm,65.7,7.868e-7,0.0002
lfw,all,rgb,rgb/Gray_Davis_0004.ppm,49.8,8.735e-7,0.0002
lfw,all,rgb,rgb/Gray_Davis_0005.ppm,56.5,8.765e-7,0.0002
lfw,all,rgb,rgb/Gray_Davis_0006.ppm,59.7,8.009e-7,0.0002
lfw,all,rgb,rgb/Gray_Davis_0007.ppm,51.1,7.520e-7,0.0001
lfw,all,rgb,rgb/Gray_Davis_0008.ppm,70.6,8.233e-7,0.0002
lfw,all,rgb,rgb/Gray_Davis_0009.ppm,54.1,7.875e-7,0.0001
lfw,all,rgb,rgb/Gray_Davis_0010.ppm,53.1,7.653e-7,0.0001
lfw,all,rgb,rgb/Gray_Davis_0011.ppm,58.9,7.935e-7,0.0002
lfw,all,rgb,rgb/Gray_Davis_0012.ppm,54.6,8.137e-7,0.0002
lfw,all,rgb,rgb/Gray_Davis_0013.ppm,61.3,7.594e-7,0.0002
lfw,all,rgb,rgb/Gray_Davis_0014.ppm,58.6,7.519e-7,0.0002
lfw,all,rgb,rgb/Gray_Davis_0015.ppm,60.8,7.566e-7,0.0001
lfw,all,rgb,rgb/Gray_Davis_0016.ppm,50.9,8.111e-7,0.0001
lfw,all,rgb,rgb/Gray_Davis_0017.ppm,53.8,7.710e-7,0.0002
lfw,all,rgb,rgb/Gray_Davis_0018.ppm,56.2,8.632e-7,0.0001
lfw,all,rgb,rgb/Gray_Davis_0019.ppm,62.3,8.847e-7,0.0002
lfw,all,rgb,rgb/Gray_Davis_0020.ppm,54.2,7.699e-7,0.0001
lfw,all,rgb,rgb/Gray_Davis_0021.ppm,57.3,7.769e-7,0.0002
lfw,all,rgb,rgb/Gray_Davis_0022.ppm,57.5,7.740e-7,0.0002
lfw,all,rgb,rgb/Gray_Davis_0023.ppm,55.8,8.127e-7,0.0001
lfw,all,rgb,rgb/Gray_Davis_0024.ppm,62.8,7.427e-7,0.0002
lfw,all,rgb,rgb/Gray_Davis_0025.ppm,45.0,8.733e-7,0.0001
lfw,all,rgb,rgb/Gray_Davis_0026.ppm,48.6,7.732e-7,0.0001
lfw,all,rgb,rgb/Greg_Frers_0001.ppm,52.1,8.098e-7,0.0001
lfw,all,rgb,rgb/Greg_Gilbert_0001.ppm,53.9,8.582e-7,0.0002
lfw,all,rgb,rgb/Greg_Gilbert_0002.ppm,60.7,7.342e-7,0.0001
lfw,all,rgb,rgb/Greg_Hennigar_0001.ppm,56.7,7.479e-7,0.0001
lfw,all,rgb,rgb/Greg_Hodge_0001.ppm,58.6,7.075e-7,0.0001
lfw,all,rgb,rgb/Greg_Kinnear_0001.ppm,58.1,8.142e-7,0.0001
lfw,all,rgb,rgb/Greg_Kinsey_0001.ppm,62.4,7.070e-7,0.0002
lfw,all,rgb,rgb/Greg_Ostertag_0001.ppm,59.0,7.521e-7,0.0001
lfw,all,rgb,rgb/Greg_Ostertag_0002.ppm,54.1,8.330e-7,0.0002
lfw,all,rgb,rgb/Greg_Owen_0001.ppm,60.6,6.651e-7,0.0001
lfw,all,rgb,rgb/Greg_Owen_0002.ppm,62.8,6.898e-7,0.0001
lfw,all,rgb,rgb/Greg_Rusedski_0001.ppm,57.4,8.985e-7,0.0001
lfw,all,rgb,rgb/Greg_Rusedski_0002.ppm,56.8,7.288e-7,0.0001
lfw,all,rgb,rgb/Greg_Rusedski_0003.ppm,53.4,6.892e-7,0.0002
lfw,all,rgb,rgb/Greg_Rusedski_0004.ppm,57.3,7.941e-7,0.0001
lfw,all,rgb,rgb/Gregg_Berhalter_0001.ppm,49.8,8.006e-7,0.0001
lfw,all,rgb,rgb/Gregg_Popovich_0001.ppm,48.0,7.920e-7,0.0001
lfw,all,rgb,rgb/Gregg_Popovich_0002.ppm,54.9,8.196e-7,0.0001
lfw,all,rgb,rgb/Gregg_Popovich_0003.ppm,56.1,7.868e-7,0.0002
lfw,all,rgb,rgb/Gregg_Popovich_0004.ppm,50.7,8.256e-7,0.0001
lfw,all,rgb,rgb/Gregg_Popovich_0005.ppm,56.4,7.687e-7,0.0001
lfw,all,rgb,rgb/Gregor_Gysi_0001.ppm,46.8,1.047e-6,0.0002
lfw,all,rgb,rgb/Gregorio_Honasan_0001.ppm,52.9,7.998e-7,0.0002
lfw,all,rgb,rgb/Gregorio_Rosal_0001.ppm,55.4,6.341e-7,0.0001
lfw,all,rgb,rgb/Gregory_Geoffroy_0001.ppm,48.0,7.159e-7,0.0001
lfw,all,rgb,rgb/Gregory_Geoffroy_0002.ppm,52.9,7.573e-7,0.0001
lfw,all,rgb,rgb/Gregory_Hines_0001.ppm,46.1,7.983e-7,0.0001
lfw,all,rgb,rgb/Gregory_Hines_0002.ppm,49.9,7.565e-7,0.0001
lfw,all,rgb,rgb/Gregory_Peck_0001.ppm,59.9,6.549e-7,0.0002
lfw,all,rgb,rgb/Gretchen_Mol_0001.ppm,63.6,6.541e-7,0.0002
lfw,all,rgb,rgb/Griffin_Colvin_0001.ppm,49.5,7.630e-7,0.0001
lfw,all,rgb,rgb/Gro_Harlem_Brundtland_0001.ppm,57.5,7.086e-7,0.0001
lfw,all,rgb,rgb/Gro_Harlem_Brundtland_0002.ppm,58.3,8.656e-7,0.0002
lfw,all,rgb,rgb/Guangdong_Ou_Guangyuan_0001.ppm,57.0,6.750e-7,0.0001
lfw,all,rgb,rgb/Guennadi_Chipouline_0001.ppm,61.4,7.145e-7,0.0001
lfw,all,rgb,rgb/Guenter_Verheugen_0001.ppm,70.5,6.544e-7,0.0002
lfw,all,rgb,rgb/Guido_Westerwelle_0001.ppm,59.1,7.222e-7,0.0002
lfw,all,rgb,rgb/Guido_Westerwelle_0002.ppm,61.7,6.833e-7,0.0001
lfw,all,rgb,rgb/Guillaume_Cannet_0001.ppm,55.2,7.269e-7,0.0002
lfw,all,rgb,rgb/Guillaume_Depardieu_0001.ppm,57.2,7.374e-7,0.0002
lfw,all,rgb,rgb/Guillaume_Soro_0001.ppm,64.4,6.829e-7,0.0002
lfw,all,rgb,rgb/Guillaume_Soro_0002.ppm,60.5,6.849e-7,0.0002
lfw,all,rgb,rgb/Guillermo_Canas_0001.ppm,55.8,7.943e-7,0.0002
lfw,all,rgb,rgb/Guillermo_Canas_0002.ppm,56.8,7.485e-7,0.0001
lfw,all,rgb,rgb/Guillermo_Canas_0003.ppm,51.5,7.684e-7,0.0001
lfw,all,rgb,rgb/Guillermo_Canas_0004.ppm,57.8,7.519e-7,0.0002
lfw,all,rgb,rgb/Guillermo_Coria_0001.ppm,68.5,6.400e-7,0.0002
lfw,all,rgb,rgb/Guillermo_Coria_0002.ppm,72.6,6.500e-7,0.0002
lfw,all,rgb,rgb/Guillermo_Coria_0003.ppm,59.1,6.704e-7,0.0001
lfw,all,rgb,rgb/Guillermo_Coria_0004.ppm,57.4,7.162e-7,0.0001
lfw,all,rgb,rgb/Guillermo_Coria_0005.ppm,59.9,6.837e-7,0.0001
lfw,all,rgb,rgb/Guillermo_Coria_0006.ppm,62.5,7.322e-7,0.0002
lfw,all,rgb,rgb/Guillermo_Coria_0007.ppm,57.1,6.909e-7,0.0001
lfw,all,rgb,rgb/Guillermo_Coria_0008.ppm,58.1,7.312e-7,0.0001
lfw,all,rgb,rgb/Guillermo_Coria_0009.ppm,54.8,6.906e-7,0.0001
lfw,all,rgb,rgb/Guillermo_Coria_0010.ppm,57.8,6.894e-7,0.0002
lfw,all,rgb,rgb/Guillermo_Coria_0011.ppm,56.1,7.145e-7,0.0001
lfw,all,rgb,rgb/Guillermo_Coria_0012.ppm,54.5,7.102e-7,0.0001
lfw,all,rgb,rgb/Guillermo_Coria_0013.ppm,56.6,6.739e-7,0.0001
lfw,all,rgb,rgb/Guillermo_Coria_0014.ppm,55.7,6.876e-7,0.0001
lfw,all,rgb,rgb/Guillermo_Coria_0015.ppm,53.2,6.176e-7,0.0001
lfw,all,rgb,rgb/Guillermo_Coria_0016.ppm,53.8,6.587e-7,0.0001
lfw,all,rgb,rgb/Guillermo_Coria_0017.ppm,57.3,6.538e-7,0.0002
lfw,all,rgb,rgb/Guillermo_Coria_0018.ppm,61.7,7.789e-7,0.0001
lfw,all,rgb,rgb/Guillermo_Coria_0019.ppm,51.0,7.814e-7,0.0001
lfw,all,rgb,rgb/Guillermo_Coria_0020.ppm,51.9,7.355e-7,0.0001
lfw,all,rgb,rgb/Guillermo_Coria_0021.ppm,56.2,6.496e-7,0.0001
lfw,all,rgb,rgb/Guillermo_Coria_0022.ppm,55.5,7.203e-7,0.0002
lfw,all,rgb,rgb/Guillermo_Coria_0023.ppm,57.3,6.760e-7,0.0001
lfw,all,rgb,rgb/Guillermo_Coria_0024.ppm,53.5,8.335e-7,0.0001
lfw,all,rgb,rgb/Guillermo_Coria_0025.ppm,58.8,7.559e-7,0.0001
lfw,all,rgb,rgb/Guillermo_Coria_0026.ppm,55.1,8.169e-7,0.0001
lfw,all,rgb,rgb/Guillermo_Coria_0027.ppm,57.1,7.268e-7,0.0002
lfw,all,rgb,rgb/Guillermo_Coria_0028.ppm,58.9,8.079e-7,0.0002
lfw,all,rgb,rgb/Guillermo_Coria_0029.ppm,49.5,7.838e-7,0.0002
lfw,all,rgb,rgb/Guillermo_Coria_0030.ppm,53.2,6.903e-7,0.0001
lfw,all,rgb,rgb/Guillermo_Monroy_0001.ppm,60.5,7.438e-7,0.0002
lfw,all,rgb,rgb/Guillermo_Ortiz_0001.ppm,62.8,6.579e-7,0.0001
lfw,all,rgb,rgb/Guillermo_Ortiz_0002.ppm,60.0,6.683e-7,0.0001
lfw,all,rgb,rgb/Guillermo_Ruiz_Polanco_0001.ppm,57.6,7.457e-7,0.0002
lfw,all,rgb,rgb/Gunilla_Backman_0001.ppm,52.0,7.888e-7,0.0002
lfw,all,rgb,rgb/Gunter_Pleuger_0001.ppm,48.0,8.769e-7,0.0001
lfw,all,rgb,rgb/Gunter_Pleuger_0002.ppm,54.5,8.097e-7,0.0001
lfw,all,rgb,rgb/Gunter_Pleuger_0003.ppm,59.5,7.745e-7,0.0002
lfw,all,rgb,rgb/Gunter_Pleuger_0004.ppm,52.6,8.662e-7,0.0001
lfw,all,rgb,rgb/Gunter_Pleuger_0005.ppm,58.6,8.103e-7,0.0002
lfw,all,rgb,rgb/Gunter_Pleuger_0006.ppm,58.8,8.224e-7,0.0002
lfw,all,rgb,rgb/Gunter_Pleuger_0007.ppm,45.0,1.040e-6,0.0002
lfw,all,rgb,rgb/Gus_Frerotte_0001.ppm,56.2,6.867e-7,0.0001
lfw,all,rgb,rgb/Gus_Van_Sant_0001.ppm,57.6,6.994e-7,0.0001
lfw,all,rgb,rgb/Gus_Van_Sant_0002.ppm,59.3,6.621e-7,0.0001
lfw,all,rgb,rgb/Gus_Van_Sant_0003.ppm,56.5,7.865e-7,0.0002
lfw,all,rgb,rgb/Gustavo_Cisneros_0001.ppm,59.0,7.193e-7,0.0001
lfw,all,rgb,rgb/Gustavo_Franco_0001.ppm,60.0,6.749e-7,0.0002
lfw,all,rgb,rgb/Gustavo_Kuerten_0001.ppm,56.3,7.035e-7,0.0001
lfw,all,rgb,rgb/Gustavo_Kuerten_0002.ppm,58.2,7.527e-7,0.0001
lfw,all,rgb,rgb/Gustavo_Kuerten_0003.ppm,55.8,7.286e-7,0.0002
lfw,all,rgb,rgb/Gustavo_Noboa_0001.ppm,73.8,6.403e-7,0.0002
lfw,all,rgb,rgb/Gustavo_Terrazas_0001.ppm,69.3,6.103e-7,0.0001
lfw,all,rgb,rgb/Guus_Hiddink_0001.ppm,58.3,7.202e-7,0.0002
lfw,all,rgb,rgb/Guy_Hemmings_0001.ppm,56.5,7.045e-7,0.0001
lfw,all,rgb,rgb/Guy_Hemmings_0002.ppm,55.0,7.062e-7,0.0002
lfw,all,rgb,rgb/Guy_Ritchie_0001.ppm,50.8,9.116e-7,0.0002
lfw,all,rgb,rgb/Guy_Ritchie_0002.ppm,64.2,6.807e-7,0.0002
lfw,all,rgb,rgb/Guy_Verhofstadt_0001.ppm,49.0,1.055e-6,0.0002
lfw,all,rgb,rgb/Gwen_Stefani_0001.ppm,60.9,7.573e-7,0.0002
lfw,all,rgb,rgb/Gwendal_Peizerat_0001.ppm,56.8,7.024e-7,0.0001
lfw,all,rgb,rgb/Gwendal_Peizerat_0002.ppm,47.6,1.028e-6,0.0002
lfw,all,rgb,rgb/Gwendal_Peizerat_0003.ppm,54.6,7.033e-7,0.0001
lfw,all,rgb,rgb/Gwyneth_Paltrow_0001.ppm,58.0,6.818e-7,0.0002
lfw,all,rgb,rgb/Gwyneth_Paltrow_0002.ppm,50.9,8.861e-7,0.0001
lfw,all,rgb,rgb/Gwyneth_Paltrow_0003.ppm,61.5,6.483e-7,0.0001
lfw,all,rgb,rgb/Gwyneth_Paltrow_0004.ppm,60.3,7.133e-7,0.0001
lfw,all,rgb,rgb/Gwyneth_Paltrow_0005.ppm,58.7,6.487e-7,0.0001
lfw,all,rgb,rgb/Gwyneth_Paltrow_0006.ppm,65.8,6.512e-7,0.0002
lfw,all,rgb,rgb/Habib_Hisham_0001.ppm,64.4,5.426e-7,0.0001
lfw,all,rgb,rgb/Habib_Rizieq_0001.ppm,58.7,7.071e-7,0.0001
lfw,all,rgb,rgb/Habib_Rizieq_0002.ppm,54.0,8.052e-7,0.0002
lfw,all,rgb,rgb/Habib_Rizieq_0003.ppm,64.8,6.603e-7,0.0002
lfw,all,rgb,rgb/Habib_Rizieq_0004.ppm,38.5,7.413e-7,0.0001
lfw,all,rgb,rgb/Habib_Rizieq_0005.ppm,65.2,6.706e-7,0.0001
lfw,all,rgb,rgb/Hadley_Bilger_0001.ppm,61.5,6.107e-7,0.0001
lfw,all,rgb,rgb/Hal_Gehman_0001.ppm,52.1,7.825e-7,0.0001
lfw,all,rgb,rgb/Hal_Gehman_0002.ppm,55.8,7.352e-7,0.0002
lfw,all,rgb,rgb/Hal_Gehman_0003.ppm,55.6,8.009e-7,0.0002
lfw,all,rgb,rgb/Hal_Gehman_0004.ppm,55.7,7.750e-7,0.0001
lfw,all,rgb,rgb/Hal_Gehman_0005.ppm,59.9,7.176e-7,0.0001
lfw,all,rgb,rgb/Hal_McCoy_0001.ppm,63.1,6.683e-7,0.0001
lfw,all,rgb,rgb/Hal_Sellers_0001.ppm,57.6,7.070e-7,0.0001
lfw,all,rgb,rgb/Hal_Sutton_0001.ppm,56.6,7.344e-7,0.0002
lfw,all,rgb,rgb/Hal_Sutton_0002.ppm,51.8,6.195e-7,0.0001
lfw,all,rgb,rgb/Halbert_Fillinger_0001.ppm,61.9,6.749e-7,0.0002
lfw,all,rgb,rgb/Halle_Berry_0001.ppm,65.2,7.489e-7,0.0002
lfw,all,rgb,rgb/Halle_Berry_0002.ppm,60.1,6.643e-7,0.0001
lfw,all,rgb,rgb/Halle_Berry_0003.ppm,63.5,7.104e-7,0.0002
lfw,all,rgb,rgb/Halle_Berry_0004.ppm,64.2,6.556e-7,0.0001
lfw,all,rgb,rgb/Halle_Berry_0005.ppm,65.1,6.960e-7,0.0001
lfw,all,rgb,rgb/Halle_Berry_0006.ppm,63.3,6.317e-7,0.0001
lfw,all,rgb,rgb/Halle_Berry_0007.ppm,64.4,6.237e-7,0.0002
lfw,all,rgb,rgb/Halle_Berry_0008.ppm,62.2,6.867e-7,0.0002
lfw,all,rgb,rgb/Halle_Berry_0009.ppm,61.1,7.348e-7,0.0002
lfw,all,rgb,rgb/Halle_Berry_0010.ppm,63.8,6.363e-7,0.0002
lfw,all,rgb,rgb/Halle_Berry_0011.ppm,63.2,6.422e-7,0.0001
lfw,all,rgb,rgb/Halle_Berry_0012.ppm,65.2,6.639e-7,0.0002
lfw,all,rgb,rgb/Halle_Berry_0013.ppm,68.8,6.982e-7,0.0002
lfw,all,rgb,rgb/Halle_Berry_0014.ppm,56.3,7.411e-7,0.0001
lfw,all,rgb,rgb/Halle_Berry_0015.ppm,69.1,6.770e-7,0.0002
lfw,all,rgb,rgb/Halle_Berry_0016.ppm,59.0,7.188e-7,0.0002
lfw,all,rgb,rgb/Ham_Pong-sil_0001.ppm,59.9,6.585e-7,0.0001
lfw,all,rgb,rgb/Hama_Arba_Diallo_0001.ppm,67.3,7.088e-7,0.0002
lfw,all,rgb,rgb/Hamad_Bin_Isa_al-Khalifa_0001.ppm,68.3,7.164e-7,0.0002
lfw,all,rgb,rgb/Hamad_Bin_Jassim_0001.ppm,52.4,7.353e-7,0.0002
lfw,all,rgb,rgb/Hamid_Efendi_0001.ppm,54.1,7.560e-7,0.0001
lfw,all,rgb,rgb/Hamid_Karzai_0001.ppm,53.4,7.860e-7,0.0001
lfw,all,rgb,rgb/Hamid_Karzai_0002.ppm,58.5,6.334e-7,0.0001
lfw,all,rgb,rgb/Hamid_Karzai_0003.ppm,57.6,6.903e-7,0.0001
lfw,all,rgb,rgb/Hamid_Karzai_0004.ppm,56.4,6.992e-7,0.0001
lfw,all,rgb,rgb/Hamid_Karzai_0005.ppm,62.3,6.094e-7,0.0002
lfw,all,rgb,rgb/Hamid_Karzai_0006.ppm,61.5,7.093e-7,0.0002
lfw,all,rgb,rgb/Hamid_Karzai_0007.ppm,55.9,6.814e-7,0.0001
lfw,all,rgb,rgb/Hamid_Karzai_0008.ppm,56.5,7.572e-7,0.0002
lfw,all,rgb,rgb/Hamid_Karzai_0009.ppm,49.3,8.833e-7,0.0001
lfw,all,rgb,rgb/Hamid_Karzai_0010.ppm,54.1,7.071e-7,0.0001
lfw,all,rgb,rgb/Hamid_Karzai_0011.ppm,58.6,6.772e-7,0.0001
lfw,all,rgb,rgb/Hamid_Karzai_0012.ppm,62.3,7.316e-7,0.0002
lfw,all,rgb,rgb/Hamid_Karzai_0013.ppm,57.8,6.902e-7,0.0001
lfw,all,rgb,rgb/Hamid_Karzai_0014.ppm,51.7,8.373e-7,0.0001
lfw,all,rgb,rgb/Hamid_Karzai_0015.ppm,53.8,7.622e-7,0.0001
lfw,all,rgb,rgb/Hamid_Karzai_0016.ppm,55.4,6.674e-7,0.0001
lfw,all,rgb,rgb/Hamid_Karzai_0017.ppm,53.8,7.571e-7,0.0001
lfw,all,rgb,rgb/Hamid_Karzai_0018.ppm,58.8,7.063e-7,0.0001
lfw,all,rgb,rgb/Hamid_Karzai_0019.ppm,34.2,1.049e-6,0.0001
lfw,all,rgb,rgb/Hamid_Karzai_0020.ppm,69.6,7.171e-7,0.0002
lfw,all,rgb,rgb/Hamid_Karzai_0021.ppm,55.2,6.793e-7,0.0002
lfw,all,rgb,rgb/Hamid_Karzai_0022.ppm,58.4,7.019e-7,0.0001
lfw,all,rgb,rgb/Hamid_Reza_Asefi_0001.ppm,55.0,7.977e-7,0.0002
lfw,all,rgb,rgb/Hamza_Atiya_Muhsen_0001.ppm,60.8,6.442e-7,0.0001
lfw,all,rgb,rgb/Hamzah_Haz_0001.ppm,57.6,6.411e-7,0.0001
lfw,all,rgb,rgb/Hamzah_Haz_0002.ppm,57.2,7.119e-7,0.0001
lfw,all,rgb,rgb/Han_Sung_Joo_0001.ppm,63.9,7.619e-7,0.0002
lfw,all,rgb,rgb/Hana_Makhmalbaf_0001.ppm,57.1,6.957e-7,0.0001
lfw,all,rgb,rgb/Hana_Sadiq_0001.ppm,73.3,5.307e-7,0.0001
lfw,all,rgb,rgb/Hana_Urushima_0001.ppm,51.2,7.676e-7,0.0001
lfw,all,rgb,rgb/Hanan_Ashrawi_0001.ppm,55.1,7.107e-7,0.0001
lfw,all,rgb,rgb/Hanan_Ashrawi_0002.ppm,58.4,6.932e-7,0.0001
lfw,all,rgb,rgb/Hank_Aaron_0001.ppm,56.2,7.376e-7,0.0002
lfw,all,rgb,rgb/Hank_Azaria_0001.ppm,57.3,7.056e-7,0.0002
lfw,all,rgb,rgb/Hank_Bass_0001.ppm,57.3,7.100e-7,0.0001
lfw,all,rgb,rgb/Hank_McKinnell_0001.ppm,59.3,7.110e-7,0.0001
lfw,all,rgb,rgb/Hank_Stram_0001.ppm,56.5,7.538e-7,0.0001
lfw,all,rgb,rgb/Hannah_Stockbauer_0001.ppm,58.7,6.829e-7,0.0001
lfw,all,rgb,rgb/Hannah_Stockbauer_0002.ppm,55.2,6.171e-7,0.0002
lfw,all,rgb,rgb/Hanns_Schumacher_0001.ppm,61.4,8.565e-7,0.0002
lfw,all,rgb,rgb/Hans-Christian_Schmid_0001.ppm,50.1,7.660e-7,0.0001
lfw,all,rgb,rgb/Hans_Blix_0001.ppm,56.2,7.805e-7,0.0002
lfw,all,rgb,rgb/Hans_Blix_0002.ppm,59.0,6.906e-7,0.0001
lfw,all,rgb,rgb/Hans_Blix_0003.ppm,56.8,7.713e-7,0.0001
lfw,all,rgb,rgb/Hans_Blix_0004.ppm,54.2,8.527e-7,0.0002
lfw,all,rgb,rgb/Hans_Blix_0005.ppm,54.6,8.448e-7,0.0002
lfw,all,rgb,rgb/Hans_Blix_0006.ppm,56.4,7.392e-7,0.0001
lfw,all,rgb,rgb/Hans_Blix_0007.ppm,57.1,7.421e-7,0.0002
lfw,all,rgb,rgb/Hans_Blix_0008.ppm,50.9,7.088e-7,0.0001
lfw,all,rgb,rgb/Hans_Blix_0009.ppm,61.0,7.173e-7,0.0002
lfw,all,rgb,rgb/Hans_Blix_0010.ppm,62.8,7.127e-7,0.0002
lfw,all,rgb,rgb/Hans_Blix_0011.ppm,62.2,8.530e-7,0.0003
lfw,all,rgb,rgb/Hans_Blix_0012.ppm,67.7,7.692e-7,0.0003
lfw,all,rgb,rgb/Hans_Blix_0013.ppm,61.3,7.126e-7,0.0002
lfw,all,rgb,rgb/Hans_Blix_0014.ppm,59.7,7.357e-7,0.0002
lfw,all,rgb,rgb/Hans_Blix_0015.ppm,49.6,7.817e-7,0.0001
lfw,all,rgb,rgb/Hans_Blix_0016.ppm,54.2,6.264e-7,0.0001
lfw,all,rgb,rgb/Hans_Blix_0017.ppm,65.1,7.037e-7,0.0001
lfw,all,rgb,rgb/Hans_Blix_0018.ppm,64.6,6.657e-7,0.0002
lfw,all,rgb,rgb/Hans_Blix_0019.ppm,55.1,7.857e-7,0.0002
lfw,all,rgb,rgb/Hans_Blix_0020.ppm,62.8,6.807e-7,0.0002
lfw,all,rgb,rgb/Hans_Blix_0021.ppm,45.0,7.710e-7,0.0001
lfw,all,rgb,rgb/Hans_Blix_0022.ppm,63.8,7.322e-7,0.0001
lfw,all,rgb,rgb/Hans_Blix_0023.ppm,50.0,8.451e-7,0.0001
lfw,all,rgb,rgb/Hans_Blix_0024.ppm,62.2,7.337e-7,0.0001
lfw,all,rgb,rgb/Hans_Blix_0025.ppm,67.1,6.879e-7,0.0001
lfw,all,rgb,rgb/Hans_Blix_0026.ppm,56.7,7.601e-7,0.0002
lfw,all,rgb,rgb/Hans_Blix_0027.ppm,56.3,6.650e-7,0.0002
lfw,all,rgb,rgb/Hans_Blix_0028.ppm,50.4,8.288e-7,0.0001
lfw,all,rgb,rgb/Hans_Blix_0029.ppm,60.0,6.931e-7,0.0001
lfw,all,rgb,rgb/Hans_Blix_0030.ppm,56.5,6.716e-7,0.0001
lfw,all,rgb,rgb/Hans_Blix_0031.ppm,57.8,6.571e-7,0.0002
lfw,all,rgb,rgb/Hans_Blix_0032.ppm,47.5,7.356e-7,0.0001
lfw,all,rgb,rgb/Hans_Blix_0033.ppm,59.3,7.158e-7,0.0002
lfw,all,rgb,rgb/Hans_Blix_0034.ppm,57.8,6.724e-7,0.0001
lfw,all,rgb,rgb/Hans_Blix_0035.ppm,52.8,7.256e-7,0.0001
lfw,all,rgb,rgb/Hans_Blix_0036.ppm,56.9,7.244e-7,0.0002
lfw,all,rgb,rgb/Hans_Blix_0037.ppm,50.1,7.373e-7,0.0001
lfw,all,rgb,rgb/Hans_Blix_0038.ppm,67.5,7.299e-7,0.0002
lfw,all,rgb,rgb/Hans_Blix_0039.ppm,58.2,7.175e-7,0.0002
lfw,all,rgb,rgb/Hans_Corell_0001.ppm,61.6,7.030e-7,0.0001
lfw,all,rgb,rgb/Hans_Eichel_0001.ppm,65.5,7.033e-7,0.0001
lfw,all,rgb,rgb/Hans_Eichel_0002.ppm,62.7,7.307e-7,0.0002
lfw,all,rgb,rgb/Hans_Eichel_0003.ppm,61.3,7.102e-7,0.0002
lfw,all,rgb,rgb/Hans_Leistritz_0001.ppm,60.7,6.882e-7,0.0001
lfw,all,rgb,rgb/Hans_Peter_Briegel_0001.ppm,61.3,7.308e-7,0.0002
lfw,all,rgb,rgb/Harald_Ringstorff_0001.ppm,67.5,6.065e-7,0.0002
lfw,all,rgb,rgb/Harbhajan_Singh_0001.ppm,65.6,5.825e-7,0.0001
lfw,all,rgb,rgb/Harbhajan_Singh_0002.ppm,49.9,6.933e-7,0.0001
lfw,all,rgb,rgb/Harland_Braun_0001.ppm,61.6,7.095e-7,0.0002
lfw,all,rgb,rgb/Harold_Brown_0001.ppm,55.6,8.255e-7,0.0002
lfw,all,rgb,rgb/Harold_Scott_0001.ppm,59.4,7.145e-7,0.0002
lfw,all,rgb,rgb/Harriet_Lessy_0001.ppm,60.4,7.912e-7,0.0003
lfw,all,rgb,rgb/Harrison_Ford_0001.ppm,55.7,7.561e-7,0.0001
lfw,all,rgb,rgb/Harrison_Ford_0002.ppm,56.5,8.175e-7,0.0001
lfw,all,rgb,rgb/Harrison_Ford_0003.ppm,63.9,7.178e-7,0.0002
lfw,all,rgb,rgb/Harrison_Ford_0004.ppm,50.5,8.509e-7,0.0001
lfw,all,rgb,rgb/Harrison_Ford_0005.ppm,65.3,7.337e-7,0.0002
lfw,all,rgb,rgb/Harrison_Ford_0006.ppm,72.2,7.295e-7,0.0002
lfw,all,rgb,rgb/Harrison_Ford_0007.ppm,56.9,8.848e-7,0.0002
lfw,all,rgb,rgb/Harrison_Ford_0008.ppm,61.5,7.178e-7,0.0002
lfw,all,rgb,rgb/Harrison_Ford_0009.ppm,65.8,8.181e-7,0.0002
lfw,all,rgb,rgb/Harrison_Ford_0010.ppm,58.7,6.622e-7,0.0001
lfw,all,rgb,rgb/Harrison_Ford_0011.ppm,58.9,7.330e-7,0.0001
lfw,all,rgb,rgb/Harrison_Ford_0012.ppm,59.8,7.421e-7,0.0002
lfw,all,rgb,rgb/Harry_Belafonte_0001.ppm,65.8,7.890e-7,0.0002
lfw,all,rgb,rgb/Harry_Belafonte_0002.ppm,63.6,7.537e-7,0.0002
lfw,all,rgb,rgb/Harry_Kalas_0001.ppm,60.6,7.021e-7,0.0002
lfw,all,rgb,rgb/Harry_Kalas_0002.ppm,66.7,6.612e-7,0.0002
lfw,all,rgb,rgb/Harry_Schmidt_0001.ppm,50.4,8.130e-7,0.0001
lfw,all,rgb,rgb/Harry_Schmidt_0002.ppm,59.9,7.292e-7,0.0002
lfw,all,rgb,rgb/Harry_Schmidt_0003.ppm,61.9,6.712e-7,0.0001
lfw,all,rgb,rgb/Harry_Schmidt_0004.ppm,57.4,6.438e-7,0.0001
lfw,all,rgb,rgb/Hartmut_Mehdorn_0001.ppm,46.0,9.681e-7,0.0002
lfw,all,rgb,rgb/Harvey_Fierstein_0001.ppm,65.2,6.708e-7,0.0001
lfw,all,rgb,rgb/Harvey_Wachsman_0001.ppm,53.3,7.624e-7,0.0001
lfw,all,rgb,rgb/Harvey_Weinstein_0001.ppm,61.8,7.185e-7,0.0001
lfw,all,rgb,rgb/Harvey_Weinstein_0002.ppm,60.3,7.593e-7,0.0002
lfw,all,rgb,rgb/Hasan_Wirayuda_0001.ppm,51.6,8.149e-7,0.0001
lfw,all,rgb,rgb/Hashan_Tillakaratne_0001.ppm,61.4,7.210e-7,0.0002
lfw,all,rgb,rgb/Hashim_Thaci_0001.ppm,56.9,6.789e-7,0.0001
lfw,all,rgb,rgb/Hashim_Thaci_0002.ppm,53.0,6.953e-7,0.0002
lfw,all,rgb,rgb/Hassan_Nasrallah_0001.ppm,60.1,7.786e-7,0.0002
lfw,all,rgb,rgb/Hassan_Nasrallah_0002.ppm,58.2,6.882e-7,0.0001
lfw,all,rgb,rgb/Hassan_Wirajuda_0001.ppm,55.0,7.099e-7,0.0001
lfw,all,rgb,rgb/Hassan_Wirajuda_0002.ppm,57.0,6.958e-7,0.0001
lfw,all,rgb,rgb/Hassanal_Bolkiah_0001.ppm,62.5,7.300e-7,0.0002
lfw,all,rgb,rgb/Hatsui_Hasuike_0001.ppm,55.7,7.349e-7,0.0002
lfw,all,rgb,rgb/Haydar_Aliyev_0001.ppm,71.8,7.552e-7,0.0002
lfw,all,rgb,rgb/Hayden_Panettiere_0001.ppm,62.8,7.345e-7,0.0001
lfw,all,rgb,rgb/Hayley_Tullett_0001.ppm,58.6,7.344e-7,0.0001
lfw,all,rgb,rgb/Hayley_Tullett_0002.ppm,47.1,6.740e-7,0.0001
lfw,all,rgb,rgb/Heath_Ledger_0001.ppm,55.9,8.386e-7,0.0001
lfw,all,rgb,rgb/Heath_Ledger_0002.ppm,53.1,7.301e-7,0.0001
lfw,all,rgb,rgb/Heath_Ledger_0003.ppm,58.5,8.200e-7,0.0002
lfw,all,rgb,rgb/Heath_Ledger_0004.ppm,57.0,7.481e-7,0.0001
lfw,all,rgb,rgb/Heather_Chinnock_0001.ppm,56.9,6.859e-7,0.0001
lfw,all,rgb,rgb/Heather_Locklear_0001.ppm,62.7,7.182e-7,0.0002
lfw,all,rgb,rgb/Heather_Mills_0001.ppm,59.5,7.083e-7,0.0002
lfw,all,rgb,rgb/Heather_Mills_0002.ppm,46.2,7.252e-7,0.0001
lfw,all,rgb,rgb/Heather_Mills_0003.ppm,55.1,7.613e-7,0.0001
lfw,all,rgb,rgb/Heather_Mills_0004.ppm,59.8,8.077e-7,0.0002
lfw,all,rgb,rgb/Heather_Whitestone_McCallum_0001.ppm,56.4,7.440e-7,0.0002
lfw,all,rgb,rgb/Heather_Willson_0001.ppm,59.6,6.361e-7,0.0001
lfw,all,rgb,rgb/Hector_Babenco_0001.ppm,56.6,7.808e-7,0.0001
lfw,all,rgb,rgb/Hector_Babenco_0002.ppm,60.0,7.616e-7,0.0002
lfw,all,rgb,rgb/Hector_Babenco_0003.ppm,58.8,8.136e-7,0.0001
lfw,all,rgb,rgb/Hector_Grullon_0001.ppm,60.7,8.189e-7,0.0002
lfw,all,rgb,rgb/Hector_Mitelman_0001.ppm,55.6,8.118e-7,0.0001
lfw,all,rgb,rgb/Hedayat_Amin_Arsala_0001.ppm,59.5,7.709e-7,0.0001
lfw,all,rgb,rgb/Hee-Won_Han_0001.ppm,53.6,6.339e-7,0.0001
lfw,all,rgb,rgb/Hee-Won_Han_0002.ppm,49.3,6.614e-7,0.0001
lfw,all,rgb,rgb/Hee-Won_Han_0003.ppm,49.3,6.214e-7,0.0001
lfw,all,rgb,rgb/Heidi_Fleiss_0001.ppm,56.2,7.339e-7,0.0002
lfw,all,rgb,rgb/Heidi_Fleiss_0002.ppm,55.3,7.048e-7,0.0001
lfw,all,rgb,rgb/Heidi_Fleiss_0003.ppm,55.4,7.593e-7,0.0002
lfw,all,rgb,rgb/Heidi_Fleiss_0004.ppm,56.3,7.034e-7,0.0001
lfw,all,rgb,rgb/Heidi_Klum_0001.ppm,67.5,6.976e-7,0.0002
lfw,all,rgb,rgb/Heidi_Klum_0002.ppm,66.5,6.305e-7,0.0001
lfw,all,rgb,rgb/Heidi_Klum_0003.ppm,59.9,6.818e-7,0.0001
lfw,all,rgb,rgb/Heidi_Klum_0004.ppm,65.5,6.897e-7,0.0002
lfw,all,rgb,rgb/Heidi_Klum_0005.ppm,62.6,6.934e-7,0.0002
lfw,all,rgb,rgb/Heinrich_Wolfgang_0001.ppm,49.7,8.739e-7,0.0001
lfw,all,rgb,rgb/Heinz_Feldmann_0001.ppm,57.8,7.857e-7,0.0002
lfw,all,rgb,rgb/Heinz_Feldmann_0002.ppm,54.8,7.847e-7,0.0001
lfw,all,rgb,rgb/Heinz_Feldmann_0003.ppm,56.2,7.140e-7,0.0001
lfw,all,rgb,rgb/Heizo_Takenaka_0001.ppm,58.6,7.101e-7,0.0002
lfw,all,rgb,rgb/Heizo_Takenaka_0002.ppm,56.6,6.724e-7,0.0002
lfw,all,rgb,rgb/Heizo_Takenaka_0003.ppm,54.5,7.637e-7,0.0001
lfw,all,rgb,rgb/Heizo_Takenaka_0004.ppm,55.0,7.654e-7,0.0002
lfw,all,rgb,rgb/Heizo_Takenaka_0005.ppm,56.4,6.892e-7,0.0001
lfw,all,rgb,rgb/Heizo_Takenaka_0006.ppm,58.2,7.028e-7,0.0001
lfw,all,rgb,rgb/Heizo_Takenaka_0007.ppm,51.4,6.977e-7,0.0001
lfw,all,rgb,rgb/Heizo_Takenaka_0008.ppm,54.0,7.649e-7,0.0001
lfw,all,rgb,rgb/Heizo_Takenaka_0009.ppm,52.2,7.963e-7,0.0002
lfw,all,rgb,rgb/Helen_Alvare_0001.ppm,60.5,6.836e-7,0.0001
lfw,all,rgb,rgb/Helen_Clark_0001.ppm,56.6,6.893e-7,0.0001
lfw,all,rgb,rgb/Helen_Clark_0002.ppm,60.4,7.221e-7,0.0002
lfw,all,rgb,rgb/Helen_Clark_0003.ppm,61.3,5.833e-7,0.0002
lfw,all,rgb,rgb/Helen_Clark_0004.ppm,61.7,6.775e-7,0.0002
lfw,all,rgb,rgb/Helen_Darling_0001.ppm,56.0,7.761e-7,0.0001
lfw,all,rgb,rgb/Helena_Schneider_0001.ppm,64.0,7.274e-7,0.0001
lfw,all,rgb,rgb/Helene_Eksterowicz_0001.ppm,64.2,6.512e-7,0.0001
lfw,all,rgb,rgb/Helio_Castroneves_0001.ppm,59.6,7.242e-7,0.0002
lfw,all,rgb,rgb/Helio_Rubens_Garcia_0001.ppm,50.7,8.068e-7,0.0001
lfw,all,rgb,rgb/Helmut_Panke_0001.ppm,57.9,8.101e-7,0.0002
lfw,all,rgb,rgb/Helo_Pinheiro_0001.ppm,57.9,7.529e-7,0.0002
lfw,all,rgb,rgb/Henk_Bekedam_0001.ppm,54.9,7.242e-7,0.0001
lfw,all,rgb,rgb/Henning_Scherf_0001.ppm,57.0,7.314e-7,0.0001
lfw,all,rgb,rgb/Henri_Proglio_0001.ppm,66.9,6.842e-7,0.0002
lfw,all,rgb,rgb/Henrique_Meirelles_0001.ppm,55.0,7.676e-7,0.0002
lfw,all,rgb,rgb/Henrique_Meirelles_0002.ppm,53.1,8.005e-7,0.0001
lfw,all,rgb,rgb/Henry_Castellanos_0001.ppm,58.4,7.040e-7,0.0002
lfw,all,rgb,rgb/Henry_Hilow_0001.ppm,57.0,8.072e-7,0.0001
lfw,all,rgb,rgb/Henry_Hyde_0001.ppm,62.1,7.679e-7,0.0001
lfw,all,rgb,rgb/Henry_Kissinger_0001.ppm,49.5,8.835e-7,0.0001
lfw,all,rgb,rgb/Henry_Suazo_0001.ppm,61.1,7.340e-7,0.0002
lfw,all,rgb,rgb/Herb_Brooks_0001.ppm,50.0,7.518e-7,0.0002
lfw,all,rgb,rgb/Herb_Dhaliwal_0001.ppm,60.2,7.496e-7,0.0002
lfw,all,rgb,rgb/Herb_Ritts_0001.ppm,56.4,7.577e-7,0.0001
lfw,all,rgb,rgb/Herb_Sendek_0001.ppm,45.3,9.036e-7,0.0001
lfw,all,rgb,rgb/Herb_Sendek_0002.ppm,47.8,8.394e-7,0.0001
lfw,all,rgb,rgb/Herb_Sendek_0003.ppm,42.9,8.021e-7,0.0001
lfw,all,rgb,rgb/Herb_Sendek_0004.ppm,52.5,8.770e-7,0.0002
lfw,all,rgb,rgb/Herbert_Haupt_0001.ppm,61.4,7.433e-7,0.0002
lfw,all,rgb,rgb/Herbie_Hancock_0001.ppm,58.9,6.834e-7,0.0001
lfw,all,rgb,rgb/Herman_Edwards_0001.ppm,58.6,8.049e-7,0.0002
lfw,all,rgb,rgb/Herman_Moore_0001.ppm,62.9,6.712e-7,0.0002
lfw,all,rgb,rgb/Hermando_Harton_0001.ppm,59.4,7.056e-7,0.0002
lfw,all,rgb,rgb/Hermann_Maier_0001.ppm,63.1,6.956e-7,0.0002
lfw,all,rgb,rgb/Hermann_Maier_0002.ppm,71.5,6.178e-7,0.0002
lfw,all,rgb,rgb/Hermes_Gamonal_0001.ppm,54.3,6.965e-7,0.0002
lfw,all,rgb,rgb/Hermogenes_Ebdane_Jr_0001.ppm,53.2,6.817e-7,0.0001
lfw,all,rgb,rgb/Hernan_Crespo_0001.ppm,58.9,7.659e-7,0.0002
lfw,all,rgb,rgb/Hernan_Diaz_0001.ppm,19.5,1.539e-6,0.0001
lfw,all,rgb,rgb/Herta_Daeubler-Gmelin_0001.ppm,56.6,8.432e-7,0.0002
lfw,all,rgb,rgb/Herta_Daeubler-Gmelin_0002.ppm,49.8,7.763e-7,0.0002
lfw,all,rgb,rgb/Hestrie_Cloette_0001.ppm,59.2,6.808e-7,0.0001
lfw,all,rgb,rgb/Hichiro_Naemura_0001.ppm,50.6,7.513e-7,0.0002
lfw,all,rgb,rgb/Hichiro_Naemura_0002.ppm,53.5,6.767e-7,0.0001
lfw,all,rgb,rgb/Hideki_Matsui_0001.ppm,61.2,6.825e-7,0.0002
lfw,all,rgb,rgb/Hideki_Matsui_0002.ppm,54.4,7.297e-7,0.0001
lfw,all,rgb,rgb/Hideki_Sato_0001.ppm,62.1,7.240e-7,0.0002
lfw,all,rgb,rgb/Hidetoshi_Nakata_0001.ppm,52.9,7.633e-7,0.0001
lfw,all,rgb,rgb/Hikmat_al-Azzawi_0001.ppm,58.2,7.742e-7,0.0001
lfw,all,rgb,rgb/Hilary_Duff_0001.ppm,65.1,6.606e-7,0.0001
lfw,all,rgb,rgb/Hilary_Duff_0002.ppm,46.8,9.564e-7,0.0001
lfw,all,rgb,rgb/Hilary_Duff_0003.ppm,63.0,6.787e-7,0.0002
lfw,all,rgb,rgb/Hilary_McKay_0001.ppm,56.4,7.083e-7,0.0001
lfw,all,rgb,rgb/Hilda_Fortune_0001.ppm,51.4,6.810e-7,0.0001
lfw,all,rgb,rgb/Hillary_Clinton_0001.ppm,58.4,7.207e-7,0.0002
lfw,all,rgb,rgb/Hillary_Clinton_0002.ppm,56.6,7.617e-7,0.0002
lfw,all,rgb,rgb/Hillary_Clinton_0003.ppm,58.1,7.320e-7,0.0001
lfw,all,rgb,rgb/Hillary_Clinton_0004.ppm,63.7,6.762e-7,0.0002
lfw,all,rgb,rgb/Hillary_Clinton_0005.ppm,55.0,6.739e-7,0.0001
lfw,all,rgb,rgb/Hillary_Clinton_0006.ppm,60.2,8.420e-7,0.0002
lfw,all,rgb,rgb/Hillary_Clinton_0007.ppm,61.1,7.495e-7,0.0001
lfw,all,rgb,rgb/Hillary_Clinton_0008.ppm,59.2,7.043e-7,0.0001
lfw,all,rgb,rgb/Hillary_Clinton_0009.ppm,59.5,7.089e-7,0.0001
lfw,all,rgb,rgb/Hillary_Clinton_0010.ppm,63.4,7.886e-7,0.0002
lfw,all,rgb,rgb/Hillary_Clinton_0011.ppm,59.2,6.990e-7,0.0002
lfw,all,rgb,rgb/Hillary_Clinton_0012.ppm,51.9,8.190e-7,0.0002
lfw,all,rgb,rgb/Hillary_Clinton_0013.ppm,58.5,7.200e-7,0.0001
lfw,all,rgb,rgb/Hillary_Clinton_0014.ppm,66.3,7.469e-7,0.0002
lfw,all,rgb,rgb/Hilmi_Akin_Zorlu_0001.ppm,53.7,7.991e-7,0.0002
lfw,all,rgb,rgb/Hilmi_Ozkok_0001.ppm,52.5,7.736e-7,0.0001
lfw,all,rgb,rgb/Hilmi_Ozkok_0002.ppm,52.9,8.040e-7,0.0001
lfw,all,rgb,rgb/Himmler_Rebu_0001.ppm,62.6,6.498e-7,0.0002
lfw,all,rgb,rgb/Hipolito_Mejia_0001.ppm,65.4,7.963e-7,0.0002
lfw,all,rgb,rgb/Hipolito_Mejia_0002.ppm,60.7,6.343e-7,0.0002
lfw,all,rgb,rgb/Hipolito_Mejia_0003.ppm,56.2,7.704e-7,0.0001
lfw,all,rgb,rgb/Hipolito_Mejia_0004.ppm,55.9,7.102e-7,0.0002
lfw,all,rgb,rgb/Hiroki_Gomi_0001.ppm,59.7,7.529e-7,0.0002
lfw,all,rgb,rgb/Hiroyuki_Yoshino_0001.ppm,49.8,7.576e-7,0.0001
lfw,all,rgb,rgb/Hisao_Oguchi_0001.ppm,60.1,6.907e-7,0.0001
lfw,all,rgb,rgb/Hisao_Oguchi_0002.ppm,58.0,6.997e-7,0.0002
lfw,all,rgb,rgb/Hisashi_Owada_0001.ppm,60.6,7.656e-7,0.0002
lfw,all,rgb,rgb/Hisham_Halawi_0001.ppm,60.5,7.153e-7,0.0002
lfw,all,rgb,rgb/Hitomi_Soga_0001.ppm,43.4,6.009e-7,0.0001
lfw,all,rgb,rgb/Hitomi_Soga_0002.ppm,48.9,8.216e-7,0.0001
lfw,all,rgb,rgb/Hitomi_Soga_0003.ppm,48.2,8.649e-7,0.0001
lfw,all,rgb,rgb/Hitomi_Soga_0004.ppm,54.4,6.955e-7,0.0001
lfw,all,rgb,rgb/Hitomi_Soga_0005.ppm,54.6,7.339e-7,0.0001
lfw,all,rgb,rgb/Hitoshi_Oshitani_0001.ppm,57.2,6.755e-7,0.0002
lfw,all,rgb,rgb/Hitoshi_Tanaka_0001.ppm,58.0,7.417e-7,0.0001
lfw,all,rgb,rgb/Hoda_Asfor_0001.ppm,73.1,6.510e-7,0.0003
lfw,all,rgb,rgb/Holly_Hunter_0001.ppm,54.2,7.289e-7,0.0002
lfw,all,rgb,rgb/Holly_Hunter_0002.ppm,53.4,7.492e-7,0.0001
lfw,all,rgb,rgb/Holly_Hunter_0003.ppm,59.1,7.181e-7,0.0002
lfw,all,rgb,rgb/Holly_Hunter_0004.ppm,61.9,6.940e-7,0.0002
lfw,all,rgb,rgb/Holly_Hunter_0005.ppm,60.0,7.419e-7,0.0002
lfw,all,rgb,rgb/Holly_Hunter_0006.ppm,55.9,8.473e-7,0.0002
lfw,all,rgb,rgb/Holly_Hunter_0007.ppm,59.3,6.950e-7,0.0001
lfw,all,rgb,rgb/Holly_Robinson_Peete_0001.ppm,60.3,6.768e-7,0.0002
lfw,all,rgb,rgb/Hong_Myung_0001.ppm,57.0,7.048e-7,0.0001
lfw,all,rgb,rgb/Hootie_Johnson_0001.ppm,44.7,7.081e-7,0.0001
lfw,all,rgb,rgb/Hootie_Johnson_0002.ppm,56.9,7.296e-7,0.0002
lfw,all,rgb,rgb/Horace_Donovan_Reid_0001.ppm,64.0,7.270e-7,0.0002
lfw,all,rgb,rgb/Horace_Newcomb_0001.ppm,61.2,7.263e-7,0.0002
lfw,all,rgb,rgb/Horacio_Julio_Pina_0001.ppm,66.6,7.349e-7,0.0002
lfw,all,rgb,rgb/Horacio_de_Jesus_Montoya_0001.ppm,46.4,8.479e-7,0.0001
lfw,all,rgb,rgb/Horst_Koehler_0001.ppm,54.0,7.889e-7,0.0001
lfw,all,rgb,rgb/Horst_Koehler_0002.ppm,54.8,7.141e-7,0.0001
lfw,all,rgb,rgb/Horst_Koehler_0003.ppm,41.7,9.502e-7,0.0001
lfw,all,rgb,rgb/Hosni_Mubarak_0001.ppm,60.5,6.966e-7,0.0001
lfw,all,rgb,rgb/Hosni_Mubarak_0002.ppm,59.6,7.454e-7,0.0002
lfw,all,rgb,rgb/Hosni_Mubarak_0003.ppm,58.9,8.197e-7,0.0001
lfw,all,rgb,rgb/Hosni_Mubarak_0004.ppm,51.7,7.691e-7,0.0001
lfw,all,rgb,rgb/Hosni_Mubarak_0005.ppm,58.2,6.685e-7,0.0001
lfw,all,rgb,rgb/Hosni_Mubarak_0006.ppm,51.3,7.633e-7,0.0002
lfw,all,rgb,rgb/Hosni_Mubarak_0007.ppm,59.7,7.043e-7,0.0002
lfw,all,rgb,rgb/Hosni_Mubarak_0008.ppm,57.6,7.486e-7,0.0002
lfw,all,rgb,rgb/Hosni_Mubarak_0009.ppm,38.3,9.212e-7,0.0001
lfw,all,rgb,rgb/Howard_Dean_0001.ppm,53.4,7.898e-7,0.0001
lfw,all,rgb,rgb/Howard_Dean_0002.ppm,58.7,7.152e-7,0.0002
lfw,all,rgb,rgb/Howard_Dean_0003.ppm,52.9,7.501e-7,0.0001
lfw,all,rgb,rgb/Howard_Dean_0004.ppm,53.5,7.943e-7,0.0001
lfw,all,rgb,rgb/Howard_Dean_0005.ppm,53.6,7.103e-7,0.0001
lfw,all,rgb,rgb/Howard_Dean_0006.ppm,61.4,7.375e-7,0.0002
lfw,all,rgb,rgb/Howard_Dean_0007.ppm,52.5,8.468e-7,0.0001
lfw,all,rgb,rgb/Howard_Dean_0008.ppm,52.6,7.638e-7,0.0002
lfw,all,rgb,rgb/Howard_Dean_0009.ppm,53.1,7.800e-7,0.0001
lfw,all,rgb,rgb/Howard_Dean_0010.ppm,55.3,7.835e-7,0.0001
lfw,all,rgb,rgb/Howard_Dean_0011.ppm,59.0,7.644e-7,0.0001
lfw,all,rgb,rgb/Howard_Dean_0012.ppm,50.9,8.442e-7,0.0001
lfw,all,rgb,rgb/Howard_Ross_0001.ppm,60.9,7.679e-7,0.0002
lfw,all,rgb,rgb/Howard_Schultz_0001.ppm,59.4,7.406e-7,0.0002
lfw,all,rgb,rgb/Howard_Schultz_0002.ppm,52.0,8.493e-7,0.0002
lfw,all,rgb,rgb/Howard_Smith_0001.ppm,60.7,7.238e-7,0.0002
lfw,all,rgb,rgb/Howard_Smith_0002.ppm,50.2,7.716e-7,0.0001
lfw,all,rgb,rgb/Howard_Stern_0001.ppm,57.5,6.443e-7,0.0001
lfw,all,rgb,rgb/Howard_Stringer_0001.ppm,63.2,6.972e-7,0.0002
lfw,all,rgb,rgb/Howard_Wilkinson_0001.ppm,56.6,7.305e-7,0.0002
lfw,all,rgb,rgb/Hrithik_Roshan_0001.ppm,55.6,7.388e-7,0.0002
lfw,all,rgb,rgb/Hu_Jintao_0001.ppm,53.3,7.190e-7,0.0001
lfw,all,rgb,rgb/Hu_Jintao_0002.ppm,54.2,7.004e-7,0.0001
lfw,all,rgb,rgb/Hu_Jintao_0003.ppm,57.1,7.147e-7,0.0002
lfw,all,rgb,rgb/Hu_Jintao_0004.ppm,56.6,7.415e-7,0.0001
lfw,all,rgb,rgb/Hu_Jintao_0005.ppm,53.8,8.534e-7,0.0002
lfw,all,rgb,rgb/Hu_Jintao_0006.ppm,52.9,7.375e-7,0.0001
lfw,all,rgb,rgb/Hu_Jintao_0007.ppm,54.8,7.054e-7,0.0001
lfw,all,rgb,rgb/Hu_Jintao_0008.ppm,55.8,7.291e-7,0.0001
lfw,all,rgb,rgb/Hu_Jintao_0009.ppm,52.4,7.164e-7,0.0001
lfw,all,rgb,rgb/Hu_Jintao_0010.ppm,52.7,7.227e-7,0.0001
lfw,all,rgb,rgb/Hu_Jintao_0011.ppm,54.5,7.250e-7,0.0002
lfw,all,rgb,rgb/Hu_Jintao_0012.ppm,51.1,6.942e-7,0.0001
lfw,all,rgb,rgb/Hu_Jintao_0013.ppm,51.4,8.036e-7,0.0001
lfw,all,rgb,rgb/Hu_Jintao_0014.ppm,44.3,9.160e-7,0.0001
lfw,all,rgb,rgb/Hu_Jintao_0015.ppm,58.9,6.887e-7,0.0001
lfw,all,rgb,rgb/Hu_Maoyuan_0001.ppm,56.9,7.123e-7,0.0002
lfw,all,rgb,rgb/Huan_Chung_Yi_0001.ppm,56.7,6.231e-7,0.0001
lfw,all,rgb,rgb/Huang_Suey-Sheng_0001.ppm,54.7,7.665e-7,0.0001
lfw,all,rgb,rgb/Hubert_Green_0001.ppm,54.2,7.568e-7,0.0002
lfw,all,rgb,rgb/Hubie_Brown_0001.ppm,48.2,8.325e-7,0.0001
lfw,all,rgb,rgb/Hugh_Campbell_0001.ppm,60.4,7.118e-7,0.0001
lfw,all,rgb,rgb/Hugh_Carey_0001.ppm,53.2,7.625e-7,0.0002
lfw,all,rgb,rgb/Hugh_Grant_0001.ppm,58.7,7.194e-7,0.0001
lfw,all,rgb,rgb/Hugh_Grant_0002.ppm,54.3,8.166e-7,0.0002
lfw,all,rgb,rgb/Hugh_Grant_0003.ppm,57.4,7.261e-7,0.0002
lfw,all,rgb,rgb/Hugh_Grant_0004.ppm,58.4,7.877e-7,0.0002
lfw,all,rgb,rgb/Hugh_Grant_0005.ppm,51.3,9.146e-7,0.0002
lfw,all,rgb,rgb/Hugh_Grant_0006.ppm,62.6,7.794e-7,0.0002
lfw,all,rgb,rgb/Hugh_Grant_0007.ppm,42.4,8.917e-7,0.0002
lfw,all,rgb,rgb/Hugh_Grant_0008.ppm,59.0,7.573e-7,0.0002
lfw,all,rgb,rgb/Hugh_Grant_0009.ppm,56.1,1.167e-6,0.0002
lfw,all,rgb,rgb/Hugh_Hefner_0001.ppm,60.8,6.830e-7,0.0002
lfw,all,rgb,rgb/Hugh_Jessiman_0001.ppm,64.5,7.266e-7,0.0002
lfw,all,rgb,rgb/Hugh_Miller_0001.ppm,57.9,7.096e-7,0.0001
lfw,all,rgb,rgb/Hugo_Chavez_0001.ppm,53.7,7.567e-7,0.0001
lfw,all,rgb,rgb/Hugo_Chavez_0002.ppm,71.5,8.318e-7,0.0002
lfw,all,rgb,rgb/Hugo_Chavez_0003.ppm,58.2,8.997e-7,0.0002
lfw,all,rgb,rgb/Hugo_Chavez_0004.ppm,60.2,6.641e-7,0.0002
lfw,all,rgb,rgb/Hugo_Chavez_0005.ppm,62.9,6.831e-7,0.0002
lfw,all,rgb,rgb/Hugo_Chavez_0006.ppm,52.5,8.018e-7,0.0001
lfw,all,rgb,rgb/Hugo_Chavez_0007.ppm,55.8,7.397e-7,0.0002
lfw,all,rgb,rgb/Hugo_Chavez_0008.ppm,62.1,8.147e-7,0.0002
lfw,all,rgb,rgb/Hugo_Chavez_0009.ppm,60.6,6.186e-7,0.0001
lfw,all,rgb,rgb/Hugo_Chavez_0010.ppm,60.6,6.863e-7,0.0002
lfw,all,rgb,rgb/Hugo_Chavez_0011.ppm,55.8,7.631e-7,0.0002
lfw,all,rgb,rgb/Hugo_Chavez_0012.ppm,59.6,7.064e-7,0.0002
lfw,all,rgb,rgb/Hugo_Chavez_0013.ppm,61.4,6.805e-7,0.0001
lfw,all,rgb,rgb/Hugo_Chavez_0014.ppm,63.3,6.825e-7,0.0002
lfw,all,rgb,rgb/Hugo_Chavez_0015.ppm,57.7,7.659e-7,0.0002
lfw,all,rgb,rgb/Hugo_Chavez_0016.ppm,58.9,7.157e-7,0.0002
lfw,all,rgb,rgb/Hugo_Chavez_0017.ppm,62.3,6.374e-7,0.0001
lfw,all,rgb,rgb/Hugo_Chavez_0018.ppm,57.4,7.867e-7,0.0002
lfw,all,rgb,rgb/Hugo_Chavez_0019.ppm,63.6,7.456e-7,0.0002
lfw,all,rgb,rgb/Hugo_Chavez_0020.ppm,54.4,8.479e-7,0.0001
lfw,all,rgb,rgb/Hugo_Chavez_0021.ppm,57.2,7.487e-7,0.0001
lfw,all,rgb,rgb/Hugo_Chavez_0022.ppm,55.4,8.184e-7,0.0002
lfw,all,rgb,rgb/Hugo_Chavez_0023.ppm,51.6,8.057e-7,0.0002
lfw,all,rgb,rgb/Hugo_Chavez_0024.ppm,56.8,7.817e-7,0.0002
lfw,all,rgb,rgb/Hugo_Chavez_0025.ppm,63.2,6.254e-7,0.0001
lfw,all,rgb,rgb/Hugo_Chavez_0026.ppm,56.5,7.433e-7,0.0002
lfw,all,rgb,rgb/Hugo_Chavez_0027.ppm,57.2,7.993e-7,0.0002
lfw,all,rgb,rgb/Hugo_Chavez_0028.ppm,57.6,7.252e-7,0.0001
lfw,all,rgb,rgb/Hugo_Chavez_0029.ppm,60.3,7.510e-7,0.0001
lfw,all,rgb,rgb/Hugo_Chavez_0030.ppm,62.5,8.886e-7,0.0002
lfw,all,rgb,rgb/Hugo_Chavez_0031.ppm,55.7,7.000e-7,0.0002
lfw,all,rgb,rgb/Hugo_Chavez_0032.ppm,61.5,6.999e-7,0.0001
lfw,all,rgb,rgb/Hugo_Chavez_0033.ppm,59.1,7.142e-7,0.0002
lfw,all,rgb,rgb/Hugo_Chavez_0034.ppm,54.5,7.231e-7,0.0001
lfw,all,rgb,rgb/Hugo_Chavez_0035.ppm,59.3,6.898e-7,0.0002
lfw,all,rgb,rgb/Hugo_Chavez_0036.ppm,57.9,7.855e-7,0.0001
lfw,all,rgb,rgb/Hugo_Chavez_0037.ppm,52.9,7.573e-7,0.0002
lfw,all,rgb,rgb/Hugo_Chavez_0038.ppm,64.7,6.761e-7,0.0002
lfw,all,rgb,rgb/Hugo_Chavez_0039.ppm,62.9,6.434e-7,0.0001
lfw,all,rgb,rgb/Hugo_Chavez_0040.ppm,46.9,8.424e-7,0.0001
lfw,all,rgb,rgb/Hugo_Chavez_0041.ppm,52.0,8.173e-7,0.0002
lfw,all,rgb,rgb/Hugo_Chavez_0042.ppm,56.5,7.059e-7,0.0002
lfw,all,rgb,rgb/Hugo_Chavez_0043.ppm,56.6,7.623e-7,0.0002
lfw,all,rgb,rgb/Hugo_Chavez_0044.ppm,56.7,7.610e-7,0.0002
lfw,all,rgb,rgb/Hugo_Chavez_0045.ppm,50.0,7.871e-7,0.0002
lfw,all,rgb,rgb/Hugo_Chavez_0046.ppm,58.3,7.472e-7,0.0002
lfw,all,rgb,rgb/Hugo_Chavez_0047.ppm,61.5,7.553e-7,0.0002
lfw,all,rgb,rgb/Hugo_Chavez_0048.ppm,53.1,8.405e-7,0.0002
lfw,all,rgb,rgb/Hugo_Chavez_0049.ppm,55.4,9.624e-7,0.0002
lfw,all,rgb,rgb/Hugo_Chavez_0050.ppm,56.2,7.858e-7,0.0002
lfw,all,rgb,rgb/Hugo_Chavez_0051.ppm,55.9,7.537e-7,0.0001
lfw,all,rgb,rgb/Hugo_Chavez_0052.ppm,56.1,7.679e-7,0.0001
lfw,all,rgb,rgb/Hugo_Chavez_0053.ppm,62.0,6.899e-7,0.0002
lfw,all,rgb,rgb/Hugo_Chavez_0054.ppm,57.9,7.801e-7,0.0002
lfw,all,rgb,rgb/Hugo_Chavez_0055.ppm,62.4,6.465e-7,0.0001
lfw,all,rgb,rgb/Hugo_Chavez_0056.ppm,60.6,7.067e-7,0.0002
lfw,all,rgb,rgb/Hugo_Chavez_0057.ppm,61.1,7.896e-7,0.0002
lfw,all,rgb,rgb/Hugo_Chavez_0058.ppm,53.5,8.155e-7,0.0002
lfw,all,rgb,rgb/Hugo_Chavez_0059.ppm,56.4,7.767e-7,0.0002
lfw,all,rgb,rgb/Hugo_Chavez_0060.ppm,64.6,6.369e-7,0.0002
lfw,all,rgb,rgb/Hugo_Chavez_0061.ppm,56.8,7.392e-7,0.0002
lfw,all,rgb,rgb/Hugo_Chavez_0062.ppm,61.1,6.774e-7,0.0002
lfw,all,rgb,rgb/Hugo_Chavez_0063.ppm,62.1,6.828e-7,0.0001
lfw,all,rgb,rgb/Hugo_Chavez_0064.ppm,55.1,7.991e-7,0.0002
lfw,all,rgb,rgb/Hugo_Chavez_0065.ppm,56.8,7.808e-7,0.0002
lfw,all,rgb,rgb/Hugo_Chavez_0066.ppm,58.2,7.753e-7,0.0002
lfw,all,rgb,rgb/Hugo_Chavez_0067.ppm,54.8,7.487e-7,0.0001
lfw,all,rgb,rgb/Hugo_Chavez_0068.ppm,59.4,7.943e-7,0.0002
lfw,all,rgb,rgb/Hugo_Chavez_0069.ppm,66.9,7.500e-7,0.0002
lfw,all,rgb,rgb/Hugo_Chavez_0070.ppm,57.6,7.495e-7,0.0002
lfw,all,rgb,rgb/Hugo_Chavez_0071.ppm,55.1,9.016e-7,0.0002
lfw,all,rgb,rgb/Hugo_Colace_0001.ppm,74.9,6.894e-7,0.0002
lfw,all,rgb,rgb/Hugo_Conte_0001.ppm,54.5,6.754e-7,0.0002
lfw,all,rgb,rgb/Humberto_Coelho_0001.ppm,53.7,6.822e-7,0.0001
lfw,all,rgb,rgb/Humberto_Espinoza_0001.ppm,57.3,6.953e-7,0.0002
lfw,all,rgb,rgb/Hun_Sen_0001.ppm,67.8,7.323e-7,0.0002
lfw,all,rgb,rgb/Hun_Sen_0002.ppm,59.6,7.325e-7,0.0001
lfw,all,rgb,rgb/Hun_Sen_0003.ppm,60.5,7.066e-7,0.0001
lfw,all,rgb,rgb/Hun_Sen_0004.ppm,56.5,7.055e-7,0.0002
lfw,all,rgb,rgb/Hung_Wan-ting_0001.ppm,65.9,5.952e-7,0.0002
lfw,all,rgb,rgb/Hunter_Bates_0001.ppm,62.8,6.222e-7,0.0001
lfw,all,rgb,rgb/Hunter_Kemper_0001.ppm,58.6,7.505e-7,0.0002
lfw,all,rgb,rgb/Hushiar_Zebari_0001.ppm,54.2,7.294e-7,0.0001
lfw,all,rgb,rgb/Hussam_Mohammed_Amin_0001.ppm,56.2,7.717e-7,0.0001
lfw,all,rgb,rgb/Hussein_Malik_0001.ppm,64.4,6.504e-7,0.0002
lfw,all,rgb,rgb/Hutomo_Mandala_Putra_0001.ppm,60.5,6.897e-7,0.0002
lfw,all,rgb,rgb/Hwang_Doo-yun_0001.ppm,63.1,7.052e-7,0.0002
lfw,all,rgb,rgb/Iain_Anderson_0001.ppm,61.1,6.772e-7,0.0001
lfw,all,rgb,rgb/Iain_Duncan_Smith_0001.ppm,63.3,7.196e-7,0.0001
lfw,all,rgb,rgb/Iain_Duncan_Smith_0002.ppm,57.0,7.396e-7,0.0001
lfw,all,rgb,rgb/Iain_Duncan_Smith_0003.ppm,60.2,7.007e-7,0.0002
lfw,all,rgb,rgb/Iain_Duncan_Smith_0004.ppm,57.8,6.841e-7,0.0002
lfw,all,rgb,rgb/Iain_Richmond_0001.ppm,57.2,7.294e-7,0.0002
lfw,all,rgb,rgb/Ian_Campbell_0001.ppm,44.1,8.718e-7,0.0001
lfw,all,rgb,rgb/Ian_Gillan_0001.ppm,58.2,7.432e-7,0.0002
lfw,all,rgb,rgb/Ian_Huntley_0001.ppm,57.5,7.088e-7,0.0002
lfw,all,rgb,rgb/Ian_Knop_0001.ppm,60.1,7.569e-7,0.0002
lfw,all,rgb,rgb/Ian_McKellen_0001.ppm,58.0,8.365e-7,0.0002
lfw,all,rgb,rgb/Ian_McKellen_0002.ppm,56.9,9.249e-7,0.0002
lfw,all,rgb,rgb/Ian_McKellen_0003.ppm,56.6,6.939e-7,0.0001
lfw,all,rgb,rgb/Ian_Moran_0001.ppm,58.6,7.189e-7,0.0001
lfw,all,rgb,rgb/Ian_Smith_0001.ppm,56.0,7.236e-7,0.0001
lfw,all,rgb,rgb/Ian_Thorpe_0001.ppm,46.9,9.293e-7,0.0001
lfw,all,rgb,rgb/Ian_Thorpe_0002.ppm,61.0,6.565e-7,0.0002
lfw,all,rgb,rgb/Ian_Thorpe_0003.ppm,60.8,7.210e-7,0.0002
lfw,all,rgb,rgb/Ian_Thorpe_0004.ppm,60.9,6.813e-7,0.0002
lfw,all,rgb,rgb/Ian_Thorpe_0005.ppm,59.8,7.318e-7,0.0001
lfw,all,rgb,rgb/Ian_Thorpe_0006.ppm,60.8,7.286e-7,0.0001
lfw,all,rgb,rgb/Ian_Thorpe_0007.ppm,48.9,8.759e-7,0.0002
lfw,all,rgb,rgb/Ian_Thorpe_0008.ppm,61.5,7.534e-7,0.0001
lfw,all,rgb,rgb/Ian_Thorpe_0009.ppm,59.3,7.512e-7,0.0001
lfw,all,rgb,rgb/Ian_Thorpe_0010.ppm,55.2,7.018e-7,0.0001
lfw,all,rgb,rgb/Ian_Wilmut_0001.ppm,59.1,7.793e-7,0.0001
lfw,all,rgb,rgb/Iban_Mayo_0001.ppm,59.9,7.020e-7,0.0001
lfw,all,rgb,rgb/Iban_Mayo_0002.ppm,57.4,8.362e-7,0.0002
lfw,all,rgb,rgb/Ibrahim_Al-Marashi_0001.ppm,61.1,7.715e-7,0.0002
lfw,all,rgb,rgb/Ibrahim_Haddad_0001.ppm,57.4,7.447e-7,0.0001
lfw,all,rgb,rgb/Ibrahim_Hilal_0001.ppm,56.8,6.797e-7,0.0001
lfw,all,rgb,rgb/Ibrahim_Jaafari_0001.ppm,58.5,6.815e-7,0.0001
lfw,all,rgb,rgb/Ibrahim_Jaafari_0002.ppm,57.5,7.715e-7,0.0001
lfw,all,rgb,rgb/Ibrahim_Rugova_0001.ppm,55.0,7.344e-7,0.0001
lfw,all,rgb,rgb/Idi_Amin_0001.ppm,69.0,6.263e-7,0.0002
lfw,all,rgb,rgb/Ignacio_Antonio_Velasco_0001.ppm,58.8,6.723e-7,0.0001
lfw,all,rgb,rgb/Ignatius_Wang_0001.ppm,41.5,8.268e-7,0.0002
lfw,all,rgb,rgb/Igor_Ivanov_0001.ppm,62.6,6.473e-7,0.0001
lfw,all,rgb,rgb/Igor_Ivanov_0002.ppm,56.8,7.514e-7,0.0002
lfw,all,rgb,rgb/Igor_Ivanov_0003.ppm,55.1,7.918e-7,0.0002
lfw,all,rgb,rgb/Igor_Ivanov_0004.ppm,56.3,7.562e-7,0.0001
lfw,all,rgb,rgb/Igor_Ivanov_0005.ppm,67.5,6.620e-7,0.0001
lfw,all,rgb,rgb/Igor_Ivanov_0006.ppm,55.9,7.559e-7,0.0002
lfw,all,rgb,rgb/Igor_Ivanov_0007.ppm,43.1,1.075e-6,0.0002
lfw,all,rgb,rgb/Igor_Ivanov_0008.ppm,60.2,8.497e-7,0.0002
lfw,all,rgb,rgb/Igor_Ivanov_0009.ppm,53.7,7.886e-7,0.0002
lfw,all,rgb,rgb/Igor_Ivanov_0010.ppm,49.4,9.128e-7,0.0002
lfw,all,rgb,rgb/Igor_Ivanov_0011.ppm,59.1,7.340e-7,0.0001
lfw,all,rgb,rgb/Igor_Ivanov_0012.ppm,55.9,7.919e-7,0.0002
lfw,all,rgb,rgb/Igor_Ivanov_0013.ppm,56.0,7.894e-7,0.0002
lfw,all,rgb,rgb/Igor_Ivanov_0014.ppm,49.3,9.490e-7,0.0002
lfw,all,rgb,rgb/Igor_Ivanov_0015.ppm,56.7,7.314e-7,0.0002
lfw,all,rgb,rgb/Igor_Ivanov_0016.ppm,55.9,7.712e-7,0.0001
lfw,all,rgb,rgb/Igor_Ivanov_0017.ppm,57.3,7.908e-7,0.0002
lfw,all,rgb,rgb/Igor_Ivanov_0018.ppm,46.0,1.029e-6,0.0001
lfw,all,rgb,rgb/Igor_Ivanov_0019.ppm,58.9,7.483e-7,0.0002
lfw,all,rgb,rgb/Igor_Ivanov_0020.ppm,53.0,8.641e-7,0.0001
lfw,all,rgb,rgb/Igor_Trunov_0001.ppm,57.6,7.602e-7,0.0001
lfw,all,rgb,rgb/Ilan_Goldfajn_0001.ppm,61.4,6.858e-7,0.0001
lfw,all,rgb,rgb/Ilan_Ramon_0001.ppm,58.3,7.131e-7,0.0002
lfw,all,rgb,rgb/Ilan_Ramon_0002.ppm,60.5,6.768e-7,0.0001
lfw,all,rgb,rgb/Ilan_Ramon_0003.ppm,48.4,7.252e-7,0.0001
lfw,all,rgb,rgb/Ilham_Aliev_0001.ppm,58.3,6.910e-7,0.0002
lfw,all,rgb,rgb/Ilie_Nastase_0001.ppm,54.2,7.169e-7,0.0001
lfw,all,rgb,rgb/Imad_Khadduri_0001.ppm,53.5,7.612e-7,0.0002
lfw,all,rgb,rgb/Imad_Moustapha_0001.ppm,58.4,7.367e-7,0.0001
lfw,all,rgb,rgb/Imad_Moustapha_0002.ppm,59.4,7.235e-7,0.0001
lfw,all,rgb,rgb/Imam_Samudra_0001.ppm,56.0,6.946e-7,0.0001
lfw,all,rgb,rgb/Imelda_Marcos_0001.ppm,54.4,7.196e-7,0.0001
lfw,all,rgb,rgb/Imran_Khan_0001.ppm,55.1,7.761e-7,0.0001
lfw,all,rgb,rgb/Imre_Kertasz_0001.ppm,59.5,7.464e-7,0.0001
lfw,all,rgb,rgb/Inam-ul-Haq_0001.ppm,68.2,6.620e-7,0.0001
lfw,all,rgb,rgb/Inam-ul-Haq_0002.ppm,57.2,8.983e-7,0.0002
lfw,all,rgb,rgb/Infanta_Cristina_0001.ppm,61.3,7.280e-7,0.0002
lfw,all,rgb,rgb/Inga_Hall_0001.ppm,62.5,6.400e-7,0.0002
lfw,all,rgb,rgb/Ingrid_Betancourt_0001.ppm,53.8,7.277e-7,0.0001
lfw,all,rgb,rgb/Inocencio_Arias_0001.ppm,46.7,7.821e-7,0.0001
lfw,all,rgb,rgb/Inocencio_Arias_0002.ppm,54.9,7.429e-7,0.0002
lfw,all,rgb,rgb/Intisar_Ajouri_0001.ppm,62.9,5.691e-7,0.0001
lfw,all,rgb,rgb/Intisar_Ajouri_0002.ppm,67.0,6.299e-7,0.0002
lfw,all,rgb,rgb/Intisar_Ajouri_0003.ppm,58.4,6.369e-7,0.0001
lfw,all,rgb,rgb/Ion_Iliescu_0001.ppm,62.1,6.616e-7,0.0001
lfw,all,rgb,rgb/Ion_Tiriac_0001.ppm,61.5,7.113e-7,0.0001
lfw,all,rgb,rgb/Ira_Einhorn_0001.ppm,62.6,8.440e-7,0.0002
lfw,all,rgb,rgb/Iran_Brown_0001.ppm,54.5,7.135e-7,0.0001
lfw,all,rgb,rgb/Irene_Kahn_0001.ppm,55.3,6.895e-7,0.0001
lfw,all,rgb,rgb/Irfan_Ahmed_0001.ppm,57.1,7.562e-7,0.0001
lfw,all,rgb,rgb/Irina_Framtsova_0001.ppm,60.5,6.004e-7,0.0001
lfw,all,rgb,rgb/Irina_Lobacheva_0001.ppm,52.6,7.461e-7,0.0001
lfw,all,rgb,rgb/Irina_Yatchenko_0001.ppm,58.5,7.223e-7,0.0002
lfw,all,rgb,rgb/Irv_Nathan_0001.ppm,58.9,6.996e-7,0.0002
lfw,all,rgb,rgb/Irwan_Fadzi_Idris_0001.ppm,51.0,8.175e-7,0.0001
lfw,all,rgb,rgb/Isabel_Orellana_0001.ppm,59.4,7.432e-7,0.0001
lfw,all,rgb,rgb/Isabela_Moraes_0001.ppm,62.3,6.510e-7,0.0001
lfw,all,rgb,rgb/Isabella_Rossellini_0001.ppm,57.7,7.119e-7,0.0001
lfw,all,rgb,rgb/Isabella_Rossellini_0002.ppm,62.8,7.440e-7,0.0002
lfw,all,rgb,rgb/Isabella_Rossellini_0003.ppm,59.8,7.415e-7,0.0002
lfw,all,rgb,rgb/Isabelle_Huppert_0001.ppm,58.0,6.891e-7,0.0001
lfw,all,rgb,rgb/Isabelle_Huppert_0002.ppm,63.4,7.238e-7,0.0001
lfw,all,rgb,rgb/Isaiah_Washington_0001.ppm,59.1,7.663e-7,0.0002
lfw,all,rgb,rgb/Isaiah_Washington_0002.ppm,77.2,6.189e-7,0.0002
lfw,all,rgb,rgb/Ishaq_Shahryar_0001.ppm,60.1,6.972e-7,0.0001
lfw,all,rgb,rgb/Ishaq_Shahryar_0002.ppm,56.0,7.896e-7,0.0001
lfw,all,rgb,rgb/Isidro_Pastor_0001.ppm,57.5,6.876e-7,0.0001
lfw,all,rgb,rgb/Islam_Karimov_0001.ppm,63.9,7.315e-7,0.0002
lfw,all,rgb,rgb/Ismael_Miranda_0001.ppm,59.0,6.773e-7,0.0002
lfw,all,rgb,rgb/Ismail_Abu_Shanab_0001.ppm,51.1,9.521e-7,0.0001
lfw,all,rgb,rgb/Ismail_Cem_0001.ppm,50.8,7.160e-7,0.0001
lfw,all,rgb,rgb/Ismail_Khan_0001.ppm,67.2,6.874e-7,0.0001
lfw,all,rgb,rgb/Ismail_Merchant_0001.ppm,66.4,7.734e-7,0.0002
lfw,all,rgb,rgb/Ismail_Merchant_0002.ppm,58.7,7.690e-7,0.0002
lfw,all,rgb,rgb/Itamar_Franco_0001.ppm,58.7,6.601e-7,0.0002
lfw,all,rgb,rgb/Itzhak_Perlman_0001.ppm,58.5,8.665e-7,0.0002
lfw,all,rgb,rgb/Iva_Majoli_0001.ppm,53.9,6.805e-7,0.0001
lfw,all,rgb,rgb/Iva_Majoli_0002.ppm,50.5,7.987e-7,0.0002
lfw,all,rgb,rgb/Ivan_Helguera_0001.ppm,54.7,7.549e-7,0.0001
lfw,all,rgb,rgb/Ivan_Lee_0001.ppm,62.9,6.920e-7,0.0002
lfw,all,rgb,rgb/Ivan_Shvedoff_0001.ppm,57.7,7.337e-7,0.0002
lfw,all,rgb,rgb/Ivan_Stambolic_0001.ppm,58.9,6.857e-7,0.0002
lfw,all,rgb,rgb/Ivana_Trump_0001.ppm,64.2,6.610e-7,0.0002
lfw,all,rgb,rgb/Iveta_Benesova_0001.ppm,59.1,7.658e-7,0.0001
lfw,all,rgb,rgb/Ivo_Dubs_0001.ppm,59.5,7.733e-7,0.0001
lfw,all,rgb,rgb/Izzat_Ibrahim_0001.ppm,59.6,7.779e-7,0.0001
lfw,all,rgb,rgb/JC_Chasez_0001.ppm,61.6,6.562e-7,0.0001
lfw,all,rgb,rgb/JJ_Redick_0001.ppm,54.2,7.753e-7,0.0002
lfw,all,rgb,rgb/JJ_Redick_0002.ppm,54.4,8.411e-7,0.0001
lfw,all,rgb,rgb/JK_Rowling_0001.ppm,59.9,7.339e-7,0.0002
lfw,all,rgb,rgb/JK_Rowling_0002.ppm,59.0,7.228e-7,0.0001
lfw,all,rgb,rgb/JK_Rowling_0003.ppm,56.3,7.250e-7,0.0001
lfw,all,rgb,rgb/JK_Rowling_0004.ppm,54.7,8.005e-7,0.0002
lfw,all,rgb,rgb/JK_Rowling_0005.ppm,56.9,7.136e-7,0.0002
lfw,all,rgb,rgb/JK_Rowling_0006.ppm,56.6,7.231e-7,0.0002
lfw,all,rgb,rgb/JP_Suarez_0001.ppm,52.5,7.277e-7,0.0001
lfw,all,rgb,rgb/JT_Snow_0001.ppm,46.4,8.169e-7,0.0002
lfw,all,rgb,rgb/Jaap_de_Hoop_Scheffer_0001.ppm,60.6,6.953e-7,0.0002
lfw,all,rgb,rgb/Jack_Goodman_0001.ppm,59.6,6.790e-7,0.0002
lfw,all,rgb,rgb/Jack_Grubman_0001.ppm,58.9,6.727e-7,0.0001
lfw,all,rgb,rgb/Jack_Grubman_0002.ppm,52.9,8.121e-7,0.0002
lfw,all,rgb,rgb/Jack_Knowlton_0001.ppm,60.9,8.685e-7,0.0002
lfw,all,rgb,rgb/Jack_LaLanne_0001.ppm,57.5,7.209e-7,0.0002
lfw,all,rgb,rgb/Jack_Nicholson_0001.ppm,55.7,7.556e-7,0.0001
lfw,all,rgb,rgb/Jack_Nicholson_0002.ppm,64.8,7.153e-7,0.0001
lfw,all,rgb,rgb/Jack_Nicholson_0003.ppm,77.1,6.083e-7,0.0002
lfw,all,rgb,rgb/Jack_Osbourne_0001.ppm,50.3,7.285e-7,0.0001
lfw,all,rgb,rgb/Jack_Smith_0001.ppm,50.4,7.171e-7,0.0001
lfw,all,rgb,rgb/Jack_Straw_0001.ppm,56.2,7.540e-7,0.0001
lfw,all,rgb,rgb/Jack_Straw_0002.ppm,57.7,7.200e-7,0.0002
lfw,all,rgb,rgb/Jack_Straw_0003.ppm,58.6,9.469e-7,0.0002
lfw,all,rgb,rgb/Jack_Straw_0004.ppm,61.9,7.582e-7,0.0001
lfw,all,rgb,rgb/Jack_Straw_0005.ppm,49.8,7.523e-7,0.0001
lfw,all,rgb,rgb/Jack_Straw_0006.ppm,53.9,7.241e-7,0.0001
lfw,all,rgb,rgb/Jack_Straw_0007.ppm,55.1,7.928e-7,0.0001
lfw,all,rgb,rgb/Jack_Straw_0008.ppm,53.9,7.903e-7,0.0001
lfw,all,rgb,rgb/Jack_Straw_0009.ppm,51.1,7.363e-7,0.0001
lfw,all,rgb,rgb/Jack_Straw_0010.ppm,51.9,7.559e-7,0.0001
lfw,all,rgb,rgb/Jack_Straw_0011.ppm,48.5,7.812e-7,0.0001
lfw,all,rgb,rgb/Jack_Straw_0012.ppm,44.5,8.520e-7,0.0001
lfw,all,rgb,rgb/Jack_Straw_0013.ppm,52.5,7.175e-7,0.0001
lfw,all,rgb,rgb/Jack_Straw_0014.ppm,54.7,7.071e-7,0.0002
lfw,all,rgb,rgb/Jack_Straw_0015.ppm,53.0,7.437e-7,0.0001
lfw,all,rgb,rgb/Jack_Straw_0016.ppm,57.0,7.493e-7,0.0002
lfw,all,rgb,rgb/Jack_Straw_0017.ppm,47.7,8.669e-7,0.0001
lfw,all,rgb,rgb/Jack_Straw_0018.ppm,55.5,7.483e-7,0.0002
lfw,all,rgb,rgb/Jack_Straw_0019.ppm,50.0,7.274e-7,0.0002
lfw,all,rgb,rgb/Jack_Straw_0020.ppm,53.7,7.843e-7,0.0001
lfw,all,rgb,rgb/Jack_Straw_0021.ppm,58.3,7.242e-7,0.0002
lfw,all,rgb,rgb/Jack_Straw_0022.ppm,54.2,7.412e-7,0.0002
lfw,all,rgb,rgb/Jack_Straw_0023.ppm,54.8,7.642e-7,0.0001
lfw,all,rgb,rgb/Jack_Straw_0024.ppm,51.8,7.075e-7,0.0002
lfw,all,rgb,rgb/Jack_Straw_0025.ppm,48.6,7.740e-7,0.0002
lfw,all,rgb,rgb/Jack_Straw_0026.ppm,55.0,7.914e-7,0.0001
lfw,all,rgb,rgb/Jack_Straw_0027.ppm,52.5,7.938e-7,0.0001
lfw,all,rgb,rgb/Jack_Straw_0028.ppm,54.8,7.470e-7,0.0002
lfw,all,rgb,rgb/Jack_Valenti_0001.ppm,60.4,7.336e-7,0.0002
lfw,all,rgb,rgb/Jack_Welch_0001.ppm,55.2,7.693e-7,0.0002
lfw,all,rgb,rgb/Jackie_Chan_0001.ppm,55.2,7.492e-7,0.0002
lfw,all,rgb,rgb/Jackie_Chan_0002.ppm,58.5,7.603e-7,0.0002
lfw,all,rgb,rgb/Jackie_Chan_0003.ppm,59.4,6.747e-7,0.0001
lfw,all,rgb,rgb/Jackie_Chan_0004.ppm,58.1,7.272e-7,0.0002
lfw,all,rgb,rgb/Jackie_Chan_0005.ppm,52.5,7.691e-7,0.0001
lfw,all,rgb,rgb/Jackie_Chan_0006.ppm,60.4,5.997e-7,0.0001
lfw,all,rgb,rgb/Jackie_Chan_0007.ppm,57.0,6.667e-7,0.0001
lfw,all,rgb,rgb/Jackie_Chan_0008.ppm,59.1,6.555e-7,0.0001
lfw,all,rgb,rgb/Jackie_Chan_0009.ppm,61.8,6.963e-7,0.0001
lfw,all,rgb,rgb/Jackie_Chan_0010.ppm,61.5,7.398e-7,0.0001
lfw,all,rgb,rgb/Jackie_Chan_0011.ppm,60.3,7.180e-7,0.0001
lfw,all,rgb,rgb/Jackie_Chan_0012.ppm,62.5,7.761e-7,0.0002
lfw,all,rgb,rgb/Jackie_Chan_0013.ppm,61.3,6.896e-7,0.0002
lfw,all,rgb,rgb/Jackie_Dennis_0001.ppm,59.5,7.303e-7,0.0002
lfw,all,rgb,rgb/Jackie_Sherrill_0001.ppm,58.0,7.860e-7,0.0002
lfw,all,rgb,rgb/Jacky_Cheung_0001.ppm,65.5,7.635e-7,0.0002
lfw,all,rgb,rgb/Jacob_Frenkel_0001.ppm,59.8,7.312e-7,0.0001
lfw,all,rgb,rgb/Jacqueline_Edwards_0001.ppm,60.5,6.433e-7,0.0001
lfw,all,rgb,rgb/Jacqueline_Gold_0001.ppm,62.2,6.912e-7,0.0001
lfw,all,rgb,rgb/Jacqueline_Marris_0001.ppm,56.4,7.290e-7,0.0001
lfw,all,rgb,rgb/Jacqueline_Obradors_0001.ppm,66.1,6.208e-7,0.0002
lfw,all,rgb,rgb/Jacqueline_Obradors_0002.ppm,65.4,6.787e-7,0.0002
lfw,all,rgb,rgb/Jacques_Chirac_0001.ppm,55.4,7.693e-7,0.0002
lfw,all,rgb,rgb/Jacques_Chirac_0002.ppm,56.9,8.412e-7,0.0002
lfw,all,rgb,rgb/Jacques_Chirac_0003.ppm,54.1,7.933e-7,0.0001
lfw,all,rgb,rgb/Jacques_Chirac_0004.ppm,57.7,7.991e-7,0.0002
lfw,all,rgb,rgb/Jacques_Chirac_0005.ppm,53.7,7.922e-7,0.0002
lfw,all,rgb,rgb/Jacques_Chirac_0006.ppm,22.4,2.090e-6,0.0001
lfw,all,rgb,rgb/Jacques_Chirac_0007.ppm,50.4,7.252e-7,0.0001
lfw,all,rgb,rgb/Jacques_Chirac_0008.ppm,54.2,8.515e-7,0.0001
lfw,all,rgb,rgb/Jacques_Chirac_0009.ppm,58.0,7.787e-7,0.0002
lfw,all,rgb,rgb/Jacques_Chirac_0010.ppm,26.7,1.633e-6,0.0002
lfw,all,rgb,rgb/Jacques_Chirac_0011.ppm,60.2,7.058e-7,0.0002
lfw,all,rgb,rgb/Jacques_Chirac_0012.ppm,58.9,7.557e-7,0.0002
lfw,all,rgb,rgb/Jacques_Chirac_0013.ppm,51.1,7.870e-7,0.0001
lfw,all,rgb,rgb/Jacques_Chirac_0014.ppm,56.8,7.906e-7,0.0001
lfw,all,rgb,rgb/Jacques_Chirac_0015.ppm,55.7,8.077e-7,0.0001
lfw,all,rgb,rgb/Jacques_Chirac_0016.ppm,61.8,7.539e-7,0.0001
lfw,all,rgb,rgb/Jacques_Chirac_0017.ppm,58.3,7.048e-7,0.0001
lfw,all,rgb,rgb/Jacques_Chirac_0018.ppm,60.7,7.833e-7,0.0001
lfw,all,rgb,rgb/Jacques_Chirac_0019.ppm,55.7,7.451e-7,0.0002
lfw,all,rgb,rgb/Jacques_Chirac_0020.ppm,61.2,6.996e-7,0.0001
lfw,all,rgb,rgb/Jacques_Chirac_0021.ppm,56.7,6.935e-7,0.0001
lfw,all,rgb,rgb/Jacques_Chirac_0022.ppm,61.7,7.634e-7,0.0002
lfw,all,rgb,rgb/Jacques_Chirac_0023.ppm,31.0,6.820e-7,0.0001
lfw,all,rgb,rgb/Jacques_Chirac_0024.ppm,54.4,7.351e-7,0.0001
lfw,all,rgb,rgb/Jacques_Chirac_0025.ppm,55.3,7.237e-7,0.0001
lfw,all,rgb,rgb/Jacques_Chirac_0026.ppm,66.4,6.968e-7,0.0002
lfw,all,rgb,rgb/Jacques_Chirac_0027.ppm,62.0,7.450e-7,0.0002
lfw,all,rgb,rgb/Jacques_Chirac_0028.ppm,54.5,7.363e-7,0.0001
lfw,all,rgb,rgb/Jacques_Chirac_0029.ppm,63.7,7.585e-7,0.0002
lfw,all,rgb,rgb/Jacques_Chirac_0030.ppm,50.3,8.450e-7,0.0001
lfw,all,rgb,rgb/Jacques_Chirac_0031.ppm,53.6,7.539e-7,0.0001
lfw,all,rgb,rgb/Jacques_Chirac_0032.ppm,56.5,7.658e-7,0.0002
lfw,all,rgb,rgb/Jacques_Chirac_0033.ppm,48.9,8.018e-7,0.0001
lfw,all,rgb,rgb/Jacques_Chirac_0034.ppm,51.2,7.403e-7,0.0001
lfw,all,rgb,rgb/Jacques_Chirac_0035.ppm,56.3,7.598e-7,0.0002
lfw,all,rgb,rgb/Jacques_Chirac_0036.ppm,50.2,7.856e-7,0.0002
lfw,all,rgb,rgb/Jacques_Chirac_0037.ppm,55.4,6.855e-7,0.0001
lfw,all,rgb,rgb/Jacques_Chirac_0038.ppm,56.0,7.409e-7,0.0001
lfw,all,rgb,rgb/Jacques_Chirac_0039.ppm,57.6,7.576e-7,0.0001
lfw,all,rgb,rgb/Jacques_Chirac_0040.ppm,57.2,7.309e-7,0.0001
lfw,all,rgb,rgb/Jacques_Chirac_0041.ppm,48.9,7.804e-7,0.0001
lfw,all,rgb,rgb/Jacques_Chirac_0042.ppm,55.6,7.664e-7,0.0001
lfw,all,rgb,rgb/Jacques_Chirac_0043.ppm,47.9,7.765e-7,0.0001
lfw,all,rgb,rgb/Jacques_Chirac_0044.ppm,51.6,8.684e-7,0.0002
lfw,all,rgb,rgb/Jacques_Chirac_0045.ppm,53.4,8.163e-7,0.0002
lfw,all,rgb,rgb/Jacques_Chirac_0046.ppm,57.8,7.511e-7,0.0001
lfw,all,rgb,rgb/Jacques_Chirac_0047.ppm,54.5,7.584e-7,0.0001
lfw,all,rgb,rgb/Jacques_Chirac_0048.ppm,49.0,7.727e-7,0.0001
lfw,all,rgb,rgb/Jacques_Chirac_0049.ppm,58.8,7.323e-7,0.0002
lfw,all,rgb,rgb/Jacques_Chirac_0050.ppm,56.5,7.997e-7,0.0001
lfw,all,rgb,rgb/Jacques_Chirac_0051.ppm,54.8,7.329e-7,0.0002
lfw,all,rgb,rgb/Jacques_Chirac_0052.ppm,56.2,7.116e-7,0.0001
lfw,all,rgb,rgb/Jacques_Kallis_0001.ppm,60.0,7.465e-7,0.0002
lfw,all,rgb,rgb/Jacques_Rogge_0001.ppm,53.8,7.148e-7,0.0001
lfw,all,rgb,rgb/Jacques_Rogge_0002.ppm,56.8,7.419e-7,0.0001
lfw,all,rgb,rgb/Jacques_Rogge_0003.ppm,63.3,8.843e-7,0.0002
lfw,all,rgb,rgb/Jacques_Rogge_0004.ppm,60.3,8.052e-7,0.0002
lfw,all,rgb,rgb/Jacques_Rogge_0005.ppm,59.8,8.150e-7,0.0002
lfw,all,rgb,rgb/Jacques_Rogge_0006.ppm,56.1,7.175e-7,0.0002
lfw,all,rgb,rgb/Jacques_Rogge_0007.ppm,57.5,7.766e-7,0.0002
lfw,all,rgb,rgb/Jacques_Rogge_0008.ppm,58.4,7.261e-7,0.0002
lfw,all,rgb,rgb/Jacques_Rogge_0009.ppm,55.1,8.027e-7,0.0001
lfw,all,rgb,rgb/Jacques_Rogge_0010.ppm,59.3,8.361e-7,0.0002
lfw,all,rgb,rgb/Jacques_Villeneuve_0001.ppm,60.7,7.510e-7,0.0002
lfw,all,rgb,rgb/Jada_Pinkett_Smith_0001.ppm,59.4,7.321e-7,0.0002
lfw,all,rgb,rgb/Jada_Pinkett_Smith_0002.ppm,56.9,6.854e-7,0.0001
lfw,all,rgb,rgb/Jade_Jagger_0001.ppm,66.7,7.439e-7,0.0002
lfw,all,rgb,rgb/Jafar_Umar_Thalib_0001.ppm,60.0,6.593e-7,0.0002
lfw,all,rgb,rgb/Jaime_Orti_0001.ppm,53.0,7.876e-7,0.0002
lfw,all,rgb,rgb/Jaime_Pressly_0001.ppm,69.6,6.144e-7,0.0002
lfw,all,rgb,rgb/Jake_Brace_0001.ppm,46.3,8.698e-7,0.0002
lfw,all,rgb,rgb/Jake_Gyllenhaal_0001.ppm,60.5,7.343e-7,0.0002
lfw,all,rgb,rgb/Jake_Gyllenhaal_0002.ppm,38.1,9.256e-7,0.0001
lfw,all,rgb,rgb/Jake_Gyllenhaal_0003.ppm,54.4,7.045e-7,0.0001
lfw,all,rgb,rgb/Jake_Gyllenhaal_0004.ppm,53.6,7.890e-7,0.0001
lfw,all,rgb,rgb/Jake_Gyllenhaal_0005.ppm,61.1,7.586e-7,0.0001
lfw,all,rgb,rgb/Jake_Plummer_0001.ppm,62.5,6.874e-7,0.0001
lfw,all,rgb,rgb/Jakob_Kellenberger_0001.ppm,53.5,7.528e-7,0.0001
lfw,all,rgb,rgb/Jalal_Talabani_0001.ppm,62.0,6.754e-7,0.0001
lfw,all,rgb,rgb/Jalen_Rose_0001.ppm,55.6,6.317e-7,0.0001
lfw,all,rgb,rgb/James_Baker_0001.ppm,61.3,7.406e-7,0.0001
lfw,all,rgb,rgb/James_Ballenger_0001.ppm,57.7,7.145e-7,0.0001
lfw,all,rgb,rgb/James_Barksdale_0001.ppm,55.1,8.143e-7,0.0001
lfw,all,rgb,rgb/James_Becker_0001.ppm,58.5,8.606e-7,0.0002
lfw,all,rgb,rgb/James_Blake_0001.ppm,57.9,7.060e-7,0.0001
lfw,all,rgb,rgb/James_Blake_0002.ppm,53.7,7.825e-7,0.0002
lfw,all,rgb,rgb/James_Blake_0003.ppm,56.2,7.353e-7,0.0001
lfw,all,rgb,rgb/James_Blake_0004.ppm,55.6,7.396e-7,0.0002
lfw,all,rgb,rgb/James_Blake_0005.ppm,50.9,7.967e-7,0.0001
lfw,all,rgb,rgb/James_Blake_0006.ppm,51.7,8.144e-7,0.0001
lfw,all,rgb,rgb/James_Blake_0007.ppm,53.1,7.572e-7,0.0001
lfw,all,rgb,rgb/James_Blake_0008.ppm,55.0,8.242e-7,0.0001
lfw,all,rgb,rgb/James_Blake_0009.ppm,59.0,8.011e-7,0.0001
lfw,all,rgb,rgb/James_Blake_0010.ppm,57.0,7.174e-7,0.0002
lfw,all,rgb,rgb/James_Blake_0011.ppm,54.3,7.657e-7,0.0002
lfw,all,rgb,rgb/James_Blake_0012.ppm,55.7,7.197e-7,0.0002
lfw,all,rgb,rgb/James_Blake_0013.ppm,67.2,7.134e-7,0.0002
lfw,all,rgb,rgb/James_Blake_0014.ppm,57.7,7.102e-7,0.0002
lfw,all,rgb,rgb/James_Brazelton_0001.ppm,53.5,8.119e-7,0.0001
lfw,all,rgb,rgb/James_Brosnahan_0001.ppm,63.8,7.445e-7,0.0002
lfw,all,rgb,rgb/James_Brown_0001.ppm,57.0,6.946e-7,0.0001
lfw,all,rgb,rgb/James_Butts_0001.ppm,52.3,7.788e-7,0.0001
lfw,all,rgb,rgb/James_Butts_0002.ppm,49.6,8.160e-7,0.0001
lfw,all,rgb,rgb/James_Caan_0001.ppm,59.1,7.952e-7,0.0002
lfw,all,rgb,rgb/James_Caan_0002.ppm,62.7,8.368e-7,0.0002
lfw,all,rgb,rgb/James_Caan_0003.ppm,60.7,7.887e-7,0.0002
lfw,all,rgb,rgb/James_Cameron_0001.ppm,53.3,6.392e-7,0.0001
lfw,all,rgb,rgb/James_Cameron_0002.ppm,63.7,6.332e-7,0.0002
lfw,all,rgb,rgb/James_Cameron_0003.ppm,53.6,8.787e-7,0.0001
lfw,all,rgb,rgb/James_Carville_0001.ppm,65.5,7.280e-7,0.0001
lfw,all,rgb,rgb/James_Coburn_0001.ppm,59.2,7.490e-7,0.0001
lfw,all,rgb,rgb/James_Collinson_0001.ppm,69.9,6.286e-7,0.0002
lfw,all,rgb,rgb/James_Comey_0001.ppm,56.4,7.366e-7,0.0002
lfw,all,rgb,rgb/James_Coviello_0001.ppm,52.3,7.473e-7,0.0002
lfw,all,rgb,rgb/James_Cunningham_0001.ppm,67.0,8.148e-7,0.0002
lfw,all,rgb,rgb/James_Cunningham_0002.ppm,50.0,9.858e-7,0.0002
lfw,all,rgb,rgb/James_Cunningham_0003.ppm,60.1,7.746e-7,0.0002
lfw,all,rgb,rgb/James_Dingemans_0001.ppm,59.4,7.542e-7,0.0001
lfw,all,rgb,rgb/James_Franco_0001.ppm,59.5,7.262e-7,0.0002
lfw,all,rgb,rgb/James_Franco_0002.ppm,56.4,7.694e-7,0.0001
lfw,all,rgb,rgb/James_Gandolfini_0001.ppm,56.9,7.104e-7,0.0002
lfw,all,rgb,rgb/James_Gandolfini_0002.ppm,53.9,7.522e-7,0.0001
lfw,all,rgb,rgb/James_Gandolfini_0003.ppm,58.8,7.668e-7,0.0002
lfw,all,rgb,rgb/James_Gibson_0001.ppm,54.6,7.200e-7,0.0001
lfw,all,rgb,rgb/James_Hakett_0001.ppm,66.9,6.788e-7,0.0001
lfw,all,rgb,rgb/James_Hallock_0001.ppm,55.4,7.224e-7,0.0002
lfw,all,rgb,rgb/James_Harris_0001.ppm,71.5,6.421e-7,0.0001
lfw,all,rgb,rgb/James_Hill_0001.ppm,55.1,7.470e-7,0.0002
lfw,all,rgb,rgb/James_Hoffa_0001.ppm,56.9,7.474e-7,0.0002
lfw,all,rgb,rgb/James_Hughes_0001.ppm,59.6,7.787e-7,0.0002
lfw,all,rgb,rgb/James_Ivory_0001.ppm,59.6,7.694e-7,0.0002
lfw,all,rgb,rgb/James_Ivory_0002.ppm,58.9,7.827e-7,0.0001
lfw,all,rgb,rgb/James_Jones_0001.ppm,74.7,6.781e-7,0.0002
lfw,all,rgb,rgb/James_Jones_0002.ppm,51.8,7.544e-7,0.0001
lfw,all,rgb,rgb/James_Kelly_0001.ppm,55.7,7.776e-7,0.0001
lfw,all,rgb,rgb/James_Kelly_0002.ppm,58.3,9.632e-7,0.0002
lfw,all,rgb,rgb/James_Kelly_0003.ppm,57.2,7.951e-7,0.0002
lfw,all,rgb,rgb/James_Kelly_0004.ppm,55.5,7.980e-7,0.0002
lfw,all,rgb,rgb/James_Kelly_0005.ppm,50.6,8.651e-7,0.0001
lfw,all,rgb,rgb/James_Kelly_0006.ppm,57.8,7.248e-7,0.0001
lfw,all,rgb,rgb/James_Kelly_0007.ppm,58.8,6.905e-7,0.0002
lfw,all,rgb,rgb/James_Kelly_0008.ppm,60.0,7.964e-7,0.0002
lfw,all,rgb,rgb/James_Kelly_0009.ppm,63.1,7.390e-7,0.0001
lfw,all,rgb,rgb/James_Kelly_0010.ppm,61.6,7.680e-7,0.0001
lfw,all,rgb,rgb/James_Kelly_0011.ppm,59.4,8.126e-7,0.0001
lfw,all,rgb,rgb/James_Kirtley_0001.ppm,53.8,8.229e-7,0.0002
lfw,all,rgb,rgb/James_Kopp_0001.ppm,57.6,7.247e-7,0.0001
lfw,all,rgb,rgb/James_Kopp_0002.ppm,57.9,8.654e-7,0.0002
lfw,all,rgb,rgb/James_Kopp_0003.ppm,62.8,6.319e-7,0.0002
lfw,all,rgb,rgb/James_Kopp_0004.ppm,59.9,7.795e-7,0.0001
lfw,all,rgb,rgb/James_Layug_0001.ppm,61.0,7.772e-7,0.0002
lfw,all,rgb,rgb/James_Lockhart_0001.ppm,46.7,8.135e-7,0.0001
lfw,all,rgb,rgb/James_Maguire_0001.ppm,62.3,7.210e-7,0.0002
lfw,all,rgb,rgb/James_Maguire_0002.ppm,55.8,7.039e-7,0.0002
lfw,all,rgb,rgb/James_Mathis_0001.ppm,50.9,8.691e-7,0.0001
lfw,all,rgb,rgb/James_May_0001.ppm,55.6,7.617e-7,0.0002
lfw,all,rgb,rgb/James_McGreevey_0001.ppm,60.8,7.040e-7,0.0001
lfw,all,rgb,rgb/James_McGreevey_0002.ppm,29.7,1.589e-6,0.0002
lfw,all,rgb,rgb/James_McGreevey_0003.ppm,59.3,7.310e-7,0.0002
lfw,all,rgb,rgb/James_McGreevey_0004.ppm,59.8,7.069e-7,0.0002
lfw,all,rgb,rgb/James_McMahon_0001.ppm,53.8,7.348e-7,0.0001
lfw,all,rgb,rgb/James_McPherson_0001.ppm,69.2,7.379e-7,0.0002
lfw,all,rgb,rgb/James_Meeks_0001.ppm,51.8,7.203e-7,0.0001
lfw,all,rgb,rgb/James_Meredeth_0001.ppm,57.7,7.396e-7,0.0001
lfw,all,rgb,rgb/James_Morris_0001.ppm,59.3,7.483e-7,0.0002
lfw,all,rgb,rgb/James_Morris_0002.ppm,57.2,7.730e-7,0.0002
lfw,all,rgb,rgb/James_Murdoch_0001.ppm,59.4,6.815e-7,0.0002
lfw,all,rgb,rgb/James_Parker_0001.ppm,55.4,7.365e-7,0.0001
lfw,all,rgb,rgb/James_Parker_0002.ppm,51.8,7.827e-7,0.0002
lfw,all,rgb,rgb/James_Phelps_0001.ppm,59.7,6.763e-7,0.0001
lfw,all,rgb,rgb/James_Roberts_0001.ppm,63.4,6.730e-7,0.0002
lfw,all,rgb,rgb/James_Robertson_Jr_0001.ppm,56.7,7.110e-7,0.0001
lfw,all,rgb,rgb/James_Schultz_0001.ppm,56.8,6.802e-7,0.0001
lfw,all,rgb,rgb/James_Schultz_0002.ppm,56.4,7.381e-7,0.0002
lfw,all,rgb,rgb/James_Sensenbrenner_0001.ppm,57.3,8.131e-7,0.0001
lfw,all,rgb,rgb/James_Smith_0001.ppm,68.8,6.886e-7,0.0002
lfw,all,rgb,rgb/James_Smith_0002.ppm,57.7,7.008e-7,0.0001
lfw,all,rgb,rgb/James_Spalding_0001.ppm,59.3,7.608e-7,0.0002
lfw,all,rgb,rgb/James_Traficant_0001.ppm,51.8,6.286e-7,0.0001
lfw,all,rgb,rgb/James_Traficant_0002.ppm,56.1,7.457e-7,0.0001
lfw,all,rgb,rgb/James_Traficant_0003.ppm,53.1,7.168e-7,0.0002
lfw,all,rgb,rgb/James_W_Kennedy_0001.ppm,60.2,6.817e-7,0.0002
lfw,all,rgb,rgb/James_Wallack_0001.ppm,52.0,8.013e-7,0.0001
lfw,all,rgb,rgb/James_Watt_0001.ppm,60.3,6.246e-7,0.0001
lfw,all,rgb,rgb/James_Wattana_0001.ppm,53.9,7.283e-7,0.0001
lfw,all,rgb,rgb/James_Williams_0001.ppm,62.2,6.801e-7,0.0001
lfw,all,rgb,rgb/James_Wolfensohn_0001.ppm,58.9,7.221e-7,0.0002
lfw,all,rgb,rgb/James_Wolfensohn_0002.ppm,60.2,7.511e-7,0.0001
lfw,all,rgb,rgb/James_Wolfensohn_0003.ppm,67.4,8.035e-7,0.0002
lfw,all,rgb,rgb/James_Wolfensohn_0004.ppm,54.7,7.343e-7,0.0001
lfw,all,rgb,rgb/James_Wolfensohn_0005.ppm,52.8,8.222e-7,0.0001
lfw,all,rgb,rgb/James_Young_0001.ppm,56.9,7.414e-7,0.0002
lfw,all,rgb,rgb/Jamie_Carey_0001.ppm,59.4,8.108e-7,0.0002
lfw,all,rgb,rgb/Jamie_Cooke_0001.ppm,53.5,7.146e-7,0.0001
lfw,all,rgb,rgb/Jamie_Dimon_0001.ppm,58.4,6.897e-7,0.0001
lfw,all,rgb,rgb/Jamie_Kellner_0001.ppm,54.5,8.488e-7,0.0001
lfw,all,rgb,rgb/Jamie_King_0001.ppm,56.8,7.926e-7,0.0002
lfw,all,rgb,rgb/Jamie_Lee_Curtis_0001.ppm,56.0,8.082e-7,0.0001
lfw,all,rgb,rgb/Jamie_Martin_0001.ppm,69.8,6.699e-7,0.0002
lfw,all,rgb,rgb/Jamie_Olis_0001.ppm,60.1,7.239e-7,0.0001
lfw,all,rgb,rgb/Jamie_Villafane_0001.ppm,55.2,7.246e-7,0.0001
lfw,all,rgb,rgb/Jamie_Villafane_0002.ppm,49.3,7.662e-7,0.0001
lfw,all,rgb,rgb/Jamir_Miller_0001.ppm,66.1,6.269e-7,0.0001
lfw,all,rgb,rgb/Jamling_Norgay_0001.ppm,57.8,6.997e-7,0.0001
lfw,all,rgb,rgb/Jamling_Norgay_0002.ppm,60.2,7.077e-7,0.0002
lfw,all,rgb,rgb/Jan-Michael_Gambill_0001.ppm,56.8,7.060e-7,0.0001
lfw,all,rgb,rgb/Jan-Michael_Gambill_0002.ppm,61.0,7.458e-7,0.0002
lfw,all,rgb,rgb/Jan-Michael_Gambill_0003.ppm,58.6,7.883e-7,0.0001
lfw,all,rgb,rgb/Jan_Bjoerklund_0001.ppm,57.4,7.648e-7,0.0001
lfw,all,rgb,rgb/Jan_De_Bont_0001.ppm,66.1,6.843e-7,0.0001
lfw,all,rgb,rgb/Jan_Paul_Miller_0001.ppm,59.3,6.906e-7,0.0002
lfw,all,rgb,rgb/Jan_Peter_Balkenende_0001.ppm,74.2,6.016e-7,0.0002
lfw,all,rgb,rgb/Jan_Petersen_0001.ppm,56.7,7.090e-7,0.0001
lfw,all,rgb,rgb/Jan_Pronk_0001.ppm,63.8,7.339e-7,0.0002
lfw,all,rgb,rgb/Jan_Ullrich_0001.ppm,60.2,6.414e-7,0.0001
lfw,all,rgb,rgb/Jan_Ullrich_0002.ppm,61.8,6.993e-7,0.0001
lfw,all,rgb,rgb/Jan_Ullrich_0003.ppm,61.2,6.333e-7,0.0001
lfw,all,rgb,rgb/Jan_Ullrich_0004.ppm,60.4,6.425e-7,0.0001
lfw,all,rgb,rgb/Jan_Ullrich_0005.ppm,53.3,7.339e-7,0.0001
lfw,all,rgb,rgb/Jan_Ullrich_0006.ppm,64.0,6.907e-7,0.0001
lfw,all,rgb,rgb/Jan_van_Breda_Kolff_0001.ppm,56.6,8.724e-7,0.0002
lfw,all,rgb,rgb/Jana_Henke_0001.ppm,56.0,7.400e-7,0.0001
lfw,all,rgb,rgb/Jana_Pittman_0001.ppm,59.2,7.999e-7,0.0002
lfw,all,rgb,rgb/Jane_Clayson_0001.ppm,62.8,6.239e-7,0.0001
lfw,all,rgb,rgb/Jane_Fonda_0001.ppm,64.7,6.811e-7,0.0001
lfw,all,rgb,rgb/Jane_Fonda_0002.ppm,49.5,6.018e-7,0.0001
lfw,all,rgb,rgb/Jane_Kaczmarek_0001.ppm,56.5,7.613e-7,0.0001
lfw,all,rgb,rgb/Jane_Kaczmarek_0002.ppm,60.2,7.316e-7,0.0001
lfw,all,rgb,rgb/Jane_Krakowski_0001.ppm,57.7,6.852e-7,0.0001
lfw,all,rgb,rgb/Jane_Leeves_0001.ppm,59.3,6.743e-7,0.0001
lfw,all,rgb,rgb/Jane_Menelaus_0001.ppm,54.1,7.127e-7,0.0001
lfw,all,rgb,rgb/Jane_Pauley_0001.ppm,59.0,7.512e-7,0.0002
lfw,all,rgb,rgb/Jane_Pauley_0002.ppm,59.1,7.574e-7,0.0001
lfw,all,rgb,rgb/Jane_Riley_0001.ppm,59.0,6.789e-7,0.0002
lfw,all,rgb,rgb/Jane_Rooney_0001.ppm,61.6,7.277e-7,0.0001
lfw,all,rgb,rgb/Jane_Russell_0001.ppm,78.1,5.581e-7,0.0002
lfw,all,rgb,rgb/Jane_Walker_Wood_0001.ppm,61.5,7.423e-7,0.0001
lfw,all,rgb,rgb/Janela_Jara_0001.ppm,62.4,7.109e-7,0.0002
lfw,all,rgb,rgb/Janet_Chandler_0001.ppm,59.0,7.036e-7,0.0001
lfw,all,rgb,rgb/Janet_Crawford_0001.ppm,57.6,7.412e-7,0.0001
lfw,all,rgb,rgb/Janet_Ecker_0001.ppm,57.2,7.454e-7,0.0002
lfw,all,rgb,rgb/Janet_Horvath_0001.ppm,43.9,7.791e-7,0.0001
lfw,all,rgb,rgb/Janet_Leigh_0001.ppm,62.2,6.839e-7,0.0002
lfw,all,rgb,rgb/Janet_Napolitano_0001.ppm,65.2,6.585e-7,0.0001
lfw,all,rgb,rgb/Janet_Napolitano_0002.ppm,62.7,6.138e-7,0.0002
lfw,all,rgb,rgb/Janet_Napolitano_0003.ppm,58.0,6.992e-7,0.0002
lfw,all,rgb,rgb/Janet_Napolitano_0004.ppm,60.9,6.242e-7,0.0001
lfw,all,rgb,rgb/Janet_Thorpe_0001.ppm,59.0,7.106e-7,0.0002
lfw,all,rgb,rgb/Janet_Thorpe_0002.ppm,56.4,6.689e-7,0.0001
lfw,all,rgb,rgb/Janette_Husarova_0001.ppm,59.8,7.247e-7,0.0001
lfw,all,rgb,rgb/Janez_Drnovsek_0001.ppm,59.9,7.777e-7,0.0002
lfw,all,rgb,rgb/Janica_Kostelic_0001.ppm,66.9,5.811e-7,0.0001
lfw,all,rgb,rgb/Janica_Kostelic_0002.ppm,61.1,5.990e-7,0.0001
lfw,all,rgb,rgb/Janice_Abreu_0001.ppm,62.9,7.207e-7,0.0001
lfw,all,rgb,rgb/Janice_Goldfinger_0001.ppm,61.1,6.495e-7,0.0001
lfw,all,rgb,rgb/Janine_Pietsch_0001.ppm,61.9,6.651e-7,0.0002
lfw,all,rgb,rgb/Janis_Ruth_Coulter_0001.ppm,61.8,7.471e-7,0.0002
lfw,all,rgb,rgb/Janusz_Kaminski_0001.ppm,65.9,6.429e-7,0.0001
lfw,all,rgb,rgb/Jaouad_Gharib_0001.ppm,57.1,7.198e-7,0.0002
lfw,all,rgb,rgb/Jaqueline_Godoy_0001.ppm,59.4,6.223e-7,0.0001
lfw,all,rgb,rgb/Jaromir_Jagr_0001.ppm,59.9,7.267e-7,0.0002
lfw,all,rgb,rgb/Jason_Alexander_0001.ppm,59.8,7.176e-7,0.0001
lfw,all,rgb,rgb/Jason_Alexander_0002.ppm,58.2,8.729e-7,0.0002
lfw,all,rgb,rgb/Jason_Bentley_0001.ppm,57.5,7.222e-7,0.0001
lfw,all,rgb,rgb/Jason_Biggs_0001.ppm,52.0,7.053e-7,0.0001
lfw,all,rgb,rgb/Jason_Campbell_0001.ppm,59.4,6.712e-7,0.0001
lfw,all,rgb,rgb/Jason_Clermont_0001.ppm,57.7,7.570e-7,0.0002
lfw,all,rgb,rgb/Jason_Gardner_0001.ppm,56.9,7.496e-7,0.0001
lfw,all,rgb,rgb/Jason_Jennings_0001.ppm,63.3,6.889e-7,0.0002
lfw,all,rgb,rgb/Jason_Jennings_0002.ppm,62.1,7.138e-7,0.0002
lfw,all,rgb,rgb/Jason_Kapono_0001.ppm,61.4,6.860e-7,0.0001
lfw,all,rgb,rgb/Jason_Keep_0001.ppm,52.8,7.859e-7,0.0002
lfw,all,rgb,rgb/Jason_Kidd_0001.ppm,58.2,6.968e-7,0.0001
lfw,all,rgb,rgb/Jason_Kidd_0002.ppm,74.3,6.424e-7,0.0002
lfw,all,rgb,rgb/Jason_Kidd_0003.ppm,56.7,7.270e-7,0.0002
lfw,all,rgb,rgb/Jason_Kidd_0004.ppm,55.5,7.903e-7,0.0002
lfw,all,rgb,rgb/Jason_Kidd_0005.ppm,58.8,6.848e-7,0.0001
lfw,all,rgb,rgb/Jason_Kidd_0006.ppm,54.1,7.846e-7,0.0001
lfw,all,rgb,rgb/Jason_Kidd_0007.ppm,51.4,7.960e-7,0.0001
lfw,all,rgb,rgb/Jason_Kidd_0008.ppm,56.3,7.516e-7,0.0001
lfw,all,rgb,rgb/Jason_Kidd_0009.ppm,61.9,8.407e-7,0.0002
lfw,all,rgb,rgb/Jason_Kidd_0010.ppm,56.2,6.765e-7,0.0001
lfw,all,rgb,rgb/Jason_Lezak_0001.ppm,62.1,7.722e-7,0.0002
lfw,all,rgb,rgb/Jason_Lezak_0002.ppm,60.2,8.298e-7,0.0002
lfw,all,rgb,rgb/Jason_Mewes_0001.ppm,56.8,8.047e-7,0.0002
lfw,all,rgb,rgb/Jason_Petty_0001.ppm,57.5,7.208e-7,0.0002
lfw,all,rgb,rgb/Jason_Priestley_0001.ppm,58.0,7.893e-7,0.0002
lfw,all,rgb,rgb/Jason_Sehorn_0001.ppm,58.3,7.611e-7,0.0002
lfw,all,rgb,rgb/Jason_Sorens_0001.ppm,59.1,7.032e-7,0.0001
lfw,all,rgb,rgb/Jason_Statham_0001.ppm,60.2,6.740e-7,0.0001
lfw,all,rgb,rgb/Jason_Vale_0001.ppm,60.2,6.931e-7,0.0002
lfw,all,rgb,rgb/Jason_White_0001.ppm,49.8,8.631e-7,0.0002
lfw,all,rgb,rgb/Javier_Bardem_0001.ppm,52.3,8.142e-7,0.0001
lfw,all,rgb,rgb/Javier_Camara_0001.ppm,61.4,8.029e-7,0.0002
lfw,all,rgb,rgb/Javier_Delgado_0001.ppm,58.8,6.739e-7,0.0001
lfw,all,rgb,rgb/Javier_Saviola_0001.ppm,61.4,6.753e-7,0.0001
lfw,all,rgb,rgb/Javier_Solana_0001.ppm,53.6,7.363e-7,0.0001
lfw,all,rgb,rgb/Javier_Solana_0002.ppm,57.6,7.098e-7,0.0002
lfw,all,rgb,rgb/Javier_Solana_0003.ppm,51.2,6.974e-7,0.0002
lfw,all,rgb,rgb/Javier_Solana_0004.ppm,51.7,6.932e-7,0.0001
lfw,all,rgb,rgb/Javier_Solana_0005.ppm,56.3,7.804e-7,0.0001
lfw,all,rgb,rgb/Javier_Solana_0006.ppm,60.2,7.161e-7,0.0002
lfw,all,rgb,rgb/Javier_Solana_0007.ppm,55.5,7.730e-7,0.0002
lfw,all,rgb,rgb/Javier_Solana_0008.ppm,59.0,7.856e-7,0.0001
lfw,all,rgb,rgb/Javier_Solana_0009.ppm,46.5,8.538e-7,0.0001
lfw,all,rgb,rgb/Javier_Solana_0010.ppm,55.5,7.457e-7,0.0001
lfw,all,rgb,rgb/Javier_Vargas_0001.ppm,54.6,8.066e-7,0.0002
lfw,all,rgb,rgb/Javier_Vazquez_0001.ppm,58.7,6.659e-7,0.0001
lfw,all,rgb,rgb/Javier_Weber_0001.ppm,62.0,6.981e-7,0.0002
lfw,all,rgb,rgb/Javier_Weber_0002.ppm,59.0,6.773e-7,0.0001
lfw,all,rgb,rgb/Javier_Weber_0003.ppm,54.6,6.986e-7,0.0001
lfw,all,rgb,rgb/Javier_Zanetti_0001.ppm,63.8,6.837e-7,0.0002
lfw,all,rgb,rgb/Jawad_Boulus_0001.ppm,56.8,7.390e-7,0.0002
lfw,all,rgb,rgb/Jay_Garner_0001.ppm,57.6,8.009e-7,0.0002
lfw,all,rgb,rgb/Jay_Garner_0002.ppm,59.2,7.796e-7,0.0002
lfw,all,rgb,rgb/Jay_Garner_0003.ppm,60.5,7.143e-7,0.0001
lfw,all,rgb,rgb/Jay_Garner_0004.ppm,55.8,7.739e-7,0.0002
lfw,all,rgb,rgb/Jay_Garner_0005.ppm,62.4,6.837e-7,0.0001
lfw,all,rgb,rgb/Jay_Garner_0006.ppm,70.6,6.836e-7,0.0002
lfw,all,rgb,rgb/Jay_Leno_0001.ppm,57.1,6.911e-7,0.0001
lfw,all,rgb,rgb/Jay_Leno_0002.ppm,53.2,7.731e-7,0.0002
lfw,all,rgb,rgb/Jay_Leno_0003.ppm,54.1,8.008e-7,0.0001
lfw,all,rgb,rgb/Jay_Rasulo_0001.ppm,62.8,7.250e-7,0.0002
lfw,all,rgb,rgb/Jay_Rasulo_0002.ppm,62.9,6.890e-7,0.0002
lfw,all,rgb,rgb/Jaymon_Crabb_0001.ppm,54.6,7.616e-7,0.0001
lfw,all,rgb,rgb/Jayne_Yarris_0001.ppm,53.9,8.284e-7,0.0001
lfw,all,rgb,rgb/Jayson_Williams_0001.ppm,56.7,7.879e-7,0.0001
lfw,all,rgb,rgb/Jayson_Williams_0002.ppm,54.2,7.124e-7,0.0001
lfw,all,rgb,rgb/Jayson_Williams_0003.ppm,58.6,7.258e-7,0.0001
lfw,all,rgb,rgb/Jean-Claude_Braquet_0001.ppm,53.5,7.866e-7,0.0002
lfw,all,rgb,rgb/Jean-Claude_Braquet_0002.ppm,56.9,7.248e-7,0.0001
lfw,all,rgb,rgb/Jean-Claude_Juncker_0001.ppm,58.1,7.575e-7,0.0002
lfw,all,rgb,rgb/Jean-Claude_Juncker_0002.ppm,47.7,8.484e-7,0.0001
lfw,all,rgb,rgb/Jean-Claude_Trichet_0001.ppm,54.6,7.579e-7,0.0002
lfw,all,rgb,rgb/Jean-Claude_Trichet_0002.ppm,54.1,7.232e-7,0.0002
lfw,all,rgb,rgb/Jean-Claude_Van_Damme_0001.ppm,62.2,7.006e-7,0.0002
lfw,all,rgb,rgb/Jean-David_Levitte_0001.ppm,52.2,7.697e-7,0.0001
lfw,all,rgb,rgb/Jean-David_Levitte_0002.ppm,53.7,7.220e-7,0.0001
lfw,all,rgb,rgb/Jean-David_Levitte_0003.ppm,51.1,8.189e-7,0.0002
lfw,all,rgb,rgb/Jean-David_Levitte_0004.ppm,61.8,6.580e-7,0.0001
lfw,all,rgb,rgb/Jean-David_Levitte_0005.ppm,62.3,7.926e-7,0.0001
lfw,all,rgb,rgb/Jean-David_Levitte_0006.ppm,52.7,7.638e-7,0.0001
lfw,all,rgb,rgb/Jean-David_Levitte_0007.ppm,56.5,7.575e-7,0.0001
lfw,all,rgb,rgb/Jean-David_Levitte_0008.ppm,56.7,7.257e-7,0.0001
lfw,all,rgb,rgb/Jean-David_Levitte_0009.ppm,53.7,7.534e-7,0.0001
lfw,all,rgb,rgb/Jean-David_Levitte_0010.ppm,40.0,9.401e-7,0.0002
lfw,all,rgb,rgb/Jean-Francois_Lemounier_0001.ppm,56.4,7.865e-7,0.0001
lfw,all,rgb,rgb/Jean-Francois_Pontal_0001.ppm,65.0,6.022e-7,0.0001
lfw,all,rgb,rgb/Jean-Francois_Pontal_0002.ppm,60.7,6.320e-7,0.0002
lfw,all,rgb,rgb/Jean-Francois_Pontal_0003.ppm,69.3,6.105e-7,0.0001
lfw,all,rgb,rgb/Jean-Luc_Bideau_0001.ppm,60.8,7.569e-7,0.0002
lfw,all,rgb,rgb/Jean-Marc_Olive_0001.ppm,63.2,7.307e-7,0.0002
lfw,all,rgb,rgb/Jean-Marc_de_La_Sabliere_0001.ppm,43.3,8.891e-7,0.0001
lfw,all,rgb,rgb/Jean-Marc_de_La_Sabliere_0002.ppm,36.4,8.618e-7,0.0001
lfw,all,rgb,rgb/Jean-Patrick_Nazon_0001.ppm,57.5,7.330e-7,0.0001
lfw,all,rgb,rgb/Jean-Pierre_Bemba_0001.ppm,74.8,7.313e-7,0.0002
lfw,all,rgb,rgb/Jean-Pierre_Raffarin_0001.ppm,58.6,6.969e-7,0.0001
lfw,all,rgb,rgb/Jean-Pierre_Raffarin_0002.ppm,58.3,7.773e-7,0.0002
lfw,all,rgb,rgb/Jean-Pierre_Raffarin_0003.ppm,47.2,9.490e-7,0.0001
lfw,all,rgb,rgb/Jean-Pierre_Raffarin_0004.ppm,56.2,7.002e-7,0.0001
lfw,all,rgb,rgb/Jean-Pierre_Raffarin_0005.ppm,53.3,7.621e-7,0.0001
lfw,all,rgb,rgb/Jean-Pierre_Raffarin_0006.ppm,56.4,7.414e-7,0.0001
lfw,all,rgb,rgb/Jean-Pierre_Raffarin_0007.ppm,55.3,7.355e-7,0.0001
lfw,all,rgb,rgb/Jean-Rene_Fourtou_0001.ppm,60.1,7.597e-7,0.0002
lfw,all,rgb,rgb/Jean-Sebastien_Giguere_0001.ppm,55.4,7.361e-7,0.0002
lfw,all,rgb,rgb/Jean-Sebastien_Giguere_0002.ppm,61.7,6.472e-7,0.0001
lfw,all,rgb,rgb/Jean_Brumley_0001.ppm,61.5,6.545e-7,0.0001
lfw,all,rgb,rgb/Jean_Brumley_0002.ppm,60.8,6.787e-7,0.0001
lfw,all,rgb,rgb/Jean_Carnahan_0001.ppm,56.1,6.872e-7,0.0001
lfw,all,rgb,rgb/Jean_Carnahan_0002.ppm,56.9,7.157e-7,0.0002
lfw,all,rgb,rgb/Jean_Charest_0001.ppm,59.9,7.534e-7,0.0002
lfw,all,rgb,rgb/Jean_Charest_0002.ppm,53.3,8.971e-7,0.0002
lfw,all,rgb,rgb/Jean_Charest_0003.ppm,51.8,8.544e-7,0.0002
lfw,all,rgb,rgb/Jean_Charest_0004.ppm,37.1,6.396e-7,0.0001
lfw,all,rgb,rgb/Jean_Charest_0005.ppm,61.9,8.221e-7,0.0002
lfw,all,rgb,rgb/Jean_Charest_0006.ppm,59.1,7.387e-7,0.0002
lfw,all,rgb,rgb/Jean_Charest_0007.ppm,60.3,7.747e-7,0.0002
lfw,all,rgb,rgb/Jean_Charest_0008.ppm,54.5,7.405e-7,0.0001
lfw,all,rgb,rgb/Jean_Charest_0009.ppm,49.7,8.061e-7,0.0001
lfw,all,rgb,rgb/Jean_Charest_0010.ppm,59.0,8.012e-7,0.0002
lfw,all,rgb,rgb/Jean_Charest_0011.ppm,57.0,7.094e-7,0.0001
lfw,all,rgb,rgb/Jean_Charest_0012.ppm,56.3,7.766e-7,0.0002
lfw,all,rgb,rgb/Jean_Charest_0013.ppm,52.8,8.340e-7,0.0002
lfw,all,rgb,rgb/Jean_Charest_0014.ppm,59.5,8.005e-7,0.0002
lfw,all,rgb,rgb/Jean_Charest_0015.ppm,51.6,8.527e-7,0.0002
lfw,all,rgb,rgb/Jean_Charest_0016.ppm,59.7,7.858e-7,0.0001
lfw,all,rgb,rgb/Jean_Charest_0017.ppm,54.9,7.973e-7,0.0002
lfw,all,rgb,rgb/Jean_Chretien_0001.ppm,60.6,7.115e-7,0.0001
lfw,all,rgb,rgb/Jean_Chretien_0002.ppm,61.0,7.293e-7,0.0002
lfw,all,rgb,rgb/Jean_Chretien_0003.ppm,61.2,7.585e-7,0.0001
lfw,all,rgb,rgb/Jean_Chretien_0004.ppm,61.3,7.395e-7,0.0002
lfw,all,rgb,rgb/Jean_Chretien_0005.ppm,54.8,8.856e-7,0.0002
lfw,all,rgb,rgb/Jean_Chretien_0006.ppm,58.9,8.488e-7,0.0002
lfw,all,rgb,rgb/Jean_Chretien_0007.ppm,58.8,7.166e-7,0.0002
lfw,all,rgb,rgb/Jean_Chretien_0008.ppm,55.8,7.549e-7,0.0002
lfw,all,rgb,rgb/Jean_Chretien_0009.ppm,61.3,7.160e-7,0.0001
lfw,all,rgb,rgb/Jean_Chretien_0010.ppm,56.3,8.531e-7,0.0001
lfw,all,rgb,rgb/Jean_Chretien_0011.ppm,54.4,8.584e-7,0.0002
lfw,all,rgb,rgb/Jean_Chretien_0012.ppm,59.1,7.623e-7,0.0001
lfw,all,rgb,rgb/Jean_Chretien_0013.ppm,57.8,7.858e-7,0.0002
lfw,all,rgb,rgb/Jean_Chretien_0014.ppm,60.8,7.480e-7,0.0001
lfw,all,rgb,rgb/Jean_Chretien_0015.ppm,63.2,8.517e-7,0.0002
lfw,all,rgb,rgb/Jean_Chretien_0016.ppm,61.5,7.683e-7,0.0002
lfw,all,rgb,rgb/Jean_Chretien_0017.ppm,59.9,7.849e-7,0.0002
lfw,all,rgb,rgb/Jean_Chretien_0018.ppm,64.3,7.429e-7,0.0001
lfw,all,rgb,rgb/Jean_Chretien_0019.ppm,64.2,7.238e-7,0.0002
lfw,all,rgb,rgb/Jean_Chretien_0020.ppm,54.4,7.817e-7,0.0002
lfw,all,rgb,rgb/Jean_Chretien_0021.ppm,58.8,6.935e-7,0.0001
lfw,all,rgb,rgb/Jean_Chretien_0022.ppm,71.4,7.121e-7,0.0002
lfw,all,rgb,rgb/Jean_Chretien_0023.ppm,54.8,7.591e-7,0.0002
lfw,all,rgb,rgb/Jean_Chretien_0024.ppm,53.2,8.328e-7,0.0002
lfw,all,rgb,rgb/Jean_Chretien_0025.ppm,56.9,8.449e-7,0.0002
lfw,all,rgb,rgb/Jean_Chretien_0026.ppm,55.2,7.522e-7,0.0001
lfw,all,rgb,rgb/Jean_Chretien_0027.ppm,57.1,7.877e-7,0.0002
lfw,all,rgb,rgb/Jean_Chretien_0028.ppm,55.2,7.829e-7,0.0001
lfw,all,rgb,rgb/Jean_Chretien_0029.ppm,56.8,7.335e-7,0.0001
lfw,all,rgb,rgb/Jean_Chretien_0030.ppm,53.8,7.512e-7,0.0002
lfw,all,rgb,rgb/Jean_Chretien_0031.ppm,60.5,7.708e-7,0.0002
lfw,all,rgb,rgb/Jean_Chretien_0032.ppm,57.1,7.671e-7,0.0002
lfw,all,rgb,rgb/Jean_Chretien_0033.ppm,61.6,7.705e-7,0.0002
lfw,all,rgb,rgb/Jean_Chretien_0034.ppm,54.4,7.224e-7,0.0001
lfw,all,rgb,rgb/Jean_Chretien_0035.ppm,53.9,8.232e-7,0.0001
lfw,all,rgb,rgb/Jean_Chretien_0036.ppm,54.0,8.173e-7,0.0001
lfw,all,rgb,rgb/Jean_Chretien_0037.ppm,57.3,8.644e-7,0.0002
lfw,all,rgb,rgb/Jean_Chretien_0038.ppm,55.8,7.817e-7,0.0001
lfw,all,rgb,rgb/Jean_Chretien_0039.ppm,57.9,7.689e-7,0.0002
lfw,all,rgb,rgb/Jean_Chretien_0040.ppm,55.5,7.428e-7,0.0002
lfw,all,rgb,rgb/Jean_Chretien_0041.ppm,56.1,7.355e-7,0.0002
lfw,all,rgb,rgb/Jean_Chretien_0042.ppm,57.8,9.105e-7,0.0002
lfw,all,rgb,rgb/Jean_Chretien_0043.ppm,65.6,7.037e-7,0.0001
lfw,all,rgb,rgb/Jean_Chretien_0044.ppm,54.4,7.134e-7,0.0001
lfw,all,rgb,rgb/Jean_Chretien_0045.ppm,57.4,9.098e-7,0.0002
lfw,all,rgb,rgb/Jean_Chretien_0046.ppm,57.8,8.316e-7,0.0002
lfw,all,rgb,rgb/Jean_Chretien_0047.ppm,57.4,7.666e-7,0.0002
lfw,all,rgb,rgb/Jean_Chretien_0048.ppm,59.0,8.008e-7,0.0001
lfw,all,rgb,rgb/Jean_Chretien_0049.ppm,57.6,7.672e-7,0.0002
lfw,all,rgb,rgb/Jean_Chretien_0050.ppm,57.3,7.610e-7,0.0002
lfw,all,rgb,rgb/Jean_Chretien_0051.ppm,55.6,7.531e-7,0.0002
lfw,all,rgb,rgb/Jean_Chretien_0052.ppm,60.0,7.610e-7,0.0002
lfw,all,rgb,rgb/Jean_Chretien_0053.ppm,54.0,8.433e-7,0.0002
lfw,all,rgb,rgb/Jean_Chretien_0054.ppm,62.2,7.191e-7,0.0001
lfw,all,rgb,rgb/Jean_Chretien_0055.ppm,49.5,8.703e-7,0.0002
lfw,all,rgb,rgb/Jean_Nagel_0001.ppm,61.1,7.213e-7,0.0002
lfw,all,rgb,rgb/Jean_Todt_0001.ppm,54.2,6.970e-7,0.0001
lfw,all,rgb,rgb/Jeane_Kirkpatrick_0001.ppm,55.7,7.847e-7,0.0002
lfw,all,rgb,rgb/Jeanette_Gray_0001.ppm,50.9,8.606e-7,0.0002
lfw,all,rgb,rgb/Jeanette_Stauffer_0001.ppm,58.0,6.913e-7,0.0001
lfw,all,rgb,rgb/Jeanne_Anne_Schroeder_0001.ppm,61.7,6.692e-7,0.0002
lfw,all,rgb,rgb/Jeanne_Moreau_0001.ppm,59.2,8.103e-7,0.0001
lfw,all,rgb,rgb/Jeanne_Moreau_0002.ppm,62.6,7.150e-7,0.0001
lfw,all,rgb,rgb/Jeannette_Biedermann_0001.ppm,61.1,6.807e-7,0.0002
lfw,all,rgb,rgb/Jeb_Bush_0001.ppm,56.7,7.149e-7,0.0001
lfw,all,rgb,rgb/Jeb_Bush_0002.ppm,50.9,9.248e-7,0.0002
lfw,all,rgb,rgb/Jeb_Bush_0003.ppm,49.6,7.831e-7,0.0001
lfw,all,rgb,rgb/Jeb_Bush_0004.ppm,57.7,7.642e-7,0.0001
lfw,all,rgb,rgb/Jeb_Bush_0005.ppm,56.3,7.719e-7,0.0002
lfw,all,rgb,rgb/Jeb_Bush_0006.ppm,60.2,7.993e-7,0.0002
lfw,all,rgb,rgb/Jeb_Bush_0007.ppm,56.3,8.292e-7,0.0001
lfw,all,rgb,rgb/Jeb_Bush_0008.ppm,63.1,7.835e-7,0.0002
lfw,all,rgb,rgb/Jeb_Bush_0009.ppm,61.8,8.144e-7,0.0002
lfw,all,rgb,rgb/Jeb_Bush_0010.ppm,52.4,7.734e-7,0.0001
lfw,all,rgb,rgb/Jeb_Bush_0011.ppm,59.0,7.658e-7,0.0002
lfw,all,rgb,rgb/Jeb_Bush_0012.ppm,43.5,1.005e-6,0.0001
lfw,all,rgb,rgb/Jeff_Bridges_0001.ppm,60.2,6.945e-7,0.0001
lfw,all,rgb,rgb/Jeff_Bzdelik_0001.ppm,52.2,7.771e-7,0.0001
lfw,all,rgb,rgb/Jeff_Dederian_0001.ppm,56.3,7.817e-7,0.0001
lfw,all,rgb,rgb/Jeff_Feldman_0001.ppm,71.3,7.041e-7,0.0001
lfw,all,rgb,rgb/Jeff_George_0001.ppm,60.6,6.900e-7,0.0001
lfw,all,rgb,rgb/Jeff_Hornacek_0001.ppm,56.5,7.524e-7,0.0001
lfw,all,rgb,rgb/Jeff_Roehm_0001.ppm,58.4,7.292e-7,0.0001
lfw,all,rgb,rgb/Jeff_Schiffner_0001.ppm,52.7,8.203e-7,0.0002
lfw,all,rgb,rgb/Jeff_Van_Gundy_0001.ppm,54.4,7.687e-7,0.0001
lfw,all,rgb,rgb/Jeff_Van_Gundy_0002.ppm,55.5,7.705e-7,0.0001
lfw,all,rgb,rgb/Jeff_Van_Gundy_0003.ppm,57.5,8.185e-7,0.0002
lfw,all,rgb,rgb/Jeff_Weaver_0001.ppm,59.2,5.947e-7,0.0002
lfw,all,rgb,rgb/Jefferson_Perez_0001.ppm,54.0,5.960e-7,0.0001
lfw,all,rgb,rgb/Jefferson_Perez_0002.ppm,59.1,7.255e-7,0.0002
lfw,all,rgb,rgb/Jeffery_Hendren_0001.ppm,46.3,8.553e-7,0.0001
lfw,all,rgb,rgb/Jeffery_Strelzin_0001.ppm,58.0,7.116e-7,0.0001
lfw,all,rgb,rgb/Jeffrey_Archer_0001.ppm,53.7,7.462e-7,0.0001
lfw,all,rgb,rgb/Jeffrey_Archer_0002.ppm,61.4,7.716e-7,0.0002
lfw,all,rgb,rgb/Jeffrey_Ashby_0001.ppm,68.4,5.802e-7,0.0002
lfw,all,rgb,rgb/Jeffrey_Donaldson_0001.ppm,56.3,7.237e-7,0.0002
lfw,all,rgb,rgb/Jeffrey_Immelt_0001.ppm,59.0,7.682e-7,0.0002
lfw,all,rgb,rgb/Jeffrey_Immelt_0002.ppm,59.1,7.192e-7,0.0001
lfw,all,rgb,rgb/Jeffrey_Jones_0001.ppm,59.5,7.474e-7,0.0002
lfw,all,rgb,rgb/Jeffrey_Jones_0002.ppm,59.1,9.052e-7,0.0002
lfw,all,rgb,rgb/Jeffrey_Katzenberg_0001.ppm,53.0,8.748e-7,0.0002
lfw,all,rgb,rgb/Jeffrey_Pfeffer_0001.ppm,55.1,8.029e-7,0.0001
lfw,all,rgb,rgb/Jeffrey_Scott_Postell_0001.ppm,54.4,7.430e-7,0.0001
lfw,all,rgb,rgb/Jeffrey_Scott_Postell_0002.ppm,51.0,8.021e-7,0.0001
lfw,all,rgb,rgb/Jelena_Dokic_0001.ppm,60.1,6.862e-7,0.0002
lfw,all,rgb,rgb/Jelena_Dokic_0002.ppm,58.0,6.814e-7,0.0001
lfw,all,rgb,rgb/Jelena_Dokic_0003.ppm,61.7,7.358e-7,0.0002
lfw,all,rgb,rgb/Jelena_Dokic_0004.ppm,87.9,6.490e-7,0.0002
lfw,all,rgb,rgb/Jelena_Dokic_0005.ppm,56.3,7.252e-7,0.0001
lfw,all,rgb,rgb/Jelena_Dokic_0006.ppm,58.1,7.140e-7,0.0001
lfw,all,rgb,rgb/Jelena_Dokic_0007.ppm,53.9,6.526e-7,0.0001
lfw,all,rgb,rgb/Jelena_Dokic_0008.ppm,60.8,7.059e-7,0.0001
lfw,all,rgb,rgb/Jen_Bice_0001.ppm,53.5,6.779e-7,0.0001
lfw,all,rgb,rgb/Jen_Schefft_0001.ppm,56.7,7.290e-7,0.0002
lfw,all,rgb,rgb/Jenna_Elfman_0001.ppm,62.9,6.995e-7,0.0002
lfw,all,rgb,rgb/Jennette_Bradley_0001.ppm,66.0,6.850e-7,0.0002
lfw,all,rgb,rgb/Jennie_Finch_0001.ppm,54.4,6.437e-7,0.0002
lfw,all,rgb,rgb/Jennie_Garth_0001.ppm,61.1,6.727e-7,0.0001
lfw,all,rgb,rgb/Jennifer_Aniston_0001.ppm,67.8,7.120e-7,0.0002
lfw,all,rgb,rgb/Jennifer_Aniston_0002.ppm,61.2,6.702e-7,0.0001
lfw,all,rgb,rgb/Jennifer_Aniston_0003.ppm,55.0,7.020e-7,0.0001
lfw,all,rgb,rgb/Jennifer_Aniston_0004.ppm,59.6,7.097e-7,0.0002
lfw,all,rgb,rgb/Jennifer_Aniston_0005.ppm,60.8,7.497e-7,0.0002
lfw,all,rgb,rgb/Jennifer_Aniston_0006.ppm,54.2,7.665e-7,0.0001
lfw,all,rgb,rgb/Jennifer_Aniston_0007.ppm,55.0,7.295e-7,0.0002
lfw,all,rgb,rgb/Jennifer_Aniston_0008.ppm,57.0,6.884e-7,0.0001
lfw,all,rgb,rgb/Jennifer_Aniston_0009.ppm,58.1,7.096e-7,0.0001
lfw,all,rgb,rgb/Jennifer_Aniston_0010.ppm,59.5,7.283e-7,0.0002
lfw,all,rgb,rgb/Jennifer_Aniston_0011.ppm,55.8,7.742e-7,0.0002
lfw,all,rgb,rgb/Jennifer_Aniston_0012.ppm,50.3,7.950e-7,0.0001
lfw,all,rgb,rgb/Jennifer_Aniston_0013.ppm,63.6,7.287e-7,0.0002
lfw,all,rgb,rgb/Jennifer_Aniston_0014.ppm,78.2,7.538e-7,0.0002
lfw,all,rgb,rgb/Jennifer_Aniston_0015.ppm,60.5,7.368e-7,0.0002
lfw,all,rgb,rgb/Jennifer_Aniston_0016.ppm,56.7,6.855e-7,0.0002
lfw,all,rgb,rgb/Jennifer_Aniston_0017.ppm,64.2,7.629e-7,0.0002
lfw,all,rgb,rgb/Jennifer_Aniston_0018.ppm,58.3,7.082e-7,0.0001
lfw,all,rgb,rgb/Jennifer_Aniston_0019.ppm,78.1,6.881e-7,0.0002
lfw,all,rgb,rgb/Jennifer_Aniston_0020.ppm,58.5,7.696e-7,0.0002
lfw,all,rgb,rgb/Jennifer_Aniston_0021.ppm,66.2,7.969e-7,0.0002
lfw,all,rgb,rgb/Jennifer_Capriati_0001.ppm,55.3,7.042e-7,0.0002
lfw,all,rgb,rgb/Jennifer_Capriati_0002.ppm,53.6,7.539e-7,0.0001
lfw,all,rgb,rgb/Jennifer_Capriati_0003.ppm,56.5,7.327e-7,0.0002
lfw,all,rgb,rgb/Jennifer_Capriati_0004.ppm,67.8,7.566e-7,0.0002
lfw,all,rgb,rgb/Jennifer_Capriati_0005.ppm,57.7,7.275e-7,0.0002
lfw,all,rgb,rgb/Jennifer_Capriati_0006.ppm,55.8,7.085e-7,0.0001
lfw,all,rgb,rgb/Jennifer_Capriati_0007.ppm,62.1,7.652e-7,0.0001
lfw,all,rgb,rgb/Jennifer_Capriati_0008.ppm,57.9,6.158e-7,0.0001
lfw,all,rgb,rgb/Jennifer_Capriati_0009.ppm,58.5,7.167e-7,0.0002
lfw,all,rgb,rgb/Jennifer_Capriati_0010.ppm,60.9,6.780e-7,0.0001
lfw,all,rgb,rgb/Jennifer_Capriati_0011.ppm,53.0,7.414e-7,0.0002
lfw,all,rgb,rgb/Jennifer_Capriati_0012.ppm,59.5,6.593e-7,0.0001
lfw,all,rgb,rgb/Jennifer_Capriati_0013.ppm,54.4,7.329e-7,0.0001
lfw,all,rgb,rgb/Jennifer_Capriati_0014.ppm,59.2,6.838e-7,0.0001
lfw,all,rgb,rgb/Jennifer_Capriati_0015.ppm,57.0,7.027e-7,0.0001
lfw,all,rgb,rgb/Jennifer_Capriati_0016.ppm,57.0,6.956e-7,0.0002
lfw,all,rgb,rgb/Jennifer_Capriati_0017.ppm,63.2,6.507e-7,0.0002
lfw,all,rgb,rgb/Jennifer_Capriati_0018.ppm,54.0,6.886e-7,0.0001
lfw,all,rgb,rgb/Jennifer_Capriati_0019.ppm,56.1,7.008e-7,0.0001
lfw,all,rgb,rgb/Jennifer_Capriati_0020.ppm,52.9,7.596e-7,0.0002
lfw,all,rgb,rgb/Jennifer_Capriati_0021.ppm,53.8,7.802e-7,0.0002
lfw,all,rgb,rgb/Jennifer_Capriati_0022.ppm,61.3,7.279e-7,0.0002
lfw,all,rgb,rgb/Jennifer_Capriati_0023.ppm,55.5,8.663e-7,0.0002
lfw,all,rgb,rgb/Jennifer_Capriati_0024.ppm,58.5,6.586e-7,0.0001
lfw,all,rgb,rgb/Jennifer_Capriati_0025.ppm,56.7,6.754e-7,0.0001
lfw,all,rgb,rgb/Jennifer_Capriati_0026.ppm,62.6,6.404e-7,0.0001
lfw,all,rgb,rgb/Jennifer_Capriati_0027.ppm,60.2,7.457e-7,0.0001
lfw,all,rgb,rgb/Jennifer_Capriati_0028.ppm,61.7,6.734e-7,0.0002
lfw,all,rgb,rgb/Jennifer_Capriati_0029.ppm,61.5,6.033e-7,0.0001
lfw,all,rgb,rgb/Jennifer_Capriati_0030.ppm,62.5,7.033e-7,0.0002
lfw,all,rgb,rgb/Jennifer_Capriati_0031.ppm,63.0,7.164e-7,0.0002
lfw,all,rgb,rgb/Jennifer_Capriati_0032.ppm,56.9,7.319e-7,0.0001
lfw,all,rgb,rgb/Jennifer_Capriati_0033.ppm,58.3,6.563e-7,0.0001
lfw,all,rgb,rgb/Jennifer_Capriati_0034.ppm,60.1,7.274e-7,0.0002
lfw,all,rgb,rgb/Jennifer_Capriati_0035.ppm,61.4,6.918e-7,0.0002
lfw,all,rgb,rgb/Jennifer_Capriati_0036.ppm,59.3,7.561e-7,0.0002
lfw,all,rgb,rgb/Jennifer_Capriati_0037.ppm,64.6,6.746e-7,0.0001
lfw,all,rgb,rgb/Jennifer_Capriati_0038.ppm,59.1,6.638e-7,0.0001
lfw,all,rgb,rgb/Jennifer_Capriati_0039.ppm,58.7,6.969e-7,0.0001
lfw,all,rgb,rgb/Jennifer_Capriati_0040.ppm,52.3,6.832e-7,0.0001
lfw,all,rgb,rgb/Jennifer_Capriati_0041.ppm,57.3,7.583e-7,0.0002
lfw,all,rgb,rgb/Jennifer_Capriati_0042.ppm,64.4,6.524e-7,0.0001
lfw,all,rgb,rgb/Jennifer_Connelly_0001.ppm,60.6,6.500e-7,0.0001
lfw,all,rgb,rgb/Jennifer_Connelly_0002.ppm,54.6,7.133e-7,0.0001
lfw,all,rgb,rgb/Jennifer_Connelly_0003.ppm,57.7,6.896e-7,0.0001
lfw,all,rgb,rgb/Jennifer_Connelly_0004.ppm,60.2,6.474e-7,0.0001
lfw,all,rgb,rgb/Jennifer_Furminger_0001.ppm,81.9,5.913e-7,0.0002
lfw,all,rgb,rgb/Jennifer_Garner_0001.ppm,59.9,6.752e-7,0.0001
lfw,all,rgb,rgb/Jennifer_Garner_0002.ppm,52.6,6.911e-7,0.0001
lfw,all,rgb,rgb/Jennifer_Garner_0003.ppm,61.3,7.314e-7,0.0002
lfw,all,rgb,rgb/Jennifer_Garner_0004.ppm,48.6,6.731e-7,0.0001
lfw,all,rgb,rgb/Jennifer_Garner_0005.ppm,60.1,7.395e-7,0.0001
lfw,all,rgb,rgb/Jennifer_Garner_0006.ppm,62.9,6.943e-7,0.0002
lfw,all,rgb,rgb/Jennifer_Garner_0007.ppm,61.3,7.000e-7,0.0001
lfw,all,rgb,rgb/Jennifer_Garner_0008.ppm,61.8,6.330e-7,0.0001
lfw,all,rgb,rgb/Jennifer_Garner_0009.ppm,62.0,6.758e-7,0.0001
lfw,all,rgb,rgb/Jennifer_Garner_0010.ppm,61.0,7.895e-7,0.0001
lfw,all,rgb,rgb/Jennifer_Garner_0011.ppm,56.4,7.659e-7,0.0001
lfw,all,rgb,rgb/Jennifer_Garner_0012.ppm,60.7,6.931e-7,0.0002
lfw,all,rgb,rgb/Jennifer_Granholm_0001.ppm,58.2,7.599e-7,0.0002
lfw,all,rgb,rgb/Jennifer_Gratz_0001.ppm,47.3,9.287e-7,0.0001
lfw,all,rgb,rgb/Jennifer_Keller_0001.ppm,63.4,6.495e-7,0.0001
lfw,all,rgb,rgb/Jennifer_Keller_0002.ppm,56.0,7.195e-7,0.0001
lfw,all,rgb,rgb/Jennifer_Keller_0003.ppm,58.2,7.275e-7,0.0001
lfw,all,rgb,rgb/Jennifer_Keller_0004.ppm,54.2,7.702e-7,0.0001
lfw,all,rgb,rgb/Jennifer_Lopez_0001.ppm,62.8,7.066e-7,0.0002
lfw,all,rgb,rgb/Jennifer_Lopez_0002.ppm,58.0,6.977e-7,0.0002
lfw,all,rgb,rgb/Jennifer_Lopez_0003.ppm,59.6,6.957e-7,0.0001
lfw,all,rgb,rgb/Jennifer_Lopez_0004.ppm,64.1,7.247e-7,0.0002
lfw,all,rgb,rgb/Jennifer_Lopez_0005.ppm,58.7,7.029e-7,0.0001
lfw,all,rgb,rgb/Jennifer_Lopez_0006.ppm,58.4,6.954e-7,0.0001
lfw,all,rgb,rgb/Jennifer_Lopez_0007.ppm,57.2,7.347e-7,0.0001
lfw,all,rgb,rgb/Jennifer_Lopez_0008.ppm,58.4,6.938e-7,0.0001
lfw,all,rgb,rgb/Jennifer_Lopez_0009.ppm,62.4,6.843e-7,0.0002
lfw,all,rgb,rgb/Jennifer_Lopez_0010.ppm,63.1,7.237e-7,0.0002
lfw,all,rgb,rgb/Jennifer_Lopez_0011.ppm,61.1,7.370e-7,0.0001
lfw,all,rgb,rgb/Jennifer_Lopez_0012.ppm,64.9,6.384e-7,0.0001
lfw,all,rgb,rgb/Jennifer_Lopez_0013.ppm,62.5,6.842e-7,0.0001
lfw,all,rgb,rgb/Jennifer_Lopez_0014.ppm,59.7,7.133e-7,0.0002
lfw,all,rgb,rgb/Jennifer_Lopez_0015.ppm,62.9,7.192e-7,0.0001
lfw,all,rgb,rgb/Jennifer_Lopez_0016.ppm,64.5,6.506e-7,0.0002
lfw,all,rgb,rgb/Jennifer_Lopez_0017.ppm,63.7,6.885e-7,0.0002
lfw,all,rgb,rgb/Jennifer_Lopez_0018.ppm,65.3,6.823e-7,0.0001
lfw,all,rgb,rgb/Jennifer_Lopez_0019.ppm,68.2,7.286e-7,0.0001
lfw,all,rgb,rgb/Jennifer_Lopez_0020.ppm,59.6,6.638e-7,0.0001
lfw,all,rgb,rgb/Jennifer_Lopez_0021.ppm,55.4,7.545e-7,0.0001
lfw,all,rgb,rgb/Jennifer_Love_Hewitt_0001.ppm,59.9,7.576e-7,0.0002
lfw,all,rgb,rgb/Jennifer_McCoy_0001.ppm,60.1,6.802e-7,0.0002
lfw,all,rgb,rgb/Jennifer_Murray_0001.ppm,64.5,7.844e-7,0.0002
lfw,all,rgb,rgb/Jennifer_Pena_0001.ppm,58.6,6.887e-7,0.0002
lfw,all,rgb,rgb/Jennifer_Reilly_0001.ppm,54.5,7.770e-7,0.0002
lfw,all,rgb,rgb/Jennifer_Reilly_0002.ppm,54.6,7.898e-7,0.0001
lfw,all,rgb,rgb/Jennifer_Renee_Short_0001.ppm,59.5,6.914e-7,0.0001
lfw,all,rgb,rgb/Jennifer_Rodriguez_0001.ppm,67.5,6.143e-7,0.0002
lfw,all,rgb,rgb/Jennifer_Rodriguez_0002.ppm,51.0,5.952e-7,0.0001
lfw,all,rgb,rgb/Jennifer_Thompson_0001.ppm,58.1,6.880e-7,0.0002
lfw,all,rgb,rgb/Jennifer_Thompson_0002.ppm,62.1,7.317e-7,0.0002
lfw,all,rgb,rgb/Jennifer_Tilly_0001.ppm,59.2,7.127e-7,0.0001
lfw,all,rgb,rgb/Jenny_Romero_0001.ppm,54.7,7.033e-7,0.0001
lfw,all,rgb,rgb/Jens_Lehmann_0001.ppm,58.7,6.962e-7,0.0001
lfw,all,rgb,rgb/Jeong_Se-hyun_0001.ppm,52.4,8.054e-7,0.0001
lfw,all,rgb,rgb/Jeong_Se-hyun_0002.ppm,51.0,7.641e-7,0.0001
lfw,all,rgb,rgb/Jeong_Se-hyun_0003.ppm,49.2,7.055e-7,0.0001
lfw,all,rgb,rgb/Jeong_Se-hyun_0004.ppm,40.8,7.108e-7,0.0001
lfw,all,rgb,rgb/Jeong_Se-hyun_0005.ppm,58.6,6.019e-7,0.0001
lfw,all,rgb,rgb/Jeong_Se-hyun_0006.ppm,54.2,7.149e-7,0.0001
lfw,all,rgb,rgb/Jeong_Se-hyun_0007.ppm,53.8,7.698e-7,0.0002
lfw,all,rgb,rgb/Jeong_Se-hyun_0008.ppm,50.5,7.610e-7,0.0001
lfw,all,rgb,rgb/Jeong_Se-hyun_0009.ppm,54.8,7.503e-7,0.0002
lfw,all,rgb,rgb/Jerelle_Kraus_0001.ppm,60.9,7.737e-7,0.0001
lfw,all,rgb,rgb/Jeremy_Fogel_0001.ppm,53.7,7.638e-7,0.0001
lfw,all,rgb,rgb/Jeremy_Gompertz_0001.ppm,52.8,9.241e-7,0.0001
lfw,all,rgb,rgb/Jeremy_Greenstock_0001.ppm,61.0,6.767e-7,0.0001
lfw,all,rgb,rgb/Jeremy_Greenstock_0002.ppm,59.8,7.159e-7,0.0001
lfw,all,rgb,rgb/Jeremy_Greenstock_0003.ppm,57.9,7.254e-7,0.0001
lfw,all,rgb,rgb/Jeremy_Greenstock_0004.ppm,61.4,7.063e-7,0.0001
lfw,all,rgb,rgb/Jeremy_Greenstock_0005.ppm,55.3,7.579e-7,0.0001
lfw,all,rgb,rgb/Jeremy_Greenstock_0006.ppm,56.8,7.399e-7,0.0002
lfw,all,rgb,rgb/Jeremy_Greenstock_0007.ppm,57.0,7.588e-7,0.0001
lfw,all,rgb,rgb/Jeremy_Greenstock_0008.ppm,55.3,7.151e-7,0.0001
lfw,all,rgb,rgb/Jeremy_Greenstock_0009.ppm,59.4,7.959e-7,0.0002
lfw,all,rgb,rgb/Jeremy_Greenstock_0010.ppm,55.2,8.151e-7,0.0002
lfw,all,rgb,rgb/Jeremy_Greenstock_0011.ppm,54.8,8.086e-7,0.0002
lfw,all,rgb,rgb/Jeremy_Greenstock_0012.ppm,53.3,7.705e-7,0.0002
lfw,all,rgb,rgb/Jeremy_Greenstock_0013.ppm,52.8,7.517e-7,0.0002
lfw,all,rgb,rgb/Jeremy_Greenstock_0014.ppm,53.2,7.424e-7,0.0001
lfw,all,rgb,rgb/Jeremy_Greenstock_0015.ppm,48.4,7.913e-7,0.0001
lfw,all,rgb,rgb/Jeremy_Greenstock_0016.ppm,56.2,7.398e-7,0.0001
lfw,all,rgb,rgb/Jeremy_Greenstock_0017.ppm,54.0,7.479e-7,0.0001
lfw,all,rgb,rgb/Jeremy_Greenstock_0018.ppm,59.1,6.798e-7,0.0001
lfw,all,rgb,rgb/Jeremy_Greenstock_0019.ppm,59.2,7.563e-7,0.0002
lfw,all,rgb,rgb/Jeremy_Greenstock_0020.ppm,56.8,7.149e-7,0.0001
lfw,all,rgb,rgb/Jeremy_Greenstock_0021.ppm,58.7,7.503e-7,0.0001
lfw,all,rgb,rgb/Jeremy_Greenstock_0022.ppm,53.6,7.835e-7,0.0001
lfw,all,rgb,rgb/Jeremy_Greenstock_0023.ppm,49.4,7.773e-7,0.0002
lfw,all,rgb,rgb/Jeremy_Greenstock_0024.ppm,57.6,7.188e-7,0.0002
lfw,all,rgb,rgb/Jeremy_Shockey_0001.ppm,51.9,7.489e-7,0.0001
lfw,all,rgb,rgb/Jeremy_Shockey_0002.ppm,54.3,6.795e-7,0.0002
lfw,all,rgb,rgb/Jeremy_Wotherspoon_0001.ppm,57.1,7.441e-7,0.0001
lfw,all,rgb,rgb/Jeri_Ryan_0001.ppm,63.5,7.064e-7,0.0002
lfw,all,rgb,rgb/Jerome_Golmard_0001.ppm,55.2,8.042e-7,0.0002
lfw,all,rgb,rgb/Jerome_Jenkins_0001.ppm,59.4,7.396e-7,0.0001
lfw,all,rgb,rgb/Jerry_Angelo_0001.ppm,59.0,7.461e-7,0.0001
lfw,all,rgb,rgb/Jerry_Bruckheimer_0001.ppm,56.4,9.001e-7,0.0002
lfw,all,rgb,rgb/Jerry_Colangelo_0001.ppm,59.6,6.967e-7,0.0001
lfw,all,rgb,rgb/Jerry_Falwell_0001.ppm,54.9,7.595e-7,0.0001
lfw,all,rgb,rgb/Jerry_Falwell_0002.ppm,55.4,7.917e-7,0.0002
lfw,all,rgb,rgb/Jerry_Hall_0001.ppm,61.1,7.178e-7,0.0002
lfw,all,rgb,rgb/Jerry_Jones_0001.ppm,62.9,7.085e-7,0.0002
lfw,all,rgb,rgb/Jerry_Lewis_0001.ppm,59.0,7.533e-7,0.0002
lfw,all,rgb,rgb/Jerry_McEntee_0001.ppm,64.4,8.395e-7,0.0002
lfw,all,rgb,rgb/Jerry_Oliver_0001.ppm,53.8,8.938e-7,0.0002
lfw,all,rgb,rgb/Jerry_Pauley_0001.ppm,76.3,5.815e-7,0.0002
lfw,all,rgb,rgb/Jerry_Regier_0001.ppm,52.9,8.974e-7,0.0002
lfw,all,rgb,rgb/Jerry_Regier_0002.ppm,59.7,7.705e-7,0.0002
lfw,all,rgb,rgb/Jerry_Regier_0003.ppm,59.0,6.916e-7,0.0002
lfw,all,rgb,rgb/Jerry_Regier_0004.ppm,52.7,7.777e-7,0.0002
lfw,all,rgb,rgb/Jerry_Rice_0001.ppm,69.4,6.941e-7,0.0001
lfw,all,rgb,rgb/Jerry_Seinfeld_0001.ppm,54.3,8.131e-7,0.0001
lfw,all,rgb,rgb/Jerry_Sexton_0001.ppm,60.3,6.822e-7,0.0001
lfw,all,rgb,rgb/Jerry_Sloan_0001.ppm,49.2,7.797e-7,0.0001
lfw,all,rgb,rgb/Jerry_Springer_0001.ppm,58.8,7.265e-7,0.0001
lfw,all,rgb,rgb/Jerry_Springer_0002.ppm,62.5,6.834e-7,0.0002
lfw,all,rgb,rgb/Jerry_Springer_0003.ppm,54.9,7.230e-7,0.0001
lfw,all,rgb,rgb/Jerry_Springer_0004.ppm,65.3,6.766e-7,0.0002
lfw,all,rgb,rgb/Jerry_Tarkanian_0001.ppm,56.4,6.492e-7,0.0001
lfw,all,rgb,rgb/Jesper_Parnevik_0001.ppm,62.7,6.739e-7,0.0001
lfw,all,rgb,rgb/Jesse_Harris_0001.ppm,60.3,6.549e-7,0.0001
lfw,all,rgb,rgb/Jesse_Harris_0002.ppm,59.7,7.121e-7,0.0002
lfw,all,rgb,rgb/Jesse_Harris_0003.ppm,62.2,7.544e-7,0.0002
lfw,all,rgb,rgb/Jesse_Helms_0001.ppm,53.4,7.905e-7,0.0001
lfw,all,rgb,rgb/Jesse_Jackson_0001.ppm,43.7,8.222e-7,0.0001
lfw,all,rgb,rgb/Jesse_Jackson_0002.ppm,61.6,6.215e-7,0.0001
lfw,all,rgb,rgb/Jesse_Jackson_0003.ppm,60.7,6.887e-7,0.0001
lfw,all,rgb,rgb/Jesse_Jackson_0004.ppm,69.2,6.616e-7,0.0002
lfw,all,rgb,rgb/Jesse_Jackson_0005.ppm,53.7,7.255e-7,0.0002
lfw,all,rgb,rgb/Jesse_Jackson_0006.ppm,59.1,7.494e-7,0.0002
lfw,all,rgb,rgb/Jesse_Jackson_0007.ppm,60.1,6.789e-7,0.0001
lfw,all,rgb,rgb/Jesse_Jackson_0008.ppm,64.4,5.250e-7,0.0001
lfw,all,rgb,rgb/Jesse_Jackson_0009.ppm,76.5,6.139e-7,0.0001
lfw,all,rgb,rgb/Jesse_James_0001.ppm,71.2,6.766e-7,0.0002
lfw,all,rgb,rgb/Jesse_James_Leija_0001.ppm,55.9,7.302e-7,0.0002
lfw,all,rgb,rgb/Jesse_James_Leija_0002.ppm,57.9,7.221e-7,0.0002
lfw,all,rgb,rgb/Jesse_Ventura_0001.ppm,55.6,9.417e-7,0.0002
lfw,all,rgb,rgb/Jesse_Ventura_0002.ppm,63.0,7.489e-7,0.0002
lfw,all,rgb,rgb/Jesse_Ventura_0003.ppm,59.8,7.267e-7,0.0001
lfw,all,rgb,rgb/Jessica_Alba_0001.ppm,65.0,6.468e-7,0.0001
lfw,all,rgb,rgb/Jessica_Alba_0002.ppm,65.1,6.919e-7,0.0002
lfw,all,rgb,rgb/Jessica_Biel_0001.ppm,65.1,6.841e-7,0.0002
lfw,all,rgb,rgb/Jessica_Brungo_0001.ppm,50.3,9.650e-7,0.0002
lfw,all,rgb,rgb/Jessica_Capshaw_0001.ppm,59.7,7.067e-7,0.0001
lfw,all,rgb,rgb/Jessica_Lange_0001.ppm,64.6,6.630e-7,0.0001
lfw,all,rgb,rgb/Jessica_Lange_0002.ppm,53.1,7.580e-7,0.0001
lfw,all,rgb,rgb/Jessica_Lynch_0001.ppm,65.0,5.374e-7,0.0002
lfw,all,rgb,rgb/Jessica_Lynch_0002.ppm,66.7,6.079e-7,0.0002
lfw,all,rgb,rgb/Jessica_Simpson_0001.ppm,69.3,6.603e-7,0.0001
lfw,all,rgb,rgb/Jesus_Cardenal_0001.ppm,31.4,6.552e-7,0.0001
lfw,all,rgb,rgb/Jewel_Howard-Taylor_0001.ppm,66.4,6.360e-7,0.0001
lfw,all,rgb,rgb/Jia_Qinglin_0001.ppm,49.3,8.082e-7,0.0001
lfw,all,rgb,rgb/Jia_Qinglin_0002.ppm,51.6,7.265e-7,0.0001
lfw,all,rgb,rgb/Jiang_Zemin_0001.ppm,53.5,6.944e-7,0.0001
lfw,all,rgb,rgb/Jiang_Zemin_0002.ppm,58.6,7.689e-7,0.0002
lfw,all,rgb,rgb/Jiang_Zemin_0003.ppm,60.5,6.816e-7,0.0002
lfw,all,rgb,rgb/Jiang_Zemin_0004.ppm,62.1,7.470e-7,0.0002
lfw,all,rgb,rgb/Jiang_Zemin_0005.ppm,37.7,8.599e-7,0.0001
lfw,all,rgb,rgb/Jiang_Zemin_0006.ppm,55.0,6.814e-7,0.0001
lfw,all,rgb,rgb/Jiang_Zemin_0007.ppm,37.5,1.002e-6,0.0001
lfw,all,rgb,rgb/Jiang_Zemin_0008.ppm,65.1,6.981e-7,0.0002
lfw,all,rgb,rgb/Jiang_Zemin_0009.ppm,54.9,7.549e-7,0.0001
lfw,all,rgb,rgb/Jiang_Zemin_0010.ppm,43.0,7.332e-7,0.0001
lfw,all,rgb,rgb/Jiang_Zemin_0011.ppm,53.9,7.989e-7,0.0001
lfw,all,rgb,rgb/Jiang_Zemin_0012.ppm,52.4,6.922e-7,0.0001
lfw,all,rgb,rgb/Jiang_Zemin_0013.ppm,54.7,6.997e-7,0.0001
lfw,all,rgb,rgb/Jiang_Zemin_0014.ppm,57.6,6.642e-7,0.0001
lfw,all,rgb,rgb/Jiang_Zemin_0015.ppm,55.3,6.831e-7,0.0001
lfw,all,rgb,rgb/Jiang_Zemin_0016.ppm,61.8,6.328e-7,0.0001
lfw,all,rgb,rgb/Jiang_Zemin_0017.ppm,58.8,6.137e-7,0.0001
lfw,all,rgb,rgb/Jiang_Zemin_0018.ppm,52.6,6.534e-7,0.0002
lfw,all,rgb,rgb/Jiang_Zemin_0019.ppm,60.4,7.113e-7,0.0001
lfw,all,rgb,rgb/Jiang_Zemin_0020.ppm,57.1,7.413e-7,0.0001
lfw,all,rgb,rgb/Jim_Abbott_0001.ppm,56.1,6.896e-7,0.0002
lfw,all,rgb,rgb/Jim_Ahern_0001.ppm,58.3,6.255e-7,0.0001
lfw,all,rgb,rgb/Jim_Anderson_0001.ppm,65.7,5.638e-7,0.0001
lfw,all,rgb,rgb/Jim_Beattie_0001.ppm,51.7,8.941e-7,0.0002
lfw,all,rgb,rgb/Jim_Bollman_0001.ppm,53.2,7.713e-7,0.0001
lfw,all,rgb,rgb/Jim_Bunning_0001.ppm,60.0,7.242e-7,0.0001
lfw,all,rgb,rgb/Jim_Calhoun_0001.ppm,52.5,8.853e-7,0.0002
lfw,all,rgb,rgb/Jim_Cantalupo_0001.ppm,60.4,7.380e-7,0.0002
lfw,all,rgb,rgb/Jim_Carrey_0001.ppm,59.1,6.482e-7,0.0001
lfw,all,rgb,rgb/Jim_Carrey_0002.ppm,61.7,7.343e-7,0.0002
lfw,all,rgb,rgb/Jim_Carrey_0003.ppm,55.4,7.472e-7,0.0002
lfw,all,rgb,rgb/Jim_Doyle_0001.ppm,56.3,8.750e-7,0.0002
lfw,all,rgb,rgb/Jim_Edmonds_0001.ppm,60.7,6.443e-7,0.0001
lfw,all,rgb,rgb/Jim_Edmonds_0002.ppm,56.1,7.090e-7,0.0001
lfw,all,rgb,rgb/Jim_Fassel_0001.ppm,60.7,7.222e-7,0.0001
lfw,all,rgb,rgb/Jim_Flaherty_0001.ppm,58.9,7.163e-7,0.0002
lfw,all,rgb,rgb/Jim_Freudenberg_0001.ppm,56.3,7.524e-7,0.0002
lfw,all,rgb,rgb/Jim_Furyk_0001.ppm,58.7,6.003e-7,0.0001
lfw,all,rgb,rgb/Jim_Furyk_0002.ppm,59.6,6.835e-7,0.0002
lfw,all,rgb,rgb/Jim_Furyk_0003.ppm,60.7,7.264e-7,0.0001
lfw,all,rgb,rgb/Jim_Furyk_0004.ppm,61.4,6.873e-7,0.0001
lfw,all,rgb,rgb/Jim_Furyk_0005.ppm,60.0,7.295e-7,0.0002
lfw,all,rgb,rgb/Jim_Furyk_0006.ppm,64.1,6.672e-7,0.0001
lfw,all,rgb,rgb/Jim_Greenwood_0001.ppm,67.5,7.235e-7,0.0002
lfw,all,rgb,rgb/Jim_Hahn_0001.ppm,69.8,6.948e-7,0.0002
lfw,all,rgb,rgb/Jim_Hahn_0002.ppm,56.1,8.745e-7,0.0002
lfw,all,rgb,rgb/Jim_Hahn_0003.ppm,63.8,7.576e-7,0.0002
lfw,all,rgb,rgb/Jim_Hahn_0004.ppm,58.9,7.636e-7,0.0002
lfw,all,rgb,rgb/Jim_Hardin_0001.ppm,47.4,8.125e-7,0.0002
lfw,all,rgb,rgb/Jim_Harrick_0001.ppm,49.5,9.609e-7,0.0002
lfw,all,rgb,rgb/Jim_Harrick_0002.ppm,50.1,8.203e-7,0.0001
lfw,all,rgb,rgb/Jim_Haslett_0001.ppm,53.6,8.237e-7,0.0001
lfw,all,rgb,rgb/Jim_Hendry_0001.ppm,60.1,7.494e-7,0.0001
lfw,all,rgb,rgb/Jim_Jeffords_0001.ppm,61.2,6.639e-7,0.0002
lfw,all,rgb,rgb/Jim_Kelly_0001.ppm,58.9,7.920e-7,0.0002
lfw,all,rgb,rgb/Jim_Leach_0001.ppm,63.1,6.629e-7,0.0002
lfw,all,rgb,rgb/Jim_Letten_0001.ppm,61.4,7.480e-7,0.0002
lfw,all,rgb,rgb/Jim_Nochols_0001.ppm,57.4,6.937e-7,0.0001
lfw,all,rgb,rgb/Jim_OBrien_0001.ppm,61.3,8.025e-7,0.0002
lfw,all,rgb,rgb/Jim_OBrien_0002.ppm,52.5,8.144e-7,0.0001
lfw,all,rgb,rgb/Jim_OBrien_0003.ppm,60.6,7.938e-7,0.0002
lfw,all,rgb,rgb/Jim_Otto_0001.ppm,62.5,7.911e-7,0.0002
lfw,all,rgb,rgb/Jim_Parque_0001.ppm,94.9,7.211e-7,0.0003
lfw,all,rgb,rgb/Jim_Paxson_0001.ppm,50.8,8.497e-7,0.0002
lfw,all,rgb,rgb/Jim_Piper_0001.ppm,57.4,6.935e-7,0.0002
lfw,all,rgb,rgb/Jim_Ryan_0001.ppm,62.0,6.717e-7,0.0001
lfw,all,rgb,rgb/Jim_Schwarz_0001.ppm,61.0,7.274e-7,0.0002
lfw,all,rgb,rgb/Jim_Spinoza_0001.ppm,53.7,6.972e-7,0.0001
lfw,all,rgb,rgb/Jim_Sterk_0001.ppm,58.0,7.720e-7,0.0001
lfw,all,rgb,rgb/Jim_Talent_0001.ppm,53.4,7.009e-7,0.0002
lfw,all,rgb,rgb/Jim_Taylor_0001.ppm,55.9,8.807e-7,0.0002
lfw,all,rgb,rgb/Jim_Thome_0001.ppm,54.1,7.557e-7,0.0001
lfw,all,rgb,rgb/Jim_Tressel_0001.ppm,55.9,6.938e-7,0.0001
lfw,all,rgb,rgb/Jim_Tressel_0002.ppm,54.3,8.808e-7,0.0002
lfw,all,rgb,rgb/Jim_Tressel_0003.ppm,62.6,6.830e-7,0.0002
lfw,all,rgb,rgb/Jim_Tressel_0004.ppm,58.3,7.696e-7,0.0002
lfw,all,rgb,rgb/Jim_Wall_0001.ppm,66.7,7.094e-7,0.0002
lfw,all,rgb,rgb/Jim_Wessling_0001.ppm,59.1,7.805e-7,0.0002
lfw,all,rgb,rgb/Jim_Wong_0001.ppm,57.0,6.920e-7,0.0001
lfw,all,rgb,rgb/Jim_Zorn_0001.ppm,56.3,7.078e-7,0.0001
lfw,all,rgb,rgb/Jimmy_Carter_0001.ppm,56.6,7.723e-7,0.0001
lfw,all,rgb,rgb/Jimmy_Carter_0002.ppm,57.2,7.116e-7,0.0001
lfw,all,rgb,rgb/Jimmy_Carter_0003.ppm,57.1,7.430e-7,0.0002
lfw,all,rgb,rgb/Jimmy_Carter_0004.ppm,68.4,6.475e-7,0.0002
lfw,all,rgb,rgb/Jimmy_Carter_0005.ppm,70.6,6.854e-7,0.0001
lfw,all,rgb,rgb/Jimmy_Carter_0006.ppm,57.6,7.088e-7,0.0001
lfw,all,rgb,rgb/Jimmy_Carter_0007.ppm,60.9,7.296e-7,0.0002
lfw,all,rgb,rgb/Jimmy_Carter_0008.ppm,67.0,6.907e-7,0.0002
lfw,all,rgb,rgb/Jimmy_Carter_0009.ppm,54.8,7.824e-7,0.0001
lfw,all,rgb,rgb/Jimmy_Gobble_0001.ppm,64.5,6.943e-7,0.0002
lfw,all,rgb,rgb/Jimmy_Gurule_0001.ppm,54.9,7.567e-7,0.0001
lfw,all,rgb,rgb/Jimmy_Iovine_0001.ppm,61.7,6.441e-7,0.0002
lfw,all,rgb,rgb/Jimmy_Jimenez_0001.ppm,60.9,6.461e-7,0.0001
lfw,all,rgb,rgb/Jimmy_Kimmel_0001.ppm,63.9,6.497e-7,0.0002
lfw,all,rgb,rgb/Jimmy_Kimmel_0002.ppm,58.3,6.801e-7,0.0002
lfw,all,rgb,rgb/Jimmy_Lee_0001.ppm,57.3,7.143e-7,0.0001
lfw,all,rgb,rgb/Jimmy_Smits_0001.ppm,61.0,7.266e-7,0.0002
lfw,all,rgb,rgb/Jimmy_Szymanski_0001.ppm,58.3,6.193e-7,0.0001
lfw,all,rgb,rgb/Jiri_Novak_0001.ppm,62.2,6.567e-7,0.0001
lfw,all,rgb,rgb/Jiri_Novak_0002.ppm,63.4,7.234e-7,0.0002
lfw,all,rgb,rgb/Jiri_Novak_0003.ppm,53.3,7.807e-7,0.0001
lfw,all,rgb,rgb/Jiri_Novak_0004.ppm,57.3,7.146e-7,0.0002
lfw,all,rgb,rgb/Jiri_Novak_0005.ppm,56.3,7.074e-7,0.0001
lfw,all,rgb,rgb/Jiri_Novak_0006.ppm,54.9,7.482e-7,0.0001
lfw,all,rgb,rgb/Jiri_Novak_0007.ppm,58.4,7.648e-7,0.0001
lfw,all,rgb,rgb/Jiri_Novak_0008.ppm,60.7,7.314e-7,0.0001
lfw,all,rgb,rgb/Jiri_Novak_0009.ppm,58.8,7.172e-7,0.0001
lfw,all,rgb,rgb/Jiri_Novak_0010.ppm,65.6,7.259e-7,0.0001
lfw,all,rgb,rgb/Jiri_Novak_0011.ppm,58.3,6.748e-7,0.0002
lfw,all,rgb,rgb/Jo_Dee_Messina_0001.ppm,59.6,6.894e-7,0.0001
lfw,all,rgb,rgb/Jo_Dee_Messina_0002.ppm,65.5,6.547e-7,0.0002
lfw,all,rgb,rgb/Jo_Joong-hyon_0001.ppm,42.3,8.879e-7,0.0002
lfw,all,rgb,rgb/Joan_Claybrook_0001.ppm,61.2,7.431e-7,0.0002
lfw,all,rgb,rgb/Joan_Claybrook_0002.ppm,59.6,6.247e-7,0.0001
lfw,all,rgb,rgb/Joan_Collins_0001.ppm,65.1,6.117e-7,0.0002
lfw,all,rgb,rgb/Joan_Dangerfield_0001.ppm,52.7,7.511e-7,0.0002
lfw,all,rgb,rgb/Joan_Jett_0001.ppm,59.1,6.985e-7,0.0002
lfw,all,rgb,rgb/Joan_Laporta_0001.ppm,55.6,6.545e-7,0.0002
lfw,all,rgb,rgb/Joan_Laporta_0002.ppm,64.2,6.428e-7,0.0002
lfw,all,rgb,rgb/Joan_Laporta_0003.ppm,60.9,7.115e-7,0.0002
lfw,all,rgb,rgb/Joan_Laporta_0004.ppm,58.8,6.586e-7,0.0001
lfw,all,rgb,rgb/Joan_Laporta_0005.ppm,54.0,7.233e-7,0.0001
lfw,all,rgb,rgb/Joan_Laporta_0006.ppm,56.7,6.796e-7,0.0001
lfw,all,rgb,rgb/Joan_Laporta_0007.ppm,55.0,6.735e-7,0.0001
lfw,all,rgb,rgb/Joan_Laporta_0008.ppm,60.3,6.967e-7,0.0001
lfw,all,rgb,rgb/Joan_Laporta_0009.ppm,51.4,7.145e-7,0.0001
lfw,all,rgb,rgb/Joanna_Poitier_0001.ppm,62.0,7.524e-7,0.0002
lfw,all,rgb,rgb/Joanne_Duquette_0001.ppm,55.8,7.076e-7,0.0002
lfw,all,rgb,rgb/Joanne_Woodward_0001.ppm,56.4,6.774e-7,0.0001
lfw,all,rgb,rgb/Joao_Rocha_0001.ppm,50.5,8.638e-7,0.0002
lfw,all,rgb,rgb/Joaquim_Levy_0001.ppm,60.0,6.813e-7,0.0001
lfw,all,rgb,rgb/Joaquim_Rodriguez_0001.ppm,60.1,6.538e-7,0.0001
lfw,all,rgb,rgb/Joaquin_Phoenix_0001.ppm,36.4,1.311e-6,0.0001
lfw,all,rgb,rgb/Joaquin_Sanchez_0001.ppm,42.5,8.580e-7,0.0001
lfw,all,rgb,rgb/Job_Cohen_0001.ppm,56.7,7.588e-7,0.0002
lfw,all,rgb,rgb/Job_Cohen_0002.ppm,60.9,7.490e-7,0.0001
lfw,all,rgb,rgb/Jodie_Foster_0001.ppm,63.5,8.226e-7,0.0002
lfw,all,rgb,rgb/Jodie_Foster_0002.ppm,59.3,6.904e-7,0.0002
lfw,all,rgb,rgb/Jodie_Foster_0003.ppm,62.0,7.808e-7,0.0002
lfw,all,rgb,rgb/Jodie_Henry_0001.ppm,58.1,7.529e-7,0.0001
lfw,all,rgb,rgb/Jodie_Kidd_0001.ppm,65.5,6.312e-7,0.0002
lfw,all,rgb,rgb/Jody_Richards_0001.ppm,58.1,7.287e-7,0.0001
lfw,all,rgb,rgb/Joe_Calzaghe_0001.ppm,55.0,7.493e-7,0.0001
lfw,all,rgb,rgb/Joe_Calzaghe_0002.ppm,56.5,6.791e-7,0.0001
lfw,all,rgb,rgb/Joe_Carnahan_0001.ppm,67.4,7.276e-7,0.0002
lfw,all,rgb,rgb/Joe_Cocker_0001.ppm,64.9,6.924e-7,0.0001
lfw,all,rgb,rgb/Joe_Cravens_0001.ppm,52.3,6.784e-7,0.0001
lfw,all,rgb,rgb/Joe_Crede_0001.ppm,65.5,6.173e-7,0.0001
lfw,all,rgb,rgb/Joe_Darrell_0001.ppm,61.3,6.807e-7,0.0001
lfw,all,rgb,rgb/Joe_DeLamielleure_0001.ppm,64.3,7.473e-7,0.0001
lfw,all,rgb,rgb/Joe_Dicaro_0001.ppm,58.5,7.162e-7,0.0001
lfw,all,rgb,rgb/Joe_Dumars_0001.ppm,61.9,7.249e-7,0.0002
lfw,all,rgb,rgb/Joe_Dumars_0002.ppm,65.6,5.836e-7,0.0002
lfw,all,rgb,rgb/Joe_Finley_0001.ppm,55.7,8.085e-7,0.0002
lfw,all,rgb,rgb/Joe_Friedberg_0001.ppm,53.4,7.178e-7,0.0001
lfw,all,rgb,rgb/Joe_Garner_0001.ppm,57.6,7.500e-7,0.0001
lfw,all,rgb,rgb/Joe_Gatti_0001.ppm,63.2,6.626e-7,0.0002
lfw,all,rgb,rgb/Joe_Gatti_0002.ppm,57.3,7.226e-7,0.0001
lfw,all,rgb,rgb/Joe_Glover_0001.ppm,58.1,7.587e-7,0.0002
lfw,all,rgb,rgb/Joe_Leonard_0001.ppm,57.9,7.704e-7,0.0002
lfw,all,rgb,rgb/Joe_Lieberman_0001.ppm,64.7,6.848e-7,0.0002
lfw,all,rgb,rgb/Joe_Lieberman_0002.ppm,56.1,7.851e-7,0.0001
lfw,all,rgb,rgb/Joe_Lieberman_0003.ppm,60.8,7.350e-7,0.0001
lfw,all,rgb,rgb/Joe_Lieberman_0004.ppm,51.8,7.456e-7,0.0001
lfw,all,rgb,rgb/Joe_Lieberman_0005.ppm,56.9,8.098e-7,0.0002
lfw,all,rgb,rgb/Joe_Lieberman_0006.ppm,66.7,7.256e-7,0.0002
lfw,all,rgb,rgb/Joe_Lieberman_0007.ppm,64.1,6.794e-7,0.0001
lfw,all,rgb,rgb/Joe_Lieberman_0008.ppm,67.0,6.640e-7,0.0001
lfw,all,rgb,rgb/Joe_Lieberman_0009.ppm,60.8,7.592e-7,0.0002
lfw,all,rgb,rgb/Joe_Lieberman_0010.ppm,56.1,8.140e-7,0.0002
lfw,all,rgb,rgb/Joe_Lieberman_0011.ppm,56.9,7.507e-7,0.0002
lfw,all,rgb,rgb/Joe_Lieberman_0012.ppm,61.2,7.451e-7,0.0002
lfw,all,rgb,rgb/Joe_Lieberman_0013.ppm,61.7,6.912e-7,0.0002
lfw,all,rgb,rgb/Joe_Mantegna_0001.ppm,44.7,7.877e-7,0.0001
lfw,all,rgb,rgb/Joe_Mantello_0001.ppm,55.6,7.447e-7,0.0002
lfw,all,rgb,rgb/Joe_Mantello_0002.ppm,56.2,7.193e-7,0.0001
lfw,all,rgb,rgb/Joe_Mendes_0001.ppm,59.7,7.222e-7,0.0001
lfw,all,rgb,rgb/Joe_Metz_0001.ppm,61.5,6.816e-7,0.0002
lfw,all,rgb,rgb/Joe_Nichols_0001.ppm,58.1,7.409e-7,0.0002
lfw,all,rgb,rgb/Joe_Nichols_0002.ppm,56.3,7.801e-7,0.0001
lfw,all,rgb,rgb/Joe_Nichols_0003.ppm,61.2,7.473e-7,0.0001
lfw,all,rgb,rgb/Joe_Nichols_0004.ppm,60.0,7.520e-7,0.0001
lfw,all,rgb,rgb/Joe_Pantoliano_0001.ppm,62.6,6.527e-7,0.0001
lfw,all,rgb,rgb/Joe_Paterno_0001.ppm,65.9,6.922e-7,0.0002
lfw,all,rgb,rgb/Joe_Plumeri_0001.ppm,61.0,6.460e-7,0.0001
lfw,all,rgb,rgb/Joe_Strummer_0001.ppm,64.2,6.893e-7,0.0002
lfw,all,rgb,rgb/Joe_Torre_0001.ppm,54.9,7.042e-7,0.0001
lfw,all,rgb,rgb/Joe_Torre_0002.ppm,61.9,7.191e-7,0.0002
lfw,all,rgb,rgb/Joe_Torre_0003.ppm,64.8,6.261e-7,0.0002
lfw,all,rgb,rgb/Joe_Torre_0004.ppm,56.8,7.087e-7,0.0001
lfw,all,rgb,rgb/Joe_Vandever_0001.ppm,60.4,7.303e-7,0.0002
lfw,all,rgb,rgb/Joel_Gallen_0001.ppm,61.6,7.747e-7,0.0002
lfw,all,rgb,rgb/Joel_Todd_0001.ppm,53.1,6.109e-7,0.0001
lfw,all,rgb,rgb/Joerg_Haider_0001.ppm,52.5,7.422e-7,0.0001
lfw,all,rgb,rgb/Joerg_Haider_0002.ppm,60.3,7.279e-7,0.0002
lfw,all,rgb,rgb/Joey_Buttafuoco_0001.ppm,55.9,8.295e-7,0.0001
lfw,all,rgb,rgb/Joey_Harrington_0001.ppm,50.1,7.223e-7,0.0002
lfw,all,rgb,rgb/Joey_Mantia_0001.ppm,59.2,6.393e-7,0.0002
lfw,all,rgb,rgb/Johan_Bruyneel_0001.ppm,52.0,7.301e-7,0.0001
lfw,all,rgb,rgb/Johannes_Rau_0001.ppm,54.3,7.694e-7,0.0002
lfw,all,rgb,rgb/John_Abizaid_0001.ppm,54.2,8.144e-7,0.0002
lfw,all,rgb,rgb/John_Abizaid_0002.ppm,58.8,7.276e-7,0.0001
lfw,all,rgb,rgb/John_Abizaid_0003.ppm,50.3,7.914e-7,0.0001
lfw,all,rgb,rgb/John_Abizaid_0004.ppm,56.0,8.021e-7,0.0001
lfw,all,rgb,rgb/John_Abizaid_0005.ppm,56.0,7.764e-7,0.0001
lfw,all,rgb,rgb/John_Abizaid_0006.ppm,50.2,8.569e-7,0.0002
lfw,all,rgb,rgb/John_Abizaid_0007.ppm,56.1,7.704e-7,0.0002
lfw,all,rgb,rgb/John_Abizaid_0008.ppm,53.7,7.303e-7,0.0001
lfw,all,rgb,rgb/John_Abizaid_0009.ppm,55.6,8.344e-7,0.0002
lfw,all,rgb,rgb/John_Allen_Muhammad_0001.ppm,58.7,6.906e-7,0.0001
lfw,all,rgb,rgb/John_Allen_Muhammad_0002.ppm,53.1,7.531e-7,0.0001
lfw,all,rgb,rgb/John_Allen_Muhammad_0003.ppm,55.7,7.418e-7,0.0001
lfw,all,rgb,rgb/John_Allen_Muhammad_0004.ppm,61.4,6.579e-7,0.0001
lfw,all,rgb,rgb/John_Allen_Muhammad_0005.ppm,59.0,7.140e-7,0.0001
lfw,all,rgb,rgb/John_Allen_Muhammad_0006.ppm,58.1,7.232e-7,0.0001
lfw,all,rgb,rgb/John_Allen_Muhammad_0007.ppm,59.4,6.993e-7,0.0002
lfw,all,rgb,rgb/John_Allen_Muhammad_0008.ppm,59.0,6.607e-7,0.0001
lfw,all,rgb,rgb/John_Allen_Muhammad_0009.ppm,56.4,7.653e-7,0.0001
lfw,all,rgb,rgb/John_Allen_Muhammad_0010.ppm,53.6,8.330e-7,0.0002
lfw,all,rgb,rgb/John_Allen_Muhammad_0011.ppm,57.6,7.730e-7,0.0002
lfw,all,rgb,rgb/John_Anderson_0001.ppm,54.0,7.536e-7,0.0001
lfw,all,rgb,rgb/John_Ashcroft_0001.ppm,57.3,7.159e-7,0.0001
lfw,all,rgb,rgb/John_Ashcroft_0002.ppm,56.9,6.920e-7,0.0001
lfw,all,rgb,rgb/John_Ashcroft_0003.ppm,57.5,6.969e-7,0.0001
lfw,all,rgb,rgb/John_Ashcroft_0004.ppm,61.9,6.920e-7,0.0002
lfw,all,rgb,rgb/John_Ashcroft_0005.ppm,55.0,8.089e-7,0.0001
lfw,all,rgb,rgb/John_Ashcroft_0006.ppm,74.8,6.269e-7,0.0001
lfw,all,rgb,rgb/John_Ashcroft_0007.ppm,49.6,7.094e-7,0.0001
lfw,all,rgb,rgb/John_Ashcroft_0008.ppm,51.9,7.351e-7,0.0001
lfw,all,rgb,rgb/John_Ashcroft_0009.ppm,56.5,7.589e-7,0.0002
lfw,all,rgb,rgb/John_Ashcroft_0010.ppm,56.6,7.865e-7,0.0002
lfw,all,rgb,rgb/John_Ashcroft_0011.ppm,61.8,6.811e-7,0.0002
lfw,all,rgb,rgb/John_Ashcroft_0012.ppm,54.0,7.504e-7,0.0001
lfw,all,rgb,rgb/John_Ashcroft_0013.ppm,53.7,8.481e-7,0.0002
lfw,all,rgb,rgb/John_Ashcroft_0014.ppm,60.1,6.582e-7,0.0001
lfw,all,rgb,rgb/John_Ashcroft_0015.ppm,55.2,7.901e-7,0.0002
lfw,all,rgb,rgb/John_Ashcroft_0016.ppm,55.3,7.555e-7,0.0002
lfw,all,rgb,rgb/John_Ashcroft_0017.ppm,59.9,7.200e-7,0.0002
lfw,all,rgb,rgb/John_Ashcroft_0018.ppm,56.5,7.160e-7,0.0001
lfw,all,rgb,rgb/John_Ashcroft_0019.ppm,59.4,7.432e-7,0.0001
lfw,all,rgb,rgb/John_Ashcroft_0020.ppm,53.0,7.404e-7,0.0001
lfw,all,rgb,rgb/John_Ashcroft_0021.ppm,63.5,6.565e-7,0.0002
lfw,all,rgb,rgb/John_Ashcroft_0022.ppm,65.0,5.792e-7,0.0001
lfw,all,rgb,rgb/John_Ashcroft_0023.ppm,58.6,7.398e-7,0.0001
lfw,all,rgb,rgb/John_Ashcroft_0024.ppm,51.2,8.277e-7,0.0001
lfw,all,rgb,rgb/John_Ashcroft_0025.ppm,52.3,9.191e-7,0.0002
lfw,all,rgb,rgb/John_Ashcroft_0026.ppm,57.2,7.160e-7,0.0001
lfw,all,rgb,rgb/John_Ashcroft_0027.ppm,55.3,7.104e-7,0.0001
lfw,all,rgb,rgb/John_Ashcroft_0028.ppm,54.8,6.836e-7,0.0001
lfw,all,rgb,rgb/John_Ashcroft_0029.ppm,60.0,7.417e-7,0.0002
lfw,all,rgb,rgb/John_Ashcroft_0030.ppm,61.7,7.033e-7,0.0001
lfw,all,rgb,rgb/John_Ashcroft_0031.ppm,54.9,7.492e-7,0.0001
lfw,all,rgb,rgb/John_Ashcroft_0032.ppm,56.4,7.386e-7,0.0001
lfw,all,rgb,rgb/John_Ashcroft_0033.ppm,61.3,6.889e-7,0.0002
lfw,all,rgb,rgb/John_Ashcroft_0034.ppm,51.7,7.546e-7,0.0001
lfw,all,rgb,rgb/John_Ashcroft_0035.ppm,64.5,7.196e-7,0.0002
lfw,all,rgb,rgb/John_Ashcroft_0036.ppm,57.3,7.481e-7,0.0001
lfw,all,rgb,rgb/John_Ashcroft_0037.ppm,62.5,6.731e-7,0.0001
lfw,all,rgb,rgb/John_Ashcroft_0038.ppm,56.1,7.531e-7,0.0002
lfw,all,rgb,rgb/John_Ashcroft_0039.ppm,53.9,8.814e-7,0.0002
lfw,all,rgb,rgb/John_Ashcroft_0040.ppm,55.1,7.666e-7,0.0002
lfw,all,rgb,rgb/John_Ashcroft_0041.ppm,57.2,6.847e-7,0.0001
lfw,all,rgb,rgb/John_Ashcroft_0042.ppm,58.0,7.186e-7,0.0001
lfw,all,rgb,rgb/John_Ashcroft_0043.ppm,55.6,8.529e-7,0.0002
lfw,all,rgb,rgb/John_Ashcroft_0044.ppm,57.5,7.389e-7,0.0001
lfw,all,rgb,rgb/John_Ashcroft_0045.ppm,55.5,7.600e-7,0.0001
lfw,all,rgb,rgb/John_Ashcroft_0046.ppm,52.4,7.482e-7,0.0002
lfw,all,rgb,rgb/John_Ashcroft_0047.ppm,54.8,7.790e-7,0.0001
lfw,all,rgb,rgb/John_Ashcroft_0048.ppm,57.4,7.544e-7,0.0002
lfw,all,rgb,rgb/John_Ashcroft_0049.ppm,55.9,7.148e-7,0.0002
lfw,all,rgb,rgb/John_Ashcroft_0050.ppm,52.7,7.586e-7,0.0001
lfw,all,rgb,rgb/John_Ashcroft_0051.ppm,55.6,7.107e-7,0.0001
lfw,all,rgb,rgb/John_Ashcroft_0052.ppm,49.5,8.222e-7,0.0001
lfw,all,rgb,rgb/John_Ashcroft_0053.ppm,47.6,8.036e-7,0.0001
lfw,all,rgb,rgb/John_Baldacci_0001.ppm,47.5,8.087e-7,0.0001
lfw,all,rgb,rgb/John_Banko_0001.ppm,52.9,7.812e-7,0.0002
lfw,all,rgb,rgb/John_Banko_0002.ppm,50.6,7.569e-7,0.0001
lfw,all,rgb,rgb/John_Barnett_0001.ppm,58.5,6.607e-7,0.0001
lfw,all,rgb,rgb/John_Belushi_0001.ppm,58.5,7.225e-7,0.0002
lfw,all,rgb,rgb/John_Blaney_0001.ppm,56.1,7.765e-7,0.0001
lfw,all,rgb,rgb/John_Blaney_0002.ppm,56.2,8.559e-7,0.0002
lfw,all,rgb,rgb/John_Bolton_0001.ppm,64.5,7.356e-7,0.0002
lfw,all,rgb,rgb/John_Bolton_0002.ppm,64.2,6.755e-7,0.0001
lfw,all,rgb,rgb/John_Bolton_0003.ppm,58.6,6.379e-7,0.0001
lfw,all,rgb,rgb/John_Bolton_0004.ppm,61.0,6.398e-7,0.0001
lfw,all,rgb,rgb/John_Bolton_0005.ppm,65.2,6.705e-7,0.0002
lfw,all,rgb,rgb/John_Bolton_0006.ppm,56.2,7.984e-7,0.0001
lfw,all,rgb,rgb/John_Bolton_0007.ppm,61.5,7.287e-7,0.0001
lfw,all,rgb,rgb/John_Bolton_0008.ppm,55.0,7.192e-7,0.0001
lfw,all,rgb,rgb/John_Bolton_0009.ppm,66.6,7.001e-7,0.0002
lfw,all,rgb,rgb/John_Bolton_0010.ppm,57.7,7.105e-7,0.0001
lfw,all,rgb,rgb/John_Bolton_0011.ppm,61.8,7.734e-7,0.0002
lfw,all,rgb,rgb/John_Bolton_0012.ppm,52.5,7.463e-7,0.0001
lfw,all,rgb,rgb/John_Bolton_0013.ppm,65.1,7.097e-7,0.0002
lfw,all,rgb,rgb/John_Bolton_0014.ppm,62.9,6.586e-7,0.0001
lfw,all,rgb,rgb/John_Bolton_0015.ppm,58.0,6.814e-7,0.0001
lfw,all,rgb,rgb/John_Bolton_0016.ppm,85.6,6.627e-7,0.0002
lfw,all,rgb,rgb/John_Bolton_0017.ppm,61.4,7.162e-7,0.0001
lfw,all,rgb,rgb/John_Bond_0001.ppm,61.1,7.865e-7,0.0002
lfw,all,rgb,rgb/John_Brady_0001.ppm,50.7,7.359e-7,0.0001
lfw,all,rgb,rgb/John_Brady_0002.ppm,54.9,8.413e-7,0.0002
lfw,all,rgb,rgb/John_Burkett_0001.ppm,70.1,6.814e-7,0.0002
lfw,all,rgb,rgb/John_Burnett_0001.ppm,80.6,5.976e-7,0.0002
lfw,all,rgb,rgb/John_Connolly_0001.ppm,64.1,7.217e-7,0.0002
lfw,all,rgb,rgb/John_Coomber_0001.ppm,60.8,7.063e-7,0.0001
lfw,all,rgb,rgb/John_Cornyn_0001.ppm,58.2,7.989e-7,0.0002
lfw,all,rgb,rgb/John_Cruz_0001.ppm,54.3,7.606e-7,0.0001
lfw,all,rgb,rgb/John_Cusack_0001.ppm,51.5,7.999e-7,0.0001
lfw,all,rgb,rgb/John_Cusack_0002.ppm,52.7,8.189e-7,0.0002
lfw,all,rgb,rgb/John_Dallager_0001.ppm,52.4,7.409e-7,0.0001
lfw,all,rgb,rgb/John_Daly_Jr_0001.ppm,54.2,7.830e-7,0.0001
lfw,all,rgb,rgb/John_Danforth_0001.ppm,56.7,8.317e-7,0.0001
lfw,all,rgb,rgb/John_Darby_0001.ppm,64.4,7.285e-7,0.0002
lfw,all,rgb,rgb/John_Duprey_0001.ppm,55.4,8.058e-7,0.0001
lfw,all,rgb,rgb/John_Eastman_0001.ppm,56.6,7.153e-7,0.0001
lfw,all,rgb,rgb/John_Eder_0001.ppm,60.7,6.850e-7,0.0001
lfw,all,rgb,rgb/John_Edwards_0001.ppm,57.8,6.907e-7,0.0001
lfw,all,rgb,rgb/John_Edwards_0002.ppm,61.6,6.254e-7,0.0002
lfw,all,rgb,rgb/John_Edwards_0003.ppm,57.6,7.396e-7,0.0001
lfw,all,rgb,rgb/John_Edwards_0004.ppm,58.5,7.553e-7,0.0001
lfw,all,rgb,rgb/John_Edwards_0005.ppm,58.5,7.919e-7,0.0002
lfw,all,rgb,rgb/John_Edwards_0006.ppm,54.2,6.987e-7,0.0001
lfw,all,rgb,rgb/John_Edwards_0007.ppm,59.8,7.703e-7,0.0002
lfw,all,rgb,rgb/John_Edwards_0008.ppm,61.4,6.925e-7,0.0001
lfw,all,rgb,rgb/John_Elway_0001.ppm,52.9,6.911e-7,0.0001
lfw,all,rgb,rgb/John_Engler_0001.ppm,56.7,7.819e-7,0.0002
lfw,all,rgb,rgb/John_F_Kennedy_Jr_0001.ppm,56.2,7.505e-7,0.0001
lfw,all,rgb,rgb/John_F_Kennedy_Jr_0002.ppm,56.1,7.155e-7,0.0002
lfw,all,rgb,rgb/John_Fenn_0001.ppm,59.0,7.293e-7,0.0001
lfw,all,rgb,rgb/John_Ferguson_0001.ppm,63.0,6.768e-7,0.0001
lfw,all,rgb,rgb/John_Fox_0001.ppm,55.7,7.646e-7,0.0001
lfw,all,rgb,rgb/John_Franco_0001.ppm,59.8,6.807e-7,0.0002
lfw,all,rgb,rgb/John_Garamendi_0001.ppm,57.4,7.319e-7,0.0002
lfw,all,rgb,rgb/John_Garamendi_0002.ppm,46.7,8.316e-7,0.0002
lfw,all,rgb,rgb/John_Geoghan_0001.ppm,57.0,9.290e-7,0.0002
lfw,all,rgb,rgb/John_Goold_0001.ppm,55.0,8.356e-7,0.0002
lfw,all,rgb,rgb/John_Gordnick_0001.ppm,54.1,8.143e-7,0.0001
lfw,all,rgb,rgb/John_Gruden_0001.ppm,61.7,7.397e-7,0.0002
lfw,all,rgb,rgb/John_Hartson_0001.ppm,57.3,7.045e-7,0.0001
lfw,all,rgb,rgb/John_Henry_0001.ppm,47.9,9.236e-7,0.0001
lfw,all,rgb,rgb/John_Herrington_0001.ppm,58.1,7.676e-7,0.0002
lfw,all,rgb,rgb/John_Howard_0001.ppm,57.3,1.004e-6,0.0007
lfw,all,rgb,rgb/John_Howard_0002.ppm,59.8,7.344e-7,0.0002
lfw,all,rgb,rgb/John_Howard_0003.ppm,59.9,7.609e-7,0.0002
lfw,all,rgb,rgb/John_Howard_0004.ppm,60.1,8.229e-7,0.0002
lfw,all,rgb,rgb/John_Howard_0005.ppm,58.0,7.859e-7,0.0002
lfw,all,rgb,rgb/John_Howard_0006.ppm,59.7,8.178e-7,0.0002
lfw,all,rgb,rgb/John_Howard_0007.ppm,58.3,7.803e-7,0.0001
lfw,all,rgb,rgb/John_Howard_0008.ppm,57.1,8.449e-7,0.0002
lfw,all,rgb,rgb/John_Howard_0009.ppm,53.3,7.292e-7,0.0001
lfw,all,rgb,rgb/John_Howard_0010.ppm,59.7,7.338e-7,0.0002
lfw,all,rgb,rgb/John_Howard_0011.ppm,62.4,9.757e-7,0.0002
lfw,all,rgb,rgb/John_Howard_0012.ppm,50.4,8.236e-7,0.0001
lfw,all,rgb,rgb/John_Howard_0013.ppm,52.5,9.009e-7,0.0002
lfw,all,rgb,rgb/John_Howard_0014.ppm,54.3,7.966e-7,0.0001
lfw,all,rgb,rgb/John_Howard_0015.ppm,59.1,7.873e-7,0.0002
lfw,all,rgb,rgb/John_Howard_0016.ppm,60.9,7.893e-7,0.0001
lfw,all,rgb,rgb/John_Howard_0017.ppm,58.9,7.528e-7,0.0002
lfw,all,rgb,rgb/John_Howard_0018.ppm,53.7,7.723e-7,0.0002
lfw,all,rgb,rgb/John_Howard_0019.ppm,57.1,7.754e-7,0.0002
lfw,all,rgb,rgb/John_Jones_0001.ppm,60.4,7.988e-7,0.0002
lfw,all,rgb,rgb/John_Jumper_0001.ppm,48.7,7.960e-7,0.0001
lfw,all,rgb,rgb/John_Jumper_0002.ppm,58.6,6.513e-7,0.0001
lfw,all,rgb,rgb/John_Kerr_0001.ppm,56.9,7.292e-7,0.0001
lfw,all,rgb,rgb/John_Kerry_0001.ppm,54.5,7.561e-7,0.0001
lfw,all,rgb,rgb/John_Kerry_0002.ppm,57.2,7.056e-7,0.0001
lfw,all,rgb,rgb/John_Kerry_0003.ppm,58.9,7.359e-7,0.0002
lfw,all,rgb,rgb/John_Kerry_0004.ppm,54.1,7.524e-7,0.0001
lfw,all,rgb,rgb/John_Kerry_0005.ppm,51.5,7.448e-7,0.0001
lfw,all,rgb,rgb/John_Kerry_0006.ppm,56.6,6.972e-7,0.0001
lfw,all,rgb,rgb/John_Kerry_0007.ppm,58.3,8.371e-7,0.0002
lfw,all,rgb,rgb/John_Kerry_0008.ppm,57.1,6.830e-7,0.0001
lfw,all,rgb,rgb/John_Kerry_0009.ppm,55.8,6.793e-7,0.0001
lfw,all,rgb,rgb/John_Kerry_0010.ppm,56.9,7.142e-7,0.0001
lfw,all,rgb,rgb/John_Kerry_0011.ppm,46.6,8.999e-7,0.0001
lfw,all,rgb,rgb/John_Kerry_0012.ppm,59.5,8.797e-7,0.0002
lfw,all,rgb,rgb/John_Kerry_0013.ppm,55.8,7.735e-7,0.0002
lfw,all,rgb,rgb/John_Kerry_0014.ppm,56.1,7.276e-7,0.0002
lfw,all,rgb,rgb/John_Kerry_0015.ppm,55.8,7.674e-7,0.0001
lfw,all,rgb,rgb/John_Kerry_0016.ppm,57.5,7.624e-7,0.0002
lfw,all,rgb,rgb/John_Kerry_0017.ppm,55.1,6.940e-7,0.0001
lfw,all,rgb,rgb/John_Lawrence_0001.ppm,54.6,8.375e-7,0.0002
lfw,all,rgb,rgb/John_Leguizamo_0001.ppm,60.3,6.801e-7,0.0002
lfw,all,rgb,rgb/John_Lennon_0001.ppm,53.4,6.713e-7,0.0001
lfw,all,rgb,rgb/John_Lisowski_0001.ppm,58.9,6.751e-7,0.0002
lfw,all,rgb,rgb/John_Lithgow_0001.ppm,54.7,8.071e-7,0.0001
lfw,all,rgb,rgb/John_Lynch_0001.ppm,57.6,7.088e-7,0.0001
lfw,all,rgb,rgb/John_Mabry_0001.ppm,54.4,7.937e-7,0.0002
lfw,all,rgb,rgb/John_Madden_0001.ppm,64.7,7.468e-7,0.0002
lfw,all,rgb,rgb/John_Malkovich_0001.ppm,56.6,7.421e-7,0.0002
lfw,all,rgb,rgb/John_Malkovich_0002.ppm,56.7,7.528e-7,0.0002
lfw,all,rgb,rgb/John_Malkovich_0003.ppm,51.0,8.015e-7,0.0001
lfw,all,rgb,rgb/John_Manley_0001.ppm,58.2,6.527e-7,0.0001
lfw,all,rgb,rgb/John_Manley_0002.ppm,56.2,6.761e-7,0.0001
lfw,all,rgb,rgb/John_Manley_0003.ppm,64.8,7.705e-7,0.0002
lfw,all,rgb,rgb/John_Manley_0004.ppm,57.8,7.294e-7,0.0001
lfw,all,rgb,rgb/John_Manley_0005.ppm,60.0,6.818e-7,0.0001
lfw,all,rgb,rgb/John_Manley_0006.ppm,75.2,6.378e-7,0.0002
lfw,all,rgb,rgb/John_Manley_0007.ppm,55.0,7.195e-7,0.0001
lfw,all,rgb,rgb/John_Marburger_0001.ppm,63.4,6.769e-7,0.0002
lfw,all,rgb,rgb/John_Mayer_0001.ppm,59.6,7.103e-7,0.0001
lfw,all,rgb,rgb/John_Mayer_0002.ppm,59.7,6.577e-7,0.0002
lfw,all,rgb,rgb/John_Mayer_0003.ppm,60.0,6.124e-7,0.0001
lfw,all,rgb,rgb/John_McCain_0001.ppm,58.7,7.525e-7,0.0002
lfw,all,rgb,rgb/John_McCain_0002.ppm,58.0,7.418e-7,0.0002
lfw,all,rgb,rgb/John_McCain_0003.ppm,54.9,8.670e-7,0.0002
lfw,all,rgb,rgb/John_McCain_0004.ppm,57.9,6.978e-7,0.0001
lfw,all,rgb,rgb/John_McCain_0005.ppm,57.3,7.584e-7,0.0001
lfw,all,rgb,rgb/John_McCain_0006.ppm,63.4,7.449e-7,0.0002
lfw,all,rgb,rgb/John_McCain_0007.ppm,57.1,7.389e-7,0.0001
lfw,all,rgb,rgb/John_McCallum_0001.ppm,54.3,7.399e-7,0.0002
lfw,all,rgb,rgb/John_McCallum_0002.ppm,65.7,7.282e-7,0.0002
lfw,all,rgb,rgb/John_McCormack_0001.ppm,61.6,7.384e-7,0.0002
lfw,all,rgb,rgb/John_McCormack_0002.ppm,59.4,7.172e-7,0.0002
lfw,all,rgb,rgb/John_McEnroe_0001.ppm,69.1,6.853e-7,0.0002
lfw,all,rgb,rgb/John_McEnroe_0002.ppm,51.1,8.839e-7,0.0002
lfw,all,rgb,rgb/John_McKay_0001.ppm,61.4,6.870e-7,0.0002
lfw,all,rgb,rgb/John_Moe_0001.ppm,54.2,7.005e-7,0.0002
lfw,all,rgb,rgb/John_Moxley_0001.ppm,68.5,7.206e-7,0.0002
lfw,all,rgb,rgb/John_Nash_0001.ppm,53.7,7.747e-7,0.0001
lfw,all,rgb,rgb/John_Negroponte_0001.ppm,55.5,8.324e-7,0.0002
lfw,all,rgb,rgb/John_Negroponte_0002.ppm,58.7,7.733e-7,0.0002
lfw,all,rgb,rgb/John_Negroponte_0003.ppm,63.1,7.064e-7,0.0001
lfw,all,rgb,rgb/John_Negroponte_0004.ppm,41.1,7.610e-7,0.0001
lfw,all,rgb,rgb/John_Negroponte_0005.ppm,56.9,7.403e-7,0.0002
lfw,all,rgb,rgb/John_Negroponte_0006.ppm,58.3,8.629e-7,0.0002
lfw,all,rgb,rgb/John_Negroponte_0007.ppm,54.7,7.364e-7,0.0001
lfw,all,rgb,rgb/John_Negroponte_0008.ppm,61.5,7.053e-7,0.0002
lfw,all,rgb,rgb/John_Negroponte_0009.ppm,61.1,7.884e-7,0.0001
lfw,all,rgb,rgb/John_Negroponte_0010.ppm,57.3,7.882e-7,0.0002
lfw,all,rgb,rgb/John_Negroponte_0011.ppm,55.9,8.025e-7,0.0001
lfw,all,rgb,rgb/John_Negroponte_0012.ppm,54.0,9.498e-7,0.0002
lfw,all,rgb,rgb/John_Negroponte_0013.ppm,57.8,7.996e-7,0.0002
lfw,all,rgb,rgb/John_Negroponte_0014.ppm,55.4,8.520e-7,0.0002
lfw,all,rgb,rgb/John_Negroponte_0015.ppm,58.6,7.353e-7,0.0002
lfw,all,rgb,rgb/John_Negroponte_0016.ppm,55.5,8.140e-7,0.0002
lfw,all,rgb,rgb/John_Negroponte_0017.ppm,59.4,7.877e-7,0.0001
lfw,all,rgb,rgb/John_Negroponte_0018.ppm,56.8,7.637e-7,0.0001
lfw,all,rgb,rgb/John_Negroponte_0019.ppm,58.5,7.991e-7,0.0002
lfw,all,rgb,rgb/John_Negroponte_0020.ppm,61.2,8.017e-7,0.0001
lfw,all,rgb,rgb/John_Negroponte_0021.ppm,47.6,7.559e-7,0.0001
lfw,all,rgb,rgb/John_Negroponte_0022.ppm,56.6,7.868e-7,0.0002
lfw,all,rgb,rgb/John_Negroponte_0023.ppm,71.4,6.921e-7,0.0002
lfw,all,rgb,rgb/John_Negroponte_0024.ppm,57.0,7.992e-7,0.0001
lfw,all,rgb,rgb/John_Negroponte_0025.ppm,61.5,8.528e-7,0.0002
lfw,all,rgb,rgb/John_Negroponte_0026.ppm,52.4,8.505e-7,0.0002
lfw,all,rgb,rgb/John_Negroponte_0027.ppm,57.1,7.643e-7,0.0001
lfw,all,rgb,rgb/John_Negroponte_0028.ppm,52.1,9.199e-7,0.0002
lfw,all,rgb,rgb/John_Negroponte_0029.ppm,59.0,7.529e-7,0.0001
lfw,all,rgb,rgb/John_Negroponte_0030.ppm,55.7,7.826e-7,0.0002
lfw,all,rgb,rgb/John_Negroponte_0031.ppm,56.3,8.128e-7,0.0001
lfw,all,rgb,rgb/John_Nimmo_0001.ppm,54.9,8.525e-7,0.0002
lfw,all,rgb,rgb/John_Norquist_0001.ppm,57.3,6.655e-7,0.0001
lfw,all,rgb,rgb/John_Paul_DeJoria_0001.ppm,58.9,7.839e-7,0.0001
lfw,all,rgb,rgb/John_Paul_II_0001.ppm,74.0,7.346e-7,0.0002
lfw,all,rgb,rgb/John_Paul_II_0002.ppm,59.5,6.216e-7,0.0001
lfw,all,rgb,rgb/John_Paul_II_0003.ppm,81.5,6.840e-7,0.0002
lfw,all,rgb,rgb/John_Paul_II_0004.ppm,90.1,6.586e-7,0.0002
lfw,all,rgb,rgb/John_Paul_II_0005.ppm,71.9,7.529e-7,0.0002
lfw,all,rgb,rgb/John_Paul_II_0006.ppm,60.6,6.313e-7,0.0001
lfw,all,rgb,rgb/John_Paul_II_0007.ppm,60.7,7.184e-7,0.0002
lfw,all,rgb,rgb/John_Paul_II_0008.ppm,58.1,7.420e-7,0.0002
lfw,all,rgb,rgb/John_Paul_II_0009.ppm,61.9,7.613e-7,0.0002
lfw,all,rgb,rgb/John_Paul_II_0010.ppm,64.0,7.182e-7,0.0001
lfw,all,rgb,rgb/John_Paul_II_0011.ppm,58.7,7.226e-7,0.0002
lfw,all,rgb,rgb/John_Perrota_0001.ppm,54.5,7.249e-7,0.0001
lfw,all,rgb,rgb/John_Petty_0001.ppm,57.6,7.054e-7,0.0001
lfw,all,rgb,rgb/John_Philip_Elkann_0001.ppm,59.3,7.658e-7,0.0002
lfw,all,rgb,rgb/John_Prescott_0001.ppm,56.4,7.558e-7,0.0001
lfw,all,rgb,rgb/John_Reid_0001.ppm,56.1,7.470e-7,0.0001
lfw,all,rgb,rgb/John_Reid_0002.ppm,58.4,6.646e-7,0.0001
lfw,all,rgb,rgb/John_Reid_0003.ppm,59.7,7.418e-7,0.0002
lfw,all,rgb,rgb/John_Reilly_0001.ppm,59.9,8.220e-7,0.0002
lfw,all,rgb,rgb/John_Reilly_0002.ppm,57.2,7.819e-7,0.0002
lfw,all,rgb,rgb/John_Richardson_0001.ppm,65.9,7.222e-7,0.0001
lfw,all,rgb,rgb/John_Rigas_0001.ppm,64.1,6.718e-7,0.0002
lfw,all,rgb,rgb/John_Rigas_0002.ppm,59.9,7.033e-7,0.0001
lfw,all,rgb,rgb/John_Robbins_0001.ppm,57.5,7.962e-7,0.0002
lfw,all,rgb,rgb/John_Rosa_0001.ppm,56.2,7.790e-7,0.0001
lfw,all,rgb,rgb/John_Rosa_0002.ppm,61.1,6.680e-7,0.0002
lfw,all,rgb,rgb/John_Rosa_0003.ppm,59.3,6.593e-7,0.0002
lfw,all,rgb,rgb/John_Rowe_0001.ppm,45.4,7.505e-7,0.0001
lfw,all,rgb,rgb/John_Rowland_0001.ppm,61.0,7.266e-7,0.0002
lfw,all,rgb,rgb/John_Rowland_0002.ppm,56.4,7.598e-7,0.0002
lfw,all,rgb,rgb/John_Ruiz_0001.ppm,64.6,6.777e-7,0.0002
lfw,all,rgb,rgb/John_Ruiz_0002.ppm,56.3,6.987e-7,0.0001
lfw,all,rgb,rgb/John_Rusnak_0001.ppm,60.2,7.226e-7,0.0002
lfw,all,rgb,rgb/John_Salazar_0001.ppm,46.7,9.232e-7,0.0002
lfw,all,rgb,rgb/John_Scarlett_0001.ppm,53.7,7.644e-7,0.0001
lfw,all,rgb,rgb/John_Sidgmore_0001.ppm,60.4,6.721e-7,0.0002
lfw,all,rgb,rgb/John_Snow_0001.ppm,61.6,7.555e-7,0.0001
lfw,all,rgb,rgb/John_Snow_0002.ppm,57.4,7.511e-7,0.0001
lfw,all,rgb,rgb/John_Snow_0003.ppm,59.0,7.761e-7,0.0001
lfw,all,rgb,rgb/John_Snow_0004.ppm,58.3,7.298e-7,0.0001
lfw,all,rgb,rgb/John_Snow_0005.ppm,57.4,7.619e-7,0.0001
lfw,all,rgb,rgb/John_Snow_0006.ppm,58.6,7.347e-7,0.0001
lfw,all,rgb,rgb/John_Snow_0007.ppm,60.7,7.535e-7,0.0002
lfw,all,rgb,rgb/John_Snow_0008.ppm,56.3,7.350e-7,0.0001
lfw,all,rgb,rgb/John_Snow_0009.ppm,54.7,8.598e-7,0.0002
lfw,all,rgb,rgb/John_Snow_0010.ppm,62.7,7.818e-7,0.0002
lfw,all,rgb,rgb/John_Snow_0011.ppm,59.9,7.428e-7,0.0001
lfw,all,rgb,rgb/John_Snow_0012.ppm,53.2,7.715e-7,0.0001
lfw,all,rgb,rgb/John_Snow_0013.ppm,58.5,7.292e-7,0.0002
lfw,all,rgb,rgb/John_Snow_0014.ppm,59.7,6.927e-7,0.0001
lfw,all,rgb,rgb/John_Snow_0015.ppm,59.4,7.565e-7,0.0001
lfw,all,rgb,rgb/John_Snow_0016.ppm,57.7,7.185e-7,0.0001
lfw,all,rgb,rgb/John_Snow_0017.ppm,57.2,7.819e-7,0.0002
lfw,all,rgb,rgb/John_Spencer_0001.ppm,70.8,6.638e-7,0.0002
lfw,all,rgb,rgb/John_Spencer_0002.ppm,69.7,6.862e-7,0.0002
lfw,all,rgb,rgb/John_Stallworth_0001.ppm,68.4,7.185e-7,0.0002
lfw,all,rgb,rgb/John_Stallworth_0002.ppm,69.0,8.015e-7,0.0002
lfw,all,rgb,rgb/John_Starks_0001.ppm,51.8,7.424e-7,0.0001
lfw,all,rgb,rgb/John_Stockton_0001.ppm,49.6,8.384e-7,0.0001
lfw,all,rgb,rgb/John_Stockton_0002.ppm,58.8,6.591e-7,0.0001
lfw,all,rgb,rgb/John_Stockton_0003.ppm,51.7,7.880e-7,0.0001
lfw,all,rgb,rgb/John_Stockton_0004.ppm,57.1,7.021e-7,0.0001
lfw,all,rgb,rgb/John_Stockton_0005.ppm,62.3,8.120e-7,0.0002
lfw,all,rgb,rgb/John_Sununu_0001.ppm,40.4,7.779e-7,0.0001
lfw,all,rgb,rgb/John_Sweeney_0001.ppm,55.2,8.299e-7,0.0002
lfw,all,rgb,rgb/John_Swofford_0001.ppm,57.8,6.279e-7,0.0001
lfw,all,rgb,rgb/John_Swofford_0002.ppm,59.5,6.928e-7,0.0001
lfw,all,rgb,rgb/John_Swofford_0003.ppm,57.2,6.657e-7,0.0001
lfw,all,rgb,rgb/John_Taylor_0001.ppm,60.8,7.695e-7,0.0002
lfw,all,rgb,rgb/John_Taylor_0002.ppm,58.5,7.376e-7,0.0002
lfw,all,rgb,rgb/John_Thune_0001.ppm,74.5,6.075e-7,0.0001
lfw,all,rgb,rgb/John_Timoney_0001.ppm,55.7,7.761e-7,0.0002
lfw,all,rgb,rgb/John_Timoney_0002.ppm,61.2,6.865e-7,0.0001
lfw,all,rgb,rgb/John_Travolta_0001.ppm,58.2,7.547e-7,0.0002
lfw,all,rgb,rgb/John_Travolta_0002.ppm,59.7,7.473e-7,0.0002
lfw,all,rgb,rgb/John_Travolta_0003.ppm,54.3,6.838e-7,0.0001
lfw,all,rgb,rgb/John_Travolta_0004.ppm,51.6,8.407e-7,0.0001
lfw,all,rgb,rgb/John_Travolta_0005.ppm,60.9,7.004e-7,0.0001
lfw,all,rgb,rgb/John_Travolta_0006.ppm,58.2,7.312e-7,0.0001
lfw,all,rgb,rgb/John_Travolta_0007.ppm,58.7,6.614e-7,0.0001
lfw,all,rgb,rgb/John_Tyson_0001.ppm,51.9,7.651e-7,0.0002
lfw,all,rgb,rgb/John_Velazquez_0001.ppm,60.3,7.023e-7,0.0002
lfw,all,rgb,rgb/John_Walsh_0001.ppm,60.5,7.756e-7,0.0002
lfw,all,rgb,rgb/John_Walsh_0002.ppm,52.0,7.686e-7,0.0002
lfw,all,rgb,rgb/John_Warner_0001.ppm,56.7,7.575e-7,0.0002
lfw,all,rgb,rgb/John_Warner_0002.ppm,57.6,6.674e-7,0.0001
lfw,all,rgb,rgb/John_Warner_0003.ppm,52.8,7.533e-7,0.0001
lfw,all,rgb,rgb/John_Warner_0004.ppm,55.1,7.707e-7,0.0001
lfw,all,rgb,rgb/John_Wayne_0001.ppm,57.9,7.329e-7,0.0001
lfw,all,rgb,rgb/John_White_0001.ppm,58.6,7.487e-7,0.0002
lfw,all,rgb,rgb/John_Williams_0001.ppm,53.1,8.865e-7,0.0002
lfw,all,rgb,rgb/John_Wolf_0001.ppm,54.5,7.211e-7,0.0001
lfw,all,rgb,rgb/John_Wolf_0002.ppm,52.8,7.965e-7,0.0002
lfw,all,rgb,rgb/John_Wright_0001.ppm,68.8,6.538e-7,0.0002
lfw,all,rgb,rgb/Johnnie_Lynn_0001.ppm,51.9,8.094e-7,0.0001
lfw,all,rgb,rgb/Johnny_Benson_0001.ppm,61.6,6.400e-7,0.0002
lfw,all,rgb,rgb/Johnny_Carson_0001.ppm,52.5,7.917e-7,0.0001
lfw,all,rgb,rgb/Johnny_Carson_0002.ppm,46.3,9.202e-7,0.0002
lfw,all,rgb,rgb/Johnny_Depp_0001.ppm,60.0,6.146e-7,0.0001
lfw,all,rgb,rgb/Johnny_Depp_0002.ppm,58.8,6.868e-7,0.0002
lfw,all,rgb,rgb/Johnny_Hallyday_0001.ppm,59.6,7.530e-7,0.0001
lfw,all,rgb,rgb/Johnny_Htu_0001.ppm,58.5,6.970e-7,0.0001
lfw,all,rgb,rgb/Johnny_Tapia_0001.ppm,58.5,7.154e-7,0.0002
lfw,all,rgb,rgb/Johnny_Tapia_0002.ppm,60.6,7.062e-7,0.0002
lfw,all,rgb,rgb/Johnny_Tapia_0003.ppm,53.2,9.597e-7,0.0002
lfw,all,rgb,rgb/Johnny_Unitas_0001.ppm,59.1,6.866e-7,0.0001
lfw,all,rgb,rgb/Johnny_Unitas_0002.ppm,61.2,6.566e-7,0.0001
lfw,all,rgb,rgb/Johnson_Panjaitan_0001.ppm,57.5,7.516e-7,0.0001
lfw,all,rgb,rgb/Johnson_Panjaitan_0002.ppm,59.6,7.294e-7,0.0001
lfw,all,rgb,rgb/Jolanta_Kwasniewski_0001.ppm,63.0,6.414e-7,0.0002
lfw,all,rgb,rgb/Jolanta_Kwasniewski_0002.ppm,56.8,6.692e-7,0.0001
lfw,all,rgb,rgb/Jon_Constance_0001.ppm,61.9,7.793e-7,0.0001
lfw,all,rgb,rgb/Jon_Corzine_0001.ppm,66.7,7.582e-7,0.0002
lfw,all,rgb,rgb/Jon_Corzine_0002.ppm,59.5,7.704e-7,0.0002
lfw,all,rgb,rgb/Jon_Corzine_0003.ppm,64.8,6.812e-7,0.0002
lfw,all,rgb,rgb/Jon_Gruden_0001.ppm,62.5,7.226e-7,0.0002
lfw,all,rgb,rgb/Jon_Gruden_0002.ppm,64.5,6.459e-7,0.0002
lfw,all,rgb,rgb/Jon_Gruden_0003.ppm,59.1,7.818e-7,0.0002
lfw,all,rgb,rgb/Jon_Gruden_0004.ppm,59.6,6.949e-7,0.0001
lfw,all,rgb,rgb/Jon_Gruden_0005.ppm,64.2,7.035e-7,0.0001
lfw,all,rgb,rgb/Jon_Gruden_0006.ppm,58.8,7.068e-7,0.0001
lfw,all,rgb,rgb/Jon_Gruden_0007.ppm,62.9,6.349e-7,0.0001
lfw,all,rgb,rgb/Jon_Kitna_0001.ppm,60.6,7.159e-7,0.0002
lfw,all,rgb,rgb/Jon_Stewart_0001.ppm,53.6,6.868e-7,0.0001
lfw,all,rgb,rgb/Jon_Voight_0001.ppm,65.0,7.131e-7,0.0002
lfw,all,rgb,rgb/Jon_Voight_0002.ppm,64.0,7.304e-7,0.0002
lfw,all,rgb,rgb/Jon_Voight_0003.ppm,61.4,7.441e-7,0.0002
lfw,all,rgb,rgb/Jonathan_Arden_0001.ppm,50.1,8.476e-7,0.0001
lfw,all,rgb,rgb/Jonathan_Byrd_0001.ppm,58.8,6.901e-7,0.0001
lfw,all,rgb,rgb/Jonathan_Edwards_0001.ppm,61.5,6.914e-7,0.0001
lfw,all,rgb,rgb/Jonathan_Edwards_0002.ppm,64.0,6.351e-7,0.0001
lfw,all,rgb,rgb/Jonathan_Edwards_0003.ppm,62.0,7.664e-7,0.0002
lfw,all,rgb,rgb/Jonathan_Edwards_0004.ppm,58.7,7.595e-7,0.0001
lfw,all,rgb,rgb/Jonathan_Edwards_0005.ppm,60.6,7.075e-7,0.0002
lfw,all,rgb,rgb/Jonathan_Edwards_0006.ppm,58.2,7.441e-7,0.0002
lfw,all,rgb,rgb/Jonathan_Edwards_0007.ppm,63.9,6.432e-7,0.0001
lfw,all,rgb,rgb/Jonathan_Edwards_0008.ppm,60.2,6.337e-7,0.0001
lfw,all,rgb,rgb/Jonathan_Fine_0001.ppm,61.5,6.151e-7,0.0002
lfw,all,rgb,rgb/Jonathan_Horton_0001.ppm,62.0,6.788e-7,0.0002
lfw,all,rgb,rgb/Jonathan_Karsh_0001.ppm,57.0,7.953e-7,0.0002
lfw,all,rgb,rgb/Jonathan_Mostow_0001.ppm,58.1,8.169e-7,0.0002
lfw,all,rgb,rgb/Jonathan_Mostow_0002.ppm,63.4,6.865e-7,0.0001
lfw,all,rgb,rgb/Jonathan_Schroeder_0001.ppm,53.8,8.067e-7,0.0001
lfw,all,rgb,rgb/Jonathan_Tiomkin_0001.ppm,52.2,7.885e-7,0.0002
lfw,all,rgb,rgb/Jonathan_Woodgate_0001.ppm,60.3,6.670e-7,0.0001
lfw,all,rgb,rgb/Jong_Thae_Hwa_0001.ppm,56.2,6.594e-7,0.0001
lfw,all,rgb,rgb/Jong_Thae_Hwa_0002.ppm,59.4,8.040e-7,0.0002
lfw,all,rgb,rgb/Jong_Wook_Lee_0001.ppm,81.0,6.984e-7,0.0002
lfw,all,rgb,rgb/Jong_Wook_Lee_0002.ppm,57.2,7.150e-7,0.0001
lfw,all,rgb,rgb/Jong_Wook_Lee_0003.ppm,58.7,6.554e-7,0.0002
lfw,all,rgb,rgb/Jong_Wook_Lee_0004.ppm,57.9,7.140e-7,0.0002
lfw,all,rgb,rgb/Jorge_Alberto_Galindo_0001.ppm,63.5,6.720e-7,0.0002
lfw,all,rgb,rgb/Jorge_Arce_0001.ppm,59.8,5.981e-7,0.0002
lfw,all,rgb,rgb/Jorge_Arce_0002.ppm,61.7,6.162e-7,0.0001
lfw,all,rgb,rgb/Jorge_Batlle_0001.ppm,55.8,8.485e-7,0.0002
lfw,all,rgb,rgb/Jorge_Batlle_0002.ppm,58.2,7.215e-7,0.0001
lfw,all,rgb,rgb/Jorge_Batlle_0003.ppm,62.2,6.260e-7,0.0001
lfw,all,rgb,rgb/Jorge_Castaneda_0001.ppm,61.3,7.073e-7,0.0002
lfw,all,rgb,rgb/Jorge_Castaneda_0002.ppm,59.2,6.914e-7,0.0001
lfw,all,rgb,rgb/Jorge_Enrique_Jimenez_0001.ppm,60.7,7.040e-7,0.0001
lfw,all,rgb,rgb/Jorge_Marquez-Ruarte_0001.ppm,50.9,7.344e-7,0.0002
lfw,all,rgb,rgb/Jorge_Moreno_0001.ppm,74.9,6.171e-7,0.0002
lfw,all,rgb,rgb/Jorge_Quiroga_0001.ppm,58.7,6.847e-7,0.0002
lfw,all,rgb,rgb/Jorge_Rodolfo_Canicoba_Corral_0001.ppm,61.2,7.331e-7,0.0001
lfw,all,rgb,rgb/Jorge_Rodolfo_Canicoba_Corral_0002.ppm,55.0,7.420e-7,0.0002
lfw,all,rgb,rgb/Jorge_Valdano_0001.ppm,53.9,7.011e-7,0.0001
lfw,all,rgb,rgb/Jorge_Valdano_0002.ppm,53.2,8.020e-7,0.0001
lfw,all,rgb,rgb/Jorma_Huhtala_0001.ppm,60.7,7.475e-7,0.0002
lfw,all,rgb,rgb/Joschka_Fischer_0001.ppm,65.8,7.432e-7,0.0002
lfw,all,rgb,rgb/Joschka_Fischer_0002.ppm,64.0,7.057e-7,0.0002
lfw,all,rgb,rgb/Joschka_Fischer_0003.ppm,64.8,5.731e-7,0.0001
lfw,all,rgb,rgb/Joschka_Fischer_0004.ppm,58.6,6.966e-7,0.0002
lfw,all,rgb,rgb/Joschka_Fischer_0005.ppm,63.4,6.439e-7,0.0001
lfw,all,rgb,rgb/Joschka_Fischer_0006.ppm,63.2,7.065e-7,0.0002
lfw,all,rgb,rgb/Joschka_Fischer_0007.ppm,64.0,6.604e-7,0.0002
lfw,all,rgb,rgb/Joschka_Fischer_0008.ppm,64.6,6.565e-7,0.0001
lfw,all,rgb,rgb/Joschka_Fischer_0009.ppm,62.7,7.429e-7,0.0002
lfw,all,rgb,rgb/Joschka_Fischer_0010.ppm,58.8,7.948e-7,0.0002
lfw,all,rgb,rgb/Joschka_Fischer_0011.ppm,53.4,6.349e-7,0.0002
lfw,all,rgb,rgb/Joschka_Fischer_0012.ppm,62.9,7.102e-7,0.0002
lfw,all,rgb,rgb/Joschka_Fischer_0013.ppm,65.5,5.765e-7,0.0002
lfw,all,rgb,rgb/Joschka_Fischer_0014.ppm,62.7,7.152e-7,0.0001
lfw,all,rgb,rgb/Joschka_Fischer_0015.ppm,59.7,6.529e-7,0.0001
lfw,all,rgb,rgb/Joschka_Fischer_0016.ppm,61.3,6.362e-7,0.0002
lfw,all,rgb,rgb/Joschka_Fischer_0017.ppm,66.2,6.594e-7,0.0002
lfw,all,rgb,rgb/Joschka_Fischer_0018.ppm,61.4,7.194e-7,0.0002
lfw,all,rgb,rgb/Joschka_Fischer_0019.ppm,68.1,6.653e-7,0.0002
lfw,all,rgb,rgb/Jose_Acasuso_0001.ppm,54.2,7.449e-7,0.0001
lfw,all,rgb,rgb/Jose_Alencar_0001.ppm,58.9,7.503e-7,0.0002
lfw,all,rgb,rgb/Jose_Bove_0001.ppm,60.2,7.433e-7,0.0001
lfw,all,rgb,rgb/Jose_Canseco_0001.ppm,54.3,7.744e-7,0.0001
lfw,all,rgb,rgb/Jose_Canseco_0002.ppm,62.6,6.388e-7,0.0001
lfw,all,rgb,rgb/Jose_Canseco_0003.ppm,49.4,6.804e-7,0.0001
lfw,all,rgb,rgb/Jose_Canseco_Sr_0001.ppm,58.8,6.614e-7,0.0002
lfw,all,rgb,rgb/Jose_Carlo_Fernandez_0001.ppm,59.1,6.672e-7,0.0001
lfw,all,rgb,rgb/Jose_Carreras_0001.ppm,53.2,8.449e-7,0.0002
lfw,all,rgb,rgb/Jose_Cevallos_0001.ppm,59.8,6.606e-7,0.0002
lfw,all,rgb,rgb/Jose_Dirceu_0001.ppm,61.7,6.945e-7,0.0001
lfw,all,rgb,rgb/Jose_Dirceu_0002.ppm,40.4,1.168e-6,0.0002
lfw,all,rgb,rgb/Jose_Genoino_0001.ppm,62.5,6.956e-7,0.0002
lfw,all,rgb,rgb/Jose_Jose_0001.ppm,58.8,6.921e-7,0.0001
lfw,all,rgb,rgb/Jose_Lina_0001.ppm,59.1,6.343e-7,0.0001
lfw,all,rgb,rgb/Jose_Lopez_Beltran_0001.ppm,57.5,7.347e-7,0.0001
lfw,all,rgb,rgb/Jose_Luis_Chilavert_0001.ppm,57.8,8.610e-7,0.0002
lfw,all,rgb,rgb/Jose_Luis_Rodriguez_Zapatero_0001.ppm,61.0,7.186e-7,0.0001
lfw,all,rgb,rgb/Jose_Luis_Santiago_Vasconcelos_0001.ppm,52.7,8.427e-7,0.0002
lfw,all,rgb,rgb/Jose_Manuel_Durao_Barroso_0001.ppm,64.8,6.136e-7,0.0001
lfw,all,rgb,rgb/Jose_Manuel_Durao_Barroso_0002.ppm,69.4,7.100e-7,0.0002
lfw,all,rgb,rgb/Jose_Manuel_Durao_Barroso_0003.ppm,64.4,8.387e-7,0.0002
lfw,all,rgb,rgb/Jose_Manuel_Durao_Barroso_0004.ppm,63.9,5.929e-7,0.0001
lfw,all,rgb,rgb/Jose_Manuel_Durao_Barroso_0005.ppm,61.0,6.895e-7,0.0002
lfw,all,rgb,rgb/Jose_Manuel_Durao_Barroso_0006.ppm,57.9,6.714e-7,0.0001
lfw,all,rgb,rgb/Jose_Maria_Aznar_0001.ppm,61.0,6.990e-7,0.0002
lfw,all,rgb,rgb/Jose_Maria_Aznar_0002.ppm,64.4,6.667e-7,0.0001
lfw,all,rgb,rgb/Jose_Maria_Aznar_0003.ppm,62.7,6.820e-7,0.0001
lfw,all,rgb,rgb/Jose_Maria_Aznar_0004.ppm,48.2,9.443e-7,0.0001
lfw,all,rgb,rgb/Jose_Maria_Aznar_0005.ppm,63.4,7.973e-7,0.0002
lfw,all,rgb,rgb/Jose_Maria_Aznar_0006.ppm,60.7,6.739e-7,0.0001
lfw,all,rgb,rgb/Jose_Maria_Aznar_0007.ppm,63.8,7.488e-7,0.0002
lfw,all,rgb,rgb/Jose_Maria_Aznar_0008.ppm,63.0,7.084e-7,0.0002
lfw,all,rgb,rgb/Jose_Maria_Aznar_0009.ppm,62.4,7.039e-7,0.0002
lfw,all,rgb,rgb/Jose_Maria_Aznar_0010.ppm,59.4,7.757e-7,0.0001
lfw,all,rgb,rgb/Jose_Maria_Aznar_0011.ppm,63.7,6.959e-7,0.0002
lfw,all,rgb,rgb/Jose_Maria_Aznar_0012.ppm,58.6,7.028e-7,0.0001
lfw,all,rgb,rgb/Jose_Maria_Aznar_0013.ppm,45.6,8.173e-7,0.0001
lfw,all,rgb,rgb/Jose_Maria_Aznar_0014.ppm,55.3,7.201e-7,0.0001
lfw,all,rgb,rgb/Jose_Maria_Aznar_0015.ppm,50.1,9.611e-7,0.0002
lfw,all,rgb,rgb/Jose_Maria_Aznar_0016.ppm,62.7,6.908e-7,0.0001
lfw,all,rgb,rgb/Jose_Maria_Aznar_0017.ppm,58.8,7.398e-7,0.0001
lfw,all,rgb,rgb/Jose_Maria_Aznar_0018.ppm,62.1,7.961e-7,0.0002
lfw,all,rgb,rgb/Jose_Maria_Aznar_0019.ppm,51.8,9.701e-7,0.0001
lfw,all,rgb,rgb/Jose_Maria_Aznar_0020.ppm,56.4,6.978e-7,0.0001
lfw,all,rgb,rgb/Jose_Maria_Aznar_0021.ppm,59.7,7.807e-7,0.0002
lfw,all,rgb,rgb/Jose_Maria_Aznar_0022.ppm,60.5,7.521e-7,0.0001
lfw,all,rgb,rgb/Jose_Maria_Aznar_0023.ppm,54.4,7.478e-7,0.0001
lfw,all,rgb,rgb/Jose_Miguel_Aleman_0001.ppm,64.1,7.760e-7,0.0002
lfw,all,rgb,rgb/Jose_Mourinho_0001.ppm,54.2,6.828e-7,0.0001
lfw,all,rgb,rgb/Jose_Mourinho_0002.ppm,53.6,8.104e-7,0.0002
lfw,all,rgb,rgb/Jose_Rosado_0001.ppm,54.7,7.188e-7,0.0001
lfw,all,rgb,rgb/Jose_Santos_0001.ppm,62.4,6.275e-7,0.0001
lfw,all,rgb,rgb/Jose_Sarney_0001.ppm,61.2,7.969e-7,0.0002
lfw,all,rgb,rgb/Jose_Sarney_0002.ppm,62.8,7.270e-7,0.0002
lfw,all,rgb,rgb/Jose_Sarney_0003.ppm,60.9,6.970e-7,0.0001
lfw,all,rgb,rgb/Jose_Serra_0001.ppm,60.7,7.122e-7,0.0001
lfw,all,rgb,rgb/Jose_Serra_0002.ppm,61.4,7.298e-7,0.0002
lfw,all,rgb,rgb/Jose_Serra_0003.ppm,61.4,7.317e-7,0.0001
lfw,all,rgb,rgb/Jose_Serra_0004.ppm,58.2,7.191e-7,0.0002
lfw,all,rgb,rgb/Jose_Serra_0005.ppm,65.4,6.945e-7,0.0002
lfw,all,rgb,rgb/Jose_Serra_0006.ppm,60.4,7.417e-7,0.0002
lfw,all,rgb,rgb/Jose_Serra_0007.ppm,59.6,6.914e-7,0.0001
lfw,all,rgb,rgb/Jose_Serra_0008.ppm,58.4,7.966e-7,0.0002
lfw,all,rgb,rgb/Jose_Serra_0009.ppm,62.7,7.529e-7,0.0002
lfw,all,rgb,rgb/Jose_Theodore_0001.ppm,60.7,7.802e-7,0.0002
lfw,all,rgb,rgb/Jose_Theodore_0002.ppm,57.5,7.309e-7,0.0002
lfw,all,rgb,rgb/Jose_Vicente_Rangel_0001.ppm,56.0,7.586e-7,0.0001
lfw,all,rgb,rgb/Jose_Viegas_Filho_0001.ppm,56.4,7.686e-7,0.0002
lfw,all,rgb,rgb/Jose_Viegas_Filho_0002.ppm,70.8,7.164e-7,0.0002
lfw,all,rgb,rgb/Jose_Woldenberg_0001.ppm,60.2,6.823e-7,0.0001
lfw,all,rgb,rgb/Joseph_Biden_0001.ppm,66.4,7.200e-7,0.0002
lfw,all,rgb,rgb/Joseph_Biden_0002.ppm,54.1,8.196e-7,0.0002
lfw,all,rgb,rgb/Joseph_Biden_0003.ppm,56.1,8.197e-7,0.0001
lfw,all,rgb,rgb/Joseph_Biden_0004.ppm,57.5,8.303e-7,0.0001
lfw,all,rgb,rgb/Joseph_Biden_0005.ppm,53.9,7.444e-7,0.0002
lfw,all,rgb,rgb/Joseph_Blatter_0001.ppm,49.4,1.095e-6,0.0002
lfw,all,rgb,rgb/Joseph_Blatter_0002.ppm,65.8,7.110e-7,0.0002
lfw,all,rgb,rgb/Joseph_Deiss_0001.ppm,58.5,7.948e-7,0.0001
lfw,all,rgb,rgb/Joseph_Deiss_0002.ppm,52.2,8.028e-7,0.0002
lfw,all,rgb,rgb/Joseph_Deiss_0003.ppm,64.7,7.469e-7,0.0002
lfw,all,rgb,rgb/Joseph_Estrada_0001.ppm,48.8,7.907e-7,0.0001
lfw,all,rgb,rgb/Joseph_Estrada_0002.ppm,57.5,7.291e-7,0.0001
lfw,all,rgb,rgb/Joseph_Estrada_0003.ppm,55.5,7.640e-7,0.0002
lfw,all,rgb,rgb/Joseph_Estrada_0004.ppm,62.4,7.056e-7,0.0002
lfw,all,rgb,rgb/Joseph_Fiennes_0001.ppm,50.0,7.785e-7,0.0002
lfw,all,rgb,rgb/Joseph_Galante_0001.ppm,56.9,7.142e-7,0.0001
lfw,all,rgb,rgb/Joseph_Ganim_0001.ppm,59.5,6.726e-7,0.0001
lfw,all,rgb,rgb/Joseph_Hoy_0001.ppm,52.8,7.839e-7,0.0002
lfw,all,rgb,rgb/Joseph_Kabila_0001.ppm,62.2,7.730e-7,0.0002
lfw,all,rgb,rgb/Joseph_LePore_0001.ppm,58.6,7.062e-7,0.0002
lfw,all,rgb,rgb/Joseph_Lopez_0001.ppm,51.3,7.736e-7,0.0001
lfw,all,rgb,rgb/Joseph_Nacchio_0001.ppm,59.1,8.009e-7,0.0002
lfw,all,rgb,rgb/Joseph_Ralston_0001.ppm,57.3,7.493e-7,0.0001
lfw,all,rgb,rgb/Joseph_Ralston_0002.ppm,48.1,8.651e-7,0.0001
lfw,all,rgb,rgb/Joseph_Safra_0001.ppm,49.8,8.127e-7,0.0001
lfw,all,rgb,rgb/Joseph_Salgado_0001.ppm,44.6,8.935e-7,0.0001
lfw,all,rgb,rgb/Josh_Childress_0001.ppm,50.2,6.988e-7,0.0002
lfw,all,rgb,rgb/Josh_Evans_0001.ppm,75.4,6.978e-7,0.0002
lfw,all,rgb,rgb/Josh_Kronfeld_0001.ppm,54.7,7.144e-7,0.0001
lfw,all,rgb,rgb/Joshua_Davey_0001.ppm,58.7,7.545e-7,0.0002
lfw,all,rgb,rgb/Joshua_Gracin_0001.ppm,56.4,7.635e-7,0.0002
lfw,all,rgb,rgb/Joshua_Harapko_0001.ppm,56.3,6.977e-7,0.0001
lfw,all,rgb,rgb/Joshua_Perper_0001.ppm,61.3,7.274e-7,0.0001
lfw,all,rgb,rgb/Joxel_Garcia_0001.ppm,55.6,7.383e-7,0.0002
lfw,all,rgb,rgb/Joy_Bryant_0001.ppm,59.9,6.617e-7,0.0001
lfw,all,rgb,rgb/Joy_Lee_Sadler_0001.ppm,62.5,5.826e-7,0.0001
lfw,all,rgb,rgb/Juan_Antonio_Samaranch_0001.ppm,60.1,8.407e-7,0.0002
lfw,all,rgb,rgb/Juan_Carlos_0001.ppm,52.5,8.083e-7,0.0002
lfw,all,rgb,rgb/Juan_Carlos_Ferrero_0001.ppm,51.4,8.297e-7,0.0001
lfw,all,rgb,rgb/Juan_Carlos_Ferrero_0002.ppm,52.5,9.520e-7,0.0002
lfw,all,rgb,rgb/Juan_Carlos_Ferrero_0003.ppm,60.2,6.496e-7,0.0001
lfw,all,rgb,rgb/Juan_Carlos_Ferrero_0004.ppm,54.6,7.023e-7,0.0002
lfw,all,rgb,rgb/Juan_Carlos_Ferrero_0005.ppm,58.8,6.918e-7,0.0001
lfw,all,rgb,rgb/Juan_Carlos_Ferrero_0006.ppm,54.6,7.958e-7,0.0002
lfw,all,rgb,rgb/Juan_Carlos_Ferrero_0007.ppm,51.7,7.556e-7,0.0002
lfw,all,rgb,rgb/Juan_Carlos_Ferrero_0008.ppm,71.5,6.649e-7,0.0001
lfw,all,rgb,rgb/Juan_Carlos_Ferrero_0009.ppm,55.3,7.154e-7,0.0002
lfw,all,rgb,rgb/Juan_Carlos_Ferrero_0010.ppm,54.5,6.944e-7,0.0001
lfw,all,rgb,rgb/Juan_Carlos_Ferrero_0011.ppm,54.5,7.200e-7,0.0001
lfw,all,rgb,rgb/Juan_Carlos_Ferrero_0012.ppm,56.9,6.705e-7,0.0002
lfw,all,rgb,rgb/Juan_Carlos_Ferrero_0013.ppm,54.9,7.079e-7,0.0001
lfw,all,rgb,rgb/Juan_Carlos_Ferrero_0014.ppm,69.1,7.835e-7,0.0002
lfw,all,rgb,rgb/Juan_Carlos_Ferrero_0015.ppm,53.6,7.163e-7,0.0001
lfw,all,rgb,rgb/Juan_Carlos_Ferrero_0016.ppm,56.4,7.136e-7,0.0001
lfw,all,rgb,rgb/Juan_Carlos_Ferrero_0017.ppm,54.0,6.388e-7,0.0001
lfw,all,rgb,rgb/Juan_Carlos_Ferrero_0018.ppm,52.7,7.040e-7,0.0001
lfw,all,rgb,rgb/Juan_Carlos_Ferrero_0019.ppm,58.3,7.885e-7,0.0002
lfw,all,rgb,rgb/Juan_Carlos_Ferrero_0020.ppm,52.8,7.523e-7,0.0001
lfw,all,rgb,rgb/Juan_Carlos_Ferrero_0021.ppm,57.6,7.236e-7,0.0002
lfw,all,rgb,rgb/Juan_Carlos_Ferrero_0022.ppm,61.0,7.102e-7,0.0001
lfw,all,rgb,rgb/Juan_Carlos_Ferrero_0023.ppm,59.6,7.446e-7,0.0001
lfw,all,rgb,rgb/Juan_Carlos_Ferrero_0024.ppm,58.5,7.897e-7,0.0002
lfw,all,rgb,rgb/Juan_Carlos_Ferrero_0025.ppm,54.8,6.487e-7,0.0001
lfw,all,rgb,rgb/Juan_Carlos_Ferrero_0026.ppm,64.7,7.661e-7,0.0002
lfw,all,rgb,rgb/Juan_Carlos_Ferrero_0027.ppm,54.1,7.810e-7,0.0001
lfw,all,rgb,rgb/Juan_Carlos_Ferrero_0028.ppm,58.5,7.171e-7,0.0001
lfw,all,rgb,rgb/Juan_Carlos_Morales_0001.ppm,57.0,6.918e-7,0.0001
lfw,all,rgb,rgb/Juan_Carlos_Ortega_0001.ppm,56.3,6.654e-7,0.0001
lfw,all,rgb,rgb/Juan_Fernandez_0001.ppm,58.4,7.290e-7,0.0001
lfw,all,rgb,rgb/Juan_Francisco_Palencia_0001.ppm,57.3,6.810e-7,0.0001
lfw,all,rgb,rgb/Juan_Ignacio_Chela_0001.ppm,60.1,6.549e-7,0.0001
lfw,all,rgb,rgb/Juan_Ignacio_Chela_0002.ppm,48.2,7.541e-7,0.0001
lfw,all,rgb,rgb/Juan_Ignacio_Chela_0003.ppm,54.4,6.730e-7,0.0001
lfw,all,rgb,rgb/Juan_Jose_Lucas_0001.ppm,50.8,7.750e-7,0.0002
lfw,all,rgb,rgb/Juan_Manuel_Marquez_0001.ppm,56.5,7.827e-7,0.0001
lfw,all,rgb,rgb/Juan_Manuel_Marquez_0002.ppm,52.8,9.076e-7,0.0002
lfw,all,rgb,rgb/Juan_Manuel_Marquez_0003.ppm,62.4,7.164e-7,0.0002
lfw,all,rgb,rgb/Juan_Pablo_Montoya_0001.ppm,60.8,6.706e-7,0.0001
lfw,all,rgb,rgb/Juan_Pablo_Montoya_0002.ppm,59.4,8.033e-7,0.0002
lfw,all,rgb,rgb/Juan_Pablo_Montoya_0003.ppm,64.5,5.733e-7,0.0001
lfw,all,rgb,rgb/Juan_Pablo_Montoya_0004.ppm,61.2,7.474e-7,0.0002
lfw,all,rgb,rgb/Juan_Pablo_Montoya_0005.ppm,46.0,6.942e-7,0.0001
lfw,all,rgb,rgb/Juan_Pablo_Montoya_0006.ppm,59.6,7.091e-7,0.0002
lfw,all,rgb,rgb/Juan_Pablo_Montoya_0007.ppm,57.7,6.147e-7,0.0001
lfw,all,rgb,rgb/Juan_Pablo_Montoya_0008.ppm,56.0,6.570e-7,0.0001
lfw,all,rgb,rgb/Juan_Roman_Carrasco_0001.ppm,49.6,9.922e-7,0.0002
lfw,all,rgb,rgb/Juan_Roman_Riquelme_0001.ppm,60.3,7.277e-7,0.0001
lfw,all,rgb,rgb/Juan_Sanchez_0001.ppm,45.1,8.695e-7,0.0001
lfw,all,rgb,rgb/Juan_Valencia_Osorio_0001.ppm,54.5,7.367e-7,0.0002
lfw,all,rgb,rgb/Juan_Valencia_Osorio_0002.ppm,68.2,6.753e-7,0.0001
lfw,all,rgb,rgb/Juanes_0001.ppm,63.7,6.003e-7,0.0001
lfw,all,rgb,rgb/Juanes_0002.ppm,64.6,5.924e-7,0.0002
lfw,all,rgb,rgb/Juanes_0003.ppm,65.3,6.823e-7,0.0002
lfw,all,rgb,rgb/Judd_Davies_0001.ppm,58.2,7.242e-7,0.0002
lfw,all,rgb,rgb/Jude_Law_0001.ppm,57.5,7.220e-7,0.0002
lfw,all,rgb,rgb/Jude_Law_0002.ppm,58.3,7.264e-7,0.0001
lfw,all,rgb,rgb/Judi_Dench_0001.ppm,57.0,6.571e-7,0.0001
lfw,all,rgb,rgb/Judi_Dench_0002.ppm,63.0,6.402e-7,0.0001
lfw,all,rgb,rgb/Judi_Patton_0001.ppm,60.8,6.719e-7,0.0002
lfw,all,rgb,rgb/Judith_Nathan_0001.ppm,62.2,7.401e-7,0.0002
lfw,all,rgb,rgb/Judy_Dean_0001.ppm,51.3,7.945e-7,0.0001
lfw,all,rgb,rgb/Judy_Genshaft_0001.ppm,57.1,6.847e-7,0.0001
lfw,all,rgb,rgb/Judy_Genshaft_0002.ppm,54.8,6.824e-7,0.0002
lfw,all,rgb,rgb/Judy_Locy_0001.ppm,56.6,7.008e-7,0.0001
lfw,all,rgb,rgb/Judy_Spreckels_0001.ppm,59.1,7.780e-7,0.0002
lfw,all,rgb,rgb/Judy_Vassar_0001.ppm,61.0,6.859e-7,0.0001
lfw,all,rgb,rgb/Juergen_Braehmer_0001.ppm,61.2,7.427e-7,0.0002
lfw,all,rgb,rgb/Juergen_Chrobog_0001.ppm,53.6,7.902e-7,0.0002
lfw,all,rgb,rgb/Juergen_Peters_0001.ppm,49.9,9.260e-7,0.0002
lfw,all,rgb,rgb/Juergen_Peters_0002.ppm,56.0,8.056e-7,0.0002
lfw,all,rgb,rgb/Juergen_Schrempp_0001.ppm,56.3,7.816e-7,0.0002
lfw,all,rgb,rgb/Juergen_Trittin_0001.ppm,54.4,7.548e-7,0.0001
lfw,all,rgb,rgb/Jules_Asner_0001.ppm,59.5,6.929e-7,0.0001
lfw,all,rgb,rgb/Julia_Glass_0001.ppm,58.9,7.107e-7,0.0002
lfw,all,rgb,rgb/Julia_Ormond_0001.ppm,61.2,7.207e-7,0.0001
lfw,all,rgb,rgb/Julia_Tymoshenko_0001.ppm,52.6,7.030e-7,0.0001
lfw,all,rgb,rgb/Julia_Tymoshenko_0002.ppm,59.2,6.859e-7,0.0001
lfw,all,rgb,rgb/Julia_Tymoshenko_0003.ppm,59.7,7.398e-7,0.0002
lfw,all,rgb,rgb/Julian_Battle_0001.ppm,65.2,6.397e-7,0.0002
lfw,all,rgb,rgb/Julian_Fantino_0001.ppm,56.4,8.220e-7,0.0002
lfw,all,rgb,rgb/Julianna_Margulies_0001.ppm,68.9,6.110e-7,0.0002
lfw,all,rgb,rgb/Julianna_Margulies_0002.ppm,67.3,6.067e-7,0.0001
lfw,all,rgb,rgb/Julianne_Moore_0001.ppm,52.1,7.283e-7,0.0001
lfw,all,rgb,rgb/Julianne_Moore_0002.ppm,62.5,7.778e-7,0.0002
lfw,all,rgb,rgb/Julianne_Moore_0003.ppm,63.3,6.706e-7,0.0001
lfw,all,rgb,rgb/Julianne_Moore_0004.ppm,67.0,6.360e-7,0.0001
lfw,all,rgb,rgb/Julianne_Moore_0005.ppm,61.2,7.229e-7,0.0002
lfw,all,rgb,rgb/Julianne_Moore_0006.ppm,62.5,6.955e-7,0.0002
lfw,all,rgb,rgb/Julianne_Moore_0007.ppm,60.8,6.693e-7,0.0002
lfw,all,rgb,rgb/Julianne_Moore_0008.ppm,49.9,7.853e-7,0.0001
lfw,all,rgb,rgb/Julianne_Moore_0009.ppm,61.5,7.530e-7,0.0001
lfw,all,rgb,rgb/Julianne_Moore_0010.ppm,59.6,6.826e-7,0.0002
lfw,all,rgb,rgb/Julianne_Moore_0011.ppm,57.8,6.467e-7,0.0002
lfw,all,rgb,rgb/Julianne_Moore_0012.ppm,49.1,8.060e-7,0.0002
lfw,all,rgb,rgb/Julianne_Moore_0013.ppm,55.3,7.227e-7,0.0002
lfw,all,rgb,rgb/Julianne_Moore_0014.ppm,59.4,7.162e-7,0.0002
lfw,all,rgb,rgb/Julianne_Moore_0015.ppm,54.8,7.495e-7,0.0001
lfw,all,rgb,rgb/Julianne_Moore_0016.ppm,52.2,7.448e-7,0.0001
lfw,all,rgb,rgb/Julianne_Moore_0017.ppm,61.2,7.135e-7,0.0002
lfw,all,rgb,rgb/Julianne_Moore_0018.ppm,55.8,7.202e-7,0.0002
lfw,all,rgb,rgb/Julianne_Moore_0019.ppm,61.1,7.252e-7,0.0001
lfw,all,rgb,rgb/Julie_Andrews_0001.ppm,60.0,6.851e-7,0.0001
lfw,all,rgb,rgb/Julie_Gerberding_0001.ppm,60.2,6.987e-7,0.0001
lfw,all,rgb,rgb/Julie_Gerberding_0002.ppm,61.5,6.551e-7,0.0001
lfw,all,rgb,rgb/Julie_Gerberding_0003.ppm,61.3,6.688e-7,0.0002
lfw,all,rgb,rgb/Julie_Gerberding_0004.ppm,66.0,6.603e-7,0.0001
lfw,all,rgb,rgb/Julie_Gerberding_0005.ppm,56.5,6.592e-7,0.0001
lfw,all,rgb,rgb/Julie_Gerberding_0006.ppm,66.5,6.694e-7,0.0002
lfw,all,rgb,rgb/Julie_Gerberding_0007.ppm,63.0,6.486e-7,0.0001
lfw,all,rgb,rgb/Julie_Gerberding_0008.ppm,59.7,6.835e-7,0.0001
lfw,all,rgb,rgb/Julie_Gerberding_0009.ppm,62.1,6.620e-7,0.0002
lfw,all,rgb,rgb/Julie_Gerberding_0010.ppm,60.1,6.676e-7,0.0001
lfw,all,rgb,rgb/Julie_Gerberding_0011.ppm,64.6,6.264e-7,0.0002
lfw,all,rgb,rgb/Julie_Gerberding_0012.ppm,54.3,8.288e-7,0.0001
lfw,all,rgb,rgb/Julie_Gerberding_0013.ppm,66.5,6.510e-7,0.0001
lfw,all,rgb,rgb/Julie_Gerberding_0014.ppm,59.9,7.144e-7,0.0002
lfw,all,rgb,rgb/Julie_Gerberding_0015.ppm,69.8,6.559e-7,0.0002
lfw,all,rgb,rgb/Julie_Goodenough_0001.ppm,63.7,7.007e-7,0.0002
lfw,all,rgb,rgb/Julie_Infante_0001.ppm,55.9,7.066e-7,0.0001
lfw,all,rgb,rgb/Julie_Taymor_0001.ppm,56.0,7.376e-7,0.0002
lfw,all,rgb,rgb/Julie_Taymor_0002.ppm,56.1,7.033e-7,0.0001
lfw,all,rgb,rgb/Julien_Boutter_0001.ppm,60.4,6.220e-7,0.0001
lfw,all,rgb,rgb/Julien_Varlet_0001.ppm,47.1,9.175e-7,0.0002
lfw,all,rgb,rgb/Juliette_Binoche_0001.ppm,61.6,6.944e-7,0.0002
lfw,all,rgb,rgb/Juliette_Lewis_0001.ppm,66.1,7.063e-7,0.0002
lfw,all,rgb,rgb/Julio_Cesar_Chavez_0001.ppm,62.3,7.490e-7,0.0001
lfw,all,rgb,rgb/Julio_Cesar_Franco_0001.ppm,53.5,7.414e-7,0.0001
lfw,all,rgb,rgb/Julio_De_Brun_0001.ppm,57.5,7.345e-7,0.0001
lfw,all,rgb,rgb/Julio_Iglesias_Jr_0001.ppm,59.9,7.424e-7,0.0002
lfw,all,rgb,rgb/Julio_Iglesias_Jr_0002.ppm,58.3,7.993e-7,0.0002
lfw,all,rgb,rgb/Julio_Rossi_0001.ppm,42.9,8.743e-7,0.0002
lfw,all,rgb,rgb/Julio_Toro_0001.ppm,64.2,7.703e-7,0.0002
lfw,all,rgb,rgb/Julius_Barnes_0001.ppm,58.6,7.280e-7,0.0001
lfw,all,rgb,rgb/Julius_Erving_0001.ppm,54.2,7.283e-7,0.0002
lfw,all,rgb,rgb/Juljia_Vysotskij_0001.ppm,59.4,7.378e-7,0.0002
lfw,all,rgb,rgb/Jung_Bong_0001.ppm,53.7,5.908e-7,0.0001
lfw,all,rgb,rgb/Junichi_Inamoto_0001.ppm,60.1,6.196e-7,0.0001
lfw,all,rgb,rgb/Junichiro_Koizumi_0001.ppm,54.2,7.573e-7,0.0001
lfw,all,rgb,rgb/Junichiro_Koizumi_0002.ppm,48.5,8.282e-7,0.0002
lfw,all,rgb,rgb/Junichiro_Koizumi_0003.ppm,49.4,7.171e-7,0.0001
lfw,all,rgb,rgb/Junichiro_Koizumi_0004.ppm,50.8,7.146e-7,0.0001
lfw,all,rgb,rgb/Junichiro_Koizumi_0005.ppm,52.5,7.154e-7,0.0001
lfw,all,rgb,rgb/Junichiro_Koizumi_0006.ppm,55.0,7.159e-7,0.0001
lfw,all,rgb,rgb/Junichiro_Koizumi_0007.ppm,53.4,9.851e-7,0.0002
lfw,all,rgb,rgb/Junichiro_Koizumi_0008.ppm,48.9,7.406e-7,0.0001
lfw,all,rgb,rgb/Junichiro_Koizumi_0009.ppm,53.4,6.888e-7,0.0001
lfw,all,rgb,rgb/Junichiro_Koizumi_0010.ppm,52.8,8.026e-7,0.0001
lfw,all,rgb,rgb/Junichiro_Koizumi_0011.ppm,53.0,7.299e-7,0.0001
lfw,all,rgb,rgb/Junichiro_Koizumi_0012.ppm,54.7,7.777e-7,0.0002
lfw,all,rgb,rgb/Junichiro_Koizumi_0013.ppm,54.9,7.653e-7,0.0001
lfw,all,rgb,rgb/Junichiro_Koizumi_0014.ppm,55.7,7.662e-7,0.0002
lfw,all,rgb,rgb/Junichiro_Koizumi_0015.ppm,55.5,8.457e-7,0.0002
lfw,all,rgb,rgb/Junichiro_Koizumi_0016.ppm,42.5,8.334e-7,0.0001
lfw,all,rgb,rgb/Junichiro_Koizumi_0017.ppm,49.3,7.409e-7,0.0001
lfw,all,rgb,rgb/Junichiro_Koizumi_0018.ppm,52.0,7.587e-7,0.0001
lfw,all,rgb,rgb/Junichiro_Koizumi_0019.ppm,55.4,7.464e-7,0.0002
lfw,all,rgb,rgb/Junichiro_Koizumi_0020.ppm,51.7,7.337e-7,0.0001
lfw,all,rgb,rgb/Junichiro_Koizumi_0021.ppm,56.1,6.258e-7,0.0001
lfw,all,rgb,rgb/Junichiro_Koizumi_0022.ppm,44.4,7.914e-7,0.0001
lfw,all,rgb,rgb/Junichiro_Koizumi_0023.ppm,50.2,7.997e-7,0.0002
lfw,all,rgb,rgb/Junichiro_Koizumi_0024.ppm,48.1,7.598e-7,0.0001
lfw,all,rgb,rgb/Junichiro_Koizumi_0025.ppm,42.5,8.314e-7,0.0001
lfw,all,rgb,rgb/Junichiro_Koizumi_0026.ppm,55.5,7.170e-7,0.0001
lfw,all,rgb,rgb/Junichiro_Koizumi_0027.ppm,54.2,6.997e-7,0.0001
lfw,all,rgb,rgb/Junichiro_Koizumi_0028.ppm,50.1,7.157e-7,0.0001
lfw,all,rgb,rgb/Junichiro_Koizumi_0029.ppm,50.4,7.629e-7,0.0001
lfw,all,rgb,rgb/Junichiro_Koizumi_0030.ppm,49.7,8.085e-7,0.0001
lfw,all,rgb,rgb/Junichiro_Koizumi_0031.ppm,42.4,8.485e-7,0.0001
lfw,all,rgb,rgb/Junichiro_Koizumi_0032.ppm,55.8,7.769e-7,0.0001
lfw,all,rgb,rgb/Junichiro_Koizumi_0033.ppm,43.6,8.048e-7,0.0001
lfw,all,rgb,rgb/Junichiro_Koizumi_0034.ppm,51.5,7.415e-7,0.0001
lfw,all,rgb,rgb/Junichiro_Koizumi_0035.ppm,48.7,7.817e-7,0.0001
lfw,all,rgb,rgb/Junichiro_Koizumi_0036.ppm,54.0,7.297e-7,0.0002
lfw,all,rgb,rgb/Junichiro_Koizumi_0037.ppm,53.7,7.586e-7,0.0001
lfw,all,rgb,rgb/Junichiro_Koizumi_0038.ppm,54.6,7.506e-7,0.0001
lfw,all,rgb,rgb/Junichiro_Koizumi_0039.ppm,57.3,7.980e-7,0.0002
lfw,all,rgb,rgb/Junichiro_Koizumi_0040.ppm,55.3,7.930e-7,0.0001
lfw,all,rgb,rgb/Junichiro_Koizumi_0041.ppm,42.5,7.887e-7,0.0001
lfw,all,rgb,rgb/Junichiro_Koizumi_0042.ppm,50.1,7.813e-7,0.0001
lfw,all,rgb,rgb/Junichiro_Koizumi_0043.ppm,56.3,7.696e-7,0.0002
lfw,all,rgb,rgb/Junichiro_Koizumi_0044.ppm,66.5,7.752e-7,0.0002
lfw,all,rgb,rgb/Junichiro_Koizumi_0045.ppm,60.8,8.284e-7,0.0002
lfw,all,rgb,rgb/Junichiro_Koizumi_0046.ppm,52.7,7.218e-7,0.0001
lfw,all,rgb,rgb/Junichiro_Koizumi_0047.ppm,50.4,7.611e-7,0.0001
lfw,all,rgb,rgb/Junichiro_Koizumi_0048.ppm,52.5,7.461e-7,0.0001
lfw,all,rgb,rgb/Junichiro_Koizumi_0049.ppm,56.0,7.342e-7,0.0002
lfw,all,rgb,rgb/Junichiro_Koizumi_0050.ppm,51.7,7.482e-7,0.0001
lfw,all,rgb,rgb/Junichiro_Koizumi_0051.ppm,45.1,7.888e-7,0.0001
lfw,all,rgb,rgb/Junichiro_Koizumi_0052.ppm,42.6,8.916e-7,0.0001
lfw,all,rgb,rgb/Junichiro_Koizumi_0053.ppm,50.3,7.390e-7,0.0001
lfw,all,rgb,rgb/Junichiro_Koizumi_0054.ppm,47.4,7.526e-7,0.0001
lfw,all,rgb,rgb/Junichiro_Koizumi_0055.ppm,55.0,7.882e-7,0.0001
lfw,all,rgb,rgb/Junichiro_Koizumi_0056.ppm,47.3,7.662e-7,0.0002
lfw,all,rgb,rgb/Junichiro_Koizumi_0057.ppm,52.7,7.227e-7,0.0001
lfw,all,rgb,rgb/Junichiro_Koizumi_0058.ppm,63.0,7.104e-7,0.0002
lfw,all,rgb,rgb/Junichiro_Koizumi_0059.ppm,53.5,7.507e-7,0.0001
lfw,all,rgb,rgb/Junichiro_Koizumi_0060.ppm,53.7,7.585e-7,0.0001
lfw,all,rgb,rgb/Junko_Tabei_0001.ppm,55.7,6.767e-7,0.0001
lfw,all,rgb,rgb/Justin_Gatlin_0001.ppm,60.7,6.982e-7,0.0002
lfw,all,rgb,rgb/Justin_Gatlin_0002.ppm,58.7,6.813e-7,0.0002
lfw,all,rgb,rgb/Justin_Guarini_0001.ppm,60.2,6.305e-7,0.0001
lfw,all,rgb,rgb/Justin_Guarini_0002.ppm,61.7,7.462e-7,0.0002
lfw,all,rgb,rgb/Justin_Guarini_0003.ppm,64.7,6.473e-7,0.0002
lfw,all,rgb,rgb/Justin_Leonard_0001.ppm,53.2,8.522e-7,0.0002
lfw,all,rgb,rgb/Justin_Leonard_0002.ppm,56.7,7.931e-7,0.0002
lfw,all,rgb,rgb/Justin_Leonard_0003.ppm,55.1,7.665e-7,0.0002
lfw,all,rgb,rgb/Justin_Leonard_0004.ppm,60.9,6.653e-7,0.0002
lfw,all,rgb,rgb/Justin_Marshall_0001.ppm,57.3,8.033e-7,0.0002
lfw,all,rgb,rgb/Justin_Timberlake_0001.ppm,59.7,7.265e-7,0.0002
lfw,all,rgb,rgb/Justin_Timberlake_0002.ppm,64.3,7.824e-7,0.0002
lfw,all,rgb,rgb/Justin_Timberlake_0003.ppm,59.0,7.303e-7,0.0002
lfw,all,rgb,rgb/Justin_Timberlake_0004.ppm,69.6,6.529e-7,0.0002
lfw,all,rgb,rgb/Justin_Timberlake_0005.ppm,61.1,6.675e-7,0.0001
lfw,all,rgb,rgb/Justin_Timberlake_0006.ppm,62.0,6.774e-7,0.0002
lfw,all,rgb,rgb/Justin_Timberlake_0007.ppm,57.1,6.431e-7,0.0001
lfw,all,rgb,rgb/Justin_Timberlake_0008.ppm,63.2,6.823e-7,0.0001
lfw,all,rgb,rgb/Justin_Wilson_0001.ppm,62.5,6.634e-7,0.0001
lfw,all,rgb,rgb/Justine_Henin_0001.ppm,57.6,7.645e-7,0.0002
lfw,all,rgb,rgb/Justine_Henin_0002.ppm,61.7,6.948e-7,0.0001
lfw,all,rgb,rgb/Justine_Henin_0003.ppm,42.3,6.267e-7,0.0001
lfw,all,rgb,rgb/Justine_Pasek_0001.ppm,62.2,6.357e-7,0.0001
lfw,all,rgb,rgb/Justine_Pasek_0002.ppm,64.2,6.401e-7,0.0002
lfw,all,rgb,rgb/Justine_Pasek_0003.ppm,64.6,6.305e-7,0.0001
lfw,all,rgb,rgb/Justine_Pasek_0004.ppm,65.9,6.664e-7,0.0001
lfw,all,rgb,rgb/Justine_Pasek_0005.ppm,62.8,7.224e-7,0.0001
lfw,all,rgb,rgb/Justine_Pasek_0006.ppm,61.9,6.689e-7,0.0001
lfw,all,rgb,rgb/Justine_Pasek_0007.ppm,61.4,6.502e-7,0.0001
lfw,all,rgb,rgb/Kai-Uwe_Ricke_0001.ppm,62.0,6.965e-7,0.0001
lfw,all,rgb,rgb/Kaio_Almeida_0001.ppm,61.0,6.894e-7,0.0001
lfw,all,rgb,rgb/Kaisser_Bazan_0001.ppm,60.7,7.496e-7,0.0002
lfw,all,rgb,rgb/Kajsa_Bergqvist_0001.ppm,61.8,7.185e-7,0.0002
lfw,all,rgb,rgb/Kalid_Kaid_0001.ppm,56.8,8.758e-7,0.0002
lfw,all,rgb,rgb/Kalpana_Chawla_0001.ppm,61.0,7.023e-7,0.0001
lfw,all,rgb,rgb/Kalpana_Chawla_0002.ppm,64.7,6.903e-7,0.0002
lfw,all,rgb,rgb/Kalpana_Chawla_0003.ppm,59.6,6.480e-7,0.0002
lfw,all,rgb,rgb/Kalpana_Chawla_0004.ppm,67.2,6.856e-7,0.0002
lfw,all,rgb,rgb/Kalpana_Chawla_0005.ppm,62.5,6.423e-7,0.0001
lfw,all,rgb,rgb/Kamal_Kharrazi_0001.ppm,57.7,7.496e-7,0.0002
lfw,all,rgb,rgb/Kamal_Kharrazi_0002.ppm,65.1,6.813e-7,0.0001
lfw,all,rgb,rgb/Kamal_Kharrazi_0003.ppm,63.1,7.662e-7,0.0002
lfw,all,rgb,rgb/Kamal_Kharrazi_0004.ppm,60.2,6.908e-7,0.0001
lfw,all,rgb,rgb/Kamal_Kharrazi_0005.ppm,57.0,7.186e-7,0.0002
lfw,all,rgb,rgb/Kamal_Kharrazi_0006.ppm,65.3,7.284e-7,0.0002
lfw,all,rgb,rgb/Kamel_Morjane_0001.ppm,57.9,7.605e-7,0.0001
lfw,all,rgb,rgb/Kang_Gum-sil_0001.ppm,59.4,6.399e-7,0.0001
lfw,all,rgb,rgb/Kaoru_Hasuike_0001.ppm,50.3,7.870e-7,0.0001
lfw,all,rgb,rgb/Kara_Lynn_Joyce_0001.ppm,60.7,7.368e-7,0.0001
lfw,all,rgb,rgb/Kareena_Kapoor_0001.ppm,55.0,7.875e-7,0.0001
lfw,all,rgb,rgb/Karen_Allen_0001.ppm,68.0,6.994e-7,0.0002
lfw,all,rgb,rgb/Karen_Clarkson_0001.ppm,57.1,7.476e-7,0.0002
lfw,all,rgb,rgb/Karen_Lynn_Gorney_0001.ppm,60.4,8.385e-7,0.0002
lfw,all,rgb,rgb/Karen_Mok_0001.ppm,55.2,6.827e-7,0.0001
lfw,all,rgb,rgb/Karen_Mok_0002.ppm,58.8,7.400e-7,0.0002
lfw,all,rgb,rgb/Karen_Pereiras_0001.ppm,56.3,7.692e-7,0.0001
lfw,all,rgb,rgb/Karen_Sharpe_Kramer_0001.ppm,59.7,7.540e-7,0.0001
lfw,all,rgb,rgb/Karin_Pilsaeter_0001.ppm,60.2,8.193e-7,0.0002
lfw,all,rgb,rgb/Karin_Stoiber_0001.ppm,60.6,7.721e-7,0.0002
lfw,all,rgb,rgb/Karin_Stoiber_0002.ppm,59.5,7.395e-7,0.0002
lfw,all,rgb,rgb/Karin_Viard_0001.ppm,55.5,7.198e-7,0.0001
lfw,all,rgb,rgb/Karl-Heinz_Rummenigge_0001.ppm,61.1,7.363e-7,0.0002
lfw,all,rgb,rgb/Karol_Kucera_0001.ppm,64.4,6.194e-7,0.0001
lfw,all,rgb,rgb/Kaspar_Villiger_0001.ppm,56.7,8.394e-7,0.0002
lfw,all,rgb,rgb/Katalin_Kollat_0001.ppm,54.2,7.234e-7,0.0001
lfw,all,rgb,rgb/Kate_Burton_0001.ppm,57.4,7.314e-7,0.0002
lfw,all,rgb,rgb/Kate_Capshaw_0001.ppm,61.8,5.878e-7,0.0001
lfw,all,rgb,rgb/Kate_Capshaw_0002.ppm,56.5,7.982e-7,0.0002
lfw,all,rgb,rgb/Kate_Hudson_0001.ppm,63.8,6.955e-7,0.0002
lfw,all,rgb,rgb/Kate_Hudson_0002.ppm,71.0,6.590e-7,0.0002
lfw,all,rgb,rgb/Kate_Hudson_0003.ppm,68.0,6.209e-7,0.0001
lfw,all,rgb,rgb/Kate_Hudson_0004.ppm,57.0,6.958e-7,0.0002
lfw,all,rgb,rgb/Kate_Hudson_0005.ppm,60.8,7.140e-7,0.0001
lfw,all,rgb,rgb/Kate_Hudson_0006.ppm,63.8,7.164e-7,0.0002
lfw,all,rgb,rgb/Kate_Hudson_0007.ppm,60.4,6.647e-7,0.0001
lfw,all,rgb,rgb/Kate_Hudson_0008.ppm,64.1,6.895e-7,0.0002
lfw,all,rgb,rgb/Kate_Hudson_0009.ppm,65.0,8.036e-7,0.0002
lfw,all,rgb,rgb/Kate_Lee_0001.ppm,64.7,6.559e-7,0.0002
lfw,all,rgb,rgb/Kate_Moss_0001.ppm,56.4,6.791e-7,0.0001
lfw,all,rgb,rgb/Kate_Richardson_0001.ppm,57.1,7.361e-7,0.0001
lfw,all,rgb,rgb/Kate_Starbird_0001.ppm,52.0,7.181e-7,0.0002
lfw,all,rgb,rgb/Kate_Winslet_0001.ppm,49.1,7.425e-7,0.0001
lfw,all,rgb,rgb/Kate_Winslet_0002.ppm,47.8,7.131e-7,0.0001
lfw,all,rgb,rgb/Kate_Winslet_0003.ppm,57.5,7.010e-7,0.0001
lfw,all,rgb,rgb/Kate_Winslet_0004.ppm,61.8,7.372e-7,0.0002
lfw,all,rgb,rgb/Katerina_Smrzova_0001.ppm,60.7,6.895e-7,0.0001
lfw,all,rgb,rgb/Katharine_Hepburn_0001.ppm,65.0,6.355e-7,0.0001
lfw,all,rgb,rgb/Katherine_Harris_0001.ppm,55.5,8.692e-7,0.0002
lfw,all,rgb,rgb/Katherine_Harris_0002.ppm,65.5,6.474e-7,0.0001
lfw,all,rgb,rgb/Katherine_Harris_0003.ppm,66.1,6.817e-7,0.0001
lfw,all,rgb,rgb/Katherine_Harris_0004.ppm,58.7,7.647e-7,0.0002
lfw,all,rgb,rgb/Kathie_Louise_Saunders_0001.ppm,60.0,6.544e-7,0.0002
lfw,all,rgb,rgb/Kathleen_Abernathy_0001.ppm,57.5,6.839e-7,0.0001
lfw,all,rgb,rgb/Kathleen_Glynn_0001.ppm,64.9,7.098e-7,0.0001
lfw,all,rgb,rgb/Kathleen_Glynn_0002.ppm,65.4,6.302e-7,0.0002
lfw,all,rgb,rgb/Kathleen_Kennedy_Townsend_0001.ppm,62.5,7.539e-7,0.0002
lfw,all,rgb,rgb/Kathleen_Kennedy_Townsend_0002.ppm,65.2,7.881e-7,0.0001
lfw,all,rgb,rgb/Kathleen_Kennedy_Townsend_0003.ppm,63.5,7.637e-7,0.0002
lfw,all,rgb,rgb/Kathleen_Kennedy_Townsend_0004.ppm,62.4,7.077e-7,0.0002
lfw,all,rgb,rgb/Kathryn_Bigelow_0001.ppm,60.2,7.208e-7,0.0001
lfw,all,rgb,rgb/Kathryn_Bigelow_0002.ppm,62.7,7.111e-7,0.0001
lfw,all,rgb,rgb/Kathryn_Grayson_0001.ppm,61.2,6.482e-7,0.0002
lfw,all,rgb,rgb/Kathryn_Morris_0001.ppm,59.7,7.311e-7,0.0001
lfw,all,rgb,rgb/Kathryn_Tucker_0001.ppm,55.6,7.142e-7,0.0001
lfw,all,rgb,rgb/Kathy_Baker_0001.ppm,61.8,6.833e-7,0.0002
lfw,all,rgb,rgb/Kathy_Bates_0001.ppm,61.4,7.054e-7,0.0002
lfw,all,rgb,rgb/Kathy_Gannon_0001.ppm,65.7,6.235e-7,0.0001
lfw,all,rgb,rgb/Kathy_Winters_0001.ppm,59.5,6.213e-7,0.0001
lfw,all,rgb,rgb/Kathy_Winters_0002.ppm,57.7,6.558e-7,0.0001
lfw,all,rgb,rgb/Katie_Boone_0001.ppm,39.3,1.075e-6,0.0002
lfw,all,rgb,rgb/Katie_Couric_0001.ppm,64.9,7.040e-7,0.0002
lfw,all,rgb,rgb/Katie_Harman_0001.ppm,50.7,8.297e-7,0.0001
lfw,all,rgb,rgb/Katie_Harman_0002.ppm,58.8,7.526e-7,0.0002
lfw,all,rgb,rgb/Katie_Harman_0003.ppm,53.7,7.461e-7,0.0001
lfw,all,rgb,rgb/Katie_Holmes_0001.ppm,64.9,6.745e-7,0.0001
lfw,all,rgb,rgb/Katie_Smith_0001.ppm,59.7,6.155e-7,0.0002
lfw,all,rgb,rgb/Katie_Wagner_0001.ppm,62.8,6.319e-7,0.0002
lfw,all,rgb,rgb/Katja_Riemann_0001.ppm,64.3,7.198e-7,0.0002
lfw,all,rgb,rgb/Katrin_Cartlidge_0001.ppm,59.8,6.735e-7,0.0001
lfw,all,rgb,rgb/Katrin_Susi_0001.ppm,63.2,7.343e-7,0.0002
lfw,all,rgb,rgb/Kay_Bailey_Hutchison_0001.ppm,57.6,6.425e-7,0.0001
lfw,all,rgb,rgb/Kay_Behrensmeyer_0001.ppm,55.9,7.006e-7,0.0002
lfw,all,rgb,rgb/Kaye_Young_0001.ppm,89.0,5.816e-7,0.0002
lfw,all,rgb,rgb/Keanu_Reeves_0001.ppm,58.0,7.596e-7,0.0002
lfw,all,rgb,rgb/Keanu_Reeves_0002.ppm,52.4,8.056e-7,0.0002
lfw,all,rgb,rgb/Keanu_Reeves_0003.ppm,57.6,6.189e-7,0.0001
lfw,all,rgb,rgb/Keanu_Reeves_0004.ppm,62.4,7.836e-7,0.0002
lfw,all,rgb,rgb/Keanu_Reeves_0005.ppm,54.4,7.056e-7,0.0001
lfw,all,rgb,rgb/Keanu_Reeves_0006.ppm,60.7,7.200e-7,0.0002
lfw,all,rgb,rgb/Keanu_Reeves_0007.ppm,58.4,7.272e-7,0.0001
lfw,all,rgb,rgb/Keanu_Reeves_0008.ppm,77.7,7.399e-7,0.0002
lfw,all,rgb,rgb/Keanu_Reeves_0009.ppm,80.2,6.800e-7,0.0002
lfw,all,rgb,rgb/Keanu_Reeves_0010.ppm,63.5,7.345e-7,0.0002
lfw,all,rgb,rgb/Keanu_Reeves_0011.ppm,53.5,7.498e-7,0.0001
lfw,all,rgb,rgb/Keanu_Reeves_0012.ppm,70.1,8.661e-7,0.0002
lfw,all,rgb,rgb/Keiko_Sofia_Fujimori_0001.ppm,57.7,6.670e-7,0.0001
lfw,all,rgb,rgb/Keira_Knightley_0001.ppm,62.4,6.388e-7,0.0002
lfw,all,rgb,rgb/Keira_Knightley_0002.ppm,63.9,6.894e-7,0.0002
lfw,all,rgb,rgb/Keith_Bishop_Jr_0001.ppm,45.7,8.510e-7,0.0001
lfw,all,rgb,rgb/Keith_Bogans_0001.ppm,57.2,6.936e-7,0.0001
lfw,all,rgb,rgb/Keith_Bogans_0002.ppm,52.5,7.445e-7,0.0002
lfw,all,rgb,rgb/Keith_Bogans_0003.ppm,49.0,7.931e-7,0.0001
lfw,all,rgb,rgb/Keith_Brown_0001.ppm,71.1,6.383e-7,0.0001
lfw,all,rgb,rgb/Keith_Fotta_0001.ppm,53.9,8.219e-7,0.0001
lfw,all,rgb,rgb/Keith_Foulke_0001.ppm,59.7,6.722e-7,0.0001
lfw,all,rgb,rgb/Keith_Lockhart_0001.ppm,62.8,7.394e-7,0.0002
lfw,all,rgb,rgb/Keith_Lowen_0001.ppm,50.2,7.858e-7,0.0001
lfw,all,rgb,rgb/Keith_Olbermann_0001.ppm,56.3,7.044e-7,0.0002
lfw,all,rgb,rgb/Keith_Osik_0001.ppm,53.5,7.419e-7,0.0001
lfw,all,rgb,rgb/Keith_Rodriguez_0001.ppm,59.1,7.257e-7,0.0002
lfw,all,rgb,rgb/Keith_Snyder_0001.ppm,59.3,7.792e-7,0.0002
lfw,all,rgb,rgb/Keith_Tyson_0001.ppm,61.1,7.265e-7,0.0001
lfw,all,rgb,rgb/Keith_Urban_0001.ppm,60.3,7.639e-7,0.0002
lfw,all,rgb,rgb/Keith_Van_Horn_0001.ppm,61.8,6.473e-7,0.0001
lfw,all,rgb,rgb/Keizo_Yamada_0001.ppm,60.2,6.879e-7,0.0001
lfw,all,rgb,rgb/Kelli_White_0001.ppm,62.4,6.702e-7,0.0001
lfw,all,rgb,rgb/Kelli_White_0002.ppm,63.3,6.713e-7,0.0001
lfw,all,rgb,rgb/Kellie_Coffey_0001.ppm,61.4,6.828e-7,0.0001
lfw,all,rgb,rgb/Kellie_Greene_0001.ppm,57.9,6.566e-7,0.0001
lfw,all,rgb,rgb/Kelly_Clarkson_0001.ppm,56.5,6.256e-7,0.0001
lfw,all,rgb,rgb/Kelly_Clarkson_0002.ppm,63.1,7.454e-7,0.0002
lfw,all,rgb,rgb/Kelly_Clarkson_0003.ppm,57.1,7.184e-7,0.0001
lfw,all,rgb,rgb/Kelly_Leigh_0001.ppm,57.5,6.582e-7,0.0002
lfw,all,rgb,rgb/Kelly_Osbourne_0001.ppm,64.4,6.702e-7,0.0001
lfw,all,rgb,rgb/Kelly_Ripa_0001.ppm,53.8,6.980e-7,0.0001
lfw,all,rgb,rgb/Kelly_Santos_0001.ppm,61.9,6.631e-7,0.0001
lfw,all,rgb,rgb/Kelsey_Grammer_0001.ppm,64.4,7.604e-7,0.0002
lfw,all,rgb,rgb/Kelvin_Sampson_0001.ppm,54.7,7.223e-7,0.0002
lfw,all,rgb,rgb/Kelvin_Sampson_0002.ppm,55.4,7.772e-7,0.0002
lfw,all,rgb,rgb/Kelvin_Sampson_0003.ppm,58.0,7.744e-7,0.0001
lfw,all,rgb,rgb/Kemal_Dervis_0001.ppm,54.4,8.555e-7,0.0002
lfw,all,rgb,rgb/Kemal_Dervis_0002.ppm,55.8,8.398e-7,0.0002
lfw,all,rgb,rgb/Kemal_Dervis_0003.ppm,57.8,7.526e-7,0.0002
lfw,all,rgb,rgb/Ken_Balk_0001.ppm,65.9,6.746e-7,0.0001
lfw,all,rgb,rgb/Ken_Dorsey_0001.ppm,63.4,8.114e-7,0.0002
lfw,all,rgb,rgb/Ken_Kutaragi_0001.ppm,48.7,8.903e-7,0.0001
lfw,all,rgb,rgb/Ken_Loach_0001.ppm,54.7,7.912e-7,0.0002
lfw,all,rgb,rgb/Ken_Macha_0001.ppm,61.3,5.198e-7,0.0001
lfw,all,rgb,rgb/Ken_Macha_0002.ppm,56.9,7.649e-7,0.0001
lfw,all,rgb,rgb/Ken_Macha_0003.ppm,57.3,6.789e-7,0.0001
lfw,all,rgb,rgb/Ken_Watanabe_0001.ppm,41.4,1.512e-6,0.0002
lfw,all,rgb,rgb/Ken_Watanabe_0002.ppm,63.0,7.304e-7,0.0002
lfw,all,rgb,rgb/Ken_Wharfe_0001.ppm,55.0,7.771e-7,0.0002
lfw,all,rgb,rgb/Kenenisa_Bekele_0001.ppm,60.6,7.077e-7,0.0002
lfw,all,rgb,rgb/Kenneth_Bowersox_0001.ppm,58.5,7.656e-7,0.0002
lfw,all,rgb,rgb/Kenneth_Bowersox_0002.ppm,61.2,7.953e-7,0.0002
lfw,all,rgb,rgb/Kenneth_Bowersox_0003.ppm,59.8,7.954e-7,0.0002
lfw,all,rgb,rgb/Kenneth_Branagh_0001.ppm,61.2,6.770e-7,0.0001
lfw,all,rgb,rgb/Kenneth_Branagh_0002.ppm,62.2,6.395e-7,0.0002
lfw,all,rgb,rgb/Kenneth_Brill_0001.ppm,59.8,7.478e-7,0.0002
lfw,all,rgb,rgb/Kenneth_Carlsen_0001.ppm,82.8,5.220e-7,0.0002
lfw,all,rgb,rgb/Kenneth_Cooper_0001.ppm,53.2,7.994e-7,0.0002
lfw,all,rgb,rgb/Kenneth_Dam_0001.ppm,50.5,7.307e-7,0.0001
lfw,all,rgb,rgb/Kenneth_Evans_0001.ppm,61.0,6.847e-7,0.0001
lfw,all,rgb,rgb/Kenneth_Evans_0002.ppm,54.6,7.556e-7,0.0001
lfw,all,rgb,rgb/Kenneth_Reichert_0001.ppm,45.0,8.164e-7,0.0001
lfw,all,rgb,rgb/Kenny_Brack_0001.ppm,55.3,7.880e-7,0.0001
lfw,all,rgb,rgb/Kenny_Chesney_0001.ppm,56.9,8.141e-7,0.0002
lfw,all,rgb,rgb/Kent_McCord_0001.ppm,64.6,7.038e-7,0.0002
lfw,all,rgb,rgb/Kent_Robinson_0001.ppm,61.1,7.063e-7,0.0002
lfw,all,rgb,rgb/Kent_Rominger_0001.ppm,57.1,7.913e-7,0.0002
lfw,all,rgb,rgb/Kent_Rominger_0002.ppm,55.8,7.266e-7,0.0001
lfw,all,rgb,rgb/Kevin_Borseth_0001.ppm,71.1,9.403e-7,0.0002
lfw,all,rgb,rgb/Kevin_Costner_0001.ppm,58.8,7.727e-7,0.0002
lfw,all,rgb,rgb/Kevin_Costner_0002.ppm,53.2,6.553e-7,0.0001
lfw,all,rgb,rgb/Kevin_Costner_0003.ppm,64.1,7.846e-7,0.0002
lfw,all,rgb,rgb/Kevin_Costner_0004.ppm,63.2,6.836e-7,0.0002
lfw,all,rgb,rgb/Kevin_Costner_0005.ppm,60.0,7.587e-7,0.0002
lfw,all,rgb,rgb/Kevin_Costner_0006.ppm,58.8,7.885e-7,0.0002
lfw,all,rgb,rgb/Kevin_Costner_0007.ppm,57.7,9.211e-7,0.0002
lfw,all,rgb,rgb/Kevin_Costner_0008.ppm,58.5,7.384e-7,0.0001
lfw,all,rgb,rgb/Kevin_Crane_0001.ppm,64.2,7.389e-7,0.0001
lfw,all,rgb,rgb/Kevin_Garnett_0001.ppm,51.5,7.517e-7,0.0001
lfw,all,rgb,rgb/Kevin_Gil_0001.ppm,50.4,8.056e-7,0.0001
lfw,all,rgb,rgb/Kevin_Harvick_0001.ppm,62.5,6.314e-7,0.0002
lfw,all,rgb,rgb/Kevin_Hearn_0001.ppm,72.9,8.770e-7,0.0002
lfw,all,rgb,rgb/Kevin_James_0001.ppm,60.6,7.026e-7,0.0001
lfw,all,rgb,rgb/Kevin_Keegan_0001.ppm,62.0,6.905e-7,0.0002
lfw,all,rgb,rgb/Kevin_Marshall_0001.ppm,64.4,6.115e-7,0.0002
lfw,all,rgb,rgb/Kevin_Millwood_0001.ppm,56.0,7.641e-7,0.0002
lfw,all,rgb,rgb/Kevin_Nealon_0001.ppm,53.1,8.131e-7,0.0001
lfw,all,rgb,rgb/Kevin_Satterfield_0001.ppm,57.1,6.409e-7,0.0001
lfw,all,rgb,rgb/Kevin_Sorbo_0001.ppm,57.5,8.212e-7,0.0002
lfw,all,rgb,rgb/Kevin_Spacey_0001.ppm,55.1,6.977e-7,0.0001
lfw,all,rgb,rgb/Kevin_Spacey_0002.ppm,60.4,7.431e-7,0.0001
lfw,all,rgb,rgb/Kevin_Spacey_0003.ppm,57.9,7.614e-7,0.0002
lfw,all,rgb,rgb/Kevin_Spacey_0004.ppm,60.9,7.526e-7,0.0001
lfw,all,rgb,rgb/Kevin_Spacey_0005.ppm,59.2,6.944e-7,0.0002
lfw,all,rgb,rgb/Kevin_Stallings_0001.ppm,55.1,7.777e-7,0.0001
lfw,all,rgb,rgb/Kevin_Stallings_0002.ppm,55.4,8.460e-7,0.0001
lfw,all,rgb,rgb/Kevin_Tarrant_0001.ppm,57.2,6.543e-7,0.0002
lfw,all,rgb,rgb/Khader_Rashid_Rahim_0001.ppm,48.6,8.031e-7,0.0001
lfw,all,rgb,rgb/Khaled_Sawalhi_0001.ppm,54.8,7.524e-7,0.0002
lfw,all,rgb,rgb/Khalid_Khannouchi_0001.ppm,56.8,7.207e-7,0.0002
lfw,all,rgb,rgb/Khalid_Qazi_0001.ppm,68.9,6.907e-7,0.0002
lfw,all,rgb,rgb/Khatol_Mohammad_Zai_0001.ppm,54.8,7.106e-7,0.0002
lfw,all,rgb,rgb/Khin_Nyunt_0001.ppm,51.7,7.036e-7,0.0001
lfw,all,rgb,rgb/Khum_Bahadur_Khadka_0001.ppm,56.2,7.493e-7,0.0002
lfw,all,rgb,rgb/Kieran_Culkin_0001.ppm,54.3,7.864e-7,0.0002
lfw,all,rgb,rgb/Kieran_Prendergast_0001.ppm,49.3,9.119e-7,0.0002
lfw,all,rgb,rgb/Kieran_Prendergast_0002.ppm,49.1,8.961e-7,0.0002
lfw,all,rgb,rgb/Kifah_Ajouri_0001.ppm,64.4,7.320e-7,0.0002
lfw,all,rgb,rgb/Kifah_Ajouri_0002.ppm,62.8,7.300e-7,0.0002
lfw,all,rgb,rgb/Kiki_Vandeweghe_0001.ppm,57.9,6.793e-7,0.0002
lfw,all,rgb,rgb/Kiki_Vandeweghe_0002.ppm,54.2,6.729e-7,0.0001
lfw,all,rgb,rgb/Kim_Cattrall_0001.ppm,63.3,7.169e-7,0.0002
lfw,all,rgb,rgb/Kim_Chinn_0001.ppm,62.8,7.123e-7,0.0002
lfw,all,rgb,rgb/Kim_Clijsters_0001.ppm,65.1,6.402e-7,0.0002
lfw,all,rgb,rgb/Kim_Clijsters_0002.ppm,58.5,7.069e-7,0.0001
lfw,all,rgb,rgb/Kim_Clijsters_0003.ppm,67.6,6.513e-7,0.0002
lfw,all,rgb,rgb/Kim_Clijsters_0004.ppm,64.4,6.802e-7,0.0002
lfw,all,rgb,rgb/Kim_Clijsters_0005.ppm,65.2,6.983e-7,0.0002
lfw,all,rgb,rgb/Kim_Clijsters_0006.ppm,63.1,7.063e-7,0.0002
lfw,all,rgb,rgb/Kim_Clijsters_0007.ppm,65.4,6.594e-7,0.0002
lfw,all,rgb,rgb/Kim_Clijsters_0008.ppm,73.5,5.849e-7,0.0002
lfw,all,rgb,rgb/Kim_Clijsters_0009.ppm,63.4,5.948e-7,0.0001
lfw,all,rgb,rgb/Kim_Clijsters_0010.ppm,73.3,6.222e-7,0.0002
lfw,all,rgb,rgb/Kim_Clijsters_0011.ppm,67.5,7.202e-7,0.0002
lfw,all,rgb,rgb/Kim_Clijsters_0012.ppm,74.3,6.116e-7,0.0002
lfw,all,rgb,rgb/Kim_Clijsters_0013.ppm,62.5,7.635e-7,0.0002
lfw,all,rgb,rgb/Kim_Clijsters_0014.ppm,67.2,6.334e-7,0.0002
lfw,all,rgb,rgb/Kim_Dae-jung_0001.ppm,51.1,7.872e-7,0.0001
lfw,all,rgb,rgb/Kim_Dae-jung_0002.ppm,64.0,6.799e-7,0.0001
lfw,all,rgb,rgb/Kim_Dae-jung_0003.ppm,55.9,9.900e-7,0.0002
lfw,all,rgb,rgb/Kim_Dae-jung_0004.ppm,56.5,6.462e-7,0.0001
lfw,all,rgb,rgb/Kim_Dae-jung_0005.ppm,56.2,7.248e-7,0.0001
lfw,all,rgb,rgb/Kim_Dae-jung_0006.ppm,55.8,8.607e-7,0.0002
lfw,all,rgb,rgb/Kim_Dae-jung_0007.ppm,53.4,7.320e-7,0.0001
lfw,all,rgb,rgb/Kim_Dae-jung_0008.ppm,70.5,6.516e-7,0.0002
lfw,all,rgb,rgb/Kim_Dong-hwa_0001.ppm,55.2,7.382e-7,0.0001
lfw,all,rgb,rgb/Kim_Dong-tae_0001.ppm,60.2,7.583e-7,0.0002
lfw,all,rgb,rgb/Kim_Gandy_0001.ppm,60.7,6.767e-7,0.0002
lfw,all,rgb,rgb/Kim_Hong-gul_0001.ppm,58.8,6.240e-7,0.0001
lfw,all,rgb,rgb/Kim_Hong-up_0001.ppm,63.6,6.230e-7,0.0001
lfw,all,rgb,rgb/Kim_Jin-sun_0001.ppm,53.3,7.228e-7,0.0001
lfw,all,rgb,rgb/Kim_Jin-sun_0002.ppm,55.1,7.331e-7,0.0002
lfw,all,rgb,rgb/Kim_Jong-Il_0001.ppm,50.7,8.185e-7,0.0001
lfw,all,rgb,rgb/Kim_Jong-Il_0002.ppm,57.7,7.201e-7,0.0001
lfw,all,rgb,rgb/Kim_Jong-Il_0003.ppm,58.1,6.950e-7,0.0002
lfw,all,rgb,rgb/Kim_Jong-Il_0004.ppm,61.0,7.236e-7,0.0002
lfw,all,rgb,rgb/Kim_Ryong-sung_0001.ppm,56.6,7.234e-7,0.0001
lfw,all,rgb,rgb/Kim_Ryong-sung_0002.ppm,53.4,7.940e-7,0.0001
lfw,all,rgb,rgb/Kim_Ryong-sung_0003.ppm,57.9,6.745e-7,0.0001
lfw,all,rgb,rgb/Kim_Ryong-sung_0004.ppm,48.2,8.806e-7,0.0001
lfw,all,rgb,rgb/Kim_Ryong-sung_0005.ppm,55.1,6.963e-7,0.0001
lfw,all,rgb,rgb/Kim_Ryong-sung_0006.ppm,50.2,7.842e-7,0.0002
lfw,all,rgb,rgb/Kim_Ryong-sung_0007.ppm,56.1,7.679e-7,0.0001
lfw,all,rgb,rgb/Kim_Ryong-sung_0008.ppm,52.9,8.329e-7,0.0001
lfw,all,rgb,rgb/Kim_Ryong-sung_0009.ppm,55.0,7.355e-7,0.0001
lfw,all,rgb,rgb/Kim_Ryong-sung_0010.ppm,54.3,7.461e-7,0.0001
lfw,all,rgb,rgb/Kim_Ryong-sung_0011.ppm,53.8,7.603e-7,0.0001
lfw,all,rgb,rgb/Kim_Su_Nam_0001.ppm,61.2,6.296e-7,0.0001
lfw,all,rgb,rgb/Kim_Weeks_0001.ppm,61.1,7.188e-7,0.0001
lfw,all,rgb,rgb/Kim_Yong-il_0001.ppm,50.2,7.498e-7,0.0001
lfw,all,rgb,rgb/Kim_Yong-il_0002.ppm,59.2,6.283e-7,0.0001
lfw,all,rgb,rgb/Kim_Yong-il_0003.ppm,50.1,7.792e-7,0.0002
lfw,all,rgb,rgb/Kim_Yun-kyu_0001.ppm,57.1,6.684e-7,0.0001
lfw,all,rgb,rgb/Kimberly_Bruckner_0001.ppm,55.9,7.853e-7,0.0002
lfw,all,rgb,rgb/Kimberly_Stewart_0001.ppm,63.0,6.973e-7,0.0001
lfw,all,rgb,rgb/Kimi_Raikkonen_0001.ppm,60.0,8.651e-7,0.0002
lfw,all,rgb,rgb/Kimi_Raikkonen_0002.ppm,66.3,7.439e-7,0.0002
lfw,all,rgb,rgb/Kimi_Raikkonen_0003.ppm,57.7,7.001e-7,0.0001
lfw,all,rgb,rgb/Kimora_Lee_0001.ppm,56.6,7.090e-7,0.0001
lfw,all,rgb,rgb/King_Abdullah_II_0001.ppm,58.5,7.362e-7,0.0002
lfw,all,rgb,rgb/King_Abdullah_II_0002.ppm,60.3,6.126e-7,0.0001
lfw,all,rgb,rgb/King_Abdullah_II_0003.ppm,52.6,8.389e-7,0.0001
lfw,all,rgb,rgb/King_Abdullah_II_0004.ppm,63.6,6.930e-7,0.0002
lfw,all,rgb,rgb/King_Abdullah_II_0005.ppm,55.5,7.690e-7,0.0001
lfw,all,rgb,rgb/King_Bhumibol_Adulyadej_0001.ppm,52.4,7.938e-7,0.0001
lfw,all,rgb,rgb/King_Gyanendra_0001.ppm,38.4,9.439e-7,0.0001
lfw,all,rgb,rgb/Kirby_Puckett_0001.ppm,67.5,6.039e-7,0.0001
lfw,all,rgb,rgb/Kirk_Doerger_0001.ppm,51.3,8.072e-7,0.0002
lfw,all,rgb,rgb/Kirk_Douglas_0001.ppm,56.9,7.325e-7,0.0002
lfw,all,rgb,rgb/Kirk_Ferentz_0001.ppm,72.4,7.801e-7,0.0002
lfw,all,rgb,rgb/Kirk_Ferentz_0002.ppm,56.0,6.934e-7,0.0001
lfw,all,rgb,rgb/Kirk_Franklin_0001.ppm,59.4,6.862e-7,0.0002
lfw,all,rgb,rgb/Kirk_Johnson_0001.ppm,62.4,7.360e-7,0.0002
lfw,all,rgb,rgb/Kirk_Johnson_0002.ppm,57.3,6.780e-7,0.0001
lfw,all,rgb,rgb/Kirk_Johnson_0003.ppm,52.6,7.376e-7,0.0001
lfw,all,rgb,rgb/Kirsten_Clark_0001.ppm,72.8,6.170e-7,0.0002
lfw,all,rgb,rgb/Kirsten_Dunst_0001.ppm,56.6,6.434e-7,0.0001
lfw,all,rgb,rgb/Kirsten_Gilham_0001.ppm,63.6,5.978e-7,0.0002
lfw,all,rgb,rgb/Kit_Bond_0001.ppm,58.6,6.682e-7,0.0001
lfw,all,rgb,rgb/Kitin_Munoz_0001.ppm,62.8,7.144e-7,0.0002
lfw,all,rgb,rgb/Kjell_Magne_Bondevik_0001.ppm,65.6,6.154e-7,0.0002
lfw,all,rgb,rgb/Kjell_Magne_Bondevik_0002.ppm,65.4,6.142e-7,0.0002
lfw,all,rgb,rgb/Kjell_Magne_Bondevik_0003.ppm,62.7,6.352e-7,0.0001
lfw,all,rgb,rgb/Klaus_Schwab_0001.ppm,49.3,6.729e-7,0.0001
lfw,all,rgb,rgb/Klaus_Zwickel_0001.ppm,59.9,7.540e-7,0.0002
lfw,all,rgb,rgb/Klaus_Zwickel_0002.ppm,53.2,8.576e-7,0.0001
lfw,all,rgb,rgb/Kobe_Bryant_0001.ppm,65.3,6.778e-7,0.0001
lfw,all,rgb,rgb/Kobe_Bryant_0002.ppm,62.8,7.528e-7,0.0002
lfw,all,rgb,rgb/Kobe_Bryant_0003.ppm,64.1,6.865e-7,0.0002
lfw,all,rgb,rgb/Kofi_Annan_0001.ppm,62.8,7.557e-7,0.0002
lfw,all,rgb,rgb/Kofi_Annan_0002.ppm,57.3,7.929e-7,0.0002
lfw,all,rgb,rgb/Kofi_Annan_0003.ppm,91.9,6.477e-7,0.0002
lfw,all,rgb,rgb/Kofi_Annan_0004.ppm,72.7,6.777e-7,0.0002
lfw,all,rgb,rgb/Kofi_Annan_0005.ppm,61.3,6.953e-7,0.0002
lfw,all,rgb,rgb/Kofi_Annan_0006.ppm,62.5,7.016e-7,0.0001
lfw,all,rgb,rgb/Kofi_Annan_0007.ppm,55.5,7.881e-7,0.0001
lfw,all,rgb,rgb/Kofi_Annan_0008.ppm,62.2,6.605e-7,0.0002
lfw,all,rgb,rgb/Kofi_Annan_0009.ppm,65.4,6.538e-7,0.0002
lfw,all,rgb,rgb/Kofi_Annan_0010.ppm,63.4,6.969e-7,0.0001
lfw,all,rgb,rgb/Kofi_Annan_0011.ppm,61.7,7.353e-7,0.0001
lfw,all,rgb,rgb/Kofi_Annan_0012.ppm,64.4,6.672e-7,0.0002
lfw,all,rgb,rgb/Kofi_Annan_0013.ppm,66.0,6.128e-7,0.0002
lfw,all,rgb,rgb/Kofi_Annan_0014.ppm,61.1,7.212e-7,0.0002
lfw,all,rgb,rgb/Kofi_Annan_0015.ppm,63.9,6.850e-7,0.0001
lfw,all,rgb,rgb/Kofi_Annan_0016.ppm,63.5,7.425e-7,0.0001
lfw,all,rgb,rgb/Kofi_Annan_0017.ppm,69.2,6.659e-7,0.0001
lfw,all,rgb,rgb/Kofi_Annan_0018.ppm,57.8,8.640e-7,0.0002
lfw,all,rgb,rgb/Kofi_Annan_0019.ppm,59.6,6.913e-7,0.0001
lfw,all,rgb,rgb/Kofi_Annan_0020.ppm,57.8,7.530e-7,0.0001
lfw,all,rgb,rgb/Kofi_Annan_0021.ppm,73.1,7.059e-7,0.0002
lfw,all,rgb,rgb/Kofi_Annan_0022.ppm,62.3,7.038e-7,0.0002
lfw,all,rgb,rgb/Kofi_Annan_0023.ppm,57.4,6.998e-7,0.0001
lfw,all,rgb,rgb/Kofi_Annan_0024.ppm,64.2,7.285e-7,0.0002
lfw,all,rgb,rgb/Kofi_Annan_0025.ppm,62.9,5.874e-7,0.0002
lfw,all,rgb,rgb/Kofi_Annan_0026.ppm,68.3,7.360e-7,0.0002
lfw,all,rgb,rgb/Kofi_Annan_0027.ppm,58.8,7.217e-7,0.0002
lfw,all,rgb,rgb/Kofi_Annan_0028.ppm,54.4,8.678e-7,0.0001
lfw,all,rgb,rgb/Kofi_Annan_0029.ppm,63.6,7.912e-7,0.0001
lfw,all,rgb,rgb/Kofi_Annan_0030.ppm,62.8,6.914e-7,0.0002
lfw,all,rgb,rgb/Kofi_Annan_0031.ppm,63.6,7.036e-7,0.0002
lfw,all,rgb,rgb/Kofi_Annan_0032.ppm,55.8,7.489e-7,0.0002
lfw,all,rgb,rgb/Koichi_Haraguchi_0001.ppm,44.6,8.735e-7,0.0001
lfw,all,rgb,rgb/Koichi_Tanaka_0001.ppm,50.0,7.739e-7,0.0002
lfw,all,rgb,rgb/Koichiro_Matsuura_0001.ppm,54.3,7.260e-7,0.0002
lfw,all,rgb,rgb/Koji_Uehara_0001.ppm,53.0,7.910e-7,0.0001
lfw,all,rgb,rgb/Kong_Quan_0001.ppm,53.1,7.621e-7,0.0001
lfw,all,rgb,rgb/Kostya_Tszyu_0001.ppm,57.6,7.520e-7,0.0002
lfw,all,rgb,rgb/Kosuke_Kitajima_0001.ppm,55.7,7.223e-7,0.0002
lfw,all,rgb,rgb/Kosuke_Kitajima_0002.ppm,38.9,1.189e-6,0.0001
lfw,all,rgb,rgb/Krishna_Bhadur_Mahara_0001.ppm,65.0,6.474e-7,0.0001
lfw,all,rgb,rgb/Kristanna_Loken_0001.ppm,59.6,6.585e-7,0.0001
lfw,all,rgb,rgb/Kristanna_Loken_0002.ppm,63.9,7.414e-7,0.0001
lfw,all,rgb,rgb/Kristanna_Loken_0003.ppm,65.7,7.171e-7,0.0002
lfw,all,rgb,rgb/Kristanna_Loken_0004.ppm,62.5,6.800e-7,0.0001
lfw,all,rgb,rgb/Kristanna_Loken_0005.ppm,58.6,6.971e-7,0.0002
lfw,all,rgb,rgb/Kristen_Breitweiser_0001.ppm,57.6,7.363e-7,0.0001
lfw,all,rgb,rgb/Kristen_Breitweiser_0002.ppm,55.4,6.730e-7,0.0001
lfw,all,rgb,rgb/Kristen_Breitweiser_0003.ppm,54.9,7.312e-7,0.0002
lfw,all,rgb,rgb/Kristen_Rivera_0001.ppm,62.1,6.272e-7,0.0001
lfw,all,rgb,rgb/Kristin_Chenoweth_0001.ppm,55.9,7.987e-7,0.0001
lfw,all,rgb,rgb/Kristin_Davis_0001.ppm,62.1,7.026e-7,0.0001
lfw,all,rgb,rgb/Kristin_Davis_0002.ppm,59.5,7.484e-7,0.0002
lfw,all,rgb,rgb/Kristin_Davis_0003.ppm,62.0,6.664e-7,0.0001
lfw,all,rgb,rgb/Kristin_Scott_0001.ppm,43.7,9.336e-7,0.0001
lfw,all,rgb,rgb/Kristin_Scott_Thomas_0001.ppm,67.4,6.088e-7,0.0001
lfw,all,rgb,rgb/Kristy_Curry_0001.ppm,46.1,6.587e-7,0.0001
lfw,all,rgb,rgb/Kultida_Woods_0001.ppm,72.0,5.294e-7,0.0001
lfw,all,rgb,rgb/Kurt_Budke_0001.ppm,54.8,7.481e-7,0.0002
lfw,all,rgb,rgb/Kurt_Busch_0001.ppm,55.3,6.495e-7,0.0001
lfw,all,rgb,rgb/Kurt_Busch_0002.ppm,56.2,7.930e-7,0.0002
lfw,all,rgb,rgb/Kurt_Hellstrom_0001.ppm,63.3,7.141e-7,0.0002
lfw,all,rgb,rgb/Kurt_Russell_0001.ppm,59.9,7.433e-7,0.0001
lfw,all,rgb,rgb/Kurt_Russell_0002.ppm,62.8,6.996e-7,0.0001
lfw,all,rgb,rgb/Kurt_Schottenheimer_0001.ppm,52.3,7.385e-7,0.0001
lfw,all,rgb,rgb/Kurt_Suzuki_0001.ppm,63.3,6.419e-7,0.0002
lfw,all,rgb,rgb/Kurt_Tanabe_0001.ppm,58.8,5.450e-7,0.0001
lfw,all,rgb,rgb/Kurt_Thomas_0001.ppm,52.4,7.373e-7,0.0001
lfw,all,rgb,rgb/Kurt_Warner_0001.ppm,54.2,7.563e-7,0.0001
lfw,all,rgb,rgb/Kurt_Warner_0002.ppm,59.2,7.408e-7,0.0001
lfw,all,rgb,rgb/Kurt_Warner_0003.ppm,52.1,8.101e-7,0.0002
lfw,all,rgb,rgb/Kurt_Warner_0004.ppm,55.9,6.712e-7,0.0001
lfw,all,rgb,rgb/Kurt_Warner_0005.ppm,60.0,7.647e-7,0.0002
lfw,all,rgb,rgb/Kwame_Kilpatrick_0001.ppm,60.5,7.285e-7,0.0002
lfw,all,rgb,rgb/Kweisi_Mfume_0001.ppm,62.0,6.927e-7,0.0001
lfw,all,rgb,rgb/Kwon_Yang-sook_0001.ppm,56.7,7.222e-7,0.0001
lfw,all,rgb,rgb/Kwon_Yang-sook_0002.ppm,53.6,6.909e-7,0.0001
lfw,all,rgb,rgb/Kwon_Yang-sook_0003.ppm,55.0,7.154e-7,0.0001
lfw,all,rgb,rgb/Kwon_Young-gil_0001.ppm,56.9,7.285e-7,0.0002
lfw,all,rgb,rgb/Kyle_McLaren_0001.ppm,60.2,6.884e-7,0.0002
lfw,all,rgb,rgb/Kyle_Shewfelt_0001.ppm,60.8,7.360e-7,0.0001
lfw,all,rgb,rgb/Kyoko_Nakayama_0001.ppm,56.1,6.943e-7,0.0001
lfw,all,rgb,rgb/Kyra_Sedgwick_0001.ppm,55.0,7.137e-7,0.0002
lfw,all,rgb,rgb/LK_Advani_0001.ppm,42.1,1.082e-6,0.0001
lfw,all,rgb,rgb/LK_Advani_0002.ppm,61.3,8.595e-7,0.0002
lfw,all,rgb,rgb/LK_Advani_0003.ppm,48.7,7.120e-7,0.0001
lfw,all,rgb,rgb/Lachlan_Murdoch_0001.ppm,58.6,6.681e-7,0.0002
lfw,all,rgb,rgb/Laila_Ali_0001.ppm,62.5,6.463e-7,0.0001
lfw,all,rgb,rgb/Laila_Ali_0002.ppm,59.1,7.278e-7,0.0002
lfw,all,rgb,rgb/Laila_Ali_0003.ppm,63.5,7.002e-7,0.0002
lfw,all,rgb,rgb/Lana_Clarkson_0001.ppm,64.4,7.944e-7,0.0002
lfw,all,rgb,rgb/Lana_Clarkson_0002.ppm,69.0,6.079e-7,0.0001
lfw,all,rgb,rgb/Lance_Armstrong_0001.ppm,55.6,7.890e-7,0.0002
lfw,all,rgb,rgb/Lance_Armstrong_0002.ppm,60.4,7.180e-7,0.0002
lfw,all,rgb,rgb/Lance_Armstrong_0003.ppm,64.9,7.289e-7,0.0002
lfw,all,rgb,rgb/Lance_Armstrong_0004.ppm,59.5,7.708e-7,0.0001
lfw,all,rgb,rgb/Lance_Armstrong_0005.ppm,65.3,6.638e-7,0.0002
lfw,all,rgb,rgb/Lance_Armstrong_0006.ppm,59.6,7.391e-7,0.0001
lfw,all,rgb,rgb/Lance_Armstrong_0007.ppm,66.2,6.370e-7,0.0001
lfw,all,rgb,rgb/Lance_Armstrong_0008.ppm,62.7,6.036e-7,0.0001
lfw,all,rgb,rgb/Lance_Armstrong_0009.ppm,65.0,7.103e-7,0.0002
lfw,all,rgb,rgb/Lance_Armstrong_0010.ppm,50.3,7.878e-7,0.0001
lfw,all,rgb,rgb/Lance_Armstrong_0011.ppm,62.3,6.604e-7,0.0002
lfw,all,rgb,rgb/Lance_Armstrong_0012.ppm,68.1,7.037e-7,0.0002
lfw,all,rgb,rgb/Lance_Armstrong_0013.ppm,62.4,6.533e-7,0.0002
lfw,all,rgb,rgb/Lance_Armstrong_0014.ppm,66.8,6.362e-7,0.0002
lfw,all,rgb,rgb/Lance_Armstrong_0015.ppm,94.4,6.397e-7,0.0002
lfw,all,rgb,rgb/Lance_Armstrong_0016.ppm,62.9,6.651e-7,0.0001
lfw,all,rgb,rgb/Lance_Armstrong_0017.ppm,57.1,7.398e-7,0.0001
lfw,all,rgb,rgb/Lance_Armstrong_0018.ppm,59.6,7.640e-7,0.0002
lfw,all,rgb,rgb/Lance_Bass_0001.ppm,53.7,7.645e-7,0.0002
lfw,all,rgb,rgb/Lance_Bass_0002.ppm,55.6,7.528e-7,0.0002
lfw,all,rgb,rgb/Lance_Bass_0003.ppm,50.5,7.798e-7,0.0001
lfw,all,rgb,rgb/Lance_Bass_0004.ppm,49.4,8.799e-7,0.0002
lfw,all,rgb,rgb/Lance_Bass_0005.ppm,52.0,7.470e-7,0.0001
lfw,all,rgb,rgb/Landon_Donovan_0001.ppm,59.2,7.582e-7,0.0002
lfw,all,rgb,rgb/Lane_Bryant_0001.ppm,59.9,6.847e-7,0.0002
lfw,all,rgb,rgb/Lane_Odom_0001.ppm,61.9,7.357e-7,0.0002
lfw,all,rgb,rgb/Lara_Logan_0001.ppm,59.8,7.169e-7,0.0001
lfw,all,rgb,rgb/Larenz_Tate_0001.ppm,58.7,7.312e-7,0.0001
lfw,all,rgb,rgb/Larry_Anderson_0001.ppm,70.4,7.250e-7,0.0002
lfw,all,rgb,rgb/Larry_Beinfest_0001.ppm,61.1,7.462e-7,0.0002
lfw,all,rgb,rgb/Larry_Bowa_0001.ppm,59.0,7.152e-7,0.0002
lfw,all,rgb,rgb/Larry_Bowa_0002.ppm,57.0,7.267e-7,0.0002
lfw,all,rgb,rgb/Larry_Brown_0001.ppm,56.2,7.590e-7,0.0002
lfw,all,rgb,rgb/Larry_Brown_0002.ppm,56.7,8.110e-7,0.0001
lfw,all,rgb,rgb/Larry_Brown_0003.ppm,51.1,9.391e-7,0.0002
lfw,all,rgb,rgb/Larry_Brown_0004.ppm,52.3,7.702e-7,0.0002
lfw,all,rgb,rgb/Larry_Brown_0005.ppm,45.9,8.928e-7,0.0001
lfw,all,rgb,rgb/Larry_Brown_0006.ppm,53.8,7.927e-7,0.0002
lfw,all,rgb,rgb/Larry_Brown_0007.ppm,52.1,8.314e-7,0.0001
lfw,all,rgb,rgb/Larry_Campbell_0001.ppm,62.8,6.518e-7,0.0001
lfw,all,rgb,rgb/Larry_Coker_0001.ppm,60.9,7.533e-7,0.0002
lfw,all,rgb,rgb/Larry_Coker_0002.ppm,57.6,7.959e-7,0.0002
lfw,all,rgb,rgb/Larry_Coker_0003.ppm,58.0,8.409e-7,0.0002
lfw,all,rgb,rgb/Larry_Coker_0004.ppm,55.6,8.248e-7,0.0001
lfw,all,rgb,rgb/Larry_Donald_0001.ppm,63.5,6.545e-7,0.0001
lfw,all,rgb,rgb/Larry_Ellison_0001.ppm,61.7,8.138e-7,0.0002
lfw,all,rgb,rgb/Larry_Ellison_0002.ppm,55.7,9.326e-7,0.0002
lfw,all,rgb,rgb/Larry_Ellison_0003.ppm,61.3,8.352e-7,0.0002
lfw,all,rgb,rgb/Larry_Eustachy_0001.ppm,56.5,8.078e-7,0.0002
lfw,all,rgb,rgb/Larry_Flynt_0001.ppm,61.3,7.191e-7,0.0001
lfw,all,rgb,rgb/Larry_Greene_0001.ppm,57.8,6.843e-7,0.0001
lfw,all,rgb,rgb/Larry_Hagman_0001.ppm,62.0,8.199e-7,0.0002
lfw,all,rgb,rgb/Larry_Hahn_0001.ppm,59.0,5.558e-7,0.0001
lfw,all,rgb,rgb/Larry_Harris_0001.ppm,53.3,8.763e-7,0.0002
lfw,all,rgb,rgb/Larry_Johnson_0001.ppm,62.7,6.400e-7,0.0002
lfw,all,rgb,rgb/Larry_Johnson_0002.ppm,57.1,6.468e-7,0.0002
lfw,all,rgb,rgb/Larry_Lindsey_0001.ppm,58.0,7.475e-7,0.0001
lfw,all,rgb,rgb/Larry_Lindsey_0002.ppm,62.9,7.388e-7,0.0002
lfw,all,rgb,rgb/Larry_Lucchino_0001.ppm,54.8,8.126e-7,0.0002
lfw,all,rgb,rgb/Larry_Lucchino_0002.ppm,54.9,7.206e-7,0.0001
lfw,all,rgb,rgb/Larry_Nichols_0001.ppm,56.2,6.835e-7,0.0001
lfw,all,rgb,rgb/Larry_Pleau_0001.ppm,57.7,7.772e-7,0.0001
lfw,all,rgb,rgb/Larry_Ralston_0001.ppm,51.1,8.992e-7,0.0002
lfw,all,rgb,rgb/Larry_Tanenbaum_0001.ppm,55.5,8.550e-7,0.0002
lfw,all,rgb,rgb/Larry_Templeton_0001.ppm,60.6,6.732e-7,0.0001
lfw,all,rgb,rgb/Larry_Thompson_0001.ppm,57.3,7.097e-7,0.0001
lfw,all,rgb,rgb/Larry_Thompson_0002.ppm,58.5,7.408e-7,0.0002
lfw,all,rgb,rgb/Larry_Thompson_0003.ppm,61.6,7.214e-7,0.0002
lfw,all,rgb,rgb/Larry_Thompson_0004.ppm,63.3,7.468e-7,0.0002
lfw,all,rgb,rgb/Larry_Wilmore_0001.ppm,66.2,7.857e-7,0.0002
lfw,all,rgb,rgb/Lars_Burgsmuller_0001.ppm,60.9,8.344e-7,0.0002
lfw,all,rgb,rgb/Lars_Von_Trier_0001.ppm,58.3,7.192e-7,0.0001
lfw,all,rgb,rgb/Lars_Von_Trier_0002.ppm,54.9,8.397e-7,0.0002
lfw,all,rgb,rgb/Lars_Von_Trier_0003.ppm,53.0,8.830e-7,0.0002
lfw,all,rgb,rgb/Laszlo_Kovacs_0001.ppm,69.3,8.141e-7,0.0002
lfw,all,rgb,rgb/Latrell_Sprewell_0001.ppm,59.7,7.380e-7,0.0002
lfw,all,rgb,rgb/Latrell_Sprewell_0002.ppm,64.1,6.638e-7,0.0001
lfw,all,rgb,rgb/Laura_Bozzo_0001.ppm,49.6,7.071e-7,0.0001
lfw,all,rgb,rgb/Laura_Bush_0001.ppm,64.5,6.875e-7,0.0001
lfw,all,rgb,rgb/Laura_Bush_0002.ppm,52.8,8.762e-7,0.0002
lfw,all,rgb,rgb/Laura_Bush_0003.ppm,63.3,6.186e-7,0.0001
lfw,all,rgb,rgb/Laura_Bush_0004.ppm,48.0,6.767e-7,0.0001
lfw,all,rgb,rgb/Laura_Bush_0005.ppm,60.9,7.108e-7,0.0001
lfw,all,rgb,rgb/Laura_Bush_0006.ppm,59.1,6.730e-7,0.0002
lfw,all,rgb,rgb/Laura_Bush_0007.ppm,61.8,6.082e-7,0.0001
lfw,all,rgb,rgb/Laura_Bush_0008.ppm,55.5,6.796e-7,0.0001
lfw,all,rgb,rgb/Laura_Bush_0009.ppm,63.1,6.471e-7,0.0002
lfw,all,rgb,rgb/Laura_Bush_0010.ppm,59.7,7.959e-7,0.0002
lfw,all,rgb,rgb/Laura_Bush_0011.ppm,44.5,9.073e-7,0.0001
lfw,all,rgb,rgb/Laura_Bush_0012.ppm,59.9,6.441e-7,0.0002
lfw,all,rgb,rgb/Laura_Bush_0013.ppm,60.5,6.570e-7,0.0002
lfw,all,rgb,rgb/Laura_Bush_0014.ppm,57.5,6.968e-7,0.0001
lfw,all,rgb,rgb/Laura_Bush_0015.ppm,61.8,6.674e-7,0.0001
lfw,all,rgb,rgb/Laura_Bush_0016.ppm,61.5,6.072e-7,0.0001
lfw,all,rgb,rgb/Laura_Bush_0017.ppm,59.5,6.741e-7,0.0001
lfw,all,rgb,rgb/Laura_Bush_0018.ppm,66.0,6.519e-7,0.0002
lfw,all,rgb,rgb/Laura_Bush_0019.ppm,59.5,7.457e-7,0.0002
lfw,all,rgb,rgb/Laura_Bush_0020.ppm,63.6,7.486e-7,0.0002
lfw,all,rgb,rgb/Laura_Bush_0021.ppm,61.1,6.905e-7,0.0002
lfw,all,rgb,rgb/Laura_Bush_0022.ppm,61.9,7.110e-7,0.0002
lfw,all,rgb,rgb/Laura_Bush_0023.ppm,61.7,6.667e-7,0.0002
lfw,all,rgb,rgb/Laura_Bush_0024.ppm,61.9,7.269e-7,0.0002
lfw,all,rgb,rgb/Laura_Bush_0025.ppm,63.2,6.716e-7,0.0002
lfw,all,rgb,rgb/Laura_Bush_0026.ppm,55.1,7.334e-7,0.0001
lfw,all,rgb,rgb/Laura_Bush_0027.ppm,59.2,6.545e-7,0.0002
lfw,all,rgb,rgb/Laura_Bush_0028.ppm,53.3,7.889e-7,0.0002
lfw,all,rgb,rgb/Laura_Bush_0029.ppm,61.5,6.035e-7,0.0001
lfw,all,rgb,rgb/Laura_Bush_0030.ppm,62.2,7.677e-7,0.0001
lfw,all,rgb,rgb/Laura_Bush_0031.ppm,60.6,6.603e-7,0.0002
lfw,all,rgb,rgb/Laura_Bush_0032.ppm,56.9,7.501e-7,0.0002
lfw,all,rgb,rgb/Laura_Bush_0033.ppm,60.1,6.741e-7,0.0001
lfw,all,rgb,rgb/Laura_Bush_0034.ppm,62.7,6.080e-7,0.0002
lfw,all,rgb,rgb/Laura_Bush_0035.ppm,57.3,6.987e-7,0.0002
lfw,all,rgb,rgb/Laura_Bush_0036.ppm,58.1,6.668e-7,0.0002
lfw,all,rgb,rgb/Laura_Bush_0037.ppm,52.4,7.702e-7,0.0001
lfw,all,rgb,rgb/Laura_Bush_0038.ppm,60.9,6.808e-7,0.0001
lfw,all,rgb,rgb/Laura_Bush_0039.ppm,58.6,6.796e-7,0.0001
lfw,all,rgb,rgb/Laura_Bush_0040.ppm,58.6,6.663e-7,0.0001
lfw,all,rgb,rgb/Laura_Bush_0041.ppm,69.2,5.635e-7,0.0002
lfw,all,rgb,rgb/Laura_Elena_Harring_0001.ppm,61.6,6.924e-7,0.0002
lfw,all,rgb,rgb/Laura_Flessel_0001.ppm,58.1,7.151e-7,0.0001
lfw,all,rgb,rgb/Laura_Gobai_0001.ppm,54.3,7.202e-7,0.0001
lfw,all,rgb,rgb/Laura_Hernandez_0001.ppm,55.5,6.416e-7,0.0001
lfw,all,rgb,rgb/Laura_Hernandez_0002.ppm,57.6,7.308e-7,0.0001
lfw,all,rgb,rgb/Laura_Linney_0001.ppm,58.3,7.608e-7,0.0002
lfw,all,rgb,rgb/Laura_Linney_0002.ppm,60.1,7.680e-7,0.0002
lfw,all,rgb,rgb/Laura_Linney_0003.ppm,59.5,7.368e-7,0.0001
lfw,all,rgb,rgb/Laura_Linney_0004.ppm,59.4,6.870e-7,0.0001
lfw,all,rgb,rgb/Laura_Marlow_0001.ppm,63.0,7.013e-7,0.0001
lfw,all,rgb,rgb/Laura_Morante_0001.ppm,60.6,6.758e-7,0.0001
lfw,all,rgb,rgb/Laura_Pausini_0001.ppm,61.3,6.483e-7,0.0001
lfw,all,rgb,rgb/Laura_Romero_0001.ppm,44.3,1.034e-6,0.0001
lfw,all,rgb,rgb/Laura_Schlessinger_0001.ppm,60.0,7.894e-7,0.0002
lfw,all,rgb,rgb/Laura_Ziskin_0001.ppm,58.6,7.109e-7,0.0001
lfw,all,rgb,rgb/Laurel_Clark_0001.ppm,62.4,8.471e-7,0.0002
lfw,all,rgb,rgb/Lauren_Hutton_0001.ppm,57.5,6.978e-7,0.0002
lfw,all,rgb,rgb/Lauren_Hutton_0002.ppm,53.0,7.743e-7,0.0002
lfw,all,rgb,rgb/Lauren_Killian_0001.ppm,55.8,7.201e-7,0.0001
lfw,all,rgb,rgb/Lauren_Killian_0002.ppm,60.0,7.173e-7,0.0002
lfw,all,rgb,rgb/Laurence_Fishburne_0001.ppm,58.0,6.259e-7,0.0001
lfw,all,rgb,rgb/Laurence_Tribe_0001.ppm,56.3,7.409e-7,0.0001
lfw,all,rgb,rgb/Laurent_Gbagbo_0001.ppm,60.7,6.757e-7,0.0002
lfw,all,rgb,rgb/Laurent_Gbagbo_0002.ppm,78.6,6.548e-7,0.0002
lfw,all,rgb,rgb/Laurent_Jalabert_0001.ppm,51.7,6.480e-7,0.0001
lfw,all,rgb,rgb/Laurent_Jalabert_0002.ppm,65.7,7.222e-7,0.0001
lfw,all,rgb,rgb/Laurent_Woulzy_0001.ppm,55.0,6.967e-7,0.0001
lfw,all,rgb,rgb/Laurie_Chan_0001.ppm,62.2,7.264e-7,0.0002
lfw,all,rgb,rgb/Laurie_Hobbs_0001.ppm,57.0,7.878e-7,0.0001
lfw,all,rgb,rgb/Laurie_Laychak_0001.ppm,54.8,7.136e-7,0.0001
lfw,all,rgb,rgb/Laurie_Pirtle_0001.ppm,67.5,6.787e-7,0.0002
lfw,all,rgb,rgb/Lawrence_Di_Rita_0001.ppm,60.3,7.157e-7,0.0002
lfw,all,rgb,rgb/Lawrence_Foley_0001.ppm,63.0,7.927e-7,0.0002
lfw,all,rgb,rgb/Lawrence_MacAulay_0001.ppm,54.9,7.099e-7,0.0001
lfw,all,rgb,rgb/Lawrence_MacAulay_0002.ppm,52.5,7.603e-7,0.0002
lfw,all,rgb,rgb/Lawrence_Roberts_0001.ppm,59.6,6.910e-7,0.0002
lfw,all,rgb,rgb/Lawrence_Vito_0001.ppm,64.7,6.636e-7,0.0002
lfw,all,rgb,rgb/Lazaro_Castro_0001.ppm,60.5,6.900e-7,0.0001
lfw,all,rgb,rgb/LeAnn_Rimes_0001.ppm,61.4,6.656e-7,0.0001
lfw,all,rgb,rgb/LeAnn_Rimes_0002.ppm,65.4,6.046e-7,0.0001
lfw,all,rgb,rgb/LeBron_James_0001.ppm,61.5,6.716e-7,0.0001
lfw,all,rgb,rgb/LeBron_James_0002.ppm,62.3,6.441e-7,0.0001
lfw,all,rgb,rgb/LeBron_James_0003.ppm,58.6,6.871e-7,0.0001
lfw,all,rgb,rgb/LeBron_James_0004.ppm,48.6,6.251e-7,0.0001
lfw,all,rgb,rgb/LeBron_James_0005.ppm,62.8,6.916e-7,0.0002
lfw,all,rgb,rgb/LeRoy_Millette_Jr_0001.ppm,54.1,7.600e-7,0.0001
lfw,all,rgb,rgb/Lea_Fastow_0001.ppm,61.4,7.540e-7,0.0002
lfw,all,rgb,rgb/Lea_Fastow_0002.ppm,53.0,8.178e-7,0.0001
lfw,all,rgb,rgb/Leah_Remini_0001.ppm,58.3,6.829e-7,0.0001
lfw,all,rgb,rgb/Leander_Paes_0001.ppm,62.2,7.208e-7,0.0002
lfw,all,rgb,rgb/Leander_Paes_0002.ppm,62.1,6.776e-7,0.0001
lfw,all,rgb,rgb/Leandrinho_Barbosa_0001.ppm,80.9,6.272e-7,0.0002
lfw,all,rgb,rgb/Leandro_Andrade_0001.ppm,60.6,6.810e-7,0.0001
lfw,all,rgb,rgb/Leandro_Garcia_0001.ppm,52.3,7.704e-7,0.0001
lfw,all,rgb,rgb/Lech_Walesa_0001.ppm,57.1,7.636e-7,0.0001
lfw,all,rgb,rgb/Lech_Walesa_0002.ppm,57.4,7.552e-7,0.0001
lfw,all,rgb,rgb/Lee_Ann_Knight_0001.ppm,57.2,6.905e-7,0.0001
lfw,all,rgb,rgb/Lee_Ann_Terlaji_0001.ppm,52.8,7.224e-7,0.0001
lfw,all,rgb,rgb/Lee_Ann_Womack_0001.ppm,58.4,6.213e-7,0.0001
lfw,all,rgb,rgb/Lee_Baca_0001.ppm,56.5,8.019e-7,0.0002
lfw,all,rgb,rgb/Lee_Byung-woong_0001.ppm,52.1,7.618e-7,0.0001
lfw,all,rgb,rgb/Lee_Chang-dong_0001.ppm,56.9,7.098e-7,0.0002
lfw,all,rgb,rgb/Lee_Hoi-chang_0001.ppm,53.8,7.419e-7,0.0002
lfw,all,rgb,rgb/Lee_Hoi-chang_0002.ppm,53.3,6.758e-7,0.0001
lfw,all,rgb,rgb/Lee_Hoi-chang_0003.ppm,55.2,8.049e-7,0.0002
lfw,all,rgb,rgb/Lee_Hoi-chang_0004.ppm,55.4,6.974e-7,0.0001
lfw,all,rgb,rgb/Lee_Hong-ki_0001.ppm,57.2,7.638e-7,0.0002
lfw,all,rgb,rgb/Lee_Hyung-taik_0001.ppm,49.4,6.966e-7,0.0001
lfw,all,rgb,rgb/Lee_Jun_0001.ppm,54.9,8.221e-7,0.0002
lfw,all,rgb,rgb/Lee_Jun_0002.ppm,54.3,7.098e-7,0.0002
lfw,all,rgb,rgb/Lee_Nam-shin_0001.ppm,56.3,7.117e-7,0.0001
lfw,all,rgb,rgb/Lee_Soo-hyuck_0001.ppm,48.9,7.443e-7,0.0001
lfw,all,rgb,rgb/Lee_Soo-hyuck_0002.ppm,53.5,7.735e-7,0.0002
lfw,all,rgb,rgb/Lee_Soo-hyuck_0003.ppm,48.9,7.856e-7,0.0001
lfw,all,rgb,rgb/Lee_Tae-sik_0001.ppm,55.4,8.427e-7,0.0002
lfw,all,rgb,rgb/Lee_Tae-sik_0002.ppm,45.3,1.220e-6,0.0002
lfw,all,rgb,rgb/Lee_Yeo-jin_0001.ppm,57.3,6.275e-7,0.0001
lfw,all,rgb,rgb/Lee_Yuan-tseh_0001.ppm,56.0,7.177e-7,0.0001
lfw,all,rgb,rgb/Leigh_Winchell_0001.ppm,60.3,8.000e-7,0.0002
lfw,all,rgb,rgb/Leisel_Jones_0001.ppm,64.4,7.028e-7,0.0002
lfw,all,rgb,rgb/Lela_Rochon_0001.ppm,57.6,7.749e-7,0.0002
lfw,all,rgb,rgb/Leland_Chapman_0001.ppm,67.2,7.616e-7,0.0001
lfw,all,rgb,rgb/Leland_Chapman_0002.ppm,61.2,6.659e-7,0.0002
lfw,all,rgb,rgb/Lemuel_Montulo_0001.ppm,60.0,7.171e-7,0.0001
lfw,all,rgb,rgb/Len_Jenoff_0001.ppm,50.5,8.557e-7,0.0002
lfw,all,rgb,rgb/Len_Jenoff_0002.ppm,51.7,8.634e-7,0.0002
lfw,all,rgb,rgb/Lena_Katina_0001.ppm,60.2,6.529e-7,0.0002
lfw,all,rgb,rgb/Lena_Olin_0001.ppm,60.0,6.895e-7,0.0001
lfw,all,rgb,rgb/Lene_Espersen_0001.ppm,51.3,8.019e-7,0.0001
lfw,all,rgb,rgb/Leni_Bjorklund_0001.ppm,57.7,6.888e-7,0.0001
lfw,all,rgb,rgb/Lennart_Johansson_0001.ppm,52.4,7.262e-7,0.0002
lfw,all,rgb,rgb/Lennox_Lewis_0001.ppm,61.0,7.778e-7,0.0002
lfw,all,rgb,rgb/Lennox_Lewis_0002.ppm,57.1,7.691e-7,0.0002
lfw,all,rgb,rgb/Lennox_Lewis_0003.ppm,64.0,6.867e-7,0.0002
lfw,all,rgb,rgb/Lenny_Kravitz_0001.ppm,54.9,7.181e-7,0.0002
lfw,all,rgb,rgb/Lenny_Wilkens_0001.ppm,54.6,7.694e-7,0.0002
lfw,all,rgb,rgb/Lenny_Wilkens_0002.ppm,49.6,8.386e-7,0.0001
lfw,all,rgb,rgb/Lenny_Wilkens_0003.ppm,56.3,7.670e-7,0.0001
lfw,all,rgb,rgb/Leo_Mullin_0001.ppm,53.4,7.928e-7,0.0001
lfw,all,rgb,rgb/Leo_Ramirez_0001.ppm,52.6,7.702e-7,0.0001
lfw,all,rgb,rgb/Leon_Barmore_0001.ppm,62.9,7.397e-7,0.0002
lfw,all,rgb,rgb/Leon_LaPorte_0001.ppm,60.8,8.333e-7,0.0002
lfw,all,rgb,rgb/Leon_LaPorte_0002.ppm,65.0,7.151e-7,0.0002
lfw,all,rgb,rgb/Leon_Lai_0001.ppm,55.2,7.594e-7,0.0001
lfw,all,rgb,rgb/Leon_Silver_0001.ppm,52.7,7.425e-7,0.0002
lfw,all,rgb,rgb/Leonard_Glick_0001.ppm,54.9,8.129e-7,0.0002
lfw,all,rgb,rgb/Leonard_Hamilton_0001.ppm,67.3,6.419e-7,0.0002
lfw,all,rgb,rgb/Leonard_Hamilton_0002.ppm,68.5,7.039e-7,0.0002
lfw,all,rgb,rgb/Leonard_Schrank_0001.ppm,57.4,7.507e-7,0.0002
lfw,all,rgb,rgb/Leonardo_Del_Vecchio_0001.ppm,57.5,7.655e-7,0.0002
lfw,all,rgb,rgb/Leonardo_DiCaprio_0001.ppm,60.9,6.911e-7,0.0001
lfw,all,rgb,rgb/Leonardo_DiCaprio_0002.ppm,63.5,6.361e-7,0.0002
lfw,all,rgb,rgb/Leonardo_DiCaprio_0003.ppm,61.6,6.529e-7,0.0001
lfw,all,rgb,rgb/Leonardo_DiCaprio_0004.ppm,59.0,7.238e-7,0.0002
lfw,all,rgb,rgb/Leonardo_DiCaprio_0005.ppm,60.7,6.878e-7,0.0002
lfw,all,rgb,rgb/Leonardo_DiCaprio_0006.ppm,61.4,6.887e-7,0.0002
lfw,all,rgb,rgb/Leonardo_DiCaprio_0007.ppm,59.0,7.532e-7,0.0001
lfw,all,rgb,rgb/Leonardo_DiCaprio_0008.ppm,59.1,6.904e-7,0.0002
lfw,all,rgb,rgb/Leonardo_DiCaprio_0009.ppm,49.0,7.275e-7,0.0001
lfw,all,rgb,rgb/Leonardo_Fernandez_0001.ppm,58.2,6.983e-7,0.0002
lfw,all,rgb,rgb/Leonid_Kuchma_0001.ppm,55.9,7.368e-7,0.0001
lfw,all,rgb,rgb/Leonid_Kuchma_0002.ppm,59.5,7.559e-7,0.0002
lfw,all,rgb,rgb/Leonid_Kuchma_0003.ppm,60.0,6.840e-7,0.0002
lfw,all,rgb,rgb/Leonid_Kuchma_0004.ppm,66.7,6.918e-7,0.0002
lfw,all,rgb,rgb/Leonid_Kuchma_0005.ppm,52.6,7.563e-7,0.0002
lfw,all,rgb,rgb/Leonid_Kuchma_0006.ppm,58.0,6.943e-7,0.0001
lfw,all,rgb,rgb/Lesia_Burlak_0001.ppm,59.7,6.569e-7,0.0001
lfw,all,rgb,rgb/Lesley_Coppin_0001.ppm,64.7,6.031e-7,0.0002
lfw,all,rgb,rgb/Lesley_Flood_0001.ppm,64.4,6.779e-7,0.0001
lfw,all,rgb,rgb/Lesley_McCulloch_0001.ppm,59.4,7.580e-7,0.0002
lfw,all,rgb,rgb/Lesley_McCulloch_0002.ppm,58.4,6.738e-7,0.0002
lfw,all,rgb,rgb/Lesley_McCulloch_0003.ppm,60.4,7.042e-7,0.0002
lfw,all,rgb,rgb/Leslie_Ann_Woodward_0001.ppm,66.2,6.774e-7,0.0001
lfw,all,rgb,rgb/Leslie_Ann_Woodward_0002.ppm,67.8,6.581e-7,0.0002
lfw,all,rgb,rgb/Leslie_Caldwell_0001.ppm,53.6,7.547e-7,0.0001
lfw,all,rgb,rgb/Leslie_Caldwell_0002.ppm,56.5,7.301e-7,0.0002
lfw,all,rgb,rgb/Leslie_Caldwell_0003.ppm,61.2,6.530e-7,0.0001
lfw,all,rgb,rgb/Leslie_Moonves_0001.ppm,60.3,7.217e-7,0.0001
lfw,all,rgb,rgb/Leslie_Moonves_0002.ppm,60.0,7.019e-7,0.0002
lfw,all,rgb,rgb/Leslie_Wiser_Jr_0001.ppm,53.8,8.084e-7,0.0002
lfw,all,rgb,rgb/Lester_Holt_0001.ppm,59.5,7.603e-7,0.0002
lfw,all,rgb,rgb/Leszek_Miller_0001.ppm,55.3,8.599e-7,0.0001
lfw,all,rgb,rgb/Leszek_Miller_0002.ppm,49.3,7.308e-7,0.0001
lfw,all,rgb,rgb/Leszek_Miller_0003.ppm,44.6,9.952e-7,0.0001
lfw,all,rgb,rgb/Leticia_Dolera_0001.ppm,58.9,6.764e-7,0.0001
lfw,all,rgb,rgb/Leticia_Van_de_Putte_0001.ppm,58.7,7.209e-7,0.0001
lfw,all,rgb,rgb/Leuris_Pupo_0001.ppm,60.3,8.043e-7,0.0002
lfw,all,rgb,rgb/Lew_Rywin_0001.ppm,56.6,7.015e-7,0.0001
lfw,all,rgb,rgb/Lewis_Booth_0001.ppm,65.3,6.322e-7,0.0001
lfw,all,rgb,rgb/Li_Changchun_0001.ppm,58.3,6.581e-7,0.0002
lfw,all,rgb,rgb/Li_Ka-shing_0001.ppm,41.8,7.967e-7,0.0001
lfw,all,rgb,rgb/Li_Peng_0001.ppm,55.0,7.487e-7,0.0001
lfw,all,rgb,rgb/Li_Peng_0002.ppm,32.0,6.777e-7,0.0001
lfw,all,rgb,rgb/Li_Peng_0003.ppm,60.0,6.752e-7,0.0001
lfw,all,rgb,rgb/Li_Peng_0004.ppm,63.5,6.190e-7,0.0001
lfw,all,rgb,rgb/Li_Peng_0005.ppm,44.0,8.806e-7,0.0001
lfw,all,rgb,rgb/Li_Peng_0006.ppm,55.7,6.883e-7,0.0001
lfw,all,rgb,rgb/Li_Peng_0007.ppm,49.9,7.273e-7,0.0001
lfw,all,rgb,rgb/Li_Peng_0008.ppm,58.1,7.069e-7,0.0002
lfw,all,rgb,rgb/Li_Peng_0009.ppm,55.9,7.627e-7,0.0002
lfw,all,rgb,rgb/Li_Ruihuan_0001.ppm,51.8,7.706e-7,0.0001
lfw,all,rgb,rgb/Li_Zhaoxing_0001.ppm,55.4,7.638e-7,0.0001
lfw,all,rgb,rgb/Li_Zhaoxing_0002.ppm,55.8,7.157e-7,0.0001
lfw,all,rgb,rgb/Li_Zhaoxing_0003.ppm,52.4,6.730e-7,0.0001
lfw,all,rgb,rgb/Li_Zhaoxing_0004.ppm,60.8,7.350e-7,0.0002
lfw,all,rgb,rgb/Li_Zhaoxing_0005.ppm,62.0,7.730e-7,0.0002
lfw,all,rgb,rgb/Li_Zhaoxing_0006.ppm,58.5,6.865e-7,0.0001
lfw,all,rgb,rgb/Li_Zhaoxing_0007.ppm,56.2,6.878e-7,0.0001
lfw,all,rgb,rgb/Li_Zhaoxing_0008.ppm,52.4,7.369e-7,0.0001
lfw,all,rgb,rgb/Liam_Neeson_0001.ppm,58.3,6.936e-7,0.0002
lfw,all,rgb,rgb/Liam_Neeson_0002.ppm,56.7,6.959e-7,0.0001
lfw,all,rgb,rgb/Liam_Neeson_0003.ppm,56.7,6.796e-7,0.0002
lfw,all,rgb,rgb/Liane_Janda_0001.ppm,61.7,6.107e-7,0.0001
lfw,all,rgb,rgb/Lidija_Djukanovic_0001.ppm,59.4,7.338e-7,0.0001
lfw,all,rgb,rgb/Lili_Marinho_0001.ppm,63.8,7.042e-7,0.0002
lfw,all,rgb,rgb/Lili_Taylor_0001.ppm,60.0,6.992e-7,0.0002
lfw,all,rgb,rgb/Lili_Taylor_0002.ppm,60.4,7.774e-7,0.0001
lfw,all,rgb,rgb/Liliana_Cavani_0001.ppm,61.4,6.927e-7,0.0002
lfw,all,rgb,rgb/Lily_Safra_0001.ppm,59.3,7.140e-7,0.0001
lfw,all,rgb,rgb/Lily_Tomlin_0001.ppm,55.0,7.518e-7,0.0002
lfw,all,rgb,rgb/Lily_Tomlin_0002.ppm,61.2,7.155e-7,0.0001
lfw,all,rgb,rgb/Lim_Dong-won_0001.ppm,54.3,6.882e-7,0.0001
lfw,all,rgb,rgb/Lim_Dong-won_0002.ppm,53.4,7.976e-7,0.0001
lfw,all,rgb,rgb/Lima_Azimi_0001.ppm,59.0,7.066e-7,0.0001
lfw,all,rgb,rgb/Lin_Yi-fu_0001.ppm,55.1,8.176e-7,0.0002
lfw,all,rgb,rgb/Lin_Yung_Hsi_0001.ppm,56.6,6.425e-7,0.0001
lfw,all,rgb,rgb/Lina_Krasnoroutskaya_0001.ppm,56.5,6.706e-7,0.0001
lfw,all,rgb,rgb/Lina_Krasnoroutskaya_0002.ppm,58.7,7.026e-7,0.0001
lfw,all,rgb,rgb/Lincoln_Chafee_0001.ppm,55.5,7.366e-7,0.0001
lfw,all,rgb,rgb/Linda_Amicangioli_0001.ppm,56.6,7.730e-7,0.0001
lfw,all,rgb,rgb/Linda_Baboolal_0001.ppm,52.8,7.438e-7,0.0001
lfw,all,rgb,rgb/Linda_Dano_0001.ppm,60.4,7.215e-7,0.0002
lfw,all,rgb,rgb/Linda_Franklin_0001.ppm,67.0,7.874e-7,0.0002
lfw,all,rgb,rgb/Linda_Ham_0001.ppm,69.5,5.755e-7,0.0001
lfw,all,rgb,rgb/Linda_Lingle_0001.ppm,52.4,7.775e-7,0.0001
lfw,all,rgb,rgb/Linda_Mason_0001.ppm,59.0,7.017e-7,0.0001
lfw,all,rgb,rgb/Linda_Sanchez_0001.ppm,62.8,6.752e-7,0.0001
lfw,all,rgb,rgb/Lindsay_Benko_0001.ppm,57.7,6.754e-7,0.0002
lfw,all,rgb,rgb/Lindsay_Benko_0002.ppm,62.4,8.067e-7,0.0001
lfw,all,rgb,rgb/Lindsay_Davenport_0001.ppm,55.8,7.121e-7,0.0001
lfw,all,rgb,rgb/Lindsay_Davenport_0002.ppm,57.3,6.822e-7,0.0001
lfw,all,rgb,rgb/Lindsay_Davenport_0003.ppm,57.1,7.689e-7,0.0001
lfw,all,rgb,rgb/Lindsay_Davenport_0004.ppm,59.1,7.541e-7,0.0002
lfw,all,rgb,rgb/Lindsay_Davenport_0005.ppm,58.5,6.614e-7,0.0001
lfw,all,rgb,rgb/Lindsay_Davenport_0006.ppm,56.9,7.076e-7,0.0001
lfw,all,rgb,rgb/Lindsay_Davenport_0007.ppm,58.0,7.638e-7,0.0002
lfw,all,rgb,rgb/Lindsay_Davenport_0008.ppm,59.1,7.248e-7,0.0002
lfw,all,rgb,rgb/Lindsay_Davenport_0009.ppm,59.0,7.267e-7,0.0001
lfw,all,rgb,rgb/Lindsay_Davenport_0010.ppm,58.8,7.235e-7,0.0001
lfw,all,rgb,rgb/Lindsay_Davenport_0011.ppm,61.1,6.791e-7,0.0001
lfw,all,rgb,rgb/Lindsay_Davenport_0012.ppm,56.8,7.737e-7,0.0002
lfw,all,rgb,rgb/Lindsay_Davenport_0013.ppm,55.8,8.262e-7,0.0002
lfw,all,rgb,rgb/Lindsay_Davenport_0014.ppm,56.0,6.748e-7,0.0001
lfw,all,rgb,rgb/Lindsay_Davenport_0015.ppm,61.2,6.859e-7,0.0001
lfw,all,rgb,rgb/Lindsay_Davenport_0016.ppm,59.7,7.089e-7,0.0001
lfw,all,rgb,rgb/Lindsay_Davenport_0017.ppm,65.5,6.687e-7,0.0001
lfw,all,rgb,rgb/Lindsay_Davenport_0018.ppm,54.3,8.197e-7,0.0002
lfw,all,rgb,rgb/Lindsay_Davenport_0019.ppm,56.7,7.065e-7,0.0002
lfw,all,rgb,rgb/Lindsay_Davenport_0020.ppm,62.2,6.779e-7,0.0001
lfw,all,rgb,rgb/Lindsay_Davenport_0021.ppm,60.2,6.986e-7,0.0001
lfw,all,rgb,rgb/Lindsay_Davenport_0022.ppm,63.7,7.319e-7,0.0002
lfw,all,rgb,rgb/Lindsay_Lohan_0001.ppm,65.4,6.505e-7,0.0002
lfw,all,rgb,rgb/Lindsey_Graham_0001.ppm,56.1,7.368e-7,0.0002
lfw,all,rgb,rgb/Lindsey_Graham_0002.ppm,61.3,6.928e-7,0.0002
lfw,all,rgb,rgb/Lindy_Ruff_0001.ppm,63.4,7.074e-7,0.0002
lfw,all,rgb,rgb/Linn_Thornton_0001.ppm,60.1,6.691e-7,0.0001
lfw,all,rgb,rgb/Lino_Oviedo_0001.ppm,56.2,7.895e-7,0.0002
lfw,all,rgb,rgb/Lino_Oviedo_0002.ppm,59.5,7.797e-7,0.0002
lfw,all,rgb,rgb/Lino_Oviedo_0003.ppm,54.4,7.350e-7,0.0002
lfw,all,rgb,rgb/Linus_Roache_0001.ppm,58.6,7.207e-7,0.0001
lfw,all,rgb,rgb/Lionel_Chalmers_0001.ppm,57.9,7.402e-7,0.0002
lfw,all,rgb,rgb/Lionel_Hampton_0001.ppm,65.3,6.517e-7,0.0001
lfw,all,rgb,rgb/Lionel_Richie_0001.ppm,62.4,6.929e-7,0.0001
lfw,all,rgb,rgb/Lionel_Richie_0002.ppm,58.8,6.842e-7,0.0001
lfw,all,rgb,rgb/Lisa_Girman_0001.ppm,57.3,6.920e-7,0.0001
lfw,all,rgb,rgb/Lisa_Gottsegen_0001.ppm,59.7,6.934e-7,0.0001
lfw,all,rgb,rgb/Lisa_Gottsegen_0002.ppm,54.4,6.943e-7,0.0002
lfw,all,rgb,rgb/Lisa_Leslie_0001.ppm,55.0,7.283e-7,0.0002
lfw,all,rgb,rgb/Lisa_Ling_0001.ppm,54.5,7.332e-7,0.0002
lfw,all,rgb,rgb/Lisa_Ling_0002.ppm,54.2,7.018e-7,0.0001
lfw,all,rgb,rgb/Lisa_Marie_Presley_0001.ppm,60.2,7.450e-7,0.0002
lfw,all,rgb,rgb/Lisa_Marie_Presley_0002.ppm,57.9,7.005e-7,0.0001
lfw,all,rgb,rgb/Lisa_Marie_Presley_0003.ppm,61.4,7.440e-7,0.0002
lfw,all,rgb,rgb/Lisa_Marie_Presley_0004.ppm,61.0,6.987e-7,0.0001
lfw,all,rgb,rgb/Lisa_Murkowski_0001.ppm,71.3,5.662e-7,0.0001
lfw,all,rgb,rgb/Lisa_Raymond_0001.ppm,70.3,6.831e-7,0.0002
lfw,all,rgb,rgb/Lisa_Raymond_0002.ppm,99.6,6.188e-7,0.0002
lfw,all,rgb,rgb/Lisa_Stansfield_0001.ppm,61.1,6.459e-7,0.0002
lfw,all,rgb,rgb/Lisa_Stone_0001.ppm,61.0,7.249e-7,0.0002
lfw,all,rgb,rgb/Liu_Mingkang_0001.ppm,56.0,7.467e-7,0.0001
lfw,all,rgb,rgb/Liu_Mingkang_0002.ppm,59.6,7.990e-7,0.0001
lfw,all,rgb,rgb/Liu_Xiaoqing_0001.ppm,55.6,7.274e-7,0.0001
lfw,all,rgb,rgb/Liu_Ye_0001.ppm,59.6,6.833e-7,0.0002
lfw,all,rgb,rgb/Liv_Tyler_0001.ppm,61.6,7.068e-7,0.0002
lfw,all,rgb,rgb/Liza_Minnelli_0001.ppm,59.8,7.536e-7,0.0002
lfw,all,rgb,rgb/Liza_Minnelli_0002.ppm,64.9,6.598e-7,0.0002
lfw,all,rgb,rgb/Liza_Minnelli_0003.ppm,67.9,6.895e-7,0.0001
lfw,all,rgb,rgb/Liza_Minnelli_0004.ppm,69.4,6.213e-7,0.0002
lfw,all,rgb,rgb/Liza_Minnelli_0005.ppm,69.9,6.806e-7,0.0002
lfw,all,rgb,rgb/Liza_Minnelli_0006.ppm,64.1,6.521e-7,0.0002
lfw,all,rgb,rgb/Liza_Minnelli_0007.ppm,66.0,7.587e-7,0.0002
lfw,all,rgb,rgb/Lleyton_Hewitt_0001.ppm,52.3,7.655e-7,0.0002
lfw,all,rgb,rgb/Lleyton_Hewitt_0002.ppm,50.7,7.068e-7,0.0001
lfw,all,rgb,rgb/Lleyton_Hewitt_0003.ppm,56.8,7.068e-7,0.0001
lfw,all,rgb,rgb/Lleyton_Hewitt_0004.ppm,55.7,7.320e-7,0.0002
lfw,all,rgb,rgb/Lleyton_Hewitt_0005.ppm,62.4,7.247e-7,0.0002
lfw,all,rgb,rgb/Lleyton_Hewitt_0006.ppm,63.4,8.173e-7,0.0002
lfw,all,rgb,rgb/Lleyton_Hewitt_0007.ppm,58.1,6.810e-7,0.0001
lfw,all,rgb,rgb/Lleyton_Hewitt_0008.ppm,62.5,6.663e-7,0.0001
lfw,all,rgb,rgb/Lleyton_Hewitt_0009.ppm,56.7,7.205e-7,0.0002
lfw,all,rgb,rgb/Lleyton_Hewitt_0010.ppm,55.0,7.546e-7,0.0002
lfw,all,rgb,rgb/Lleyton_Hewitt_0011.ppm,62.3,6.770e-7,0.0001
lfw,all,rgb,rgb/Lleyton_Hewitt_0012.ppm,57.8,6.816e-7,0.0002
lfw,all,rgb,rgb/Lleyton_Hewitt_0013.ppm,58.5,7.146e-7,0.0002
lfw,all,rgb,rgb/Lleyton_Hewitt_0014.ppm,58.5,7.639e-7,0.0002
lfw,all,rgb,rgb/Lleyton_Hewitt_0015.ppm,67.1,6.449e-7,0.0001
lfw,all,rgb,rgb/Lleyton_Hewitt_0016.ppm,57.6,7.826e-7,0.0001
lfw,all,rgb,rgb/Lleyton_Hewitt_0017.ppm,55.5,7.485e-7,0.0001
lfw,all,rgb,rgb/Lleyton_Hewitt_0018.ppm,53.2,8.232e-7,0.0001
lfw,all,rgb,rgb/Lleyton_Hewitt_0019.ppm,56.9,6.752e-7,0.0002
lfw,all,rgb,rgb/Lleyton_Hewitt_0020.ppm,55.9,6.831e-7,0.0001
lfw,all,rgb,rgb/Lleyton_Hewitt_0021.ppm,56.9,7.045e-7,0.0001
lfw,all,rgb,rgb/Lleyton_Hewitt_0022.ppm,59.6,7.124e-7,0.0001
lfw,all,rgb,rgb/Lleyton_Hewitt_0023.ppm,54.5,7.089e-7,0.0001
lfw,all,rgb,rgb/Lleyton_Hewitt_0024.ppm,59.6,7.982e-7,0.0001
lfw,all,rgb,rgb/Lleyton_Hewitt_0025.ppm,53.5,8.523e-7,0.0002
lfw,all,rgb,rgb/Lleyton_Hewitt_0026.ppm,55.1,7.823e-7,0.0002
lfw,all,rgb,rgb/Lleyton_Hewitt_0027.ppm,57.8,7.738e-7,0.0002
lfw,all,rgb,rgb/Lleyton_Hewitt_0028.ppm,58.4,6.678e-7,0.0001
lfw,all,rgb,rgb/Lleyton_Hewitt_0029.ppm,56.3,6.770e-7,0.0001
lfw,all,rgb,rgb/Lleyton_Hewitt_0030.ppm,54.0,7.475e-7,0.0001
lfw,all,rgb,rgb/Lleyton_Hewitt_0031.ppm,55.9,7.005e-7,0.0001
lfw,all,rgb,rgb/Lleyton_Hewitt_0032.ppm,59.7,8.085e-7,0.0002
lfw,all,rgb,rgb/Lleyton_Hewitt_0033.ppm,57.1,7.688e-7,0.0001
lfw,all,rgb,rgb/Lleyton_Hewitt_0034.ppm,58.4,8.255e-7,0.0002
lfw,all,rgb,rgb/Lleyton_Hewitt_0035.ppm,50.9,7.549e-7,0.0001
lfw,all,rgb,rgb/Lleyton_Hewitt_0036.ppm,60.7,7.593e-7,0.0002
lfw,all,rgb,rgb/Lleyton_Hewitt_0037.ppm,59.4,7.057e-7,0.0001
lfw,all,rgb,rgb/Lleyton_Hewitt_0038.ppm,56.4,7.274e-7,0.0001
lfw,all,rgb,rgb/Lleyton_Hewitt_0039.ppm,54.7,7.152e-7,0.0002
lfw,all,rgb,rgb/Lleyton_Hewitt_0040.ppm,61.6,7.055e-7,0.0002
lfw,all,rgb,rgb/Lleyton_Hewitt_0041.ppm,59.9,7.738e-7,0.0002
lfw,all,rgb,rgb/Lloyd_Mudiwa_0001.ppm,55.7,7.038e-7,0.0002
lfw,all,rgb,rgb/Lloyd_Novick_0001.ppm,59.4,7.295e-7,0.0001
lfw,all,rgb,rgb/Lloyd_Richards_0001.ppm,58.9,6.765e-7,0.0001
lfw,all,rgb,rgb/Lloyd_Ward_0001.ppm,60.4,7.295e-7,0.0002
lfw,all,rgb,rgb/Lloyd_Ward_0002.ppm,65.6,7.117e-7,0.0001
lfw,all,rgb,rgb/Lois_Smart_0001.ppm,60.0,6.264e-7,0.0001
lfw,all,rgb,rgb/Lokendra_Bahadur_Chand_0001.ppm,60.9,6.500e-7,0.0002
lfw,all,rgb,rgb/Lon_Kruger_0001.ppm,52.1,7.516e-7,0.0002
lfw,all,rgb,rgb/Lon_Kruger_0002.ppm,58.4,6.931e-7,0.0001
lfw,all,rgb,rgb/Lonnie_Donegan_0001.ppm,56.6,7.552e-7,0.0001
lfw,all,rgb,rgb/Lope_Mendoza_0001.ppm,53.4,8.121e-7,0.0001
lfw,all,rgb,rgb/Lord_Hutton_0001.ppm,59.7,6.971e-7,0.0001
lfw,all,rgb,rgb/Lord_Hutton_0002.ppm,56.3,7.492e-7,0.0002
lfw,all,rgb,rgb/Loretta_Lynn_Harper_0001.ppm,54.5,7.839e-7,0.0001
lfw,all,rgb,rgb/Lori_Berenson_0001.ppm,59.0,6.932e-7,0.0001
lfw,all,rgb,rgb/Lorne_Michaels_0001.ppm,59.2,7.769e-7,0.0002
lfw,all,rgb,rgb/Lorraine_Bracco_0001.ppm,60.0,6.976e-7,0.0002
lfw,all,rgb,rgb/Lorraine_Fenton_0001.ppm,58.8,6.703e-7,0.0001
lfw,all,rgb,rgb/Lou_Lang_0001.ppm,51.7,6.928e-7,0.0001
lfw,all,rgb,rgb/Lou_Piniella_0001.ppm,54.4,8.782e-7,0.0002
lfw,all,rgb,rgb/Lou_Piniella_0002.ppm,66.2,6.754e-7,0.0001
lfw,all,rgb,rgb/Lou_Piniella_0003.ppm,49.0,7.629e-7,0.0002
lfw,all,rgb,rgb/Lou_Reed_0001.ppm,58.1,6.949e-7,0.0001
lfw,all,rgb,rgb/Lou_Ye_0001.ppm,58.5,6.705e-7,0.0001
lfw,all,rgb,rgb/Louis_Van_Gaal_0001.ppm,57.6,7.314e-7,0.0001
lfw,all,rgb,rgb/Louisa_Baileche_0001.ppm,59.9,6.987e-7,0.0002
lfw,all,rgb,rgb/Lubomir_Zaoralek_0001.ppm,47.0,7.734e-7,0.0001
lfw,all,rgb,rgb/Luc_Montagnier_0001.ppm,62.7,6.580e-7,0.0001
lfw,all,rgb,rgb/Luca_Cordero_di_Montezemolo_0001.ppm,56.4,6.723e-7,0.0002
lfw,all,rgb,rgb/Lucas_Wysocki_0001.ppm,49.6,8.120e-7,0.0001
lfw,all,rgb,rgb/Lucia_Kenny_Anthony_0001.ppm,45.7,8.218e-7,0.0001
lfw,all,rgb,rgb/Luciano_Bovicelli_0001.ppm,58.2,8.263e-7,0.0002
lfw,all,rgb,rgb/Luciano_Pavarotti_0001.ppm,53.7,7.615e-7,0.0002
lfw,all,rgb,rgb/Luciano_Pavarotti_0002.ppm,52.7,7.890e-7,0.0002
lfw,all,rgb,rgb/Luciano_Pavarotti_0003.ppm,51.5,7.596e-7,0.0002
lfw,all,rgb,rgb/Lucie_Lapovsky_0001.ppm,58.5,7.486e-7,0.0002
lfw,all,rgb,rgb/Lucio_Angulo_0001.ppm,74.4,6.951e-7,0.0002
lfw,all,rgb,rgb/Lucio_Cecchinello_0001.ppm,61.9,6.688e-7,0.0002
lfw,all,rgb,rgb/Lucio_Gutierrez_0001.ppm,58.9,6.376e-7,0.0001
lfw,all,rgb,rgb/Lucio_Gutierrez_0002.ppm,57.2,7.287e-7,0.0001
lfw,all,rgb,rgb/Lucio_Gutierrez_0003.ppm,52.0,7.475e-7,0.0001
lfw,all,rgb,rgb/Lucio_Gutierrez_0004.ppm,58.0,6.685e-7,0.0002
lfw,all,rgb,rgb/Lucio_Gutierrez_0005.ppm,57.0,7.149e-7,0.0001
lfw,all,rgb,rgb/Lucio_Gutierrez_0006.ppm,59.8,6.762e-7,0.0002
lfw,all,rgb,rgb/Lucio_Gutierrez_0007.ppm,65.5,7.372e-7,0.0002
lfw,all,rgb,rgb/Lucio_Gutierrez_0008.ppm,60.3,6.803e-7,0.0002
lfw,all,rgb,rgb/Lucio_Gutierrez_0009.ppm,57.4,7.235e-7,0.0001
lfw,all,rgb,rgb/Lucio_Gutierrez_0010.ppm,57.1,7.236e-7,0.0002
lfw,all,rgb,rgb/Lucio_Gutierrez_0011.ppm,55.1,7.668e-7,0.0001
lfw,all,rgb,rgb/Lucio_Gutierrez_0012.ppm,53.2,8.666e-7,0.0001
lfw,all,rgb,rgb/Lucio_Gutierrez_0013.ppm,59.5,6.611e-7,0.0001
lfw,all,rgb,rgb/Lucio_Stanca_0001.ppm,57.3,6.674e-7,0.0001
lfw,all,rgb,rgb/Lucrecia_Orozco_0001.ppm,59.1,7.068e-7,0.0001
lfw,all,rgb,rgb/Lucy_Liu_0001.ppm,57.6,8.164e-7,0.0002
lfw,all,rgb,rgb/Lucy_Liu_0002.ppm,70.1,7.199e-7,0.0002
lfw,all,rgb,rgb/Lucy_Liu_0003.ppm,58.6,6.839e-7,0.0001
lfw,all,rgb,rgb/Lucy_Liu_0004.ppm,57.6,6.532e-7,0.0002
lfw,all,rgb,rgb/Lucy_Liu_0005.ppm,60.5,7.233e-7,0.0002
lfw,all,rgb,rgb/Ludivine_Sagnier_0001.ppm,58.1,7.777e-7,0.0002
lfw,all,rgb,rgb/Ludivine_Sagnier_0002.ppm,63.1,6.820e-7,0.0001
lfw,all,rgb,rgb/Ludivine_Sagnier_0003.ppm,60.5,7.557e-7,0.0001
lfw,all,rgb,rgb/Ludivine_Sagnier_0004.ppm,65.0,6.885e-7,0.0002
lfw,all,rgb,rgb/Ludivine_Sagnier_0005.ppm,58.8,7.653e-7,0.0002
lfw,all,rgb,rgb/Ludwig_Ovalle_0001.ppm,59.6,7.686e-7,0.0001
lfw,all,rgb,rgb/Luis_Berrondo_0001.ppm,48.2,8.563e-7,0.0002
lfw,all,rgb,rgb/Luis_Ernesto_Derbez_Bautista_0001.ppm,58.8,7.201e-7,0.0002
lfw,all,rgb,rgb/Luis_Ernesto_Derbez_Bautista_0002.ppm,58.8,7.224e-7,0.0001
lfw,all,rgb,rgb/Luis_Ernesto_Derbez_Bautista_0003.ppm,63.3,7.024e-7,0.0001
lfw,all,rgb,rgb/Luis_Ernesto_Derbez_Bautista_0004.ppm,55.6,7.335e-7,0.0001
lfw,all,rgb,rgb/Luis_Ernesto_Derbez_Bautista_0005.ppm,56.9,7.042e-7,0.0001
lfw,all,rgb,rgb/Luis_Ernesto_Derbez_Bautista_0006.ppm,55.4,7.412e-7,0.0001
lfw,all,rgb,rgb/Luis_Figo_0001.ppm,53.8,7.456e-7,0.0001
lfw,all,rgb,rgb/Luis_Figo_0002.ppm,55.2,6.911e-7,0.0002
lfw,all,rgb,rgb/Luis_Figo_0003.ppm,53.8,7.743e-7,0.0002
lfw,all,rgb,rgb/Luis_Figo_0004.ppm,66.8,9.009e-7,0.0002
lfw,all,rgb,rgb/Luis_Fonsi_0001.ppm,56.0,7.212e-7,0.0002
lfw,all,rgb,rgb/Luis_Gonzalez_0001.ppm,43.7,7.391e-7,0.0001
lfw,all,rgb,rgb/Luis_Gonzalez_Macchi_0001.ppm,60.9,7.524e-7,0.0001
lfw,all,rgb,rgb/Luis_Gonzalez_Macchi_0002.ppm,48.4,8.176e-7,0.0002
lfw,all,rgb,rgb/Luis_Gonzalez_Macchi_0003.ppm,56.8,7.460e-7,0.0001
lfw,all,rgb,rgb/Luis_Gonzalez_Macchi_0004.ppm,50.9,7.803e-7,0.0002
lfw,all,rgb,rgb/Luis_Gonzalez_Macchi_0005.ppm,58.0,7.272e-7,0.0002
lfw,all,rgb,rgb/Luis_Guzman_0001.ppm,61.8,7.331e-7,0.0001
lfw,all,rgb,rgb/Luis_Horna_0001.ppm,53.7,7.438e-7,0.0001
lfw,all,rgb,rgb/Luis_Horna_0002.ppm,49.8,8.007e-7,0.0001
lfw,all,rgb,rgb/Luis_Horna_0003.ppm,54.4,8.253e-7,0.0001
lfw,all,rgb,rgb/Luis_Horna_0004.ppm,55.5,8.536e-7,0.0002
lfw,all,rgb,rgb/Luis_Horna_0005.ppm,56.2,8.423e-7,0.0002
lfw,all,rgb,rgb/Luis_Horna_0006.ppm,53.1,8.078e-7,0.0001
lfw,all,rgb,rgb/Luis_Pujols_0001.ppm,64.9,8.515e-7,0.0003
lfw,all,rgb,rgb/Luis_Rosario_Huertas_0001.ppm,63.4,7.905e-7,0.0002
lfw,all,rgb,rgb/Luis_Sanchez_0001.ppm,56.4,7.832e-7,0.0001
lfw,all,rgb,rgb/Luiz_Felipe_Scolari_0001.ppm,57.7,7.227e-7,0.0002
lfw,all,rgb,rgb/Luiz_Felipe_Scolari_0002.ppm,60.0,7.625e-7,0.0001
lfw,all,rgb,rgb/Luiz_Inacio_Lula_da_Silva_0001.ppm,57.4,7.608e-7,0.0001
lfw,all,rgb,rgb/Luiz_Inacio_Lula_da_Silva_0002.ppm,64.1,7.393e-7,0.0001
lfw,all,rgb,rgb/Luiz_Inacio_Lula_da_Silva_0003.ppm,61.1,7.093e-7,0.0002
lfw,all,rgb,rgb/Luiz_Inacio_Lula_da_Silva_0004.ppm,44.2,1.050e-6,0.0001
lfw,all,rgb,rgb/Luiz_Inacio_Lula_da_Silva_0005.ppm,60.1,6.849e-7,0.0001
lfw,all,rgb,rgb/Luiz_Inacio_Lula_da_Silva_0006.ppm,63.9,6.409e-7,0.0001
lfw,all,rgb,rgb/Luiz_Inacio_Lula_da_Silva_0007.ppm,61.3,6.573e-7,0.0001
lfw,all,rgb,rgb/Luiz_Inacio_Lula_da_Silva_0008.ppm,59.6,7.802e-7,0.0002
lfw,all,rgb,rgb/Luiz_Inacio_Lula_da_Silva_0009.ppm,61.8,6.514e-7,0.0002
lfw,all,rgb,rgb/Luiz_Inacio_Lula_da_Silva_0010.ppm,62.5,6.233e-7,0.0002
lfw,all,rgb,rgb/Luiz_Inacio_Lula_da_Silva_0011.ppm,61.1,6.519e-7,0.0001
lfw,all,rgb,rgb/Luiz_Inacio_Lula_da_Silva_0012.ppm,57.6,6.515e-7,0.0001
lfw,all,rgb,rgb/Luiz_Inacio_Lula_da_Silva_0013.ppm,60.8,6.590e-7,0.0002
lfw,all,rgb,rgb/Luiz_Inacio_Lula_da_Silva_0014.ppm,62.4,6.428e-7,0.0002
lfw,all,rgb,rgb/Luiz_Inacio_Lula_da_Silva_0015.ppm,63.3,6.865e-7,0.0001
lfw,all,rgb,rgb/Luiz_Inacio_Lula_da_Silva_0016.ppm,61.6,7.048e-7,0.0001
lfw,all,rgb,rgb/Luiz_Inacio_Lula_da_Silva_0017.ppm,59.7,7.465e-7,0.0001
lfw,all,rgb,rgb/Luiz_Inacio_Lula_da_Silva_0018.ppm,56.8,8.478e-7,0.0002
lfw,all,rgb,rgb/Luiz_Inacio_Lula_da_Silva_0019.ppm,56.7,7.404e-7,0.0001
lfw,all,rgb,rgb/Luiz_Inacio_Lula_da_Silva_0020.ppm,54.0,8.107e-7,0.0001
lfw,all,rgb,rgb/Luiz_Inacio_Lula_da_Silva_0021.ppm,59.8,6.455e-7,0.0001
lfw,all,rgb,rgb/Luiz_Inacio_Lula_da_Silva_0022.ppm,67.2,6.630e-7,0.0002
lfw,all,rgb,rgb/Luiz_Inacio_Lula_da_Silva_0023.ppm,57.5,6.552e-7,0.0001
lfw,all,rgb,rgb/Luiz_Inacio_Lula_da_Silva_0024.ppm,48.5,7.398e-7,0.0002
lfw,all,rgb,rgb/Luiz_Inacio_Lula_da_Silva_0025.ppm,57.7,8.040e-7,0.0002
lfw,all,rgb,rgb/Luiz_Inacio_Lula_da_Silva_0026.ppm,59.5,6.948e-7,0.0001
lfw,all,rgb,rgb/Luiz_Inacio_Lula_da_Silva_0027.ppm,61.1,7.279e-7,0.0001
lfw,all,rgb,rgb/Luiz_Inacio_Lula_da_Silva_0028.ppm,48.8,9.087e-7,0.0002
lfw,all,rgb,rgb/Luiz_Inacio_Lula_da_Silva_0029.ppm,61.9,6.713e-7,0.0001
lfw,all,rgb,rgb/Luiz_Inacio_Lula_da_Silva_0030.ppm,59.0,8.651e-7,0.0002
lfw,all,rgb,rgb/Luiz_Inacio_Lula_da_Silva_0031.ppm,66.5,6.783e-7,0.0002
lfw,all,rgb,rgb/Luiz_Inacio_Lula_da_Silva_0032.ppm,63.4,6.749e-7,0.0001
lfw,all,rgb,rgb/Luiz_Inacio_Lula_da_Silva_0033.ppm,46.5,9.322e-7,0.0002
lfw,all,rgb,rgb/Luiz_Inacio_Lula_da_Silva_0034.ppm,60.6,7.322e-7,0.0001
lfw,all,rgb,rgb/Luiz_Inacio_Lula_da_Silva_0035.ppm,54.0,7.632e-7,0.0001
lfw,all,rgb,rgb/Luiz_Inacio_Lula_da_Silva_0036.ppm,60.4,6.837e-7,0.0002
lfw,all,rgb,rgb/Luiz_Inacio_Lula_da_Silva_0037.ppm,61.5,6.575e-7,0.0002
lfw,all,rgb,rgb/Luiz_Inacio_Lula_da_Silva_0038.ppm,61.3,6.743e-7,0.0001
lfw,all,rgb,rgb/Luiz_Inacio_Lula_da_Silva_0039.ppm,59.3,7.043e-7,0.0002
lfw,all,rgb,rgb/Luiz_Inacio_Lula_da_Silva_0040.ppm,59.2,6.526e-7,0.0001
lfw,all,rgb,rgb/Luiz_Inacio_Lula_da_Silva_0041.ppm,64.6,6.625e-7,0.0002
lfw,all,rgb,rgb/Luiz_Inacio_Lula_da_Silva_0042.ppm,52.0,7.551e-7,0.0002
lfw,all,rgb,rgb/Luiz_Inacio_Lula_da_Silva_0043.ppm,60.9,7.602e-7,0.0002
lfw,all,rgb,rgb/Luiz_Inacio_Lula_da_Silva_0044.ppm,63.6,6.778e-7,0.0002
lfw,all,rgb,rgb/Luiz_Inacio_Lula_da_Silva_0045.ppm,62.9,6.483e-7,0.0001
lfw,all,rgb,rgb/Luiz_Inacio_Lula_da_Silva_0046.ppm,57.7,7.406e-7,0.0002
lfw,all,rgb,rgb/Luiz_Inacio_Lula_da_Silva_0047.ppm,61.2,6.911e-7,0.0001
lfw,all,rgb,rgb/Luiz_Inacio_Lula_da_Silva_0048.ppm,59.6,6.980e-7,0.0001
lfw,all,rgb,rgb/Luke_Ridnour_0001.ppm,61.6,8.725e-7,0.0002
lfw,all,rgb,rgb/Luke_Smith_0001.ppm,69.5,6.906e-7,0.0002
lfw,all,rgb,rgb/Luke_Walton_0001.ppm,64.4,6.235e-7,0.0002
lfw,all,rgb,rgb/Luke_Walton_0002.ppm,60.7,7.380e-7,0.0002
lfw,all,rgb,rgb/Luo_Linquan_0001.ppm,52.6,7.189e-7,0.0001
lfw,all,rgb,rgb/Luther_Htu_0001.ppm,57.4,6.633e-7,0.0001
lfw,all,rgb,rgb/Lutz_Freitag_0001.ppm,55.7,7.195e-7,0.0001
lfw,all,rgb,rgb/Lydia_Shum_0001.ppm,54.2,5.198e-7,0.0001
lfw,all,rgb,rgb/Lyle_Lovett_0001.ppm,57.1,6.509e-7,0.0001
lfw,all,rgb,rgb/Lyle_Vanclief_0001.ppm,61.6,6.900e-7,0.0001
lfw,all,rgb,rgb/Lyle_Vanclief_0002.ppm,60.6,7.078e-7,0.0001
lfw,all,rgb,rgb/Lynn_Abraham_0001.ppm,56.5,7.440e-7,0.0001
lfw,all,rgb,rgb/Lynn_Abraham_0002.ppm,55.0,7.504e-7,0.0002
lfw,all,rgb,rgb/Lynn_Redgrave_0001.ppm,62.5,7.236e-7,0.0001
lfw,all,rgb,rgb/Lynn_Redgrave_0002.ppm,62.2,7.353e-7,0.0001
lfw,all,rgb,rgb/Lynn_Redgrave_0003.ppm,60.1,7.071e-7,0.0001
lfw,all,rgb,rgb/Lynne_Cheney_0001.ppm,63.5,6.969e-7,0.0002
lfw,all,rgb,rgb/Lynne_Cheney_0002.ppm,58.2,7.162e-7,0.0001
lfw,all,rgb,rgb/Lynne_Cheney_0003.ppm,59.6,7.101e-7,0.0002
lfw,all,rgb,rgb/Lynne_Slepian_0001.ppm,58.7,6.847e-7,0.0001
lfw,all,rgb,rgb/Lynne_Thigpen_0001.ppm,64.4,6.357e-7,0.0002
lfw,all,rgb,rgb/Lyudmila_Putin_0001.ppm,53.7,9.410e-7,0.0002
lfw,all,rgb,rgb/MC_Hammer_0001.ppm,48.4,7.418e-7,0.0001
lfw,all,rgb,rgb/Mack_Brown_0001.ppm,56.6,7.427e-7,0.0002
lfw,all,rgb,rgb/Mack_Brown_0002.ppm,57.6,6.906e-7,0.0002
lfw,all,rgb,rgb/Madeleine_Albright_0001.ppm,55.5,7.485e-7,0.0002
lfw,all,rgb,rgb/Madeleine_Albright_0002.ppm,50.4,7.755e-7,0.0001
lfw,all,rgb,rgb/Madeleine_Albright_0003.ppm,61.5,6.828e-7,0.0001
lfw,all,rgb,rgb/Madeleine_Webber_0001.ppm,65.1,6.857e-7,0.0002
lfw,all,rgb,rgb/Madge_Overhouse_0001.ppm,62.0,7.040e-7,0.0001
lfw,all,rgb,rgb/Madonna_0001.ppm,63.3,7.073e-7,0.0001
lfw,all,rgb,rgb/Madonna_0002.ppm,42.9,8.212e-7,0.0001
lfw,all,rgb,rgb/Madonna_0003.ppm,65.6,6.553e-7,0.0002
lfw,all,rgb,rgb/Madonna_0004.ppm,55.3,7.468e-7,0.0001
lfw,all,rgb,rgb/Madonna_0005.ppm,62.6,6.793e-7,0.0002
lfw,all,rgb,rgb/Mae_Jemison_0001.ppm,57.6,7.473e-7,0.0001
lfw,all,rgb,rgb/Magda_Kertasz_0001.ppm,60.2,6.547e-7,0.0001
lfw,all,rgb,rgb/Magdalena_Maleeva_0001.ppm,53.7,7.649e-7,0.0001
lfw,all,rgb,rgb/Magdalena_Maleeva_0002.ppm,53.5,7.233e-7,0.0001
lfw,all,rgb,rgb/Magdalena_Maleeva_0003.ppm,53.4,7.148e-7,0.0001
lfw,all,rgb,rgb/Maggie_Cheung_0001.ppm,58.2,7.071e-7,0.0001
lfw,all,rgb,rgb/Maggie_Smith_0001.ppm,59.2,7.455e-7,0.0002
lfw,all,rgb,rgb/Maggie_Smith_0002.ppm,58.2,6.797e-7,0.0001
lfw,all,rgb,rgb/Magui_Serna_0001.ppm,56.5,7.154e-7,0.0001
lfw,all,rgb,rgb/Magui_Serna_0002.ppm,60.5,7.196e-7,0.0002
lfw,all,rgb,rgb/Maha_Habib_0001.ppm,63.7,6.904e-7,0.0001
lfw,all,rgb,rgb/Mahathir_Mohamad_0001.ppm,55.9,8.187e-7,0.0001
lfw,all,rgb,rgb/Mahathir_Mohamad_0002.ppm,58.4,7.080e-7,0.0001
lfw,all,rgb,rgb/Mahathir_Mohamad_0003.ppm,60.3,5.876e-7,0.0001
lfw,all,rgb,rgb/Mahathir_Mohamad_0004.ppm,54.1,6.579e-7,0.0001
lfw,all,rgb,rgb/Mahathir_Mohamad_0005.ppm,60.9,7.324e-7,0.0002
lfw,all,rgb,rgb/Mahathir_Mohamad_0006.ppm,56.1,7.333e-7,0.0002
lfw,all,rgb,rgb/Mahathir_Mohamad_0007.ppm,58.0,7.125e-7,0.0002
lfw,all,rgb,rgb/Mahathir_Mohamad_0008.ppm,53.2,6.618e-7,0.0001
lfw,all,rgb,rgb/Mahathir_Mohamad_0009.ppm,37.7,7.535e-7,0.0001
lfw,all,rgb,rgb/Mahathir_Mohamad_0010.ppm,53.3,8.196e-7,0.0001
lfw,all,rgb,rgb/Mahathir_Mohamad_0011.ppm,63.3,6.991e-7,0.0002
lfw,all,rgb,rgb/Mahathir_Mohamad_0012.ppm,53.9,7.902e-7,0.0001
lfw,all,rgb,rgb/Mahathir_Mohamad_0013.ppm,59.4,7.824e-7,0.0002
lfw,all,rgb,rgb/Mahathir_Mohamad_0014.ppm,50.5,9.628e-7,0.0002
lfw,all,rgb,rgb/Mahdi_Al_Bassam_0001.ppm,50.7,7.913e-7,0.0001
lfw,all,rgb,rgb/Mahendra_Chaudhry_0001.ppm,61.1,7.075e-7,0.0001
lfw,all,rgb,rgb/Mahima_Chaudhari_0001.ppm,61.7,6.592e-7,0.0001
lfw,all,rgb,rgb/Mahmoud_Abbas_0001.ppm,59.9,7.940e-7,0.0001
lfw,all,rgb,rgb/Mahmoud_Abbas_0002.ppm,52.7,6.793e-7,0.0002
lfw,all,rgb,rgb/Mahmoud_Abbas_0003.ppm,60.3,7.186e-7,0.0002
lfw,all,rgb,rgb/Mahmoud_Abbas_0004.ppm,54.8,7.894e-7,0.0001
lfw,all,rgb,rgb/Mahmoud_Abbas_0005.ppm,52.8,7.540e-7,0.0001
lfw,all,rgb,rgb/Mahmoud_Abbas_0006.ppm,60.3,6.576e-7,0.0001
lfw,all,rgb,rgb/Mahmoud_Abbas_0007.ppm,59.5,7.307e-7,0.0002
lfw,all,rgb,rgb/Mahmoud_Abbas_0008.ppm,57.6,7.805e-7,0.0002
lfw,all,rgb,rgb/Mahmoud_Abbas_0009.ppm,55.8,7.461e-7,0.0001
lfw,all,rgb,rgb/Mahmoud_Abbas_0010.ppm,56.7,7.861e-7,0.0002
lfw,all,rgb,rgb/Mahmoud_Abbas_0011.ppm,51.0,7.066e-7,0.0001
lfw,all,rgb,rgb/Mahmoud_Abbas_0012.ppm,69.9,6.202e-7,0.0001
lfw,all,rgb,rgb/Mahmoud_Abbas_0013.ppm,65.1,7.123e-7,0.0002
lfw,all,rgb,rgb/Mahmoud_Abbas_0014.ppm,59.5,7.682e-7,0.0002
lfw,all,rgb,rgb/Mahmoud_Abbas_0015.ppm,55.3,7.985e-7,0.0001
lfw,all,rgb,rgb/Mahmoud_Abbas_0016.ppm,53.1,7.650e-7,0.0001
lfw,all,rgb,rgb/Mahmoud_Abbas_0017.ppm,53.0,7.405e-7,0.0002
lfw,all,rgb,rgb/Mahmoud_Abbas_0018.ppm,58.8,7.159e-7,0.0002
lfw,all,rgb,rgb/Mahmoud_Abbas_0019.ppm,57.5,7.272e-7,0.0001
lfw,all,rgb,rgb/Mahmoud_Abbas_0020.ppm,60.9,7.422e-7,0.0001
lfw,all,rgb,rgb/Mahmoud_Abbas_0021.ppm,30.7,6.044e-7,0.0001
lfw,all,rgb,rgb/Mahmoud_Abbas_0022.ppm,57.0,7.471e-7,0.0002
lfw,all,rgb,rgb/Mahmoud_Abbas_0023.ppm,51.8,7.816e-7,0.0002
lfw,all,rgb,rgb/Mahmoud_Abbas_0024.ppm,50.6,7.244e-7,0.0001
lfw,all,rgb,rgb/Mahmoud_Abbas_0025.ppm,50.1,7.859e-7,0.0002
lfw,all,rgb,rgb/Mahmoud_Abbas_0026.ppm,46.4,8.155e-7,0.0001
lfw,all,rgb,rgb/Mahmoud_Abbas_0027.ppm,54.9,7.615e-7,0.0001
lfw,all,rgb,rgb/Mahmoud_Abbas_0028.ppm,62.8,6.572e-7,0.0001
lfw,all,rgb,rgb/Mahmoud_Abbas_0029.ppm,49.4,7.258e-7,0.0001
lfw,all,rgb,rgb/Mahmoud_Al_Zhar_0001.ppm,55.4,8.265e-7,0.0002
lfw,all,rgb,rgb/Mahmoud_Diyab_al-Ahmed_0001.ppm,67.8,7.553e-7,0.0002
lfw,all,rgb,rgb/Makhdoom_Amin_Fahim_0001.ppm,57.5,7.008e-7,0.0001
lfw,all,rgb,rgb/Makhdoom_Amin_Fahim_0002.ppm,59.8,7.556e-7,0.0001
lfw,all,rgb,rgb/Makhdoom_Amin_Fahim_0003.ppm,60.8,6.808e-7,0.0001
lfw,all,rgb,rgb/Makiko_Tanaka_0001.ppm,50.9,8.322e-7,0.0001
lfw,all,rgb,rgb/Makiya_Ali_Hassan_0001.ppm,58.0,7.098e-7,0.0002
lfw,all,rgb,rgb/Malak_Habbak_0001.ppm,53.4,7.394e-7,0.0001
lfw,all,rgb,rgb/Malcolm_Glazer_0001.ppm,63.4,7.255e-7,0.0002
lfw,all,rgb,rgb/Malcolm_Jamal_Warner_0001.ppm,64.6,6.494e-7,0.0001
lfw,all,rgb,rgb/Malcolm_Wild_0001.ppm,53.3,7.269e-7,0.0001
lfw,all,rgb,rgb/Malik_Mahmud_0001.ppm,55.1,7.478e-7,0.0002
lfw,all,rgb,rgb/Mamdouh_Habib_0001.ppm,58.7,7.709e-7,0.0002
lfw,all,rgb,rgb/Manfred_Reyes_Villa_0001.ppm,51.4,8.414e-7,0.0001
lfw,all,rgb,rgb/Manfred_Stolpe_0001.ppm,61.0,7.347e-7,0.0002
lfw,all,rgb,rgb/Manfred_Stolpe_0002.ppm,60.7,7.718e-7,0.0002
lfw,all,rgb,rgb/Manijeh_Hekmat_0001.ppm,64.6,6.716e-7,0.0002
lfw,all,rgb,rgb/Manuel_Gehring_0001.ppm,60.4,6.788e-7,0.0001
lfw,all,rgb,rgb/Manuel_Jesus_0001.ppm,55.0,7.777e-7,0.0001
lfw,all,rgb,rgb/Manuel_Llorente_0001.ppm,64.4,8.518e-7,0.0002
lfw,all,rgb,rgb/Manuel_Pellegrini_0001.ppm,61.0,7.624e-7,0.0002
lfw,all,rgb,rgb/Manuel_Poggiali_0001.ppm,61.1,7.565e-7,0.0001
lfw,all,rgb,rgb/Manuel_Poggiali_0002.ppm,72.5,6.912e-7,0.0002
lfw,all,rgb,rgb/Manuel_Rosendo_0001.ppm,62.0,7.203e-7,0.0002
lfw,all,rgb,rgb/Manuela_Montebrun_0001.ppm,60.2,6.839e-7,0.0001
lfw,all,rgb,rgb/Mara_Georges_0001.ppm,60.9,6.846e-7,0.0002
lfw,all,rgb,rgb/Marat_Safin_0001.ppm,53.1,7.078e-7,0.0001
lfw,all,rgb,rgb/Marat_Safin_0002.ppm,49.1,8.517e-7,0.0001
lfw,all,rgb,rgb/Marat_Safin_0003.ppm,53.9,7.599e-7,0.0001
lfw,all,rgb,rgb/Marc-Andre_Fleury_0001.ppm,60.0,7.147e-7,0.0002
lfw,all,rgb,rgb/Marc-Andre_Fleury_0002.ppm,58.6,6.787e-7,0.0001
lfw,all,rgb,rgb/Marc_Anthony_0001.ppm,57.3,5.934e-7,0.0001
lfw,all,rgb,rgb/Marc_Bulger_0001.ppm,55.6,7.216e-7,0.0001
lfw,all,rgb,rgb/Marc_Gold_0001.ppm,62.5,7.407e-7,0.0002
lfw,all,rgb,rgb/Marc_Grossman_0001.ppm,61.2,6.587e-7,0.0001
lfw,all,rgb,rgb/Marc_Grossman_0002.ppm,56.8,7.719e-7,0.0002
lfw,all,rgb,rgb/Marc_Grossman_0003.ppm,47.6,8.211e-7,0.0001
lfw,all,rgb,rgb/Marc_Grossman_0004.ppm,56.6,7.043e-7,0.0002
lfw,all,rgb,rgb/Marc_Leger_0001.ppm,57.7,6.935e-7,0.0001
lfw,all,rgb,rgb/Marc_Racicot_0001.ppm,55.0,7.804e-7,0.0002
lfw,all,rgb,rgb/Marc_Shaiman_0001.ppm,62.0,6.861e-7,0.0002
lfw,all,rgb,rgb/Marcella_Anderson_0001.ppm,63.0,6.682e-7,0.0002
lfw,all,rgb,rgb/Marcelo_Bielsa_0001.ppm,56.2,6.874e-7,0.0001
lfw,all,rgb,rgb/Marcelo_Ebrard_0001.ppm,60.4,6.969e-7,0.0002
lfw,all,rgb,rgb/Marcelo_Ebrard_0002.ppm,61.4,6.558e-7,0.0001
lfw,all,rgb,rgb/Marcelo_Ebrard_0003.ppm,60.7,7.195e-7,0.0001
lfw,all,rgb,rgb/Marcelo_Rios_0001.ppm,54.3,7.149e-7,0.0001
lfw,all,rgb,rgb/Marcelo_Rios_0002.ppm,48.9,7.199e-7,0.0001
lfw,all,rgb,rgb/Marcelo_Rios_0003.ppm,54.1,7.595e-7,0.0001
lfw,all,rgb,rgb/Marcelo_Rios_0004.ppm,56.5,7.731e-7,0.0001
lfw,all,rgb,rgb/Marcelo_Rios_0005.ppm,55.0,7.688e-7,0.0001
lfw,all,rgb,rgb/Marcelo_Salas_0001.ppm,53.8,7.716e-7,0.0002
lfw,all,rgb,rgb/Marcelo_Salas_0002.ppm,61.1,6.911e-7,0.0001
lfw,all,rgb,rgb/Marcelo_Salas_0003.ppm,50.4,8.040e-7,0.0002
lfw,all,rgb,rgb/Marcio_de_Souza_0001.ppm,74.8,6.165e-7,0.0002
lfw,all,rgb,rgb/Marco_Antonio_Barrera_0001.ppm,60.0,6.506e-7,0.0001
lfw,all,rgb,rgb/Marco_Antonio_Barrera_0002.ppm,58.3,7.315e-7,0.0001
lfw,all,rgb,rgb/Marco_Antonio_Barrera_0003.ppm,55.8,7.386e-7,0.0001
lfw,all,rgb,rgb/Marco_Antonio_Barrera_0004.ppm,58.9,6.890e-7,0.0001
lfw,all,rgb,rgb/Marco_Antonio_Barrera_0005.ppm,55.4,7.102e-7,0.0001
lfw,all,rgb,rgb/Marco_Antonio_Barrera_0006.ppm,60.8,7.002e-7,0.0002
lfw,all,rgb,rgb/Marco_Archer_Cardoso_Moreira_0001.ppm,60.8,7.161e-7,0.0002
lfw,all,rgb,rgb/Marco_Irizarry_0001.ppm,60.8,6.759e-7,0.0001
lfw,all,rgb,rgb/Marco_Pantani_0001.ppm,54.9,6.369e-7,0.0001
lfw,all,rgb,rgb/Marcos_Cafu_0001.ppm,65.7,7.126e-7,0.0002
lfw,all,rgb,rgb/Marcos_Daniel_Jimenez_0001.ppm,54.1,7.909e-7,0.0002
lfw,all,rgb,rgb/Marcos_Milinkovic_0001.ppm,58.7,8.425e-7,0.0002
lfw,all,rgb,rgb/Marcus_Allen_0001.ppm,55.1,6.935e-7,0.0001
lfw,all,rgb,rgb/Marcus_Garrettson_0001.ppm,61.7,6.597e-7,0.0002
lfw,all,rgb,rgb/Marcus_Gronholm_0001.ppm,64.0,6.453e-7,0.0002
lfw,all,rgb,rgb/Marcus_Gronholm_0002.ppm,61.4,6.729e-7,0.0002
lfw,all,rgb,rgb/Margaret_Caruso_0001.ppm,45.0,8.906e-7,0.0002
lfw,all,rgb,rgb/Margaret_Hasley_0001.ppm,52.9,7.231e-7,0.0002
lfw,all,rgb,rgb/Margaret_Hoelzer_0001.ppm,46.7,7.643e-7,0.0001
lfw,all,rgb,rgb/Margaret_Okayo_0001.ppm,59.9,7.065e-7,0.0002
lfw,all,rgb,rgb/Margaret_Thatcher_0001.ppm,54.3,8.124e-7,0.0002
lfw,all,rgb,rgb/Margaret_Thatcher_0002.ppm,61.9,7.255e-7,0.0002
lfw,all,rgb,rgb/Margerry_Bakley_0001.ppm,58.4,7.155e-7,0.0002
lfw,all,rgb,rgb/Margie_Puente_0001.ppm,61.2,6.628e-7,0.0002
lfw,all,rgb,rgb/Maria_Bello_0001.ppm,65.8,7.706e-7,0.0002
lfw,all,rgb,rgb/Maria_Burks_0001.ppm,59.6,6.361e-7,0.0001
lfw,all,rgb,rgb/Maria_Callas_0001.ppm,54.5,7.778e-7,0.0001
lfw,all,rgb,rgb/Maria_Conchita_Alonso_0001.ppm,63.5,7.130e-7,0.0002
lfw,all,rgb,rgb/Maria_Garcia_0001.ppm,56.0,6.763e-7,0.0001
lfw,all,rgb,rgb/Maria_Guida_0001.ppm,58.7,7.468e-7,0.0001
lfw,all,rgb,rgb/Maria_Luisa_Mendonca_0001.ppm,55.3,6.801e-7,0.0001
lfw,all,rgb,rgb/Maria_Luisa_Mendonca_0002.ppm,60.4,6.610e-7,0.0001
lfw,all,rgb,rgb/Maria_Sanchez_Lorenzo_0001.ppm,50.9,6.945e-7,0.0001
lfw,all,rgb,rgb/Maria_Shkolnikova_0001.ppm,57.8,6.830e-7,0.0001
lfw,all,rgb,rgb/Maria_Shriver_0001.ppm,62.9,8.437e-7,0.0002
lfw,all,rgb,rgb/Maria_Shriver_0002.ppm,56.7,6.323e-7,0.0001
lfw,all,rgb,rgb/Maria_Shriver_0003.ppm,64.5,7.712e-7,0.0002
lfw,all,rgb,rgb/Maria_Shriver_0004.ppm,62.7,6.807e-7,0.0002
lfw,all,rgb,rgb/Maria_Shriver_0005.ppm,69.4,6.206e-7,0.0001
lfw,all,rgb,rgb/Maria_Shriver_0006.ppm,57.3,6.828e-7,0.0002
lfw,all,rgb,rgb/Maria_Shriver_0007.ppm,69.9,6.237e-7,0.0002
lfw,all,rgb,rgb/Maria_Shriver_0008.ppm,61.2,7.586e-7,0.0002
lfw,all,rgb,rgb/Maria_Simon_0001.ppm,57.2,7.129e-7,0.0001
lfw,all,rgb,rgb/Maria_Soledad_Alvear_Valenzuela_0001.ppm,35.2,1.012e-6,0.0001
lfw,all,rgb,rgb/Maria_Soledad_Alvear_Valenzuela_0002.ppm,58.2,7.553e-7,0.0002
lfw,all,rgb,rgb/Maria_Soledad_Alvear_Valenzuela_0003.ppm,57.1,7.545e-7,0.0002
lfw,all,rgb,rgb/Maria_Soledad_Alvear_Valenzuela_0004.ppm,56.3,7.020e-7,0.0001
lfw,all,rgb,rgb/Maria_Soledad_Alvear_Valenzuela_0005.ppm,57.5,7.299e-7,0.0002
lfw,all,rgb,rgb/Maria_Wetterstrand_0001.ppm,60.1,6.999e-7,0.0001
lfw,all,rgb,rgb/Mariah_Carey_0001.ppm,50.5,7.301e-7,0.0001
lfw,all,rgb,rgb/Mariah_Carey_0002.ppm,62.0,7.558e-7,0.0002
lfw,all,rgb,rgb/Mariah_Carey_0003.ppm,59.9,8.362e-7,0.0002
lfw,all,rgb,rgb/Mariah_Carey_0004.ppm,58.9,7.735e-7,0.0002
lfw,all,rgb,rgb/Mariah_Carey_0005.ppm,57.4,7.402e-7,0.0001
lfw,all,rgb,rgb/Mariah_Carey_0006.ppm,59.7,7.645e-7,0.0002
lfw,all,rgb,rgb/Mariah_Carey_0007.ppm,58.4,7.635e-7,0.0002
lfw,all,rgb,rgb/Mariam_Ali_Hassan_0001.ppm,56.5,6.693e-7,0.0001
lfw,all,rgb,rgb/Marian_Dolan_0001.ppm,56.0,7.737e-7,0.0002
lfw,all,rgb,rgb/Mariana_Gonzalez_0001.ppm,60.3,7.030e-7,0.0002
lfw,all,rgb,rgb/Mariana_Ohata_0001.ppm,61.2,7.404e-7,0.0001
lfw,all,rgb,rgb/Mariana_Pollack_0001.ppm,56.6,7.127e-7,0.0001
lfw,all,rgb,rgb/Mariana_Pollack_0002.ppm,57.5,8.467e-7,0.0002
lfw,all,rgb,rgb/Mariana_Pollack_0003.ppm,60.0,6.698e-7,0.0001
lfw,all,rgb,rgb/Mariangel_Ruiz_Torrealba_0001.ppm,63.9,7.217e-7,0.0001
lfw,all,rgb,rgb/Mariangel_Ruiz_Torrealba_0002.ppm,66.4,6.750e-7,0.0002
lfw,all,rgb,rgb/Mariangel_Ruiz_Torrealba_0003.ppm,67.0,6.171e-7,0.0002
lfw,all,rgb,rgb/Marianne_Stanley_0001.ppm,67.8,7.012e-7,0.0001
lfw,all,rgb,rgb/Mariano_Zabaleta_0001.ppm,55.8,7.345e-7,0.0002
lfw,all,rgb,rgb/Maribel_Dominguez_0001.ppm,63.7,6.683e-7,0.0001
lfw,all,rgb,rgb/Marie-Josee_Croze_0001.ppm,61.7,6.862e-7,0.0001
lfw,all,rgb,rgb/Marie-Reine_Le_Gougne_0001.ppm,57.9,7.428e-7,0.0002
lfw,all,rgb,rgb/Marie-Reine_Le_Gougne_0002.ppm,64.8,6.760e-7,0.0001
lfw,all,rgb,rgb/Marie_Haghal_0001.ppm,56.7,7.501e-7,0.0002
lfw,all,rgb,rgb/Marieta_Chrousala_0001.ppm,61.7,6.557e-7,0.0001
lfw,all,rgb,rgb/Marieta_Chrousala_0002.ppm,57.6,7.281e-7,0.0002
lfw,all,rgb,rgb/Marieta_Chrousala_0003.ppm,61.1,6.672e-7,0.0002
lfw,all,rgb,rgb/Marilyn_Monroe_0001.ppm,60.5,6.535e-7,0.0001
lfw,all,rgb,rgb/Marilyn_Monroe_0002.ppm,63.4,6.228e-7,0.0001
lfw,all,rgb,rgb/Marina_Anissina_0001.ppm,57.1,6.535e-7,0.0002
lfw,all,rgb,rgb/Marina_Anissina_0002.ppm,59.1,7.010e-7,0.0001
lfw,all,rgb,rgb/Marina_Canetti_0001.ppm,64.7,7.070e-7,0.0001
lfw,all,rgb,rgb/Marina_Hands_0001.ppm,63.3,6.225e-7,0.0001
lfw,all,rgb,rgb/Marina_Kuptsova_0001.ppm,63.9,6.536e-7,0.0001
lfw,all,rgb,rgb/Marina_Silva_0001.ppm,62.7,6.730e-7,0.0001
lfw,all,rgb,rgb/Mario_Alfaro-Lopez_0001.ppm,47.9,7.410e-7,0.0001
lfw,all,rgb,rgb/Mario_Austin_0001.ppm,69.1,6.623e-7,0.0002
lfw,all,rgb,rgb/Mario_Cipollini_0001.ppm,52.4,8.290e-7,0.0001
lfw,all,rgb,rgb/Mario_Cipollini_0002.ppm,57.9,7.715e-7,0.0002
lfw,all,rgb,rgb/Mario_Dominguez_0001.ppm,53.0,9.464e-7,0.0002
lfw,all,rgb,rgb/Mario_Dumont_0001.ppm,54.8,9.146e-7,0.0001
lfw,all,rgb,rgb/Mario_Dumont_0002.ppm,57.1,6.950e-7,0.0001
lfw,all,rgb,rgb/Mario_Gallegos_0001.ppm,65.1,5.998e-7,0.0001
lfw,all,rgb,rgb/Mario_Jardel_0001.ppm,56.1,7.047e-7,0.0002
lfw,all,rgb,rgb/Mario_Kreutzberger_0001.ppm,55.7,7.165e-7,0.0001
lfw,all,rgb,rgb/Mario_Kreutzberger_0002.ppm,63.6,6.959e-7,0.0001
lfw,all,rgb,rgb/Mario_Lemieux_0001.ppm,59.5,7.653e-7,0.0002
lfw,all,rgb,rgb/Mario_Lobo_Zagallo_0001.ppm,60.7,7.064e-7,0.0001
lfw,all,rgb,rgb/Mario_Puzo_0001.ppm,49.3,7.328e-7,0.0001
lfw,all,rgb,rgb/Mario_Vasquez_Rana_0001.ppm,55.5,7.991e-7,0.0001
lfw,all,rgb,rgb/Marion_Barry_0001.ppm,51.8,8.888e-7,0.0001
lfw,all,rgb,rgb/Marion_Fahnestock_0001.ppm,57.5,6.664e-7,0.0001
lfw,all,rgb,rgb/Marisa_Tomei_0001.ppm,60.7,6.835e-7,0.0001
lfw,all,rgb,rgb/Marisa_Tomei_0002.ppm,58.4,6.520e-7,0.0001
lfw,all,rgb,rgb/Marisol_Breton_0001.ppm,63.6,7.140e-7,0.0002
lfw,all,rgb,rgb/Marisol_Martinez_Sambran_0001.ppm,54.4,6.849e-7,0.0001
lfw,all,rgb,rgb/Marissa_Jaret_Winokur_0001.ppm,54.9,7.307e-7,0.0002
lfw,all,rgb,rgb/Marissa_Jaret_Winokur_0002.ppm,55.1,7.376e-7,0.0001
lfw,all,rgb,rgb/Maritza_Macias_Furano_0001.ppm,61.8,7.363e-7,0.0002
lfw,all,rgb,rgb/Mark_Andrew_0001.ppm,65.4,7.231e-7,0.0002
lfw,all,rgb,rgb/Mark_Bellhorn_0001.ppm,59.2,5.659e-7,0.0001
lfw,all,rgb,rgb/Mark_Broxmeyer_0001.ppm,54.6,7.676e-7,0.0001
lfw,all,rgb,rgb/Mark_Butcher_0001.ppm,61.7,6.964e-7,0.0002
lfw,all,rgb,rgb/Mark_Cuban_0001.ppm,59.4,7.407e-7,0.0001
lfw,all,rgb,rgb/Mark_Cuban_0002.ppm,61.8,7.161e-7,0.0002
lfw,all,rgb,rgb/Mark_Dacey_0001.ppm,52.2,8.506e-7,0.0001
lfw,all,rgb,rgb/Mark_Dacey_0002.ppm,54.5,6.822e-7,0.0001
lfw,all,rgb,rgb/Mark_Everson_0001.ppm,55.0,7.589e-7,0.0002
lfw,all,rgb,rgb/Mark_Foley_0001.ppm,50.8,8.326e-7,0.0001
lfw,all,rgb,rgb/Mark_Gangloff_0001.ppm,52.8,7.897e-7,0.0001
lfw,all,rgb,rgb/Mark_Geragos_0001.ppm,50.0,8.472e-7,0.0001
lfw,all,rgb,rgb/Mark_Geragos_0002.ppm,52.6,8.372e-7,0.0002
lfw,all,rgb,rgb/Mark_Gottfried_0001.ppm,54.9,7.703e-7,0.0002
lfw,all,rgb,rgb/Mark_Gottfried_0002.ppm,54.9,7.948e-7,0.0002
lfw,all,rgb,rgb/Mark_Gottfried_0003.ppm,48.4,8.606e-7,0.0001
lfw,all,rgb,rgb/Mark_Hamister_0001.ppm,55.7,7.164e-7,0.0001
lfw,all,rgb,rgb/Mark_Hamister_0002.ppm,55.8,7.662e-7,0.0002
lfw,all,rgb,rgb/Mark_Hanson_0001.ppm,56.3,8.099e-7,0.0002
lfw,all,rgb,rgb/Mark_Heller_0001.ppm,61.0,7.661e-7,0.0002
lfw,all,rgb,rgb/Mark_Heller_0002.ppm,68.3,7.330e-7,0.0002
lfw,all,rgb,rgb/Mark_Hogan_0001.ppm,56.2,8.396e-7,0.0001
lfw,all,rgb,rgb/Mark_Hurlbert_0001.ppm,53.4,8.538e-7,0.0002
lfw,all,rgb,rgb/Mark_Hurlbert_0002.ppm,60.6,7.259e-7,0.0002
lfw,all,rgb,rgb/Mark_Hurlbert_0003.ppm,56.5,8.341e-7,0.0002
lfw,all,rgb,rgb/Mark_Hurlbert_0004.ppm,55.7,8.431e-7,0.0002
lfw,all,rgb,rgb/Mark_Hurlbert_0005.ppm,58.1,7.154e-7,0.0002
lfw,all,rgb,rgb/Mark_Kelly_0001.ppm,68.4,7.590e-7,0.0002
lfw,all,rgb,rgb/Mark_Komara_0001.ppm,73.7,6.383e-7,0.0001
lfw,all,rgb,rgb/Mark_Lazarus_0001.ppm,62.0,6.756e-7,0.0001
lfw,all,rgb,rgb/Mark_Leno_0001.ppm,56.8,7.190e-7,0.0001
lfw,all,rgb,rgb/Mark_Mariscal_0001.ppm,62.0,7.211e-7,0.0002
lfw,all,rgb,rgb/Mark_Martin_0001.ppm,67.2,6.164e-7,0.0001
lfw,all,rgb,rgb/Mark_McClellan_0001.ppm,54.9,7.072e-7,0.0001
lfw,all,rgb,rgb/Mark_Mishkin_0001.ppm,50.1,9.053e-7,0.0001
lfw,all,rgb,rgb/Mark_Mulder_0001.ppm,53.9,7.444e-7,0.0001
lfw,all,rgb,rgb/Mark_Philippoussis_0001.ppm,61.7,6.537e-7,0.0002
lfw,all,rgb,rgb/Mark_Philippoussis_0002.ppm,55.8,7.323e-7,0.0001
lfw,all,rgb,rgb/Mark_Philippoussis_0003.ppm,55.7,7.495e-7,0.0001
lfw,all,rgb,rgb/Mark_Philippoussis_0004.ppm,71.0,6.542e-7,0.0002
lfw,all,rgb,rgb/Mark_Philippoussis_0005.ppm,57.5,6.949e-7,0.0001
lfw,all,rgb,rgb/Mark_Philippoussis_0006.ppm,57.6,6.731e-7,0.0001
lfw,all,rgb,rgb/Mark_Philippoussis_0007.ppm,58.5,6.529e-7,0.0002
lfw,all,rgb,rgb/Mark_Philippoussis_0008.ppm,57.2,7.044e-7,0.0002
lfw,all,rgb,rgb/Mark_Philippoussis_0009.ppm,57.4,6.840e-7,0.0002
lfw,all,rgb,rgb/Mark_Philippoussis_0010.ppm,59.4,7.426e-7,0.0002
lfw,all,rgb,rgb/Mark_Philippoussis_0011.ppm,59.5,6.551e-7,0.0001
lfw,all,rgb,rgb/Mark_Podlesny_0001.ppm,55.0,7.405e-7,0.0001
lfw,all,rgb,rgb/Mark_Polansky_0001.ppm,56.6,7.554e-7,0.0002
lfw,all,rgb,rgb/Mark_Redman_0001.ppm,52.3,8.354e-7,0.0002
lfw,all,rgb,rgb/Mark_Richt_0001.ppm,54.3,6.871e-7,0.0001
lfw,all,rgb,rgb/Mark_Richt_0002.ppm,58.8,8.355e-7,0.0002
lfw,all,rgb,rgb/Mark_Richt_0003.ppm,63.3,6.676e-7,0.0001
lfw,all,rgb,rgb/Mark_Rosenbaum_0001.ppm,59.1,7.378e-7,0.0002
lfw,all,rgb,rgb/Mark_Sacco_0001.ppm,55.3,7.166e-7,0.0001
lfw,all,rgb,rgb/Mark_Salter_0001.ppm,57.2,7.440e-7,0.0002
lfw,all,rgb,rgb/Mark_Schweiker_0001.ppm,58.3,7.403e-7,0.0001
lfw,all,rgb,rgb/Mark_Schweiker_0002.ppm,52.7,7.720e-7,0.0002
lfw,all,rgb,rgb/Mark_Shapiro_0001.ppm,60.0,7.949e-7,0.0002
lfw,all,rgb,rgb/Mark_Sisk_0001.ppm,60.9,7.521e-7,0.0002
lfw,all,rgb,rgb/Mark_Stuart_0001.ppm,63.4,6.930e-7,0.0002
lfw,all,rgb,rgb/Mark_Swartz_0001.ppm,62.7,7.446e-7,0.0002
lfw,all,rgb,rgb/Mark_Wahlberg_0001.ppm,52.5,6.718e-7,0.0001
lfw,all,rgb,rgb/Mark_Wahlberg_0002.ppm,72.2,7.149e-7,0.0002
lfw,all,rgb,rgb/Mark_Wahlberg_0003.ppm,59.8,7.717e-7,0.0001
lfw,all,rgb,rgb/Mark_Wahlberg_0004.ppm,56.5,7.194e-7,0.0002
lfw,all,rgb,rgb/Mark_Warner_0001.ppm,51.9,8.009e-7,0.0001
lfw,all,rgb,rgb/Mark_Warner_0002.ppm,56.2,7.696e-7,0.0001
lfw,all,rgb,rgb/Markus_Beyer_0001.ppm,55.9,6.979e-7,0.0001
lfw,all,rgb,rgb/Markus_Naslund_0001.ppm,59.4,6.808e-7,0.0001
lfw,all,rgb,rgb/Markus_Naslund_0002.ppm,57.9,6.815e-7,0.0002
lfw,all,rgb,rgb/Marlene_Weingartner_0001.ppm,47.4,6.043e-7,0.0001
lfw,all,rgb,rgb/Marlene_Weingartner_0002.ppm,60.6,7.391e-7,0.0002
lfw,all,rgb,rgb/Marlon_Devonish_0001.ppm,67.6,6.982e-7,0.0002
lfw,all,rgb,rgb/Marquier_Montano_Contreras_0001.ppm,58.3,6.571e-7,0.0001
lfw,all,rgb,rgb/Marquis_Estill_0001.ppm,54.7,7.029e-7,0.0001
lfw,all,rgb,rgb/Marricia_Tate_0001.ppm,45.0,9.672e-7,0.0001
lfw,all,rgb,rgb/Marsah_Ambrosius_0001.ppm,52.9,6.914e-7,0.0001
lfw,all,rgb,rgb/Marsha_Sharp_0001.ppm,62.4,7.962e-7,0.0002
lfw,all,rgb,rgb/Marsha_Thomason_0001.ppm,60.3,6.696e-7,0.0001
lfw,all,rgb,rgb/Marta_Dominguz_0001.ppm,60.3,7.098e-7,0.0001
lfw,all,rgb,rgb/Martha_Beatriz_Roque_0001.ppm,44.4,8.502e-7,0.0001
lfw,all,rgb,rgb/Martha_Beatriz_Roque_0002.ppm,64.1,7.362e-7,0.0002
lfw,all,rgb,rgb/Martha_Bowen_0001.ppm,55.8,7.381e-7,0.0001
lfw,all,rgb,rgb/Martha_Bowen_0002.ppm,60.2,7.555e-7,0.0002
lfw,all,rgb,rgb/Martha_Burk_0001.ppm,60.1,7.537e-7,0.0001
lfw,all,rgb,rgb/Martha_Burk_0002.ppm,57.0,7.405e-7,0.0001
lfw,all,rgb,rgb/Martha_Burk_0003.ppm,55.1,7.894e-7,0.0002
lfw,all,rgb,rgb/Martha_Burk_0004.ppm,59.4,6.790e-7,0.0002
lfw,all,rgb,rgb/Martha_Lucia_Ramirez_0001.ppm,63.5,6.840e-7,0.0001
lfw,all,rgb,rgb/Martha_Lucia_Ramirez_0002.ppm,65.2,7.198e-7,0.0002
lfw,all,rgb,rgb/Martha_Lucia_Ramirez_0003.ppm,58.3,7.882e-7,0.0001
lfw,all,rgb,rgb/Martha_Lucia_Ramirez_0004.ppm,56.4,7.647e-7,0.0001
lfw,all,rgb,rgb/Martha_Martinez_Flores_0001.ppm,71.5,6.152e-7,0.0001
lfw,all,rgb,rgb/Martha_Sahagun_de_Fox_0001.ppm,61.3,6.253e-7,0.0001
lfw,all,rgb,rgb/Martha_Smith_0001.ppm,63.4,7.027e-7,0.0002
lfw,all,rgb,rgb/Martha_Stewart_0001.ppm,63.7,6.564e-7,0.0001
lfw,all,rgb,rgb/Martha_Stewart_0002.ppm,58.9,6.447e-7,0.0001
lfw,all,rgb,rgb/Martha_Stewart_0003.ppm,59.7,6.648e-7,0.0002
lfw,all,rgb,rgb/Martha_Stewart_0004.ppm,62.1,5.769e-7,0.0001
lfw,all,rgb,rgb/Martha_Stewart_0005.ppm,59.2,5.741e-7,0.0001
lfw,all,rgb,rgb/Martie_Maguire_0001.ppm,62.4,7.212e-7,0.0002
lfw,all,rgb,rgb/Martin_Bandier_0001.ppm,60.2,7.413e-7,0.0001
lfw,all,rgb,rgb/Martin_Boryczewski_0001.ppm,65.1,7.828e-7,0.0002
lfw,all,rgb,rgb/Martin_Brodeur_0001.ppm,56.3,6.713e-7,0.0001
lfw,all,rgb,rgb/Martin_Brodeur_0002.ppm,66.2,7.193e-7,0.0002
lfw,all,rgb,rgb/Martin_Brooke_0001.ppm,53.4,7.028e-7,0.0001
lfw,all,rgb,rgb/Martin_Burnham_0001.ppm,57.0,8.285e-7,0.0002
lfw,all,rgb,rgb/Martin_Cauchon_0001.ppm,49.4,7.978e-7,0.0001
lfw,all,rgb,rgb/Martin_Cauchon_0002.ppm,51.0,7.132e-7,0.0001
lfw,all,rgb,rgb/Martin_Frost_0001.ppm,56.7,8.073e-7,0.0001
lfw,all,rgb,rgb/Martin_Gecht_0001.ppm,62.1,6.769e-7,0.0001
lfw,all,rgb,rgb/Martin_Hoellwarth_0001.ppm,56.8,6.319e-7,0.0001
lfw,all,rgb,rgb/Martin_Hoellwarth_0002.ppm,54.5,7.583e-7,0.0002
lfw,all,rgb,rgb/Martin_Howard_0001.ppm,59.9,7.085e-7,0.0001
lfw,all,rgb,rgb/Martin_Keown_0001.ppm,55.0,8.220e-7,0.0002
lfw,all,rgb,rgb/Martin_Kristof_0001.ppm,52.6,7.853e-7,0.0001
lfw,all,rgb,rgb/Martin_Landau_0001.ppm,59.3,7.038e-7,0.0002
lfw,all,rgb,rgb/Martin_Lawrence_0001.ppm,55.5,6.939e-7,0.0002
lfw,all,rgb,rgb/Martin_Luther_King_III_0001.ppm,61.3,7.039e-7,0.0002
lfw,all,rgb,rgb/Martin_McCauley_0001.ppm,60.1,6.773e-7,0.0001
lfw,all,rgb,rgb/Martin_McCauley_0002.ppm,59.7,6.509e-7,0.0002
lfw,all,rgb,rgb/Martin_McGuinness_0001.ppm,53.8,9.277e-7,0.0002
lfw,all,rgb,rgb/Martin_McGuinness_0002.ppm,60.5,7.098e-7,0.0001
lfw,all,rgb,rgb/Martin_McGuinness_0003.ppm,61.3,6.873e-7,0.0001
lfw,all,rgb,rgb/Martin_McGuinness_0004.ppm,59.4,7.434e-7,0.0002
lfw,all,rgb,rgb/Martin_McGuinness_0005.ppm,50.1,9.801e-7,0.0002
lfw,all,rgb,rgb/Martin_ONeill_0001.ppm,60.5,6.840e-7,0.0001
lfw,all,rgb,rgb/Martin_Rodriguez_0001.ppm,60.8,7.208e-7,0.0001
lfw,all,rgb,rgb/Martin_Scorsese_0001.ppm,61.6,6.525e-7,0.0002
lfw,all,rgb,rgb/Martin_Scorsese_0002.ppm,58.4,7.247e-7,0.0002
lfw,all,rgb,rgb/Martin_Scorsese_0003.ppm,62.5,8.199e-7,0.0002
lfw,all,rgb,rgb/Martin_Scorsese_0004.ppm,56.8,7.343e-7,0.0001
lfw,all,rgb,rgb/Martin_Scorsese_0005.ppm,59.2,7.564e-7,0.0002
lfw,all,rgb,rgb/Martin_Scorsese_0006.ppm,48.2,8.652e-7,0.0001
lfw,all,rgb,rgb/Martin_Scorsese_0007.ppm,54.8,8.170e-7,0.0002
lfw,all,rgb,rgb/Martin_Sheen_0001.ppm,49.7,9.001e-7,0.0002
lfw,all,rgb,rgb/Martin_Sheen_0002.ppm,50.6,8.294e-7,0.0002
lfw,all,rgb,rgb/Martin_Short_0001.ppm,73.7,6.455e-7,0.0002
lfw,all,rgb,rgb/Martin_Torrijos_0001.ppm,67.0,6.224e-7,0.0002
lfw,all,rgb,rgb/Martin_Verkerk_0001.ppm,52.1,7.569e-7,0.0002
lfw,all,rgb,rgb/Martin_Verkerk_0002.ppm,55.7,6.932e-7,0.0002
lfw,all,rgb,rgb/Martin_Verkerk_0003.ppm,57.1,8.159e-7,0.0001
lfw,all,rgb,rgb/Martina_Hingis_0001.ppm,56.0,7.206e-7,0.0002
lfw,all,rgb,rgb/Martina_Hingis_0002.ppm,63.7,6.117e-7,0.0001
lfw,all,rgb,rgb/Martina_Hingis_0003.ppm,67.3,6.134e-7,0.0001
lfw,all,rgb,rgb/Martina_McBride_0001.ppm,64.9,6.441e-7,0.0001
lfw,all,rgb,rgb/Martina_McBride_0002.ppm,57.5,6.686e-7,0.0001
lfw,all,rgb,rgb/Martina_McBride_0003.ppm,67.6,6.546e-7,0.0001
lfw,all,rgb,rgb/Martina_McBride_0004.ppm,69.1,6.464e-7,0.0002
lfw,all,rgb,rgb/Martina_McBride_0005.ppm,69.5,6.938e-7,0.0002
lfw,all,rgb,rgb/Marty_Mornhinweg_0001.ppm,55.7,7.067e-7,0.0001
lfw,all,rgb,rgb/Marty_Mornhinweg_0002.ppm,56.8,7.671e-7,0.0002
lfw,all,rgb,rgb/Marty_Mornhinweg_0003.ppm,61.8,7.239e-7,0.0001
lfw,all,rgb,rgb/Marvan_Atapattu_0001.ppm,60.2,6.750e-7,0.0001
lfw,all,rgb,rgb/Marwan_Barghouthi_0001.ppm,57.5,7.565e-7,0.0002
lfw,all,rgb,rgb/Marwan_Barghouthi_0002.ppm,57.3,7.948e-7,0.0001
lfw,all,rgb,rgb/Marwan_Muasher_0001.ppm,55.8,7.374e-7,0.0001
lfw,all,rgb,rgb/Mary-Kate_Olsen_0001.ppm,53.9,7.484e-7,0.0001
lfw,all,rgb,rgb/Mary-Kate_Olsen_0002.ppm,59.2,6.554e-7,0.0002
lfw,all,rgb,rgb/Mary-Kate_Olsen_0003.ppm,59.5,6.919e-7,0.0001
lfw,all,rgb,rgb/Mary_Anne_Souza_0001.ppm,57.1,7.054e-7,0.0002
lfw,all,rgb,rgb/Mary_Blige_0001.ppm,63.1,7.328e-7,0.0002
lfw,all,rgb,rgb/Mary_Bono_0001.ppm,61.4,6.648e-7,0.0002
lfw,all,rgb,rgb/Mary_Carey_0001.ppm,61.4,7.358e-7,0.0001
lfw,all,rgb,rgb/Mary_Carey_0002.ppm,47.1,7.351e-7,0.0001
lfw,all,rgb,rgb/Mary_Carey_0003.ppm,57.0,7.533e-7,0.0001
lfw,all,rgb,rgb/Mary_Carey_0004.ppm,61.4,6.936e-7,0.0002
lfw,all,rgb,rgb/Mary_Catherine_Correll_0001.ppm,60.0,7.194e-7,0.0001
lfw,all,rgb,rgb/Mary_Descenza_0001.ppm,57.6,7.661e-7,0.0002
lfw,all,rgb,rgb/Mary_Elizabeth_Mastrantonio_0001.ppm,67.0,6.391e-7,0.0002
lfw,all,rgb,rgb/Mary_Frances_Seiter_0001.ppm,73.6,6.311e-7,0.0002
lfw,all,rgb,rgb/Mary_Hill_0001.ppm,68.5,7.022e-7,0.0002
lfw,all,rgb,rgb/Mary_Jo_Myers_0001.ppm,60.8,7.595e-7,0.0002
lfw,all,rgb,rgb/Mary_Katherine_Smart_0001.ppm,43.3,8.815e-7,0.0001
lfw,all,rgb,rgb/Mary_Landrieu_0001.ppm,55.1,7.685e-7,0.0002
lfw,all,rgb,rgb/Mary_Landrieu_0002.ppm,54.0,7.301e-7,0.0001
lfw,all,rgb,rgb/Mary_Landrieu_0003.ppm,60.5,7.789e-7,0.0002
lfw,all,rgb,rgb/Mary_Lou_Markakis_0001.ppm,52.8,8.830e-7,0.0002
lfw,all,rgb,rgb/Mary_Lou_Retton_0001.ppm,57.4,7.588e-7,0.0001
lfw,all,rgb,rgb/Mary_Maddux_0001.ppm,66.2,5.960e-7,0.0001
lfw,all,rgb,rgb/Mary_Matalin_0001.ppm,53.6,7.387e-7,0.0002
lfw,all,rgb,rgb/Mary_McCarty_0001.ppm,58.8,8.196e-7,0.0002
lfw,all,rgb,rgb/Mary_Robinson_0001.ppm,62.4,7.113e-7,0.0002
lfw,all,rgb,rgb/Mary_Steenburgen_0001.ppm,64.2,6.180e-7,0.0002
lfw,all,rgb,rgb/Mary_Steenburgen_0002.ppm,63.3,6.997e-7,0.0002
lfw,all,rgb,rgb/Mary_Steenburgen_0003.ppm,65.8,6.139e-7,0.0001
lfw,all,rgb,rgb/Mary_Sue_Coleman_0001.ppm,53.0,7.496e-7,0.0001
lfw,all,rgb,rgb/Mary_Tyler_Moore_0001.ppm,56.6,7.555e-7,0.0001
lfw,all,rgb,rgb/Mary_Tyler_Moore_0002.ppm,58.2,7.575e-7,0.0001
lfw,all,rgb,rgb/Mary_Zorn_0001.ppm,61.8,6.760e-7,0.0001
lfw,all,rgb,rgb/Maryn_McKenna_0001.ppm,50.7,7.185e-7,0.0001
lfw,all,rgb,rgb/Masahiko_Nagasawa_0001.ppm,58.5,6.507e-7,0.0001
lfw,all,rgb,rgb/Masahiko_Nagasawa_0002.ppm,60.4,6.814e-7,0.0001
lfw,all,rgb,rgb/Masamori_Tokuyama_0001.ppm,63.0,7.226e-7,0.0002
lfw,all,rgb,rgb/Masao_Azuma_0001.ppm,57.2,6.408e-7,0.0002
lfw,all,rgb,rgb/Masaru_Hayami_0001.ppm,56.4,8.229e-7,0.0002
lfw,all,rgb,rgb/Masatoshi_Koshiba_0001.ppm,55.8,7.597e-7,0.0001
lfw,all,rgb,rgb/Masja_Juel_0001.ppm,59.2,6.751e-7,0.0001
lfw,all,rgb,rgb/Massoud_Barzani_0001.ppm,58.9,7.156e-7,0.0002
lfw,all,rgb,rgb/Masum_Turker_0001.ppm,42.3,1.032e-6,0.0002
lfw,all,rgb,rgb/Masum_Turker_0002.ppm,43.6,9.018e-7,0.0002
lfw,all,rgb,rgb/Masum_Turker_0003.ppm,56.5,7.487e-7,0.0002
lfw,all,rgb,rgb/Mathias_Reichhold_0001.ppm,61.3,7.104e-7,0.0001
lfw,all,rgb,rgb/Mathias_Reichhold_0002.ppm,61.9,6.900e-7,0.0002
lfw,all,rgb,rgb/Mathias_Reichhold_0003.ppm,60.4,7.155e-7,0.0002
lfw,all,rgb,rgb/Mathilda_Karel_Spak_0001.ppm,62.8,6.582e-7,0.0001
lfw,all,rgb,rgb/Matt_Anderson_0001.ppm,56.3,6.099e-7,0.0001
lfw,all,rgb,rgb/Matt_Braker_0001.ppm,56.5,7.991e-7,0.0002
lfw,all,rgb,rgb/Matt_Damon_0001.ppm,57.0,6.818e-7,0.0001
lfw,all,rgb,rgb/Matt_Damon_0002.ppm,59.2,7.378e-7,0.0001
lfw,all,rgb,rgb/Matt_Damon_0003.ppm,60.8,7.469e-7,0.0002
lfw,all,rgb,rgb/Matt_Damon_0004.ppm,59.5,7.163e-7,0.0001
lfw,all,rgb,rgb/Matt_Dillon_0001.ppm,62.4,7.183e-7,0.0002
lfw,all,rgb,rgb/Matt_Dillon_0002.ppm,51.2,8.090e-7,0.0002
lfw,all,rgb,rgb/Matt_Dillon_0003.ppm,62.5,7.412e-7,0.0002
lfw,all,rgb,rgb/Matt_Doherty_0001.ppm,62.1,8.668e-7,0.0002
lfw,all,rgb,rgb/Matt_Doherty_0002.ppm,43.3,8.715e-7,0.0001
lfw,all,rgb,rgb/Matt_Doherty_0003.ppm,52.1,8.388e-7,0.0002
lfw,all,rgb,rgb/Matt_Herden_0001.ppm,59.2,7.876e-7,0.0002
lfw,all,rgb,rgb/Matt_LeBlanc_0001.ppm,59.8,6.949e-7,0.0002
lfw,all,rgb,rgb/Matt_Morris_0001.ppm,60.8,6.455e-7,0.0002
lfw,all,rgb,rgb/Matt_Roney_0001.ppm,68.1,6.111e-7,0.0002
lfw,all,rgb,rgb/Matt_Siebrandt_0001.ppm,48.2,7.901e-7,0.0001
lfw,all,rgb,rgb/Matt_Walters_0001.ppm,51.0,8.586e-7,0.0002
lfw,all,rgb,rgb/Matt_Welsh_0001.ppm,56.7,7.522e-7,0.0002
lfw,all,rgb,rgb/Matthew_Broderick_0001.ppm,57.0,7.812e-7,0.0001
lfw,all,rgb,rgb/Matthew_Broderick_0002.ppm,64.0,6.181e-7,0.0001
lfw,all,rgb,rgb/Matthew_Broderick_0003.ppm,57.0,6.415e-7,0.0001
lfw,all,rgb,rgb/Matthew_Broderick_0004.ppm,60.1,7.752e-7,0.0002
lfw,all,rgb,rgb/Matthew_During_0001.ppm,52.6,8.156e-7,0.0001
lfw,all,rgb,rgb/Matthew_McConaughey_0001.ppm,60.1,7.587e-7,0.0002
lfw,all,rgb,rgb/Matthew_Ouimet_0001.ppm,60.7,7.172e-7,0.0001
lfw,all,rgb,rgb/Matthew_Perry_0001.ppm,61.6,6.820e-7,0.0002
lfw,all,rgb,rgb/Matthew_Perry_0002.ppm,58.2,7.495e-7,0.0002
lfw,all,rgb,rgb/Matthew_Perry_0003.ppm,42.5,7.385e-7,0.0001
lfw,all,rgb,rgb/Matthew_Perry_0004.ppm,61.3,7.214e-7,0.0001
lfw,all,rgb,rgb/Matthew_Perry_0005.ppm,64.8,6.910e-7,0.0001
lfw,all,rgb,rgb/Matthew_Perry_0006.ppm,58.2,7.178e-7,0.0001
lfw,all,rgb,rgb/Matthew_Perry_0007.ppm,59.7,7.655e-7,0.0002
lfw,all,rgb,rgb/Matthew_Vaughan_0001.ppm,59.8,6.784e-7,0.0001
lfw,all,rgb,rgb/Matthias_Sammer_0001.ppm,52.4,7.309e-7,0.0001
lfw,all,rgb,rgb/Maura_Tierney_0001.ppm,57.5,8.186e-7,0.0002
lfw,all,rgb,rgb/Maureen_Fanning_0001.ppm,60.3,6.988e-7,0.0002
lfw,all,rgb,rgb/Maureen_Fanning_0002.ppm,62.8,6.169e-7,0.0001
lfw,all,rgb,rgb/Maureen_Kanka_0001.ppm,57.0,7.354e-7,0.0001
lfw,all,rgb,rgb/Maurice_Cheeks_0001.ppm,58.6,7.224e-7,0.0002
lfw,all,rgb,rgb/Maurice_Papon_0001.ppm,64.4,8.436e-7,0.0002
lfw,all,rgb,rgb/Maurice_Strong_0001.ppm,74.8,6.990e-7,0.0002
lfw,all,rgb,rgb/Mauricio_Macri_0001.ppm,63.7,6.426e-7,0.0002
lfw,all,rgb,rgb/Mauricio_Pochetino_0001.ppm,52.1,6.413e-7,0.0001
lfw,all,rgb,rgb/Mauro_Viza_0001.ppm,58.3,7.066e-7,0.0001
lfw,all,rgb,rgb/Max_Baucus_0001.ppm,52.6,7.502e-7,0.0001
lfw,all,rgb,rgb/Max_Biaggi_0001.ppm,58.4,7.240e-7,0.0002
lfw,all,rgb,rgb/Max_Mayfield_0001.ppm,52.5,8.888e-7,0.0002
lfw,all,rgb,rgb/Max_Mayfield_0002.ppm,56.0,8.740e-7,0.0002
lfw,all,rgb,rgb/Max_Mosley_0001.ppm,60.1,8.793e-7,0.0002
lfw,all,rgb,rgb/Max_von_Sydow_0001.ppm,51.8,7.390e-7,0.0002
lfw,all,rgb,rgb/Maxim_Afinogenov_0001.ppm,48.2,7.056e-7,0.0001
lfw,all,rgb,rgb/Mayumi_Moriyama_0001.ppm,52.8,6.954e-7,0.0001
lfw,all,rgb,rgb/McGuire_Gibson_0001.ppm,47.4,6.705e-7,0.0001
lfw,all,rgb,rgb/Meg_Mallon_0001.ppm,68.2,6.325e-7,0.0002
lfw,all,rgb,rgb/Meg_Wakeman_0001.ppm,52.3,7.864e-7,0.0001
lfw,all,rgb,rgb/Megan_Mullally_0001.ppm,58.5,7.648e-7,0.0002
lfw,all,rgb,rgb/Megan_Mullally_0002.ppm,62.5,7.019e-7,0.0001
lfw,all,rgb,rgb/Megan_Mullally_0003.ppm,56.6,8.917e-7,0.0002
lfw,all,rgb,rgb/Megawati_Sukarnoputri_0001.ppm,57.5,6.637e-7,0.0001
lfw,all,rgb,rgb/Megawati_Sukarnoputri_0002.ppm,52.5,7.769e-7,0.0001
lfw,all,rgb,rgb/Megawati_Sukarnoputri_0003.ppm,52.1,7.575e-7,0.0001
lfw,all,rgb,rgb/Megawati_Sukarnoputri_0004.ppm,53.3,6.636e-7,0.0002
lfw,all,rgb,rgb/Megawati_Sukarnoputri_0005.ppm,58.9,6.949e-7,0.0001
lfw,all,rgb,rgb/Megawati_Sukarnoputri_0006.ppm,52.4,7.061e-7,0.0001
lfw,all,rgb,rgb/Megawati_Sukarnoputri_0007.ppm,56.6,7.543e-7,0.0001
lfw,all,rgb,rgb/Megawati_Sukarnoputri_0008.ppm,53.8,7.421e-7,0.0002
lfw,all,rgb,rgb/Megawati_Sukarnoputri_0009.ppm,55.4,6.816e-7,0.0001
lfw,all,rgb,rgb/Megawati_Sukarnoputri_0010.ppm,57.6,7.164e-7,0.0001
lfw,all,rgb,rgb/Megawati_Sukarnoputri_0011.ppm,56.9,7.550e-7,0.0001
lfw,all,rgb,rgb/Megawati_Sukarnoputri_0012.ppm,70.0,7.296e-7,0.0002
lfw,all,rgb,rgb/Megawati_Sukarnoputri_0013.ppm,62.6,7.573e-7,0.0002
lfw,all,rgb,rgb/Megawati_Sukarnoputri_0014.ppm,52.3,7.837e-7,0.0001
lfw,all,rgb,rgb/Megawati_Sukarnoputri_0015.ppm,55.1,7.074e-7,0.0001
lfw,all,rgb,rgb/Megawati_Sukarnoputri_0016.ppm,56.6,7.519e-7,0.0002
lfw,all,rgb,rgb/Megawati_Sukarnoputri_0017.ppm,55.1,6.862e-7,0.0001
lfw,all,rgb,rgb/Megawati_Sukarnoputri_0018.ppm,56.3,7.135e-7,0.0001
lfw,all,rgb,rgb/Megawati_Sukarnoputri_0019.ppm,58.5,7.167e-7,0.0002
lfw,all,rgb,rgb/Megawati_Sukarnoputri_0020.ppm,56.7,6.986e-7,0.0001
lfw,all,rgb,rgb/Megawati_Sukarnoputri_0021.ppm,57.8,6.898e-7,0.0002
lfw,all,rgb,rgb/Megawati_Sukarnoputri_0022.ppm,53.1,7.267e-7,0.0002
lfw,all,rgb,rgb/Megawati_Sukarnoputri_0023.ppm,57.3,7.244e-7,0.0001
lfw,all,rgb,rgb/Megawati_Sukarnoputri_0024.ppm,54.0,7.150e-7,0.0001
lfw,all,rgb,rgb/Megawati_Sukarnoputri_0025.ppm,56.6,6.535e-7,0.0001
lfw,all,rgb,rgb/Megawati_Sukarnoputri_0026.ppm,55.5,7.167e-7,0.0002
lfw,all,rgb,rgb/Megawati_Sukarnoputri_0027.ppm,54.9,7.011e-7,0.0001
lfw,all,rgb,rgb/Megawati_Sukarnoputri_0028.ppm,58.2,7.224e-7,0.0001
lfw,all,rgb,rgb/Megawati_Sukarnoputri_0029.ppm,58.3,7.268e-7,0.0002
lfw,all,rgb,rgb/Megawati_Sukarnoputri_0030.ppm,60.2,6.943e-7,0.0001
lfw,all,rgb,rgb/Megawati_Sukarnoputri_0031.ppm,59.3,7.343e-7,0.0001
lfw,all,rgb,rgb/Megawati_Sukarnoputri_0032.ppm,57.3,7.067e-7,0.0002
lfw,all,rgb,rgb/Megawati_Sukarnoputri_0033.ppm,52.5,7.278e-7,0.0001
lfw,all,rgb,rgb/Meghann_Shaughnessy_0001.ppm,60.3,6.934e-7,0.0002
lfw,all,rgb,rgb/Meghann_Shaughnessy_0002.ppm,45.7,7.167e-7,0.0001
lfw,all,rgb,rgb/Mehdi_Baala_0001.ppm,67.2,6.888e-7,0.0001
lfw,all,rgb,rgb/Mehmet_Ali_Sahin_0001.ppm,61.3,7.114e-7,0.0002
lfw,all,rgb,rgb/Mehmet_Okur_0001.ppm,60.6,6.693e-7,0.0001
lfw,all,rgb,rgb/Meirion_Evans_0001.ppm,57.9,7.393e-7,0.0001
lfw,all,rgb,rgb/Mekhi_Phifer_0001.ppm,69.1,6.046e-7,0.0001
lfw,all,rgb,rgb/Mel_Brooks_0001.ppm,57.7,7.402e-7,0.0001
lfw,all,rgb,rgb/Mel_Brooks_0002.ppm,56.2,8.630e-7,0.0001
lfw,all,rgb,rgb/Mel_Gibson_0001.ppm,60.8,7.365e-7,0.0002
lfw,all,rgb,rgb/Mel_Gibson_0002.ppm,50.1,9.796e-7,0.0002
lfw,all,rgb,rgb/Mel_Karmazin_0001.ppm,59.0,8.223e-7,0.0002
lfw,all,rgb,rgb/Melana_Scantlin_0001.ppm,55.8,7.296e-7,0.0002
lfw,all,rgb,rgb/Melanie_Griffith_0001.ppm,49.6,6.443e-7,0.0001
lfw,all,rgb,rgb/Melanie_Griffith_0002.ppm,63.2,7.022e-7,0.0002
lfw,all,rgb,rgb/Melanie_Griffith_0003.ppm,58.3,7.529e-7,0.0001
lfw,all,rgb,rgb/Melchor_Cob_Castro_0001.ppm,61.3,6.035e-7,0.0001
lfw,all,rgb,rgb/Meles_Zenawi_0001.ppm,58.6,6.764e-7,0.0001
lfw,all,rgb,rgb/Melina_Kanakaredes_0001.ppm,54.6,7.463e-7,0.0001
lfw,all,rgb,rgb/Melinda_Czink_0001.ppm,60.8,7.440e-7,0.0002
lfw,all,rgb,rgb/Melissa_Etheridge_0001.ppm,50.6,7.087e-7,0.0001
lfw,all,rgb,rgb/Melissa_Etheridge_0002.ppm,54.0,6.239e-7,0.0001
lfw,all,rgb,rgb/Melissa_Gilbert_0001.ppm,61.1,7.128e-7,0.0001
lfw,all,rgb,rgb/Melissa_Joan_Hart_0001.ppm,63.4,7.088e-7,0.0001
lfw,all,rgb,rgb/Melissa_Manchester_0001.ppm,58.1,6.672e-7,0.0001
lfw,all,rgb,rgb/Melissa_Mulloy_0001.ppm,57.6,7.340e-7,0.0001
lfw,all,rgb,rgb/Melissa_Stark_0001.ppm,64.7,6.346e-7,0.0001
lfw,all,rgb,rgb/Melvin_Talbert_0001.ppm,56.2,7.330e-7,0.0002
lfw,all,rgb,rgb/Mercedes_Amor_0001.ppm,31.3,1.570e-6,0.0002
lfw,all,rgb,rgb/Meryl_Streep_0001.ppm,63.7,7.562e-7,0.0002
lfw,all,rgb,rgb/Meryl_Streep_0002.ppm,56.9,7.202e-7,0.0002
lfw,all,rgb,rgb/Meryl_Streep_0003.ppm,60.6,7.017e-7,0.0001
lfw,all,rgb,rgb/Meryl_Streep_0004.ppm,57.0,7.335e-7,0.0001
lfw,all,rgb,rgb/Meryl_Streep_0005.ppm,59.7,7.150e-7,0.0002
lfw,all,rgb,rgb/Meryl_Streep_0006.ppm,57.1,7.784e-7,0.0002
lfw,all,rgb,rgb/Meryl_Streep_0007.ppm,62.2,7.849e-7,0.0002
lfw,all,rgb,rgb/Meryl_Streep_0008.ppm,63.7,7.143e-7,0.0002
lfw,all,rgb,rgb/Meryl_Streep_0009.ppm,59.8,7.498e-7,0.0002
lfw,all,rgb,rgb/Meryl_Streep_0010.ppm,59.0,7.007e-7,0.0001
lfw,all,rgb,rgb/Meryl_Streep_0011.ppm,58.6,7.070e-7,0.0001
lfw,all,rgb,rgb/Meryl_Streep_0012.ppm,59.1,6.405e-7,0.0001
lfw,all,rgb,rgb/Meryl_Streep_0013.ppm,58.0,7.316e-7,0.0002
lfw,all,rgb,rgb/Meryl_Streep_0014.ppm,66.7,7.528e-7,0.0002
lfw,all,rgb,rgb/Meryl_Streep_0015.ppm,62.1,6.896e-7,0.0002
lfw,all,rgb,rgb/Mesut_Yilmaz_0001.ppm,39.9,5.214e-7,0.0001
lfw,all,rgb,rgb/Mesut_Yilmaz_0002.ppm,60.8,6.603e-7,0.0001
lfw,all,rgb,rgb/Mia_Mottley_0001.ppm,64.3,6.558e-7,0.0002
lfw,all,rgb,rgb/Mian_Khursheed_Mehmood_Kasuri_0001.ppm,53.2,7.370e-7,0.0001
lfw,all,rgb,rgb/Mian_Khursheed_Mehmood_Kasuri_0002.ppm,43.6,9.146e-7,0.0002
lfw,all,rgb,rgb/Mian_Khursheed_Mehmood_Kasuri_0003.ppm,60.5,7.611e-7,0.0001
lfw,all,rgb,rgb/Mian_Khursheed_Mehmood_Kasuri_0004.ppm,57.6,7.548e-7,0.0002
lfw,all,rgb,rgb/Micah_Knorr_0001.ppm,60.1,7.454e-7,0.0001
lfw,all,rgb,rgb/Michael_Adams_0001.ppm,59.4,6.619e-7,0.0001
lfw,all,rgb,rgb/Michael_Andretti_0001.ppm,56.2,7.417e-7,0.0002
lfw,all,rgb,rgb/Michael_Arif_0001.ppm,59.0,6.959e-7,0.0002
lfw,all,rgb,rgb/Michael_Ballack_0001.ppm,65.0,6.185e-7,0.0001
lfw,all,rgb,rgb/Michael_Ballack_0002.ppm,56.5,7.197e-7,0.0001
lfw,all,rgb,rgb/Michael_Ballack_0003.ppm,57.0,7.057e-7,0.0001
lfw,all,rgb,rgb/Michael_Bloomberg_0001.ppm,51.7,8.421e-7,0.0001
lfw,all,rgb,rgb/Michael_Bloomberg_0002.ppm,51.5,8.415e-7,0.0001
lfw,all,rgb,rgb/Michael_Bloomberg_0003.ppm,54.8,7.200e-7,0.0001
lfw,all,rgb,rgb/Michael_Bloomberg_0004.ppm,54.2,8.109e-7,0.0002
lfw,all,rgb,rgb/Michael_Bloomberg_0005.ppm,55.7,8.533e-7,0.0002
lfw,all,rgb,rgb/Michael_Bloomberg_0006.ppm,53.0,8.005e-7,0.0002
lfw,all,rgb,rgb/Michael_Bloomberg_0007.ppm,52.6,7.651e-7,0.0001
lfw,all,rgb,rgb/Michael_Bloomberg_0008.ppm,53.7,8.020e-7,0.0002
lfw,all,rgb,rgb/Michael_Bloomberg_0009.ppm,54.4,7.647e-7,0.0001
lfw,all,rgb,rgb/Michael_Bloomberg_0010.ppm,58.1,7.522e-7,0.0001
lfw,all,rgb,rgb/Michael_Bloomberg_0011.ppm,54.2,7.045e-7,0.0002
lfw,all,rgb,rgb/Michael_Bloomberg_0012.ppm,54.8,7.799e-7,0.0002
lfw,all,rgb,rgb/Michael_Bloomberg_0013.ppm,54.4,7.587e-7,0.0002
lfw,all,rgb,rgb/Michael_Bloomberg_0014.ppm,52.1,8.429e-7,0.0002
lfw,all,rgb,rgb/Michael_Bloomberg_0015.ppm,59.6,8.805e-7,0.0002
lfw,all,rgb,rgb/Michael_Bloomberg_0016.ppm,51.9,7.540e-7,0.0001
lfw,all,rgb,rgb/Michael_Bloomberg_0017.ppm,69.0,7.912e-7,0.0002
lfw,all,rgb,rgb/Michael_Bloomberg_0018.ppm,49.3,8.647e-7,0.0001
lfw,all,rgb,rgb/Michael_Bloomberg_0019.ppm,58.0,7.608e-7,0.0002
lfw,all,rgb,rgb/Michael_Bloomberg_0020.ppm,54.6,7.739e-7,0.0002
lfw,all,rgb,rgb/Michael_Bolton_0001.ppm,60.1,8.122e-7,0.0002
lfw,all,rgb,rgb/Michael_Bouchard_0001.ppm,54.5,7.095e-7,0.0001
lfw,all,rgb,rgb/Michael_Boyce_0001.ppm,55.7,7.901e-7,0.0002
lfw,all,rgb,rgb/Michael_Brandon_0001.ppm,65.0,7.071e-7,0.0002
lfw,all,rgb,rgb/Michael_Broad_0001.ppm,52.0,6.832e-7,0.0001
lfw,all,rgb,rgb/Michael_Caine_0001.ppm,41.2,8.109e-7,0.0001
lfw,all,rgb,rgb/Michael_Caine_0002.ppm,59.4,7.683e-7,0.0002
lfw,all,rgb,rgb/Michael_Caine_0003.ppm,55.7,7.153e-7,0.0001
lfw,all,rgb,rgb/Michael_Caine_0004.ppm,52.7,7.213e-7,0.0001
lfw,all,rgb,rgb/Michael_Capellas_0001.ppm,58.7,8.020e-7,0.0001
lfw,all,rgb,rgb/Michael_Capellas_0002.ppm,61.5,6.332e-7,0.0001
lfw,all,rgb,rgb/Michael_Chang_0001.ppm,54.3,7.473e-7,0.0001
lfw,all,rgb,rgb/Michael_Chang_0002.ppm,51.6,7.590e-7,0.0001
lfw,all,rgb,rgb/Michael_Chang_0003.ppm,53.4,7.382e-7,0.0002
lfw,all,rgb,rgb/Michael_Chang_0004.ppm,50.8,7.749e-7,0.0001
lfw,all,rgb,rgb/Michael_Chang_0005.ppm,58.0,7.552e-7,0.0001
lfw,all,rgb,rgb/Michael_Chang_0006.ppm,57.8,7.455e-7,0.0002
lfw,all,rgb,rgb/Michael_Chang_0007.ppm,49.3,7.211e-7,0.0001
lfw,all,rgb,rgb/Michael_Chang_0008.ppm,51.7,7.139e-7,0.0002
lfw,all,rgb,rgb/Michael_Chertoff_0001.ppm,56.2,8.439e-7,0.0002
lfw,all,rgb,rgb/Michael_Chiklis_0001.ppm,58.8,7.413e-7,0.0001
lfw,all,rgb,rgb/Michael_Chiklis_0002.ppm,68.5,6.749e-7,0.0002
lfw,all,rgb,rgb/Michael_Chiklis_0003.ppm,46.3,8.202e-7,0.0001
lfw,all,rgb,rgb/Michael_Chiklis_0004.ppm,63.0,7.567e-7,0.0002
lfw,all,rgb,rgb/Michael_Chiklis_0005.ppm,58.1,7.657e-7,0.0001
lfw,all,rgb,rgb/Michael_Clarke_Duncan_0001.ppm,61.8,6.761e-7,0.0001
lfw,all,rgb,rgb/Michael_DeMinico_0001.ppm,58.5,6.784e-7,0.0002
lfw,all,rgb,rgb/Michael_Dell_0001.ppm,55.6,8.016e-7,0.0001
lfw,all,rgb,rgb/Michael_Denzel_0001.ppm,56.1,7.158e-7,0.0001
lfw,all,rgb,rgb/Michael_Deutsch_0001.ppm,56.9,7.508e-7,0.0002
lfw,all,rgb,rgb/Michael_Diekmann_0001.ppm,53.6,9.068e-7,0.0001
lfw,all,rgb,rgb/Michael_Doleac_0001.ppm,54.7,7.539e-7,0.0002
lfw,all,rgb,rgb/Michael_Donovan_0001.ppm,58.4,7.710e-7,0.0001
lfw,all,rgb,rgb/Michael_Douglas_0001.ppm,58.4,7.538e-7,0.0002
lfw,all,rgb,rgb/Michael_Douglas_0002.ppm,56.3,7.575e-7,0.0001
lfw,all,rgb,rgb/Michael_Douglas_0003.ppm,57.6,7.511e-7,0.0002
lfw,all,rgb,rgb/Michael_Douglas_0004.ppm,54.6,7.676e-7,0.0001
lfw,all,rgb,rgb/Michael_Douglas_0005.ppm,57.8,7.618e-7,0.0001
lfw,all,rgb,rgb/Michael_Douglas_0006.ppm,56.7,7.242e-7,0.0001
lfw,all,rgb,rgb/Michael_Fitzgerald_0001.ppm,54.9,7.808e-7,0.0001
lfw,all,rgb,rgb/Michael_Frayn_0001.ppm,65.2,7.058e-7,0.0001
lfw,all,rgb,rgb/Michael_Friedman_0001.ppm,59.0,7.328e-7,0.0001
lfw,all,rgb,rgb/Michael_Goldrich_0001.ppm,55.7,7.895e-7,0.0001
lfw,all,rgb,rgb/Michael_Guiler_0001.ppm,62.6,6.770e-7,0.0002
lfw,all,rgb,rgb/Michael_Hagee_0001.ppm,41.2,6.511e-7,0.0001
lfw,all,rgb,rgb/Michael_Haneke_0001.ppm,57.1,7.025e-7,0.0002
lfw,all,rgb,rgb/Michael_Hoffa_0001.ppm,60.5,6.494e-7,0.0001
lfw,all,rgb,rgb/Michael_J_Fox_0001.ppm,65.2,7.839e-7,0.0002
lfw,all,rgb,rgb/Michael_J_Sheehan_0001.ppm,64.6,7.055e-7,0.0001
lfw,all,rgb,rgb/Michael_J_Sheehan_0002.ppm,55.5,7.102e-7,0.0002
lfw,all,rgb,rgb/Michael_Jackson_0001.ppm,64.9,6.208e-7,0.0001
lfw,all,rgb,rgb/Michael_Jackson_0002.ppm,63.8,6.403e-7,0.0001
lfw,all,rgb,rgb/Michael_Jackson_0003.ppm,94.6,6.273e-7,0.0002
lfw,all,rgb,rgb/Michael_Jackson_0004.ppm,92.0,6.040e-7,0.0002
lfw,all,rgb,rgb/Michael_Jackson_0005.ppm,94.0,5.754e-7,0.0002
lfw,all,rgb,rgb/Michael_Jackson_0006.ppm,75.1,6.581e-7,0.0002
lfw,all,rgb,rgb/Michael_Jackson_0007.ppm,70.6,5.371e-7,0.0001
lfw,all,rgb,rgb/Michael_Jackson_0008.ppm,76.4,6.136e-7,0.0002
lfw,all,rgb,rgb/Michael_Jackson_0009.ppm,61.2,6.525e-7,0.0001
lfw,all,rgb,rgb/Michael_Jackson_0010.ppm,63.7,6.576e-7,0.0001
lfw,all,rgb,rgb/Michael_Jackson_0011.ppm,68.7,5.780e-7,0.0001
lfw,all,rgb,rgb/Michael_Jackson_0012.ppm,64.5,5.933e-7,0.0001
lfw,all,rgb,rgb/Michael_Jasny_0001.ppm,48.6,9.062e-7,0.0002
lfw,all,rgb,rgb/Michael_Jordan_0001.ppm,58.1,7.046e-7,0.0001
lfw,all,rgb,rgb/Michael_Jordan_0002.ppm,57.5,6.757e-7,0.0001
lfw,all,rgb,rgb/Michael_Jordan_0003.ppm,63.7,6.555e-7,0.0001
lfw,all,rgb,rgb/Michael_Jordan_0004.ppm,54.8,7.212e-7,0.0001
lfw,all,rgb,rgb/Michael_Kahn_0001.ppm,51.5,7.190e-7,0.0001
lfw,all,rgb,rgb/Michael_Keaton_0001.ppm,61.0,6.840e-7,0.0002
lfw,all,rgb,rgb/Michael_Keaton_0002.ppm,62.8,7.200e-7,0.0002
lfw,all,rgb,rgb/Michael_Killeen_0001.ppm,70.5,7.164e-7,0.0002
lfw,all,rgb,rgb/Michael_Kirby_0001.ppm,64.4,6.540e-7,0.0002
lfw,all,rgb,rgb/Michael_Kors_0001.ppm,59.9,7.924e-7,0.0002
lfw,all,rgb,rgb/Michael_Kostelnik_0001.ppm,53.0,6.789e-7,0.0001
lfw,all,rgb,rgb/Michael_Kostelnik_0002.ppm,56.1,1.064e-6,0.0002
lfw,all,rgb,rgb/Michael_Leavitt_0001.ppm,52.2,8.980e-7,0.0001
lfw,all,rgb,rgb/Michael_Leavitt_0002.ppm,56.3,7.604e-7,0.0001
lfw,all,rgb,rgb/Michael_Lechner_0001.ppm,54.9,7.100e-7,0.0001
lfw,all,rgb,rgb/Michael_Linscott_0001.ppm,41.5,1.033e-6,0.0002
lfw,all,rgb,rgb/Michael_Lopez-Alegria_0001.ppm,36.9,1.020e-6,0.0002
lfw,all,rgb,rgb/Michael_McNeely_0001.ppm,64.7,7.136e-7,0.0002
lfw,all,rgb,rgb/Michael_Michele_0001.ppm,61.9,6.883e-7,0.0001
lfw,all,rgb,rgb/Michael_Milton_0001.ppm,56.5,7.311e-7,0.0001
lfw,all,rgb,rgb/Michael_Moore_0001.ppm,53.2,6.302e-7,0.0001
lfw,all,rgb,rgb/Michael_Moore_0002.ppm,56.9,6.389e-7,0.0001
lfw,all,rgb,rgb/Michael_Moore_0003.ppm,60.4,6.628e-7,0.0001
lfw,all,rgb,rgb/Michael_Munoz_0001.ppm,58.6,7.482e-7,0.0001
lfw,all,rgb,rgb/Michael_Olowokandi_0001.ppm,58.6,6.564e-7,0.0002
lfw,all,rgb,rgb/Michael_Patrick_King_0001.ppm,59.7,6.872e-7,0.0001
lfw,all,rgb,rgb/Michael_Patrick_King_0002.ppm,61.9,6.433e-7,0.0001
lfw,all,rgb,rgb/Michael_Peat_0001.ppm,57.7,7.414e-7,0.0001
lfw,all,rgb,rgb/Michael_Pfleger_0001.ppm,57.1,7.746e-7,0.0001
lfw,all,rgb,rgb/Michael_Phelps_0001.ppm,57.1,6.799e-7,0.0002
lfw,all,rgb,rgb/Michael_Phelps_0002.ppm,52.9,7.702e-7,0.0001
lfw,all,rgb,rgb/Michael_Phelps_0003.ppm,58.5,6.641e-7,0.0001
lfw,all,rgb,rgb/Michael_Phelps_0004.ppm,57.3,6.985e-7,0.0001
lfw,all,rgb,rgb/Michael_Phelps_0005.ppm,59.0,6.513e-7,0.0001
lfw,all,rgb,rgb/Michael_Piuze_0001.ppm,56.4,8.131e-7,0.0001
lfw,all,rgb,rgb/Michael_Powell_0001.ppm,42.2,8.610e-7,0.0001
lfw,all,rgb,rgb/Michael_Powell_0002.ppm,55.3,7.594e-7,0.0002
lfw,all,rgb,rgb/Michael_Powell_0003.ppm,56.2,7.875e-7,0.0002
lfw,all,rgb,rgb/Michael_Powell_0004.ppm,57.5,6.998e-7,0.0002
lfw,all,rgb,rgb/Michael_Powell_0005.ppm,60.2,6.780e-7,0.0001
lfw,all,rgb,rgb/Michael_Richards_0001.ppm,56.6,7.655e-7,0.0001
lfw,all,rgb,rgb/Michael_Rolinee_0001.ppm,53.4,7.327e-7,0.0002
lfw,all,rgb,rgb/Michael_Schumacher_0001.ppm,60.7,6.429e-7,0.0001
lfw,all,rgb,rgb/Michael_Schumacher_0002.ppm,58.9,6.928e-7,0.0001
lfw,all,rgb,rgb/Michael_Schumacher_0003.ppm,65.0,6.784e-7,0.0002
lfw,all,rgb,rgb/Michael_Schumacher_0004.ppm,64.2,7.098e-7,0.0002
lfw,all,rgb,rgb/Michael_Schumacher_0005.ppm,54.9,7.609e-7,0.0001
lfw,all,rgb,rgb/Michael_Schumacher_0006.ppm,64.4,7.359e-7,0.0001
lfw,all,rgb,rgb/Michael_Schumacher_0007.ppm,54.3,8.084e-7,0.0001
lfw,all,rgb,rgb/Michael_Schumacher_0008.ppm,65.0,7.517e-7,0.0002
lfw,all,rgb,rgb/Michael_Schumacher_0009.ppm,57.2,7.125e-7,0.0002
lfw,all,rgb,rgb/Michael_Schumacher_0010.ppm,57.0,7.482e-7,0.0001
lfw,all,rgb,rgb/Michael_Schumacher_0011.ppm,51.0,7.114e-7,0.0001
lfw,all,rgb,rgb/Michael_Schumacher_0012.ppm,64.9,6.566e-7,0.0002
lfw,all,rgb,rgb/Michael_Schumacher_0013.ppm,53.4,7.204e-7,0.0001
lfw,all,rgb,rgb/Michael_Schumacher_0014.ppm,47.1,7.983e-7,0.0001
lfw,all,rgb,rgb/Michael_Schumacher_0015.ppm,61.2,7.636e-7,0.0002
lfw,all,rgb,rgb/Michael_Schumacher_0016.ppm,58.6,7.746e-7,0.0001
lfw,all,rgb,rgb/Michael_Schumacher_0017.ppm,59.4,7.380e-7,0.0002
lfw,all,rgb,rgb/Michael_Schumacher_0018.ppm,61.7,7.920e-7,0.0002
lfw,all,rgb,rgb/Michael_Shane_Jolly_0001.ppm,55.7,7.774e-7,0.0001
lfw,all,rgb,rgb/Michael_Sheehan_0001.ppm,57.3,6.735e-7,0.0001
lfw,all,rgb,rgb/Michael_Shelby_0001.ppm,55.9,8.367e-7,0.0002
lfw,all,rgb,rgb/Michael_Smith_Foster_0001.ppm,67.9,7.910e-7,0.0002
lfw,all,rgb,rgb/Michael_Stark_0001.ppm,65.3,7.512e-7,0.0002
lfw,all,rgb,rgb/Michael_Sullivan_0001.ppm,54.5,7.577e-7,0.0001
lfw,all,rgb,rgb/Michael_Sullivan_0002.ppm,56.2,7.149e-7,0.0001
lfw,all,rgb,rgb/Michael_Taylor_0001.ppm,66.3,7.301e-7,0.0002
lfw,all,rgb,rgb/Michael_Wayne_0001.ppm,56.9,7.658e-7,0.0002
lfw,all,rgb,rgb/Michael_Weiss_0001.ppm,57.7,7.128e-7,0.0002
lfw,all,rgb,rgb/Michael_Winterbottom_0001.ppm,60.6,7.812e-7,0.0002
lfw,all,rgb,rgb/Michael_Winterbottom_0002.ppm,54.1,7.814e-7,0.0001
lfw,all,rgb,rgb/Michael_Winterbottom_0003.ppm,52.9,8.016e-7,0.0001
lfw,all,rgb,rgb/Michalis_Chrisohoides_0001.ppm,58.1,7.296e-7,0.0002
lfw,all,rgb,rgb/Micheal_Jourdain_Jr_0001.ppm,58.5,7.594e-7,0.0002
lfw,all,rgb,rgb/Michel_Charles_Chretien_0001.ppm,56.8,7.291e-7,0.0002
lfw,all,rgb,rgb/Michel_Duclos_0001.ppm,52.7,7.398e-7,0.0001
lfw,all,rgb,rgb/Michel_Duclos_0002.ppm,59.7,6.862e-7,0.0002
lfw,all,rgb,rgb/Michel_Kratochvil_0001.ppm,59.2,6.735e-7,0.0002
lfw,all,rgb,rgb/Michel_Minard_0001.ppm,65.3,6.159e-7,0.0001
lfw,all,rgb,rgb/Michel_Temer_0001.ppm,51.8,7.561e-7,0.0002
lfw,all,rgb,rgb/Michel_Temer_0002.ppm,59.9,7.012e-7,0.0002
lfw,all,rgb,rgb/Michel_Therrien_0001.ppm,66.6,6.767e-7,0.0002
lfw,all,rgb,rgb/Michel_Therrien_0002.ppm,57.3,7.388e-7,0.0001
lfw,all,rgb,rgb/Michelangelo_Antonioni_0001.ppm,43.1,5.140e-7,0.0001
lfw,all,rgb,rgb/Michele_Placido_0001.ppm,59.6,7.842e-7,0.0002
lfw,all,rgb,rgb/Michelle_Bachelet_0001.ppm,56.9,7.361e-7,0.0002
lfw,all,rgb,rgb/Michelle_Branch_0001.ppm,62.5,7.021e-7,0.0002
lfw,all,rgb,rgb/Michelle_Branch_0002.ppm,70.3,5.984e-7,0.0002
lfw,all,rgb,rgb/Michelle_Chiklis_0001.ppm,61.3,7.074e-7,0.0002
lfw,all,rgb,rgb/Michelle_Collins_0001.ppm,56.3,7.125e-7,0.0001
lfw,all,rgb,rgb/Michelle_Collins_0002.ppm,59.7,7.050e-7,0.0002
lfw,all,rgb,rgb/Michelle_Hofland_0001.ppm,62.0,7.032e-7,0.0001
lfw,all,rgb,rgb/Michelle_Kwan_0001.ppm,56.7,6.987e-7,0.0001
lfw,all,rgb,rgb/Michelle_Kwan_0002.ppm,57.2,6.916e-7,0.0001
lfw,all,rgb,rgb/Michelle_Kwan_0003.ppm,46.4,8.775e-7,0.0001
lfw,all,rgb,rgb/Michelle_Kwan_0004.ppm,60.5,6.251e-7,0.0001
lfw,all,rgb,rgb/Michelle_Kwan_0005.ppm,58.5,7.032e-7,0.0001
lfw,all,rgb,rgb/Michelle_Kwan_0006.ppm,62.2,7.283e-7,0.0002
lfw,all,rgb,rgb/Michelle_Kwan_0007.ppm,64.3,6.273e-7,0.0001
lfw,all,rgb,rgb/Michelle_Kwan_0008.ppm,52.3,7.733e-7,0.0001
lfw,all,rgb,rgb/Michelle_Lecky_0001.ppm,62.0,6.949e-7,0.0001
lfw,all,rgb,rgb/Michelle_Pfeiffer_0001.ppm,49.4,7.188e-7,0.0001
lfw,all,rgb,rgb/Michelle_Pfeiffer_0002.ppm,53.8,7.524e-7,0.0002
lfw,all,rgb,rgb/Michelle_Pfeiffer_0003.ppm,58.8,6.930e-7,0.0001
lfw,all,rgb,rgb/Michelle_Rodriguez_0001.ppm,59.4,6.817e-7,0.0001
lfw,all,rgb,rgb/Michelle_Rodriguez_0002.ppm,56.9,7.308e-7,0.0001
lfw,all,rgb,rgb/Michelle_Yeoh_0001.ppm,54.7,8.950e-7,0.0002
lfw,all,rgb,rgb/Michelle_Yeoh_0002.ppm,57.0,8.032e-7,0.0002
lfw,all,rgb,rgb/Michelle_Yeoh_0003.ppm,66.0,6.999e-7,0.0002
lfw,all,rgb,rgb/Michelle_Yeoh_0004.ppm,58.8,6.644e-7,0.0001
lfw,all,rgb,rgb/Michelle_Yeoh_0005.ppm,55.0,7.434e-7,0.0001
lfw,all,rgb,rgb/Mick_Jagger_0001.ppm,62.2,6.738e-7,0.0002
lfw,all,rgb,rgb/Mick_Jagger_0002.ppm,61.3,7.302e-7,0.0002
lfw,all,rgb,rgb/Mick_Jagger_0003.ppm,65.1,7.082e-7,0.0002
lfw,all,rgb,rgb/Mick_Jagger_0004.ppm,58.2,6.822e-7,0.0002
lfw,all,rgb,rgb/Mick_Jagger_0005.ppm,64.9,6.618e-7,0.0001
lfw,all,rgb,rgb/Mick_McCarthy_0001.ppm,56.4,7.215e-7,0.0001
lfw,all,rgb,rgb/Mickey_Gilley_0001.ppm,57.2,7.221e-7,0.0002
lfw,all,rgb,rgb/Mickey_Loomis_0001.ppm,64.4,6.743e-7,0.0001
lfw,all,rgb,rgb/Mickey_Rooney_0001.ppm,76.4,6.724e-7,0.0002
lfw,all,rgb,rgb/Mickey_Sherman_0001.ppm,55.7,7.541e-7,0.0001
lfw,all,rgb,rgb/Micky_Arison_0001.ppm,55.9,7.462e-7,0.0001
lfw,all,rgb,rgb/Micky_Ward_0001.ppm,47.1,7.797e-7,0.0002
lfw,all,rgb,rgb/Miguel_Aldana_Ibarra_0001.ppm,53.5,6.794e-7,0.0001
lfw,all,rgb,rgb/Miguel_Angel_Rodriguez_0001.ppm,63.5,6.916e-7,0.0002
lfw,all,rgb,rgb/Miguel_Contreras_0001.ppm,52.7,8.599e-7,0.0002
lfw,all,rgb,rgb/Miguel_Contreras_0002.ppm,54.7,7.711e-7,0.0001
lfw,all,rgb,rgb/Miguel_Cotto_0001.ppm,58.3,6.818e-7,0.0002
lfw,all,rgb,rgb/Miguel_Estrada_0001.ppm,59.8,6.855e-7,0.0001
lfw,all,rgb,rgb/Miguel_Estrada_0002.ppm,57.6,7.527e-7,0.0002
lfw,all,rgb,rgb/Miguel_Hakim_0001.ppm,55.4,7.648e-7,0.0001
lfw,all,rgb,rgb/Miguel_Jimenez_0001.ppm,58.0,6.861e-7,0.0002
lfw,all,rgb,rgb/Miguel_Juarez_Perez_0001.ppm,65.1,6.781e-7,0.0001
lfw,all,rgb,rgb/Miguel_Rosseto_0001.ppm,59.9,7.679e-7,0.0002
lfw,all,rgb,rgb/Mika_Hakkinen_0001.ppm,64.1,6.884e-7,0.0002
lfw,all,rgb,rgb/Mike_Alden_0001.ppm,51.0,7.493e-7,0.0001
lfw,all,rgb,rgb/Mike_Babcock_0001.ppm,57.0,6.931e-7,0.0001
lfw,all,rgb,rgb/Mike_Babcock_0002.ppm,53.3,7.412e-7,0.0001
lfw,all,rgb,rgb/Mike_Bair_0001.ppm,62.0,7.648e-7,0.0002
lfw,all,rgb,rgb/Mike_Brey_0001.ppm,51.3,8.138e-7,0.0002
lfw,all,rgb,rgb/Mike_Brey_0002.ppm,52.2,7.672e-7,0.0001
lfw,all,rgb,rgb/Mike_Bryan_0001.ppm,67.3,6.340e-7,0.0002
lfw,all,rgb,rgb/Mike_Carona_0001.ppm,46.0,9.717e-7,0.0002
lfw,all,rgb,rgb/Mike_Cunning_0001.ppm,63.2,6.234e-7,0.0001
lfw,all,rgb,rgb/Mike_Davis_0001.ppm,55.4,7.883e-7,0.0002
lfw,all,rgb,rgb/Mike_Duke_0001.ppm,40.5,6.475e-7,0.0001
lfw,all,rgb,rgb/Mike_Easley_0001.ppm,51.8,7.296e-7,0.0001
lfw,all,rgb,rgb/Mike_Eskew_0001.ppm,58.2,7.488e-7,0.0001
lfw,all,rgb,rgb/Mike_Farrar_0001.ppm,53.5,7.835e-7,0.0001
lfw,all,rgb,rgb/Mike_Fisher_0001.ppm,62.6,7.854e-7,0.0002
lfw,all,rgb,rgb/Mike_Flanagan_0001.ppm,47.3,8.793e-7,0.0002
lfw,all,rgb,rgb/Mike_Gable_0001.ppm,66.2,7.704e-7,0.0002
lfw,all,rgb,rgb/Mike_Helton_0001.ppm,61.3,7.132e-7,0.0002
lfw,all,rgb,rgb/Mike_Helton_0002.ppm,60.3,7.343e-7,0.0002
lfw,all,rgb,rgb/Mike_Holmgren_0001.ppm,53.2,8.789e-7,0.0002
lfw,all,rgb,rgb/Mike_Holmgren_0002.ppm,57.9,8.349e-7,0.0001
lfw,all,rgb,rgb/Mike_Johanns_0001.ppm,54.0,7.701e-7,0.0001
lfw,all,rgb,rgb/Mike_Krzyzewski_0001.ppm,49.1,7.631e-7,0.0002
lfw,all,rgb,rgb/Mike_Krzyzewski_0002.ppm,52.1,8.424e-7,0.0002
lfw,all,rgb,rgb/Mike_Krzyzewski_0003.ppm,49.4,9.133e-7,0.0001
lfw,all,rgb,rgb/Mike_Krzyzewski_0004.ppm,53.5,7.515e-7,0.0001
lfw,all,rgb,rgb/Mike_Krzyzewski_0005.ppm,47.4,8.262e-7,0.0001
lfw,all,rgb,rgb/Mike_Krzyzewski_0006.ppm,44.9,9.160e-7,0.0001
lfw,all,rgb,rgb/Mike_Leach_0001.ppm,59.4,7.586e-7,0.0002
lfw,all,rgb,rgb/Mike_Maroth_0001.ppm,63.7,6.125e-7,0.0001
lfw,all,rgb,rgb/Mike_Martz_0001.ppm,56.8,7.500e-7,0.0002
lfw,all,rgb,rgb/Mike_Martz_0002.ppm,60.1,6.900e-7,0.0001
lfw,all,rgb,rgb/Mike_Martz_0003.ppm,59.4,8.271e-7,0.0002
lfw,all,rgb,rgb/Mike_Martz_0004.ppm,59.3,7.081e-7,0.0001
lfw,all,rgb,rgb/Mike_Martz_0005.ppm,59.5,7.449e-7,0.0002
lfw,all,rgb,rgb/Mike_Martz_0006.ppm,55.2,7.744e-7,0.0002
lfw,all,rgb,rgb/Mike_Martz_0007.ppm,54.5,8.070e-7,0.0001
lfw,all,rgb,rgb/Mike_Matheny_0001.ppm,63.5,6.996e-7,0.0002
lfw,all,rgb,rgb/Mike_Matthews_0001.ppm,50.4,6.839e-7,0.0001
lfw,all,rgb,rgb/Mike_Miller_0001.ppm,60.2,7.336e-7,0.0002
lfw,all,rgb,rgb/Mike_Miller_0002.ppm,55.1,7.042e-7,0.0001
lfw,all,rgb,rgb/Mike_Montgomery_0001.ppm,56.7,8.183e-7,0.0002
lfw,all,rgb,rgb/Mike_Montgomery_0002.ppm,51.2,7.392e-7,0.0001
lfw,all,rgb,rgb/Mike_Myers_0001.ppm,53.5,7.527e-7,0.0002
lfw,all,rgb,rgb/Mike_Myers_0002.ppm,59.3,6.989e-7,0.0001
lfw,all,rgb,rgb/Mike_Myers_0003.ppm,62.7,6.448e-7,0.0001
lfw,all,rgb,rgb/Mike_Myers_0004.ppm,57.9,8.400e-7,0.0002
lfw,all,rgb,rgb/Mike_Myers_0005.ppm,53.9,7.078e-7,0.0001
lfw,all,rgb,rgb/Mike_Myers_0006.ppm,52.7,8.106e-7,0.0001
lfw,all,rgb,rgb/Mike_Myers_0007.ppm,47.8,6.757e-7,0.0001
lfw,all,rgb,rgb/Mike_OConnell_0001.ppm,56.7,7.477e-7,0.0001
lfw,all,rgb,rgb/Mike_Price_0001.ppm,63.4,7.747e-7,0.0002
lfw,all,rgb,rgb/Mike_Price_0002.ppm,54.8,7.642e-7,0.0001
lfw,all,rgb,rgb/Mike_Richter_0001.ppm,52.4,7.599e-7,0.0001
lfw,all,rgb,rgb/Mike_Samp_0001.ppm,48.0,8.222e-7,0.0002
lfw,all,rgb,rgb/Mike_Scioscia_0001.ppm,61.6,6.635e-7,0.0001
lfw,all,rgb,rgb/Mike_Scioscia_0002.ppm,59.9,7.300e-7,0.0001
lfw,all,rgb,rgb/Mike_Sherman_0001.ppm,56.0,7.417e-7,0.0002
lfw,all,rgb,rgb/Mike_Slive_0001.ppm,51.1,8.444e-7,0.0002
lfw,all,rgb,rgb/Mike_Smith_0001.ppm,57.2,7.097e-7,0.0002
lfw,all,rgb,rgb/Mike_Stefanik_0001.ppm,63.4,7.155e-7,0.0001
lfw,all,rgb,rgb/Mike_Sweeney_0001.ppm,61.4,6.028e-7,0.0001
lfw,all,rgb,rgb/Mike_Szymanczyk_0001.ppm,58.6,7.090e-7,0.0002
lfw,all,rgb,rgb/Mike_Thibault_0001.ppm,56.1,7.464e-7,0.0002
lfw,all,rgb,rgb/Mike_Tice_0001.ppm,54.0,8.004e-7,0.0001
lfw,all,rgb,rgb/Mike_Tyson_0001.ppm,61.9,6.629e-7,0.0002
lfw,all,rgb,rgb/Mike_Tyson_0002.ppm,61.0,7.342e-7,0.0002
lfw,all,rgb,rgb/Mike_Tyson_0003.ppm,65.1,6.624e-7,0.0002
lfw,all,rgb,rgb/Mike_Tyson_0004.ppm,62.7,7.143e-7,0.0002
lfw,all,rgb,rgb/Mike_Webster_0001.ppm,64.1,6.967e-7,0.0002
lfw,all,rgb,rgb/Mike_Weir_0001.ppm,61.1,6.627e-7,0.0002
lfw,all,rgb,rgb/Mike_Weir_0002.ppm,58.2,6.289e-7,0.0001
lfw,all,rgb,rgb/Mike_Weir_0003.ppm,61.8,7.496e-7,0.0002
lfw,all,rgb,rgb/Mike_Weir_0004.ppm,52.8,6.856e-7,0.0001
lfw,all,rgb,rgb/Mike_Weir_0005.ppm,51.1,6.165e-7,0.0001
lfw,all,rgb,rgb/Mike_Weir_0006.ppm,60.6,7.336e-7,0.0002
lfw,all,rgb,rgb/Mike_Weir_0007.ppm,61.0,7.032e-7,0.0001
lfw,all,rgb,rgb/Mike_Weir_0008.ppm,52.2,8.103e-7,0.0001
lfw,all,rgb,rgb/Mike_Weir_0009.ppm,59.8,6.225e-7,0.0002
lfw,all,rgb,rgb/Mike_Weir_0010.ppm,61.2,6.645e-7,0.0001
lfw,all,rgb,rgb/Mike_Weir_0011.ppm,57.5,6.258e-7,0.0001
lfw,all,rgb,rgb/Mikhail_Gorbachev_0001.ppm,59.9,7.410e-7,0.0002
lfw,all,rgb,rgb/Mikhail_Gorbachev_0002.ppm,55.4,8.856e-7,0.0002
lfw,all,rgb,rgb/Mikhail_Kalashnikov_0001.ppm,59.8,7.381e-7,0.0001
lfw,all,rgb,rgb/Mikhail_Kasyanov_0001.ppm,58.7,7.820e-7,0.0001
lfw,all,rgb,rgb/Mikhail_Kasyanov_0002.ppm,55.4,7.314e-7,0.0002
lfw,all,rgb,rgb/Mikhail_Kasyanov_0003.ppm,51.8,7.856e-7,0.0001
lfw,all,rgb,rgb/Mikhail_Kasyanov_0004.ppm,50.5,8.313e-7,0.0002
lfw,all,rgb,rgb/Mikhail_Khodorkovsky_0001.ppm,62.5,6.632e-7,0.0002
lfw,all,rgb,rgb/Mikhail_Shvydkoi_0001.ppm,54.6,8.098e-7,0.0002
lfw,all,rgb,rgb/Mikhail_Wehbe_0001.ppm,61.4,7.920e-7,0.0002
lfw,all,rgb,rgb/Mikhail_Wehbe_0002.ppm,58.4,7.014e-7,0.0001
lfw,all,rgb,rgb/Mikhail_Wehbe_0003.ppm,58.6,7.595e-7,0.0002
lfw,all,rgb,rgb/Mikhail_Wehbe_0004.ppm,57.8,6.972e-7,0.0001
lfw,all,rgb,rgb/Mikhail_Youzhny_0001.ppm,53.2,8.006e-7,0.0002
lfw,all,rgb,rgb/Mikhail_Youzhny_0002.ppm,55.6,7.631e-7,0.0001
lfw,all,rgb,rgb/Mikhail_Youzhny_0003.ppm,54.8,7.912e-7,0.0002
lfw,all,rgb,rgb/Mikulas_Dzurinda_0001.ppm,56.3,7.386e-7,0.0001
lfw,all,rgb,rgb/Mikulas_Dzurinda_0002.ppm,63.7,6.672e-7,0.0002
lfw,all,rgb,rgb/Milan_Kucan_0001.ppm,61.0,6.858e-7,0.0002
lfw,all,rgb,rgb/Milan_Milutinovic_0001.ppm,55.3,7.995e-7,0.0001
lfw,all,rgb,rgb/Mile_Mrksic_0001.ppm,58.2,7.089e-7,0.0001
lfw,all,rgb,rgb/Miles_Stewart_0001.ppm,53.9,8.374e-7,0.0001
lfw,all,rgb,rgb/Millicent_Martin_0001.ppm,57.9,7.109e-7,0.0001
lfw,all,rgb,rgb/Milo_Djukanovic_0001.ppm,49.2,8.173e-7,0.0001
lfw,all,rgb,rgb/Milo_Djukanovic_0002.ppm,58.5,7.084e-7,0.0001
lfw,all,rgb,rgb/Milo_Djukanovic_0003.ppm,54.7,7.128e-7,0.0001
lfw,all,rgb,rgb/Milo_Maestrecampo_0001.ppm,62.7,6.520e-7,0.0001
lfw,all,rgb,rgb/Milo_Maestrecampo_0002.ppm,59.9,7.298e-7,0.0001
lfw,all,rgb,rgb/Milo_Maestrecampo_0003.ppm,55.6,7.282e-7,0.0001
lfw,all,rgb,rgb/Milt_Heflin_0001.ppm,57.0,8.439e-7,0.0002
lfw,all,rgb,rgb/Milt_Palacio_0001.ppm,61.1,7.866e-7,0.0002
lfw,all,rgb,rgb/Milton_Berle_0001.ppm,64.0,7.269e-7,0.0002
lfw,all,rgb,rgb/Milton_Wynants_0001.ppm,54.7,7.664e-7,0.0001
lfw,all,rgb,rgb/Minnie_Driver_0001.ppm,54.3,7.376e-7,0.0002
lfw,all,rgb,rgb/Minnie_Driver_0002.ppm,56.0,7.309e-7,0.0001
lfw,all,rgb,rgb/Minnie_Mendoza_0001.ppm,56.2,7.226e-7,0.0001
lfw,all,rgb,rgb/Mira_Sorvino_0001.ppm,60.5,7.067e-7,0.0002
lfw,all,rgb,rgb/Miranda_Gaddis_0001.ppm,60.7,7.015e-7,0.0002
lfw,all,rgb,rgb/Miranda_Otto_0001.ppm,57.6,6.939e-7,0.0001
lfw,all,rgb,rgb/Mireille_Jospin-Dandieu_0001.ppm,50.0,7.933e-7,0.0001
lfw,all,rgb,rgb/Mirela_Manjani_0001.ppm,56.7,6.903e-7,0.0001
lfw,all,rgb,rgb/Mireya_Elisa_Moscoso_Rodriguez_0001.ppm,56.8,7.352e-7,0.0001
lfw,all,rgb,rgb/Mireya_Moscoso_0001.ppm,63.2,7.263e-7,0.0002
lfw,all,rgb,rgb/Mireya_Moscoso_0002.ppm,60.3,6.847e-7,0.0001
lfw,all,rgb,rgb/Mireya_Moscoso_0003.ppm,59.4,7.355e-7,0.0002
lfw,all,rgb,rgb/Mireya_Moscoso_0004.ppm,60.4,6.925e-7,0.0001
lfw,all,rgb,rgb/Mireya_Moscoso_0005.ppm,53.9,7.263e-7,0.0001
lfw,all,rgb,rgb/Miroljub_0001.ppm,62.6,6.905e-7,0.0002
lfw,all,rgb,rgb/Miroljub_0002.ppm,60.7,6.702e-7,0.0001
lfw,all,rgb,rgb/Missy_Crider_0001.ppm,65.0,5.739e-7,0.0001
lfw,all,rgb,rgb/Misty_Dawn_Clymer_0001.ppm,58.8,6.844e-7,0.0001
lfw,all,rgb,rgb/Mitar_Rasevic_0001.ppm,58.3,7.250e-7,0.0001
lfw,all,rgb,rgb/Mitch_Kupchak_0001.ppm,50.1,8.436e-7,0.0002
lfw,all,rgb,rgb/Mitchell_Crooks_0001.ppm,63.5,7.383e-7,0.0002
lfw,all,rgb,rgb/Mitchell_Daniels_0001.ppm,52.2,8.407e-7,0.0001
lfw,all,rgb,rgb/Mitchell_Daniels_0002.ppm,55.6,7.533e-7,0.0001
lfw,all,rgb,rgb/Mitchell_Daniels_0003.ppm,54.4,7.386e-7,0.0002
lfw,all,rgb,rgb/Mitchell_Daniels_0004.ppm,53.1,8.242e-7,0.0001
lfw,all,rgb,rgb/Mitchell_Garabedian_0001.ppm,60.8,7.162e-7,0.0001
lfw,all,rgb,rgb/Mitchell_McLaughlin_0001.ppm,54.8,8.685e-7,0.0002
lfw,all,rgb,rgb/Mitchell_Potter_0001.ppm,58.7,7.653e-7,0.0002
lfw,all,rgb,rgb/Mitchell_Swartz_0001.ppm,68.4,6.909e-7,0.0002
lfw,all,rgb,rgb/Mitoji_Yabunaka_0001.ppm,55.3,6.916e-7,0.0001
lfw,all,rgb,rgb/Mitoji_Yabunaka_0002.ppm,53.9,7.367e-7,0.0001
lfw,all,rgb,rgb/Mitsou_Gelinas_0001.ppm,60.6,7.146e-7,0.0002
lfw,all,rgb,rgb/Mitt_Romney_0001.ppm,52.4,7.721e-7,0.0001
lfw,all,rgb,rgb/Mitzi_Gaynor_0001.ppm,49.9,7.432e-7,0.0001
lfw,all,rgb,rgb/Miyako_Miyazaki_0001.ppm,61.4,7.233e-7,0.0001
lfw,all,rgb,rgb/Miyako_Miyazaki_0002.ppm,62.0,6.421e-7,0.0001
lfw,all,rgb,rgb/Mladen_Naletilic_0001.ppm,58.1,7.449e-7,0.0001
lfw,all,rgb,rgb/Mo_Elleithee_0001.ppm,63.3,7.119e-7,0.0002
lfw,all,rgb,rgb/Moby_0001.ppm,54.8,6.905e-7,0.0001
lfw,all,rgb,rgb/Mohamed_Benaissa_0001.ppm,60.3,8.233e-7,0.0002
lfw,all,rgb,rgb/Mohamed_Benaissa_0002.ppm,52.8,8.069e-7,0.0001
lfw,all,rgb,rgb/Mohamed_ElBaradei_0001.ppm,48.1,8.396e-7,0.0002
lfw,all,rgb,rgb/Mohamed_ElBaradei_0002.ppm,60.8,7.090e-7,0.0001
lfw,all,rgb,rgb/Mohamed_ElBaradei_0003.ppm,59.3,8.488e-7,0.0002
lfw,all,rgb,rgb/Mohamed_ElBaradei_0004.ppm,61.7,8.092e-7,0.0002
lfw,all,rgb,rgb/Mohamed_ElBaradei_0005.ppm,55.9,9.885e-7,0.0002
lfw,all,rgb,rgb/Mohamed_ElBaradei_0006.ppm,57.9,7.860e-7,0.0002
lfw,all,rgb,rgb/Mohamed_ElBaradei_0007.ppm,51.0,7.562e-7,0.0002
lfw,all,rgb,rgb/Mohamed_ElBaradei_0008.ppm,61.0,7.799e-7,0.0002
lfw,all,rgb,rgb/Mohamed_Hammam_0001.ppm,58.0,6.922e-7,0.0001
lfw,all,rgb,rgb/Mohamed_Seineldin_0001.ppm,56.6,7.764e-7,0.0001
lfw,all,rgb,rgb/Mohammad_Aktar_0001.ppm,64.5,6.194e-7,0.0001
lfw,all,rgb,rgb/Mohammad_Al-Sharief_0001.ppm,57.6,7.371e-7,0.0002
lfw,all,rgb,rgb/Mohammad_Fares_0001.ppm,98.8,6.724e-7,0.0002
lfw,all,rgb,rgb/Mohammad_Hasanein_0001.ppm,57.3,7.984e-7,0.0002
lfw,all,rgb,rgb/Mohammad_Khatami_0001.ppm,56.3,7.614e-7,0.0002
lfw,all,rgb,rgb/Mohammad_Khatami_0002.ppm,62.0,6.948e-7,0.0001
lfw,all,rgb,rgb/Mohammad_Khatami_0003.ppm,31.8,6.464e-7,0.0001
lfw,all,rgb,rgb/Mohammad_Khatami_0004.ppm,55.8,7.670e-7,0.0001
lfw,all,rgb,rgb/Mohammad_Khatami_0005.ppm,56.6,8.420e-7,0.0001
lfw,all,rgb,rgb/Mohammad_Khatami_0006.ppm,51.3,8.083e-7,0.0002
lfw,all,rgb,rgb/Mohammad_Khatami_0007.ppm,60.9,6.069e-7,0.0001
lfw,all,rgb,rgb/Mohammad_Khatami_0008.ppm,59.1,7.491e-7,0.0002
lfw,all,rgb,rgb/Mohammad_Khatami_0009.ppm,54.9,7.110e-7,0.0001
lfw,all,rgb,rgb/Mohammad_Khatami_0010.ppm,41.1,9.176e-7,0.0001
lfw,all,rgb,rgb/Mohammad_Mustapha_Miro_0001.ppm,55.0,6.875e-7,0.0002
lfw,all,rgb,rgb/Mohammaed_Ahmad_Al_Jarallah_0001.ppm,72.8,7.063e-7,0.0002
lfw,all,rgb,rgb/Mohammed_Abu_Sharia_0001.ppm,56.4,7.678e-7,0.0002
lfw,all,rgb,rgb/Mohammed_Abulhasan_0001.ppm,52.4,7.225e-7,0.0001
lfw,all,rgb,rgb/Mohammed_Al-Douri_0001.ppm,56.3,6.972e-7,0.0002
lfw,all,rgb,rgb/Mohammed_Al-Douri_0002.ppm,56.5,7.843e-7,0.0002
lfw,all,rgb,rgb/Mohammed_Al-Douri_0003.ppm,64.6,7.162e-7,0.0002
lfw,all,rgb,rgb/Mohammed_Al-Douri_0004.ppm,44.0,1.011e-6,0.0001
lfw,all,rgb,rgb/Mohammed_Al-Douri_0005.ppm,52.9,9.046e-7,0.0002
lfw,all,rgb,rgb/Mohammed_Al-Douri_0006.ppm,46.2,7.317e-7,0.0001
lfw,all,rgb,rgb/Mohammed_Al-Douri_0007.ppm,55.6,7.987e-7,0.0002
lfw,all,rgb,rgb/Mohammed_Al-Douri_0008.ppm,57.6,8.185e-7,0.0002
lfw,all,rgb,rgb/Mohammed_Al-Douri_0009.ppm,59.3,8.216e-7,0.0002
lfw,all,rgb,rgb/Mohammed_Al-Douri_0010.ppm,49.1,7.759e-7,0.0001
lfw,all,rgb,rgb/Mohammed_Al-Douri_0011.ppm,60.0,7.782e-7,0.0002
lfw,all,rgb,rgb/Mohammed_Al-Douri_0012.ppm,53.7,5.827e-7,0.0001
lfw,all,rgb,rgb/Mohammed_Al-Douri_0013.ppm,55.0,8.134e-7,0.0002
lfw,all,rgb,rgb/Mohammed_Al-Douri_0014.ppm,57.5,6.861e-7,0.0001
lfw,all,rgb,rgb/Mohammed_Al-Douri_0015.ppm,57.4,7.927e-7,0.0002
lfw,all,rgb,rgb/Mohammed_Al_Hindi_0001.ppm,56.9,7.174e-7,0.0001
lfw,all,rgb,rgb/Mohammed_Ashraf_Hafiz_0001.ppm,58.8,6.998e-7,0.0002
lfw,all,rgb,rgb/Mohammed_Baqir_al-Hakim_0001.ppm,56.3,7.481e-7,0.0002
lfw,all,rgb,rgb/Mohammed_Baqir_al-Hakim_0002.ppm,49.8,7.637e-7,0.0002
lfw,all,rgb,rgb/Mohammed_Baqir_al-Hakim_0003.ppm,56.2,7.336e-7,0.0001
lfw,all,rgb,rgb/Mohammed_Dahlan_0001.ppm,49.9,7.164e-7,0.0001
lfw,all,rgb,rgb/Mohammed_Mehdi_Saleh_0001.ppm,51.0,7.723e-7,0.0002
lfw,all,rgb,rgb/Mohammed_Salmane_0001.ppm,55.3,7.420e-7,0.0002
lfw,all,rgb,rgb/Molly_Sims_0001.ppm,58.5,7.087e-7,0.0001
lfw,all,rgb,rgb/Momcilo_Perisic_0001.ppm,61.6,6.447e-7,0.0001
lfw,all,rgb,rgb/Momir_Nikolic_0001.ppm,56.6,7.518e-7,0.0001
lfw,all,rgb,rgb/Mona_Ayoub_0001.ppm,61.9,6.918e-7,0.0001
lfw,all,rgb,rgb/Mona_Locke_0001.ppm,61.5,7.673e-7,0.0002
lfw,all,rgb,rgb/Mona_Rishmawi_0001.ppm,58.1,6.862e-7,0.0002
lfw,all,rgb,rgb/Monica_Bellucci_0001.ppm,56.8,7.972e-7,0.0002
lfw,all,rgb,rgb/Monica_Bellucci_0002.ppm,61.9,6.486e-7,0.0001
lfw,all,rgb,rgb/Monica_Bellucci_0003.ppm,57.3,6.734e-7,0.0001
lfw,all,rgb,rgb/Monica_Bellucci_0004.ppm,58.7,6.742e-7,0.0001
lfw,all,rgb,rgb/Monica_Gabrielle_0001.ppm,49.0,7.277e-7,0.0001
lfw,all,rgb,rgb/Monica_Lewinsky_0001.ppm,62.8,6.700e-7,0.0002
lfw,all,rgb,rgb/Monica_Lewinsky_0002.ppm,57.5,7.012e-7,0.0001
lfw,all,rgb,rgb/Monica_Lewinsky_0003.ppm,59.7,7.288e-7,0.0001
lfw,all,rgb,rgb/Monica_Seles_0001.ppm,55.6,6.391e-7,0.0001
lfw,all,rgb,rgb/Monica_Seles_0002.ppm,53.6,8.125e-7,0.0001
lfw,all,rgb,rgb/Monica_Seles_0003.ppm,52.8,7.889e-7,0.0001
lfw,all,rgb,rgb/Monica_Seles_0004.ppm,54.1,7.616e-7,0.0001
lfw,all,rgb,rgb/Monica_Seles_0005.ppm,54.2,7.674e-7,0.0001
lfw,all,rgb,rgb/Monica_Seles_0006.ppm,47.0,7.457e-7,0.0001
lfw,all,rgb,rgb/Monica_Serra_0001.ppm,59.9,6.888e-7,0.0001
lfw,all,rgb,rgb/Monica_Vergara_0001.ppm,66.1,7.030e-7,0.0001
lfw,all,rgb,rgb/Monique_Ferreira_0001.ppm,54.5,7.424e-7,0.0001
lfw,all,rgb,rgb/Monique_Gagnon-Tremblay_0001.ppm,59.3,8.005e-7,0.0001
lfw,all,rgb,rgb/Monique_Garbrecht-Enfeldt_0001.ppm,59.4,7.315e-7,0.0001
lfw,all,rgb,rgb/Monique_Garbrecht-Enfeldt_0002.ppm,59.8,5.827e-7,0.0001
lfw,all,rgb,rgb/Monique_Garbrecht-Enfeldt_0003.ppm,57.6,7.160e-7,0.0001
lfw,all,rgb,rgb/Monte_Kiffin_0001.ppm,52.8,7.740e-7,0.0002
lfw,all,rgb,rgb/Moon-So-ri_0001.ppm,46.2,7.167e-7,0.0001
lfw,all,rgb,rgb/Morgan_Fairchild_0001.ppm,58.2,7.532e-7,0.0001
lfw,all,rgb,rgb/Morgan_Freeman_0001.ppm,79.3,6.427e-7,0.0002
lfw,all,rgb,rgb/Morgan_Freeman_0002.ppm,116.0,5.322e-7,0.0002
lfw,all,rgb,rgb/Morgan_Hentzen_0001.ppm,56.9,7.442e-7,0.0001
lfw,all,rgb,rgb/Morris_Dees_0001.ppm,57.2,7.707e-7,0.0001
lfw,all,rgb,rgb/Morris_Watts_0001.ppm,57.8,6.468e-7,0.0002
lfw,all,rgb,rgb/Moshe_Katsav_0001.ppm,53.1,8.807e-7,0.0002
lfw,all,rgb,rgb/Moshe_Katsav_0002.ppm,53.9,8.002e-7,0.0001
lfw,all,rgb,rgb/Moshe_Katsav_0003.ppm,51.3,8.737e-7,0.0002
lfw,all,rgb,rgb/Moshe_Katsav_0004.ppm,52.0,7.160e-7,0.0001
lfw,all,rgb,rgb/Mother_Teresa_0001.ppm,63.0,6.060e-7,0.0001
lfw,all,rgb,rgb/Ms_Dynamite_0001.ppm,60.7,6.975e-7,0.0001
lfw,all,rgb,rgb/Mstislav_Rostropovich_0001.ppm,50.2,7.999e-7,0.0001
lfw,all,rgb,rgb/Muammar_Gaddafi_0001.ppm,70.9,6.136e-7,0.0001
lfw,all,rgb,rgb/Muammar_Gaddafi_0002.ppm,53.5,7.348e-7,0.0001
lfw,all,rgb,rgb/Muffet_McGraw_0001.ppm,58.2,7.056e-7,0.0001
lfw,all,rgb,rgb/Mufti_Mohammad_Syed_0001.ppm,61.3,7.398e-7,0.0002
lfw,all,rgb,rgb/Muhammad_Ali_0001.ppm,42.8,8.220e-7,0.0001
lfw,all,rgb,rgb/Muhammad_Ali_0002.ppm,61.3,6.729e-7,0.0002
lfw,all,rgb,rgb/Muhammad_Ali_0003.ppm,62.7,7.299e-7,0.0001
lfw,all,rgb,rgb/Muhammad_Ali_0004.ppm,64.4,6.538e-7,0.0002
lfw,all,rgb,rgb/Muhammad_Ali_0005.ppm,63.1,6.492e-7,0.0001
lfw,all,rgb,rgb/Muhammad_Ali_0006.ppm,63.6,6.961e-7,0.0002
lfw,all,rgb,rgb/Muhammad_Ali_0007.ppm,60.0,7.118e-7,0.0002
lfw,all,rgb,rgb/Muhammad_Ali_0008.ppm,48.8,7.560e-7,0.0001
lfw,all,rgb,rgb/Muhammad_Ali_0009.ppm,60.0,6.870e-7,0.0001
lfw,all,rgb,rgb/Muhammad_Ali_0010.ppm,57.8,7.489e-7,0.0002
lfw,all,rgb,rgb/Muhammad_Ibrahim_Bilal_0001.ppm,64.1,6.412e-7,0.0001
lfw,all,rgb,rgb/Muhammad_Saeed_al-Sahhaf_0001.ppm,62.4,6.712e-7,0.0002
lfw,all,rgb,rgb/Muhammad_Saeed_al-Sahhaf_0002.ppm,65.4,6.659e-7,0.0001
lfw,all,rgb,rgb/Muhammad_Saeed_al-Sahhaf_0003.ppm,62.4,7.783e-7,0.0002
lfw,all,rgb,rgb/Muhammad_Saeed_al-Sahhaf_0004.ppm,56.1,7.009e-7,0.0002
lfw,all,rgb,rgb/Muhammad_Saeed_al-Sahhaf_0005.ppm,61.2,6.502e-7,0.0001
lfw,all,rgb,rgb/Mukesh_Ambani_0001.ppm,68.6,6.441e-7,0.0002
lfw,all,rgb,rgb/Mukesh_Ambani_0002.ppm,56.3,7.004e-7,0.0001
lfw,all,rgb,rgb/Mukesh_Ambani_0003.ppm,57.0,6.374e-7,0.0001
lfw,all,rgb,rgb/Mukhtar_Alytnbayev_0001.ppm,67.6,6.579e-7,0.0002
lfw,all,rgb,rgb/Munir_Akram_0001.ppm,55.9,7.378e-7,0.0002
lfw,all,rgb,rgb/Munir_Akram_0002.ppm,49.3,7.935e-7,0.0002
lfw,all,rgb,rgb/Muwafak_al-Ani_0001.ppm,56.6,7.819e-7,0.0002
lfw,all,rgb,rgb/Myung_Yang_0001.ppm,45.0,7.740e-7,0.0001
lfw,all,rgb,rgb/Na_Na_Keum_0001.ppm,57.0,6.581e-7,0.0001
lfw,all,rgb,rgb/Nabil_Shaath_0001.ppm,62.5,7.338e-7,0.0002
lfw,all,rgb,rgb/Nabil_Shaath_0002.ppm,71.6,7.329e-7,0.0002
lfw,all,rgb,rgb/Nabil_Shaath_0003.ppm,47.9,8.900e-7,0.0001
lfw,all,rgb,rgb/Nadia_Forte_0001.ppm,69.9,6.512e-7,0.0001
lfw,all,rgb,rgb/Nadia_Petrova_0001.ppm,75.0,6.436e-7,0.0002
lfw,all,rgb,rgb/Nadia_Petrova_0002.ppm,71.8,6.871e-7,0.0002
lfw,all,rgb,rgb/Nadia_Petrova_0003.ppm,66.8,6.776e-7,0.0001
lfw,all,rgb,rgb/Nadia_Petrova_0004.ppm,48.1,6.005e-7,0.0001
lfw,all,rgb,rgb/Nadia_Petrova_0005.ppm,76.1,7.376e-7,0.0002
lfw,all,rgb,rgb/Nadine_Vinzens_0001.ppm,63.6,6.489e-7,0.0002
lfw,all,rgb,rgb/Nadine_Vinzens_0002.ppm,67.2,5.786e-7,0.0002
lfw,all,rgb,rgb/Naji_Sabri_0001.ppm,57.2,7.708e-7,0.0002
lfw,all,rgb,rgb/Naji_Sabri_0002.ppm,50.4,5.792e-7,0.0001
lfw,all,rgb,rgb/Naji_Sabri_0003.ppm,34.9,7.194e-7,0.0001
lfw,all,rgb,rgb/Naji_Sabri_0004.ppm,53.6,7.077e-7,0.0001
lfw,all,rgb,rgb/Naji_Sabri_0005.ppm,57.2,7.569e-7,0.0001
lfw,all,rgb,rgb/Naji_Sabri_0006.ppm,34.4,8.076e-7,0.0001
lfw,all,rgb,rgb/Naji_Sabri_0007.ppm,56.2,7.175e-7,0.0001
lfw,all,rgb,rgb/Naji_Sabri_0008.ppm,62.9,7.477e-7,0.0002
lfw,all,rgb,rgb/Najib_al-Salhi_0001.ppm,50.5,8.911e-7,0.0002
lfw,all,rgb,rgb/Namuddu_Florence_0001.ppm,63.8,7.617e-7,0.0002
lfw,all,rgb,rgb/Nan_Wang_0001.ppm,51.7,7.524e-7,0.0001
lfw,all,rgb,rgb/Nan_Wang_0002.ppm,56.2,7.360e-7,0.0001
lfw,all,rgb,rgb/Nan_Wang_0003.ppm,55.9,7.321e-7,0.0002
lfw,all,rgb,rgb/Nan_Wang_0004.ppm,58.1,7.095e-7,0.0001
lfw,all,rgb,rgb/Nancy_Demme_0001.ppm,58.4,6.927e-7,0.0001
lfw,all,rgb,rgb/Nancy_Demme_0002.ppm,57.3,7.249e-7,0.0001
lfw,all,rgb,rgb/Nancy_Greenlaw_0001.ppm,50.6,7.765e-7,0.0001
lfw,all,rgb,rgb/Nancy_Humbert_0001.ppm,57.5,7.128e-7,0.0001
lfw,all,rgb,rgb/Nancy_Kerrigan_0001.ppm,60.1,7.158e-7,0.0002
lfw,all,rgb,rgb/Nancy_Pelosi_0001.ppm,56.6,7.387e-7,0.0001
lfw,all,rgb,rgb/Nancy_Pelosi_0002.ppm,58.5,6.728e-7,0.0001
lfw,all,rgb,rgb/Nancy_Pelosi_0003.ppm,55.3,7.258e-7,0.0002
lfw,all,rgb,rgb/Nancy_Pelosi_0004.ppm,52.8,8.435e-7,0.0002
lfw,all,rgb,rgb/Nancy_Pelosi_0005.ppm,56.5,7.375e-7,0.0001
lfw,all,rgb,rgb/Nancy_Pelosi_0006.ppm,51.1,8.491e-7,0.0001
lfw,all,rgb,rgb/Nancy_Pelosi_0007.ppm,53.6,7.577e-7,0.0001
lfw,all,rgb,rgb/Nancy_Pelosi_0008.ppm,48.8,8.520e-7,0.0001
lfw,all,rgb,rgb/Nancy_Pelosi_0009.ppm,57.7,6.731e-7,0.0001
lfw,all,rgb,rgb/Nancy_Pelosi_0010.ppm,53.4,7.271e-7,0.0002
lfw,all,rgb,rgb/Nancy_Pelosi_0011.ppm,59.2,6.656e-7,0.0001
lfw,all,rgb,rgb/Nancy_Pelosi_0012.ppm,56.0,7.108e-7,0.0002
lfw,all,rgb,rgb/Nancy_Pelosi_0013.ppm,52.2,9.205e-7,0.0002
lfw,all,rgb,rgb/Nancy_Pelosi_0014.ppm,58.8,6.872e-7,0.0001
lfw,all,rgb,rgb/Nancy_Pelosi_0015.ppm,53.6,7.106e-7,0.0001
lfw,all,rgb,rgb/Nancy_Powell_0001.ppm,75.1,7.242e-7,0.0002
lfw,all,rgb,rgb/Nancy_Reagan_0001.ppm,59.4,6.993e-7,0.0001
lfw,all,rgb,rgb/Nancy_Reagan_0002.ppm,59.2,6.858e-7,0.0002
lfw,all,rgb,rgb/Nancy_Sinatra_0001.ppm,50.2,6.397e-7,0.0001
lfw,all,rgb,rgb/Nancy_Sinatra_0002.ppm,65.1,6.366e-7,0.0001
lfw,all,rgb,rgb/Nancy_Smith_0001.ppm,56.4,7.010e-7,0.0001
lfw,all,rgb,rgb/Nanni_Moretti_0001.ppm,60.2,7.674e-7,0.0001
lfw,all,rgb,rgb/Nanni_Moretti_0002.ppm,58.4,7.087e-7,0.0001
lfw,all,rgb,rgb/Naomi_Bronstein_0001.ppm,54.2,7.708e-7,0.0001
lfw,all,rgb,rgb/Naomi_Campbell_0001.ppm,61.1,6.411e-7,0.0002
lfw,all,rgb,rgb/Naomi_Campbell_0002.ppm,60.7,6.442e-7,0.0001
lfw,all,rgb,rgb/Naomi_Hayashi_0001.ppm,53.2,7.573e-7,0.0001
lfw,all,rgb,rgb/Naomi_Watts_0001.ppm,66.4,6.408e-7,0.0002
lfw,all,rgb,rgb/Naomi_Watts_0002.ppm,60.7,7.239e-7,0.0002
lfw,all,rgb,rgb/Naomi_Watts_0003.ppm,65.0,6.479e-7,0.0001
lfw,all,rgb,rgb/Naomi_Watts_0004.ppm,62.8,6.739e-7,0.0002
lfw,all,rgb,rgb/Naomi_Watts_0005.ppm,64.6,8.034e-7,0.0002
lfw,all,rgb,rgb/Naomi_Watts_0006.ppm,62.7,6.747e-7,0.0002
lfw,all,rgb,rgb/Naomi_Watts_0007.ppm,60.7,7.162e-7,0.0001
lfw,all,rgb,rgb/Naomi_Watts_0008.ppm,60.4,6.810e-7,0.0002
lfw,all,rgb,rgb/Naomi_Watts_0009.ppm,61.8,7.164e-7,0.0002
lfw,all,rgb,rgb/Naomi_Watts_0010.ppm,65.2,6.905e-7,0.0002
lfw,all,rgb,rgb/Naomi_Watts_0011.ppm,63.8,6.531e-7,0.0002
lfw,all,rgb,rgb/Naomi_Watts_0012.ppm,45.4,8.158e-7,0.0001
lfw,all,rgb,rgb/Naomi_Watts_0013.ppm,61.1,6.780e-7,0.0001
lfw,all,rgb,rgb/Naomi_Watts_0014.ppm,58.4,8.232e-7,0.0002
lfw,all,rgb,rgb/Naomi_Watts_0015.ppm,62.7,6.730e-7,0.0001
lfw,all,rgb,rgb/Naomi_Watts_0016.ppm,61.5,6.416e-7,0.0001
lfw,all,rgb,rgb/Naomi_Watts_0017.ppm,60.6,6.338e-7,0.0001
lfw,all,rgb,rgb/Naomi_Watts_0018.ppm,63.0,7.542e-7,0.0002
lfw,all,rgb,rgb/Naomi_Watts_0019.ppm,62.8,7.247e-7,0.0001
lfw,all,rgb,rgb/Naomi_Watts_0020.ppm,61.6,7.368e-7,0.0002
lfw,all,rgb,rgb/Naomi_Watts_0021.ppm,63.1,6.097e-7,0.0001
lfw,all,rgb,rgb/Naomi_Watts_0022.ppm,36.2,6.800e-7,0.0001
lfw,all,rgb,rgb/Naoto_Kan_0001.ppm,52.8,7.970e-7,0.0002
lfw,all,rgb,rgb/Naoto_Kan_0002.ppm,54.3,6.958e-7,0.0001
lfw,all,rgb,rgb/Naoto_Kan_0003.ppm,53.8,7.469e-7,0.0001
lfw,all,rgb,rgb/Naoto_Kan_0004.ppm,56.0,7.454e-7,0.0001
lfw,all,rgb,rgb/Narayan_Singh_Pun_0001.ppm,61.0,6.544e-7,0.0001
lfw,all,rgb,rgb/Narendra_Modi_0001.ppm,61.0,6.812e-7,0.0002
lfw,all,rgb,rgb/Nasser_al-Kidwa_0001.ppm,62.3,6.930e-7,0.0002
lfw,all,rgb,rgb/Nasser_al-Kidwa_0002.ppm,61.3,6.861e-7,0.0002
lfw,all,rgb,rgb/Nastassia_Kinski_0001.ppm,65.1,6.888e-7,0.0002
lfw,all,rgb,rgb/Nastassia_Kinski_0002.ppm,68.3,7.433e-7,0.0002
lfw,all,rgb,rgb/Nastia_Liukin_0001.ppm,59.6,6.801e-7,0.0002
lfw,all,rgb,rgb/Natalia_Dmitrieva_0001.ppm,63.5,7.198e-7,0.0001
lfw,all,rgb,rgb/Natalia_Motuziuk_0001.ppm,56.6,6.822e-7,0.0001
lfw,all,rgb,rgb/Natalia_Verbeke_0001.ppm,56.5,7.021e-7,0.0001
lfw,all,rgb,rgb/Natalia_Vodonova_0001.ppm,63.7,6.979e-7,0.0001
lfw,all,rgb,rgb/Natalie_Cole_0001.ppm,60.3,6.281e-7,0.0001
lfw,all,rgb,rgb/Natalie_Cole_0002.ppm,64.9,6.185e-7,0.0002
lfw,all,rgb,rgb/Natalie_Cole_0003.ppm,65.2,6.113e-7,0.0001
lfw,all,rgb,rgb/Natalie_Coughlin_0001.ppm,52.0,7.183e-7,0.0001
lfw,all,rgb,rgb/Natalie_Coughlin_0002.ppm,62.7,7.058e-7,0.0002
lfw,all,rgb,rgb/Natalie_Coughlin_0003.ppm,69.5,6.915e-7,0.0002
lfw,all,rgb,rgb/Natalie_Coughlin_0004.ppm,61.2,6.689e-7,0.0002
lfw,all,rgb,rgb/Natalie_Coughlin_0005.ppm,63.8,6.595e-7,0.0002
lfw,all,rgb,rgb/Natalie_Coughlin_0006.ppm,63.3,6.832e-7,0.0002
lfw,all,rgb,rgb/Natalie_Imbruglia_0001.ppm,61.0,6.648e-7,0.0001
lfw,all,rgb,rgb/Natalie_Juniardi_0001.ppm,54.2,7.204e-7,0.0002
lfw,all,rgb,rgb/Natalie_Maines_0001.ppm,58.7,6.364e-7,0.0001
lfw,all,rgb,rgb/Natalie_Maines_0002.ppm,66.6,6.037e-7,0.0002
lfw,all,rgb,rgb/Natalie_Maines_0003.ppm,68.9,6.868e-7,0.0002
lfw,all,rgb,rgb/Natalie_Maines_0004.ppm,63.5,7.588e-7,0.0001
lfw,all,rgb,rgb/Natalie_Maines_0005.ppm,70.0,6.778e-7,0.0002
lfw,all,rgb,rgb/Natalie_Stewart_0001.ppm,61.5,6.126e-7,0.0001
lfw,all,rgb,rgb/Natalie_Williams_0001.ppm,51.1,6.801e-7,0.0001
lfw,all,rgb,rgb/Natalya_Sazanovich_0001.ppm,63.0,6.308e-7,0.0001
lfw,all,rgb,rgb/Natanaela_Barnova_0001.ppm,61.5,6.742e-7,0.0001
lfw,all,rgb,rgb/Natasa_Micic_0001.ppm,61.7,6.728e-7,0.0002
lfw,all,rgb,rgb/Natasha_Henstridge_0001.ppm,65.9,7.085e-7,0.0002
lfw,all,rgb,rgb/Natasha_Lyonne_0001.ppm,58.2,7.029e-7,0.0002
lfw,all,rgb,rgb/Natasha_McElhone_0001.ppm,61.3,7.055e-7,0.0002
lfw,all,rgb,rgb/Natasha_McElhone_0002.ppm,64.0,7.170e-7,0.0002
lfw,all,rgb,rgb/Natasha_McElhone_0003.ppm,61.8,6.605e-7,0.0002
lfw,all,rgb,rgb/Nate_Blackwell_0001.ppm,58.2,6.967e-7,0.0001
lfw,all,rgb,rgb/Nate_Huffman_0001.ppm,51.3,7.582e-7,0.0001
lfw,all,rgb,rgb/Nate_Hybl_0001.ppm,56.9,7.438e-7,0.0001
lfw,all,rgb,rgb/Nathalia_Gillot_0001.ppm,56.5,6.831e-7,0.0001
lfw,all,rgb,rgb/Nathalie_Baye_0001.ppm,63.3,6.711e-7,0.0001
lfw,all,rgb,rgb/Nathalie_Baye_0002.ppm,56.1,7.134e-7,0.0002
lfw,all,rgb,rgb/Nathalie_Baye_0003.ppm,64.1,6.641e-7,0.0001
lfw,all,rgb,rgb/Nathalie_Baye_0004.ppm,62.3,6.406e-7,0.0001
lfw,all,rgb,rgb/Nathalie_Dechy_0001.ppm,60.1,7.976e-7,0.0001
lfw,all,rgb,rgb/Nathalie_Gagnon_0001.ppm,53.9,6.773e-7,0.0001
lfw,all,rgb,rgb/Nathan_Doudney_0001.ppm,60.6,7.832e-7,0.0002
lfw,all,rgb,rgb/Nathan_Lane_0001.ppm,59.9,7.764e-7,0.0002
lfw,all,rgb,rgb/Nathan_Lane_0002.ppm,68.1,6.701e-7,0.0002
lfw,all,rgb,rgb/Nathan_Powell_0001.ppm,56.1,7.631e-7,0.0002
lfw,all,rgb,rgb/Nathan_Smith_0001.ppm,57.7,7.027e-7,0.0002
lfw,all,rgb,rgb/Nathirah_Hussein_0001.ppm,56.7,6.969e-7,0.0002
lfw,all,rgb,rgb/Nawabzada_Nasrullah_Khan_0001.ppm,61.2,6.584e-7,0.0001
lfw,all,rgb,rgb/Nebojsa_Pavkovic_0001.ppm,59.8,7.533e-7,0.0001
lfw,all,rgb,rgb/Nebojsa_Pavkovic_0002.ppm,60.1,6.527e-7,0.0001
lfw,all,rgb,rgb/Neil_Goldman_0001.ppm,58.7,7.604e-7,0.0002
lfw,all,rgb,rgb/Neil_Moritz_0001.ppm,63.5,7.441e-7,0.0002
lfw,all,rgb,rgb/Nelson_Acosta_0001.ppm,56.6,7.779e-7,0.0001
lfw,all,rgb,rgb/Nelson_Mandela_0001.ppm,72.8,6.544e-7,0.0002
lfw,all,rgb,rgb/Nelson_Mandela_0002.ppm,58.5,8.240e-7,0.0001
lfw,all,rgb,rgb/Nelson_Mandela_0003.ppm,61.3,6.978e-7,0.0002
lfw,all,rgb,rgb/Nelson_Mandela_0004.ppm,57.4,7.320e-7,0.0002
lfw,all,rgb,rgb/Nelson_Shanks_0001.ppm,54.4,7.766e-7,0.0001
lfw,all,rgb,rgb/Neri_Marcore_0001.ppm,57.2,7.912e-7,0.0002
lfw,all,rgb,rgb/Neri_Marcore_0002.ppm,57.5,7.099e-7,0.0002
lfw,all,rgb,rgb/Nestor_Gonzalez_0001.ppm,64.2,6.477e-7,0.0001
lfw,all,rgb,rgb/Nestor_Kirchner_0001.ppm,55.5,7.864e-7,0.0002
lfw,all,rgb,rgb/Nestor_Kirchner_0002.ppm,59.4,7.216e-7,0.0002
lfw,all,rgb,rgb/Nestor_Kirchner_0003.ppm,54.6,7.531e-7,0.0002
lfw,all,rgb,rgb/Nestor_Kirchner_0004.ppm,45.2,9.123e-7,0.0001
lfw,all,rgb,rgb/Nestor_Kirchner_0005.ppm,55.0,8.303e-7,0.0002
lfw,all,rgb,rgb/Nestor_Kirchner_0006.ppm,54.1,7.678e-7,0.0001
lfw,all,rgb,rgb/Nestor_Kirchner_0007.ppm,53.3,6.581e-7,0.0002
lfw,all,rgb,rgb/Nestor_Kirchner_0008.ppm,60.2,7.272e-7,0.0002
lfw,all,rgb,rgb/Nestor_Kirchner_0009.ppm,55.4,7.341e-7,0.0001
lfw,all,rgb,rgb/Nestor_Kirchner_0010.ppm,58.2,7.298e-7,0.0001
lfw,all,rgb,rgb/Nestor_Kirchner_0011.ppm,60.3,7.266e-7,0.0002
lfw,all,rgb,rgb/Nestor_Kirchner_0012.ppm,62.3,7.157e-7,0.0002
lfw,all,rgb,rgb/Nestor_Kirchner_0013.ppm,63.5,6.613e-7,0.0001
lfw,all,rgb,rgb/Nestor_Kirchner_0014.ppm,57.7,7.500e-7,0.0002
lfw,all,rgb,rgb/Nestor_Kirchner_0015.ppm,56.0,7.212e-7,0.0002
lfw,all,rgb,rgb/Nestor_Kirchner_0016.ppm,72.4,7.049e-7,0.0002
lfw,all,rgb,rgb/Nestor_Kirchner_0017.ppm,57.4,7.440e-7,0.0001
lfw,all,rgb,rgb/Nestor_Kirchner_0018.ppm,64.8,6.585e-7,0.0001
lfw,all,rgb,rgb/Nestor_Kirchner_0019.ppm,51.8,8.281e-7,0.0001
lfw,all,rgb,rgb/Nestor_Kirchner_0020.ppm,52.8,9.103e-7,0.0001
lfw,all,rgb,rgb/Nestor_Kirchner_0021.ppm,51.4,7.556e-7,0.0001
lfw,all,rgb,rgb/Nestor_Kirchner_0022.ppm,51.4,7.199e-7,0.0001
lfw,all,rgb,rgb/Nestor_Kirchner_0023.ppm,56.2,6.997e-7,0.0001
lfw,all,rgb,rgb/Nestor_Kirchner_0024.ppm,58.1,7.410e-7,0.0002
lfw,all,rgb,rgb/Nestor_Kirchner_0025.ppm,61.8,7.171e-7,0.0001
lfw,all,rgb,rgb/Nestor_Kirchner_0026.ppm,58.9,7.348e-7,0.0002
lfw,all,rgb,rgb/Nestor_Kirchner_0027.ppm,56.3,7.168e-7,0.0001
lfw,all,rgb,rgb/Nestor_Kirchner_0028.ppm,40.8,8.308e-7,0.0001
lfw,all,rgb,rgb/Nestor_Kirchner_0029.ppm,49.0,7.430e-7,0.0001
lfw,all,rgb,rgb/Nestor_Kirchner_0030.ppm,61.6,7.168e-7,0.0002
lfw,all,rgb,rgb/Nestor_Kirchner_0031.ppm,55.5,7.567e-7,0.0001
lfw,all,rgb,rgb/Nestor_Kirchner_0032.ppm,47.0,8.407e-7,0.0003
lfw,all,rgb,rgb/Nestor_Kirchner_0033.ppm,60.3,7.177e-7,0.0002
lfw,all,rgb,rgb/Nestor_Kirchner_0034.ppm,59.8,7.124e-7,0.0002
lfw,all,rgb,rgb/Nestor_Kirchner_0035.ppm,56.6,7.600e-7,0.0001
lfw,all,rgb,rgb/Nestor_Kirchner_0036.ppm,57.7,7.055e-7,0.0001
lfw,all,rgb,rgb/Nestor_Kirchner_0037.ppm,60.3,6.841e-7,0.0002
lfw,all,rgb,rgb/Nestor_Santillan_0001.ppm,50.5,7.426e-7,0.0001
lfw,all,rgb,rgb/Newt_Gingrich_0001.ppm,60.7,6.828e-7,0.0001
lfw,all,rgb,rgb/Newton_Carlton_Slawson_0001.ppm,59.9,7.198e-7,0.0002
lfw,all,rgb,rgb/Nia_Vardalos_0001.ppm,60.8,7.077e-7,0.0002
lfw,all,rgb,rgb/Nia_Vardalos_0002.ppm,64.7,6.598e-7,0.0002
lfw,all,rgb,rgb/Nia_Vardalos_0003.ppm,55.6,6.947e-7,0.0001
lfw,all,rgb,rgb/Nia_Vardalos_0004.ppm,63.6,7.023e-7,0.0001
lfw,all,rgb,rgb/Nia_Vardalos_0005.ppm,59.0,7.246e-7,0.0001
lfw,all,rgb,rgb/Niall_Connolly_0001.ppm,65.1,6.984e-7,0.0002
lfw,all,rgb,rgb/Nicanor_Duarte_Frutos_0001.ppm,62.1,7.424e-7,0.0002
lfw,all,rgb,rgb/Nicanor_Duarte_Frutos_0002.ppm,59.1,6.481e-7,0.0001
lfw,all,rgb,rgb/Nicanor_Duarte_Frutos_0003.ppm,58.3,6.893e-7,0.0002
lfw,all,rgb,rgb/Nicanor_Duarte_Frutos_0004.ppm,54.6,7.193e-7,0.0001
lfw,all,rgb,rgb/Nicanor_Duarte_Frutos_0005.ppm,54.6,7.289e-7,0.0002
lfw,all,rgb,rgb/Nicanor_Duarte_Frutos_0006.ppm,57.4,7.325e-7,0.0002
lfw,all,rgb,rgb/Nicanor_Duarte_Frutos_0007.ppm,61.8,7.132e-7,0.0001
lfw,all,rgb,rgb/Nicanor_Duarte_Frutos_0008.ppm,59.4,7.622e-7,0.0001
lfw,all,rgb,rgb/Nicanor_Duarte_Frutos_0009.ppm,68.6,7.329e-7,0.0002
lfw,all,rgb,rgb/Nicanor_Duarte_Frutos_0010.ppm,57.8,6.708e-7,0.0001
lfw,all,rgb,rgb/Nicanor_Duarte_Frutos_0011.ppm,60.4,8.202e-7,0.0002
lfw,all,rgb,rgb/Nicholas_Byron_0001.ppm,60.2,7.229e-7,0.0001
lfw,all,rgb,rgb/Nicholas_Byron_0002.ppm,54.9,8.410e-7,0.0002
lfw,all,rgb,rgb/Nicholas_Tse_0001.ppm,53.4,6.145e-7,0.0001
lfw,all,rgb,rgb/Nicholas_Tse_0002.ppm,57.2,6.317e-7,0.0001
lfw,all,rgb,rgb/Nicholoas_DiMarzio_0001.ppm,61.2,7.119e-7,0.0001
lfw,all,rgb,rgb/Nick_Cassavetes_0001.ppm,58.8,7.414e-7,0.0001
lfw,all,rgb,rgb/Nick_Markakis_0001.ppm,50.5,7.930e-7,0.0001
lfw,all,rgb,rgb/Nick_Nolte_0001.ppm,56.4,8.098e-7,0.0002
lfw,all,rgb,rgb/Nick_Nolte_0002.ppm,64.2,7.636e-7,0.0002
lfw,all,rgb,rgb/Nick_Nolte_0003.ppm,59.8,8.035e-7,0.0002
lfw,all,rgb,rgb/Nick_Nolte_0004.ppm,65.2,6.758e-7,0.0002
lfw,all,rgb,rgb/Nick_Nolte_0005.ppm,51.6,7.425e-7,0.0002
lfw,all,rgb,rgb/Nick_Price_0001.ppm,69.8,5.376e-7,0.0001
lfw,all,rgb,rgb/Nick_Rahall_0001.ppm,54.2,7.586e-7,0.0001
lfw,all,rgb,rgb/Nick_Reilly_0001.ppm,54.8,7.949e-7,0.0001
lfw,all,rgb,rgb/Nick_Rimando_0001.ppm,57.7,7.176e-7,0.0001
lfw,all,rgb,rgb/Nick_Turner_0001.ppm,57.4,7.542e-7,0.0001
lfw,all,rgb,rgb/Nicklas_Lidstrom_0001.ppm,55.7,8.024e-7,0.0002
lfw,all,rgb,rgb/Nicola_Bono_0001.ppm,60.4,7.104e-7,0.0002
lfw,all,rgb,rgb/Nicola_Wells_0001.ppm,55.3,7.490e-7,0.0001
lfw,all,rgb,rgb/Nicolas_Cage_0001.ppm,57.8,7.642e-7,0.0002
lfw,all,rgb,rgb/Nicolas_Cage_0002.ppm,59.7,8.666e-7,0.0002
lfw,all,rgb,rgb/Nicolas_Cage_0003.ppm,55.2,8.102e-7,0.0002
lfw,all,rgb,rgb/Nicolas_Cage_0004.ppm,59.4,7.669e-7,0.0002
lfw,all,rgb,rgb/Nicolas_Escude_0001.ppm,53.7,7.728e-7,0.0001
lfw,all,rgb,rgb/Nicolas_Escude_0002.ppm,58.9,7.008e-7,0.0002
lfw,all,rgb,rgb/Nicolas_Eyzaguirre_0001.ppm,56.6,6.762e-7,0.0001
lfw,all,rgb,rgb/Nicolas_Kiefer_0001.ppm,55.3,7.059e-7,0.0001
lfw,all,rgb,rgb/Nicolas_Lapentti_0001.ppm,55.7,6.952e-7,0.0001
lfw,all,rgb,rgb/Nicolas_Lapentti_0002.ppm,52.2,7.533e-7,0.0001
lfw,all,rgb,rgb/Nicolas_Latorre_0001.ppm,53.6,7.256e-7,0.0002
lfw,all,rgb,rgb/Nicolas_Macrozonaris_0001.ppm,57.2,7.334e-7,0.0001
lfw,all,rgb,rgb/Nicolas_Massu_0001.ppm,76.4,6.683e-7,0.0002
lfw,all,rgb,rgb/Nicolas_Sarkozy_0001.ppm,53.1,7.441e-7,0.0001
lfw,all,rgb,rgb/Nicole_0001.ppm,62.2,6.548e-7,0.0002
lfw,all,rgb,rgb/Nicole_Hiltz_0001.ppm,64.7,5.938e-7,0.0002
lfw,all,rgb,rgb/Nicole_Kidman_0001.ppm,61.6,7.119e-7,0.0002
lfw,all,rgb,rgb/Nicole_Kidman_0002.ppm,60.7,7.234e-7,0.0001
lfw,all,rgb,rgb/Nicole_Kidman_0003.ppm,61.0,7.030e-7,0.0001
lfw,all,rgb,rgb/Nicole_Kidman_0004.ppm,50.7,8.155e-7,0.0002
lfw,all,rgb,rgb/Nicole_Kidman_0005.ppm,66.3,7.392e-7,0.0001
lfw,all,rgb,rgb/Nicole_Kidman_0006.ppm,61.4,6.970e-7,0.0001
lfw,all,rgb,rgb/Nicole_Kidman_0007.ppm,60.2,7.522e-7,0.0002
lfw,all,rgb,rgb/Nicole_Kidman_0008.ppm,55.1,7.157e-7,0.0002
lfw,all,rgb,rgb/Nicole_Kidman_0009.ppm,51.9,8.006e-7,0.0002
lfw,all,rgb,rgb/Nicole_Kidman_0010.ppm,60.8,7.391e-7,0.0002
lfw,all,rgb,rgb/Nicole_Kidman_0011.ppm,60.7,6.531e-7,0.0002
lfw,all,rgb,rgb/Nicole_Kidman_0012.ppm,59.1,6.944e-7,0.0001
lfw,all,rgb,rgb/Nicole_Kidman_0013.ppm,60.9,6.823e-7,0.0002
lfw,all,rgb,rgb/Nicole_Kidman_0014.ppm,67.2,6.866e-7,0.0002
lfw,all,rgb,rgb/Nicole_Kidman_0015.ppm,63.1,7.072e-7,0.0002
lfw,all,rgb,rgb/Nicole_Kidman_0016.ppm,62.4,7.624e-7,0.0002
lfw,all,rgb,rgb/Nicole_Kidman_0017.ppm,60.0,7.386e-7,0.0002
lfw,all,rgb,rgb/Nicole_Kidman_0018.ppm,56.0,7.846e-7,0.0002
lfw,all,rgb,rgb/Nicole_Kidman_0019.ppm,59.1,8.152e-7,0.0002
lfw,all,rgb,rgb/Nicole_Parker_0001.ppm,60.5,7.446e-7,0.0002
lfw,all,rgb,rgb/Nicoletta_Braschi_0001.ppm,58.6,7.131e-7,0.0001
lfw,all,rgb,rgb/Nida_Blanca_0001.ppm,60.5,7.332e-7,0.0001
lfw,all,rgb,rgb/Nigel_Redden_0001.ppm,46.9,8.539e-7,0.0002
lfw,all,rgb,rgb/Nikki_Cascone_0001.ppm,53.9,7.052e-7,0.0001
lfw,all,rgb,rgb/Nikki_McKibbin_0001.ppm,63.2,6.809e-7,0.0001
lfw,all,rgb,rgb/Nikki_Reed_0001.ppm,63.5,6.549e-7,0.0001
lfw,all,rgb,rgb/Nikki_Reed_0002.ppm,64.8,6.618e-7,0.0002
lfw,all,rgb,rgb/Nikki_Teasley_0001.ppm,61.3,6.582e-7,0.0001
lfw,all,rgb,rgb/Nikolay_Davydenko_0001.ppm,63.4,7.237e-7,0.0002
lfw,all,rgb,rgb/Nila_Ferran_0001.ppm,54.3,7.109e-7,0.0001
lfw,all,rgb,rgb/Nina_Jacobson_0001.ppm,57.4,7.123e-7,0.0001
lfw,all,rgb,rgb/Nina_Pecari_0001.ppm,54.2,6.814e-7,0.0002
lfw,all,rgb,rgb/Nino_DAngelo_0001.ppm,61.1,6.879e-7,0.0002
lfw,all,rgb,rgb/Nizar_Trabelsi_0001.ppm,63.2,6.526e-7,0.0001
lfw,all,rgb,rgb/Noah_Wyle_0001.ppm,55.2,7.670e-7,0.0001
lfw,all,rgb,rgb/Noah_Wyle_0002.ppm,53.5,7.320e-7,0.0002
lfw,all,rgb,rgb/Noah_Wyle_0003.ppm,55.5,7.426e-7,0.0002
lfw,all,rgb,rgb/Nobuyuki_Idei_0001.ppm,67.4,7.619e-7,0.0002
lfw,all,rgb,rgb/Noel_Forgeard_0001.ppm,60.8,7.033e-7,0.0001
lfw,all,rgb,rgb/Noel_Niell_0001.ppm,61.0,6.803e-7,0.0001
lfw,all,rgb,rgb/Noelle_Bush_0001.ppm,54.8,8.199e-7,0.0002
lfw,all,rgb,rgb/Noelle_Bush_0002.ppm,61.0,7.058e-7,0.0002
lfw,all,rgb,rgb/Noelle_Bush_0003.ppm,59.9,6.869e-7,0.0001
lfw,all,rgb,rgb/Noelle_Bush_0004.ppm,58.3,6.671e-7,0.0002
lfw,all,rgb,rgb/Noer_Moeis_0001.ppm,57.4,6.769e-7,0.0001
lfw,all,rgb,rgb/Noer_Muis_0001.ppm,56.7,6.973e-7,0.0001
lfw,all,rgb,rgb/Nona_Gaye_0001.ppm,58.8,8.416e-7,0.0002
lfw,all,rgb,rgb/Nong_Duc_Manh_0001.ppm,48.6,8.480e-7,0.0001
lfw,all,rgb,rgb/Noor_Mohammed_0001.ppm,59.5,7.309e-7,0.0001
lfw,all,rgb,rgb/Nora_Bendijo_0001.ppm,48.1,7.537e-7,0.0001
lfw,all,rgb,rgb/Nora_Bendijo_0002.ppm,55.2,6.295e-7,0.0001
lfw,all,rgb,rgb/Nora_Ephron_0001.ppm,56.5,7.014e-7,0.0002
lfw,all,rgb,rgb/Norah_Jones_0001.ppm,64.4,6.284e-7,0.0001
lfw,all,rgb,rgb/Norah_Jones_0002.ppm,63.5,6.078e-7,0.0001
lfw,all,rgb,rgb/Norah_Jones_0003.ppm,61.7,6.823e-7,0.0001
lfw,all,rgb,rgb/Norah_Jones_0004.ppm,63.4,7.763e-7,0.0002
lfw,all,rgb,rgb/Norah_Jones_0005.ppm,57.6,7.235e-7,0.0001
lfw,all,rgb,rgb/Norah_Jones_0006.ppm,67.3,6.616e-7,0.0002
lfw,all,rgb,rgb/Norah_Jones_0007.ppm,63.4,6.853e-7,0.0002
lfw,all,rgb,rgb/Norah_Jones_0008.ppm,61.9,6.780e-7,0.0002
lfw,all,rgb,rgb/Norah_Jones_0009.ppm,60.9,7.027e-7,0.0002
lfw,all,rgb,rgb/Norah_Jones_0010.ppm,54.3,6.789e-7,0.0001
lfw,all,rgb,rgb/Norah_Jones_0011.ppm,64.7,7.876e-7,0.0002
lfw,all,rgb,rgb/Norah_Jones_0012.ppm,56.5,6.074e-7,0.0001
lfw,all,rgb,rgb/Norah_Jones_0013.ppm,63.9,6.366e-7,0.0002
lfw,all,rgb,rgb/Norah_Jones_0014.ppm,57.4,6.389e-7,0.0002
lfw,all,rgb,rgb/Norah_Jones_0015.ppm,63.1,6.211e-7,0.0001
lfw,all,rgb,rgb/Norbert_van_Heyst_0001.ppm,58.6,7.585e-7,0.0002
lfw,all,rgb,rgb/Norio_Ohga_0001.ppm,49.8,7.048e-7,0.0001
lfw,all,rgb,rgb/Norm_Coleman_0001.ppm,54.8,7.440e-7,0.0002
lfw,all,rgb,rgb/Norm_Coleman_0002.ppm,53.6,8.268e-7,0.0002
lfw,all,rgb,rgb/Norm_Coleman_0003.ppm,56.7,7.920e-7,0.0001
lfw,all,rgb,rgb/Norm_Coleman_0004.ppm,54.4,7.120e-7,0.0001
lfw,all,rgb,rgb/Norm_Coleman_0005.ppm,50.9,9.718e-7,0.0002
lfw,all,rgb,rgb/Norm_Coleman_0006.ppm,56.1,9.114e-7,0.0002
lfw,all,rgb,rgb/Norm_Coleman_0007.ppm,53.8,7.395e-7,0.0001
lfw,all,rgb,rgb/Norm_Macdonald_0001.ppm,57.0,6.869e-7,0.0001
lfw,all,rgb,rgb/Norman_Jewison_0001.ppm,51.9,7.180e-7,0.0001
lfw,all,rgb,rgb/Norman_Jewison_0002.ppm,67.9,6.932e-7,0.0002
lfw,all,rgb,rgb/Norman_Mailer_0001.ppm,60.9,7.200e-7,0.0001
lfw,all,rgb,rgb/Norman_Mineta_0001.ppm,49.5,7.601e-7,0.0001
lfw,all,rgb,rgb/Normand_Legault_0001.ppm,58.1,6.651e-7,0.0001
lfw,all,rgb,rgb/Norodom_Chakrapong_0001.ppm,66.1,7.061e-7,0.0002
lfw,all,rgb,rgb/Norodom_Sihanouk_0001.ppm,61.1,6.877e-7,0.0001
lfw,all,rgb,rgb/Norodom_Sihanouk_0002.ppm,61.9,7.657e-7,0.0002
lfw,all,rgb,rgb/Norodom_Sihanouk_0003.ppm,61.5,7.158e-7,0.0001
lfw,all,rgb,rgb/Nova_Esther_Guthrie_0001.ppm,60.4,6.740e-7,0.0001
lfw,all,rgb,rgb/Nuon_Chea_0001.ppm,58.6,7.711e-7,0.0002
lfw,all,rgb,rgb/Nur_Jaafar_0001.ppm,52.6,7.375e-7,0.0002
lfw,all,rgb,rgb/Nursultan_Nazarbayev_0001.ppm,53.3,7.624e-7,0.0001
lfw,all,rgb,rgb/Nursultan_Nazarbayev_0002.ppm,55.6,7.514e-7,0.0002
lfw,all,rgb,rgb/OJ_Simpson_0001.ppm,55.2,7.779e-7,0.0001
lfw,all,rgb,rgb/OJ_Simpson_0002.ppm,58.4,7.027e-7,0.0001
lfw,all,rgb,rgb/Octavio_Lara_0001.ppm,64.3,6.280e-7,0.0001
lfw,all,rgb,rgb/Odai_Hussein_0001.ppm,49.9,7.451e-7,0.0001
lfw,all,rgb,rgb/Odilia_Collazo_0001.ppm,57.9,7.685e-7,0.0002
lfw,all,rgb,rgb/Oleg_Romantsev_0001.ppm,56.5,7.704e-7,0.0002
lfw,all,rgb,rgb/Oleksandr_Moroz_0001.ppm,68.6,8.065e-7,0.0002
lfw,all,rgb,rgb/Oleksandr_Moroz_0002.ppm,58.5,7.861e-7,0.0001
lfw,all,rgb,rgb/Olene_Walker_0001.ppm,60.9,7.141e-7,0.0001
lfw,all,rgb,rgb/Olesya_Bonabarenko_0001.ppm,53.9,7.759e-7,0.0001
lfw,all,rgb,rgb/Olesya_Bonabarenko_0002.ppm,59.6,6.520e-7,0.0001
lfw,all,rgb,rgb/Oliver_Neuville_0001.ppm,60.5,7.002e-7,0.0001
lfw,all,rgb,rgb/Oliver_Phelps_0001.ppm,61.6,6.658e-7,0.0001
lfw,all,rgb,rgb/Oliver_Stone_0001.ppm,58.6,7.953e-7,0.0001
lfw,all,rgb,rgb/Olivera_Labus_0001.ppm,60.4,7.173e-7,0.0001
lfw,all,rgb,rgb/Olivia_Newton-John_0001.ppm,69.1,7.329e-7,0.0002
lfw,all,rgb,rgb/Olivia_Newton-John_0002.ppm,63.5,6.563e-7,0.0001
lfw,all,rgb,rgb/Olivier_Boulay_0001.ppm,59.4,7.478e-7,0.0002
lfw,all,rgb,rgb/Olivier_Rochus_0001.ppm,53.3,8.205e-7,0.0002
lfw,all,rgb,rgb/Olympia_Dukakis_0001.ppm,55.9,8.146e-7,0.0002
lfw,all,rgb,rgb/Omar_Khan_Sharif_0001.ppm,57.8,7.735e-7,0.0001
lfw,all,rgb,rgb/Omar_Sharif_0001.ppm,59.8,6.833e-7,0.0002
lfw,all,rgb,rgb/Omar_Sharif_0002.ppm,64.8,6.754e-7,0.0001
lfw,all,rgb,rgb/Omar_Sharif_0003.ppm,61.7,6.615e-7,0.0001
lfw,all,rgb,rgb/Omar_Sharif_0004.ppm,58.4,7.619e-7,0.0001
lfw,all,rgb,rgb/Omar_Vizquel_0001.ppm,60.6,7.332e-7,0.0001
lfw,all,rgb,rgb/Omar_el-Heib_0001.ppm,57.8,6.856e-7,0.0001
lfw,all,rgb,rgb/Ontario_Lett_0001.ppm,56.5,7.528e-7,0.0002
lfw,all,rgb,rgb/Oprah_Winfrey_0001.ppm,61.6,6.504e-7,0.0001
lfw,all,rgb,rgb/Oprah_Winfrey_0002.ppm,71.1,6.031e-7,0.0002
lfw,all,rgb,rgb/Oprah_Winfrey_0003.ppm,73.5,5.316e-7,0.0002
lfw,all,rgb,rgb/Oprah_Winfrey_0004.ppm,67.9,7.003e-7,0.0002
lfw,all,rgb,rgb/Oracene_Williams_0001.ppm,77.5,6.552e-7,0.0002
lfw,all,rgb,rgb/Orlando_Bloom_0001.ppm,61.5,6.758e-7,0.0002
lfw,all,rgb,rgb/Orlando_Bloom_0002.ppm,57.4,6.805e-7,0.0002
lfw,all,rgb,rgb/Orlando_Bloom_0003.ppm,61.6,6.712e-7,0.0002
lfw,all,rgb,rgb/Ornella_Muti_0001.ppm,64.6,6.257e-7,0.0001
lfw,all,rgb,rgb/Orrin_Hatch_0001.ppm,67.4,8.028e-7,0.0002
lfw,all,rgb,rgb/Orrin_Hatch_0002.ppm,52.2,7.512e-7,0.0001
lfw,all,rgb,rgb/Osama_Al_Baz_0001.ppm,66.3,7.376e-7,0.0002
lfw,all,rgb,rgb/Osama_bin_Laden_0001.ppm,58.5,7.467e-7,0.0002
lfw,all,rgb,rgb/Osama_bin_Laden_0002.ppm,59.5,7.163e-7,0.0001
lfw,all,rgb,rgb/Osama_bin_Laden_0003.ppm,58.4,6.570e-7,0.0001
lfw,all,rgb,rgb/Osama_bin_Laden_0004.ppm,58.9,6.808e-7,0.0001
lfw,all,rgb,rgb/Oscar_Bolanos_0001.ppm,59.4,8.280e-7,0.0002
lfw,all,rgb,rgb/Oscar_DLeon_0001.ppm,61.7,8.350e-7,0.0002
lfw,all,rgb,rgb/Oscar_De_La_Hoya_0001.ppm,57.2,7.379e-7,0.0002
lfw,all,rgb,rgb/Oscar_De_La_Hoya_0002.ppm,62.6,7.185e-7,0.0002
lfw,all,rgb,rgb/Oscar_De_La_Hoya_0003.ppm,66.1,6.748e-7,0.0002
lfw,all,rgb,rgb/Oscar_De_La_Hoya_0004.ppm,58.6,8.213e-7,0.0002
lfw,all,rgb,rgb/Oscar_De_La_Hoya_0005.ppm,65.6,6.264e-7,0.0001
lfw,all,rgb,rgb/Oscar_De_La_Hoya_0006.ppm,58.1,7.033e-7,0.0001
lfw,all,rgb,rgb/Oscar_De_La_Hoya_0007.ppm,59.4,7.956e-7,0.0002
lfw,all,rgb,rgb/Oscar_Elias_Biscet_0001.ppm,59.3,7.543e-7,0.0002
lfw,all,rgb,rgb/Oscar_Elias_Biscet_0002.ppm,59.3,7.723e-7,0.0001
lfw,all,rgb,rgb/Oscar_de_la_Renta_0001.ppm,45.4,8.422e-7,0.0001
lfw,all,rgb,rgb/Osmond_Smith_0001.ppm,61.3,7.032e-7,0.0002
lfw,all,rgb,rgb/Osrat_Iosef_0001.ppm,47.6,8.500e-7,0.0001
lfw,all,rgb,rgb/Oswald_Gruebel_0001.ppm,62.1,7.066e-7,0.0002
lfw,all,rgb,rgb/Oswaldo_Paya_0001.ppm,62.8,6.583e-7,0.0001
lfw,all,rgb,rgb/Oswaldo_Paya_0002.ppm,60.4,7.123e-7,0.0002
lfw,all,rgb,rgb/Oswaldo_Paya_0003.ppm,58.5,7.206e-7,0.0002
lfw,all,rgb,rgb/Oswaldo_Paya_0004.ppm,56.3,7.332e-7,0.0002
lfw,all,rgb,rgb/Oswaldo_Paya_0005.ppm,59.5,7.332e-7,0.0001
lfw,all,rgb,rgb/Otto_Reich_0001.ppm,55.1,7.358e-7,0.0001
lfw,all,rgb,rgb/Otto_Schily_0001.ppm,62.4,6.966e-7,0.0002
lfw,all,rgb,rgb/Owen_Nolan_0001.ppm,57.4,7.254e-7,0.0001
lfw,all,rgb,rgb/Owen_Wilson_0001.ppm,62.8,6.784e-7,0.0001
lfw,all,rgb,rgb/Owen_Wilson_0002.ppm,61.2,8.172e-7,0.0002
lfw,all,rgb,rgb/Oxana_Fedorova_0001.ppm,56.5,6.405e-7,0.0001
lfw,all,rgb,rgb/Oxana_Fedorova_0002.ppm,63.2,7.904e-7,0.0001
lfw,all,rgb,rgb/Oxana_Fedorova_0003.ppm,61.7,6.275e-7,0.0001
lfw,all,rgb,rgb/Oxana_Fedorova_0004.ppm,60.9,7.062e-7,0.0002
lfw,all,rgb,rgb/Ozzie_Smith_0001.ppm,60.8,6.710e-7,0.0001
lfw,all,rgb,rgb/Ozzy_Osbourne_0001.ppm,59.9,7.286e-7,0.0002
lfw,all,rgb,rgb/Ozzy_Osbourne_0002.ppm,57.1,7.218e-7,0.0002
lfw,all,rgb,rgb/Ozzy_Osbourne_0003.ppm,59.0,6.728e-7,0.0002
lfw,all,rgb,rgb/Pa_Kou_Hang_0001.ppm,57.6,7.166e-7,0.0002
lfw,all,rgb,rgb/Pablo_Khulental_0001.ppm,51.7,7.812e-7,0.0002
lfw,all,rgb,rgb/Pablo_Latras_0001.ppm,58.2,6.807e-7,0.0001
lfw,all,rgb,rgb/Paddy_Long_0001.ppm,55.1,7.167e-7,0.0001
lfw,all,rgb,rgb/Paddy_Torsney_0001.ppm,64.7,6.332e-7,0.0002
lfw,all,rgb,rgb/Padraig_Harrington_0001.ppm,62.2,6.664e-7,0.0001
lfw,all,rgb,rgb/Padraig_Harrington_0002.ppm,41.3,5.994e-7,0.0001
lfw,all,rgb,rgb/Padraig_Harrington_0003.ppm,59.5,6.742e-7,0.0001
lfw,all,rgb,rgb/Padraig_Harrington_0004.ppm,75.4,6.836e-7,0.0002
lfw,all,rgb,rgb/Paek_Nam_Sun_0001.ppm,70.5,6.721e-7,0.0002
lfw,all,rgb,rgb/Paige_Fitzgerald_0001.ppm,54.9,6.744e-7,0.0001
lfw,all,rgb,rgb/Pak_Gil_Yon_0001.ppm,49.4,7.770e-7,0.0002
lfw,all,rgb,rgb/Pamela_Anderson_0001.ppm,64.5,7.105e-7,0.0002
lfw,all,rgb,rgb/Pamela_Anderson_0002.ppm,62.3,6.807e-7,0.0002
lfw,all,rgb,rgb/Pamela_Anderson_0003.ppm,58.4,6.847e-7,0.0001
lfw,all,rgb,rgb/Pamela_Anderson_0004.ppm,59.3,7.026e-7,0.0001
lfw,all,rgb,rgb/Pamela_Anderson_0005.ppm,61.5,7.734e-7,0.0002
lfw,all,rgb,rgb/Pamela_Melroy_0001.ppm,67.2,5.843e-7,0.0001
lfw,all,rgb,rgb/Paola_Espinoza_0001.ppm,52.4,7.086e-7,0.0001
lfw,all,rgb,rgb/Paradorn_Srichaphan_0001.ppm,52.6,7.692e-7,0.0001
lfw,all,rgb,rgb/Paradorn_Srichaphan_0002.ppm,52.0,7.008e-7,0.0001
lfw,all,rgb,rgb/Paradorn_Srichaphan_0003.ppm,59.9,7.278e-7,0.0002
lfw,all,rgb,rgb/Paradorn_Srichaphan_0004.ppm,61.0,6.868e-7,0.0002
lfw,all,rgb,rgb/Paradorn_Srichaphan_0005.ppm,61.0,6.963e-7,0.0002
lfw,all,rgb,rgb/Paradorn_Srichaphan_0006.ppm,56.2,7.788e-7,0.0002
lfw,all,rgb,rgb/Paradorn_Srichaphan_0007.ppm,52.1,6.968e-7,0.0001
lfw,all,rgb,rgb/Paradorn_Srichaphan_0008.ppm,55.5,6.820e-7,0.0001
lfw,all,rgb,rgb/Paradorn_Srichaphan_0009.ppm,57.8,7.522e-7,0.0002
lfw,all,rgb,rgb/Paradorn_Srichaphan_0010.ppm,55.9,6.804e-7,0.0002
lfw,all,rgb,rgb/Paris_Hilton_0001.ppm,62.0,7.150e-7,0.0001
lfw,all,rgb,rgb/Paris_Hilton_0002.ppm,59.6,7.420e-7,0.0001
lfw,all,rgb,rgb/Park_Jie-won_0001.ppm,50.4,8.161e-7,0.0001
lfw,all,rgb,rgb/Park_Jung_Sung_0001.ppm,56.5,8.268e-7,0.0004
lfw,all,rgb,rgb/Park_Na-kyong_0001.ppm,61.6,6.319e-7,0.0002
lfw,all,rgb,rgb/Parris_Glendening_0001.ppm,55.3,9.849e-7,0.0002
lfw,all,rgb,rgb/Parris_Glendening_0002.ppm,54.8,8.459e-7,0.0002
lfw,all,rgb,rgb/Parthiv_Patel_0001.ppm,59.8,7.027e-7,0.0001
lfw,all,rgb,rgb/Pascal_Affi_Nguessan_0001.ppm,59.2,7.023e-7,0.0001
lfw,all,rgb,rgb/Pascal_Lamy_0001.ppm,62.2,7.020e-7,0.0001
lfw,all,rgb,rgb/Pascal_Lamy_0002.ppm,57.6,7.590e-7,0.0002
lfw,all,rgb,rgb/Pascal_Quignard_0001.ppm,65.6,7.118e-7,0.0002
lfw,all,rgb,rgb/Pascal_Quignard_0002.ppm,60.5,7.269e-7,0.0002
lfw,all,rgb,rgb/Pascal_Quignard_0003.ppm,66.5,6.999e-7,0.0002
lfw,all,rgb,rgb/Pascal_Rheaume_0001.ppm,56.2,6.068e-7,0.0001
lfw,all,rgb,rgb/Pat_Burns_0001.ppm,57.8,7.445e-7,0.0001
lfw,all,rgb,rgb/Pat_Burns_0002.ppm,55.8,7.442e-7,0.0001
lfw,all,rgb,rgb/Pat_Cox_0001.ppm,59.4,6.950e-7,0.0001
lfw,all,rgb,rgb/Pat_Cox_0002.ppm,56.6,7.030e-7,0.0001
lfw,all,rgb,rgb/Pat_DAmuro_0001.ppm,58.4,7.251e-7,0.0002
lfw,all,rgb,rgb/Pat_Riley_0001.ppm,58.1,7.935e-7,0.0002
lfw,all,rgb,rgb/Pat_Rochester_0001.ppm,63.0,6.544e-7,0.0001
lfw,all,rgb,rgb/Pat_Summerall_0001.ppm,58.1,6.700e-7,0.0001
lfw,all,rgb,rgb/Pat_Summitt_0001.ppm,66.1,6.932e-7,0.0002
lfw,all,rgb,rgb/Pat_Wharton_0001.ppm,75.5,6.822e-7,0.0002
lfw,all,rgb,rgb/Patrice_Chereau_0001.ppm,62.0,6.970e-7,0.0001
lfw,all,rgb,rgb/Patrice_Chereau_0002.ppm,63.7,6.345e-7,0.0002
lfw,all,rgb,rgb/Patricia_Clarkson_0001.ppm,61.9,7.624e-7,0.0002
lfw,all,rgb,rgb/Patricia_Clarkson_0002.ppm,57.7,7.837e-7,0.0002
lfw,all,rgb,rgb/Patricia_Clarkson_0003.ppm,57.7,7.297e-7,0.0001
lfw,all,rgb,rgb/Patricia_Clarkson_0004.ppm,61.7,6.352e-7,0.0001
lfw,all,rgb,rgb/Patricia_Garone_0001.ppm,49.5,6.901e-7,0.0001
lfw,all,rgb,rgb/Patricia_Hearst_0001.ppm,58.3,8.182e-7,0.0002
lfw,all,rgb,rgb/Patricia_Heaton_0001.ppm,57.4,7.598e-7,0.0001
lfw,all,rgb,rgb/Patricia_Heaton_0002.ppm,58.0,7.097e-7,0.0002
lfw,all,rgb,rgb/Patricia_Johnson_0001.ppm,57.5,7.047e-7,0.0002
lfw,all,rgb,rgb/Patricia_Medina_0001.ppm,60.1,8.339e-7,0.0002
lfw,all,rgb,rgb/Patricia_Phillips_0001.ppm,63.2,6.644e-7,0.0001
lfw,all,rgb,rgb/Patricia_Russo_0001.ppm,65.7,7.229e-7,0.0002
lfw,all,rgb,rgb/Patricia_Wartusch_0001.ppm,58.7,6.449e-7,0.0001
lfw,all,rgb,rgb/Patrick_Bourrat_0001.ppm,67.4,5.958e-7,0.0001
lfw,all,rgb,rgb/Patrick_Clawsen_0001.ppm,68.1,6.883e-7,0.0002
lfw,all,rgb,rgb/Patrick_Coleman_0001.ppm,49.6,7.543e-7,0.0001
lfw,all,rgb,rgb/Patrick_Dennehy_0001.ppm,59.2,7.474e-7,0.0002
lfw,all,rgb,rgb/Patrick_Eaves_0001.ppm,58.2,7.888e-7,0.0002
lfw,all,rgb,rgb/Patrick_Ewing_0001.ppm,69.3,6.543e-7,0.0001
lfw,all,rgb,rgb/Patrick_Ewing_0002.ppm,68.4,6.655e-7,0.0001
lfw,all,rgb,rgb/Patrick_Kron_0001.ppm,50.7,7.233e-7,0.0001
lfw,all,rgb,rgb/Patrick_Leahy_0001.ppm,55.3,1.133e-6,0.0002
lfw,all,rgb,rgb/Patrick_Leahy_0002.ppm,49.0,9.904e-7,0.0002
lfw,all,rgb,rgb/Patrick_McEnroe_0001.ppm,53.4,8.416e-7,0.0002
lfw,all,rgb,rgb/Patrick_McEnroe_0002.ppm,59.7,7.044e-7,0.0002
lfw,all,rgb,rgb/Patrick_Rafter_0001.ppm,60.0,7.311e-7,0.0002
lfw,all,rgb,rgb/Patrick_Roy_0001.ppm,61.0,6.993e-7,0.0001
lfw,all,rgb,rgb/Patrick_Roy_0002.ppm,58.8,7.783e-7,0.0002
lfw,all,rgb,rgb/Patrick_Stewart_0001.ppm,58.4,1.116e-6,0.0002
lfw,all,rgb,rgb/Patrick_Stewart_0002.ppm,60.0,9.607e-7,0.0002
lfw,all,rgb,rgb/Patrik_Kristiansson_0001.ppm,39.7,1.350e-6,0.0002
lfw,all,rgb,rgb/Patsy_Hardy_0001.ppm,60.1,7.264e-7,0.0001
lfw,all,rgb,rgb/Patsy_Kensit_0001.ppm,57.9,7.141e-7,0.0001
lfw,all,rgb,rgb/Patsy_Mink_0001.ppm,60.2,7.347e-7,0.0002
lfw,all,rgb,rgb/Patti_Balgojevich_0001.ppm,55.6,8.828e-7,0.0002
lfw,all,rgb,rgb/Patti_Labelle_0001.ppm,62.7,7.383e-7,0.0001
lfw,all,rgb,rgb/Patti_Labelle_0002.ppm,62.8,6.812e-7,0.0001
lfw,all,rgb,rgb/Patti_Labelle_0003.ppm,59.8,6.895e-7,0.0002
lfw,all,rgb,rgb/Patti_Lank_0001.ppm,60.0,6.706e-7,0.0001
lfw,all,rgb,rgb/Patti_Smith_0001.ppm,50.0,7.553e-7,0.0001
lfw,all,rgb,rgb/Patty_Duke_0001.ppm,63.3,6.713e-7,0.0002
lfw,all,rgb,rgb/Patty_Schnyder_0001.ppm,53.3,7.209e-7,0.0001
lfw,all,rgb,rgb/Patty_Schnyder_0002.ppm,56.7,7.135e-7,0.0001
lfw,all,rgb,rgb/Patty_Schnyder_0003.ppm,52.6,7.458e-7,0.0001
lfw,all,rgb,rgb/Patty_Schnyder_0004.ppm,61.4,6.583e-7,0.0001
lfw,all,rgb,rgb/Patty_Sheehan_0001.ppm,53.5,8.201e-7,0.0002
lfw,all,rgb,rgb/Paul-Henri_Mathieu_0001.ppm,54.2,7.523e-7,0.0001
lfw,all,rgb,rgb/Paul-Henri_Mathieu_0002.ppm,66.1,6.582e-7,0.0002
lfw,all,rgb,rgb/Paul-Henri_Mathieu_0003.ppm,63.5,6.286e-7,0.0002
lfw,all,rgb,rgb/Paul_Bettany_0001.ppm,66.7,7.436e-7,0.0002
lfw,all,rgb,rgb/Paul_Brandt_0001.ppm,66.6,5.535e-7,0.0001
lfw,all,rgb,rgb/Paul_Bremer_0001.ppm,59.1,7.643e-7,0.0002
lfw,all,rgb,rgb/Paul_Bremer_0002.ppm,50.6,8.275e-7,0.0002
lfw,all,rgb,rgb/Paul_Bremer_0003.ppm,50.5,7.696e-7,0.0001
lfw,all,rgb,rgb/Paul_Bremer_0004.ppm,58.9,6.660e-7,0.0002
lfw,all,rgb,rgb/Paul_Bremer_0005.ppm,56.3,7.566e-7,0.0001
lfw,all,rgb,rgb/Paul_Bremer_0006.ppm,49.5,7.543e-7,0.0001
lfw,all,rgb,rgb/Paul_Bremer_0007.ppm,56.8,7.536e-7,0.0001
lfw,all,rgb,rgb/Paul_Bremer_0008.ppm,55.1,7.613e-7,0.0001
lfw,all,rgb,rgb/Paul_Bremer_0009.ppm,55.7,7.393e-7,0.0002
lfw,all,rgb,rgb/Paul_Bremer_0010.ppm,63.2,7.007e-7,0.0001
lfw,all,rgb,rgb/Paul_Bremer_0011.ppm,58.9,7.904e-7,0.0002
lfw,all,rgb,rgb/Paul_Bremer_0012.ppm,55.6,7.806e-7,0.0001
lfw,all,rgb,rgb/Paul_Bremer_0013.ppm,56.7,7.366e-7,0.0001
lfw,all,rgb,rgb/Paul_Bremer_0014.ppm,58.9,6.714e-7,0.0002
lfw,all,rgb,rgb/Paul_Bremer_0015.ppm,62.0,7.103e-7,0.0002
lfw,all,rgb,rgb/Paul_Bremer_0016.ppm,57.3,7.074e-7,0.0001
lfw,all,rgb,rgb/Paul_Bremer_0017.ppm,57.3,7.070e-7,0.0002
lfw,all,rgb,rgb/Paul_Bremer_0018.ppm,58.8,7.112e-7,0.0001
lfw,all,rgb,rgb/Paul_Bremer_0019.ppm,53.1,6.900e-7,0.0001
lfw,all,rgb,rgb/Paul_Bremer_0020.ppm,53.0,6.529e-7,0.0001
lfw,all,rgb,rgb/Paul_Burrell_0001.ppm,55.1,7.582e-7,0.0002
lfw,all,rgb,rgb/Paul_Burrell_0002.ppm,56.4,7.922e-7,0.0002
lfw,all,rgb,rgb/Paul_Burrell_0003.ppm,57.8,7.805e-7,0.0002
lfw,all,rgb,rgb/Paul_Burrell_0004.ppm,58.7,7.760e-7,0.0002
lfw,all,rgb,rgb/Paul_Burrell_0005.ppm,47.2,7.887e-7,0.0001
lfw,all,rgb,rgb/Paul_Burrell_0006.ppm,56.8,7.716e-7,0.0002
lfw,all,rgb,rgb/Paul_Burrell_0007.ppm,58.5,7.823e-7,0.0002
lfw,all,rgb,rgb/Paul_Burrell_0008.ppm,57.6,7.513e-7,0.0002
lfw,all,rgb,rgb/Paul_Burrell_0009.ppm,58.2,7.668e-7,0.0002
lfw,all,rgb,rgb/Paul_Burrell_0010.ppm,57.2,8.074e-7,0.0001
lfw,all,rgb,rgb/Paul_Burrell_0011.ppm,58.0,7.400e-7,0.0002
lfw,all,rgb,rgb/Paul_Byrd_0001.ppm,63.5,7.075e-7,0.0002
lfw,all,rgb,rgb/Paul_Byrd_0002.ppm,69.0,6.392e-7,0.0002
lfw,all,rgb,rgb/Paul_Celluci_0001.ppm,60.0,7.375e-7,0.0001
lfw,all,rgb,rgb/Paul_Cerjan_0001.ppm,52.0,7.225e-7,0.0001
lfw,all,rgb,rgb/Paul_Clark_0001.ppm,53.6,8.260e-7,0.0001
lfw,all,rgb,rgb/Paul_Coppin_0001.ppm,61.2,7.991e-7,0.0001
lfw,all,rgb,rgb/Paul_Coppin_0002.ppm,63.8,7.084e-7,0.0002
lfw,all,rgb,rgb/Paul_Crake_0001.ppm,60.5,7.562e-7,0.0002
lfw,all,rgb,rgb/Paul_Desmarais_0001.ppm,60.4,6.477e-7,0.0001
lfw,all,rgb,rgb/Paul_Ebert_0001.ppm,58.6,7.690e-7,0.0001
lfw,all,rgb,rgb/Paul_Farley_0001.ppm,60.1,7.889e-7,0.0002
lfw,all,rgb,rgb/Paul_Gannon_0001.ppm,58.8,7.502e-7,0.0001
lfw,all,rgb,rgb/Paul_Gascoigne_0001.ppm,56.6,7.471e-7,0.0001
lfw,all,rgb,rgb/Paul_Gascoigne_0002.ppm,48.6,7.860e-7,0.0001
lfw,all,rgb,rgb/Paul_Gascoigne_0003.ppm,57.1,7.553e-7,0.0002
lfw,all,rgb,rgb/Paul_Greengrass_0001.ppm,56.2,7.122e-7,0.0001
lfw,all,rgb,rgb/Paul_Henderson_0001.ppm,55.0,6.937e-7,0.0002
lfw,all,rgb,rgb/Paul_Hogan_0001.ppm,57.7,8.292e-7,0.0002
lfw,all,rgb,rgb/Paul_Hogan_0002.ppm,58.0,8.266e-7,0.0002
lfw,all,rgb,rgb/Paul_Johnson_0001.ppm,63.2,6.524e-7,0.0002
lfw,all,rgb,rgb/Paul_Kagame_0001.ppm,51.9,8.266e-7,0.0002
lfw,all,rgb,rgb/Paul_Kagame_0002.ppm,70.5,7.083e-7,0.0002
lfw,all,rgb,rgb/Paul_Kariya_0001.ppm,53.6,7.594e-7,0.0001
lfw,all,rgb,rgb/Paul_Kelleher_0001.ppm,56.8,7.012e-7,0.0001
lfw,all,rgb,rgb/Paul_Krueger_0001.ppm,57.6,6.609e-7,0.0001
lfw,all,rgb,rgb/Paul_LeClerc_0001.ppm,51.6,7.558e-7,0.0002
lfw,all,rgb,rgb/Paul_Li_Calsi_0001.ppm,64.9,6.916e-7,0.0001
lfw,all,rgb,rgb/Paul_Lo_Duca_0001.ppm,53.0,7.895e-7,0.0001
lfw,all,rgb,rgb/Paul_Lockhart_0001.ppm,61.2,7.080e-7,0.0001
lfw,all,rgb,rgb/Paul_Luvera_0001.ppm,53.2,7.848e-7,0.0002
lfw,all,rgb,rgb/Paul_Martin_0001.ppm,60.3,7.378e-7,0.0002
lfw,all,rgb,rgb/Paul_Martin_0002.ppm,61.0,6.823e-7,0.0001
lfw,all,rgb,rgb/Paul_Martin_0003.ppm,64.7,7.435e-7,0.0002
lfw,all,rgb,rgb/Paul_Martin_0004.ppm,52.2,7.906e-7,0.0001
lfw,all,rgb,rgb/Paul_Martin_0005.ppm,68.0,6.847e-7,0.0002
lfw,all,rgb,rgb/Paul_Martin_0006.ppm,70.1,7.220e-7,0.0002
lfw,all,rgb,rgb/Paul_Martin_0007.ppm,69.3,7.156e-7,0.0002
lfw,all,rgb,rgb/Paul_Martin_0008.ppm,56.6,7.539e-7,0.0001
lfw,all,rgb,rgb/Paul_McCartney_0001.ppm,51.2,8.522e-7,0.0001
lfw,all,rgb,rgb/Paul_McCartney_0002.ppm,54.9,7.017e-7,0.0001
lfw,all,rgb,rgb/Paul_McCartney_0003.ppm,39.0,1.100e-6,0.0001
lfw,all,rgb,rgb/Paul_McCartney_0004.ppm,56.6,7.365e-7,0.0001
lfw,all,rgb,rgb/Paul_McCartney_0005.ppm,53.6,7.072e-7,0.0001
lfw,all,rgb,rgb/Paul_McCartney_0006.ppm,55.3,7.658e-7,0.0001
lfw,all,rgb,rgb/Paul_McCartney_0007.ppm,52.5,8.832e-7,0.0001
lfw,all,rgb,rgb/Paul_McNulty_0001.ppm,58.6,6.463e-7,0.0001
lfw,all,rgb,rgb/Paul_McNulty_0002.ppm,58.3,6.750e-7,0.0001
lfw,all,rgb,rgb/Paul_Michael_Daniels_0001.ppm,55.4,8.004e-7,0.0002
lfw,all,rgb,rgb/Paul_Murphy_0001.ppm,54.1,8.161e-7,0.0002
lfw,all,rgb,rgb/Paul_Newman_0001.ppm,61.2,6.652e-7,0.0002
lfw,all,rgb,rgb/Paul_ONeill_0001.ppm,59.3,7.500e-7,0.0002
lfw,all,rgb,rgb/Paul_ONeill_0002.ppm,61.5,7.519e-7,0.0001
lfw,all,rgb,rgb/Paul_ONeill_0003.ppm,60.4,7.924e-7,0.0002
lfw,all,rgb,rgb/Paul_ONeill_0004.ppm,58.4,7.479e-7,0.0002
lfw,all,rgb,rgb/Paul_ONeill_0005.ppm,63.5,6.767e-7,0.0001
lfw,all,rgb,rgb/Paul_ONeill_0006.ppm,57.8,7.756e-7,0.0001
lfw,all,rgb,rgb/Paul_ONeill_0007.ppm,60.5,6.898e-7,0.0001
lfw,all,rgb,rgb/Paul_ONeill_0008.ppm,58.1,7.675e-7,0.0002
lfw,all,rgb,rgb/Paul_ONeill_0009.ppm,64.8,6.562e-7,0.0001
lfw,all,rgb,rgb/Paul_Otellini_0001.ppm,55.4,7.385e-7,0.0001
lfw,all,rgb,rgb/Paul_Patton_0001.ppm,52.4,7.108e-7,0.0001
lfw,all,rgb,rgb/Paul_Patton_0002.ppm,54.2,7.613e-7,0.0001
lfw,all,rgb,rgb/Paul_Pierce_0001.ppm,64.9,6.983e-7,0.0001
lfw,all,rgb,rgb/Paul_Pierce_0002.ppm,66.0,6.707e-7,0.0002
lfw,all,rgb,rgb/Paul_Reiser_0001.ppm,57.4,7.762e-7,0.0002
lfw,all,rgb,rgb/Paul_Sarbanes_0001.ppm,57.3,8.262e-7,0.0002
lfw,all,rgb,rgb/Paul_Sarbanes_0002.ppm,52.4,8.084e-7,0.0002
lfw,all,rgb,rgb/Paul_Sarbanes_0003.ppm,58.6,8.303e-7,0.0001
lfw,all,rgb,rgb/Paul_Schrader_0001.ppm,61.7,7.439e-7,0.0001
lfw,all,rgb,rgb/Paul_Shanley_0001.ppm,52.3,8.338e-7,0.0002
lfw,all,rgb,rgb/Paul_Shanley_0002.ppm,57.7,7.799e-7,0.0001
lfw,all,rgb,rgb/Paul_Shanley_0003.ppm,58.4,7.974e-7,0.0001
lfw,all,rgb,rgb/Paul_Tagliabue_0001.ppm,57.4,7.684e-7,0.0001
lfw,all,rgb,rgb/Paul_Tagliabue_0002.ppm,49.1,9.162e-7,0.0002
lfw,all,rgb,rgb/Paul_Tagliabue_0003.ppm,54.9,7.906e-7,0.0001
lfw,all,rgb,rgb/Paul_Tagliabue_0004.ppm,55.2,7.257e-7,0.0001
lfw,all,rgb,rgb/Paul_Tracy_0001.ppm,55.3,7.879e-7,0.0001
lfw,all,rgb,rgb/Paul_Vathis_0001.ppm,66.7,7.614e-7,0.0002
lfw,all,rgb,rgb/Paul_Walker_0001.ppm,62.7,7.182e-7,0.0001
lfw,all,rgb,rgb/Paul_Wals_0001.ppm,65.8,6.630e-7,0.0002
lfw,all,rgb,rgb/Paul_Wellstone_0001.ppm,49.2,7.824e-7,0.0002
lfw,all,rgb,rgb/Paul_Wellstone_0002.ppm,52.5,8.161e-7,0.0002
lfw,all,rgb,rgb/Paul_Wellstone_0003.ppm,63.5,7.563e-7,0.0002
lfw,all,rgb,rgb/Paul_William_Hurley_0001.ppm,57.8,7.450e-7,0.0002
lfw,all,rgb,rgb/Paul_William_Hurley_0002.ppm,54.2,7.931e-7,0.0001
lfw,all,rgb,rgb/Paul_Wilson_0001.ppm,70.0,7.231e-7,0.0002
lfw,all,rgb,rgb/Paul_Wolfowitz_0001.ppm,51.5,7.265e-7,0.0001
lfw,all,rgb,rgb/Paul_Wolfowitz_0002.ppm,56.6,7.578e-7,0.0001
lfw,all,rgb,rgb/Paul_Wolfowitz_0003.ppm,55.8,7.489e-7,0.0001
lfw,all,rgb,rgb/Paul_Wolfowitz_0004.ppm,55.7,7.254e-7,0.0001
lfw,all,rgb,rgb/Paul_Wolfowitz_0005.ppm,58.0,7.032e-7,0.0002
lfw,all,rgb,rgb/Paul_Wolfowitz_0006.ppm,56.8,7.163e-7,0.0001
lfw,all,rgb,rgb/Paul_Wolfowitz_0007.ppm,56.0,7.139e-7,0.0001
lfw,all,rgb,rgb/Paul_Wolfowitz_0008.ppm,57.8,7.389e-7,0.0002
lfw,all,rgb,rgb/Paul_Wolfowitz_0009.ppm,56.9,7.104e-7,0.0001
lfw,all,rgb,rgb/Paul_Wolfowitz_0010.ppm,56.9,7.066e-7,0.0001
lfw,all,rgb,rgb/Paul_Wollnough_0001.ppm,47.0,8.840e-7,0.0001
lfw,all,rgb,rgb/Paula_Abdul_0001.ppm,60.8,6.311e-7,0.0001
lfw,all,rgb,rgb/Paula_Dobriansky_0001.ppm,64.1,6.242e-7,0.0001
lfw,all,rgb,rgb/Paula_Locke_0001.ppm,63.0,5.884e-7,0.0001
lfw,all,rgb,rgb/Paula_Prentiss_0001.ppm,54.1,6.959e-7,0.0001
lfw,all,rgb,rgb/Paula_Radcliffe_0001.ppm,58.3,7.318e-7,0.0001
lfw,all,rgb,rgb/Paula_Radcliffe_0002.ppm,62.0,6.425e-7,0.0002
lfw,all,rgb,rgb/Paula_Radcliffe_0003.ppm,50.3,7.057e-7,0.0001
lfw,all,rgb,rgb/Paula_Radcliffe_0004.ppm,72.5,6.527e-7,0.0002
lfw,all,rgb,rgb/Paula_Radcliffe_0005.ppm,61.4,6.970e-7,0.0001
lfw,all,rgb,rgb/Paula_Radcliffe_0006.ppm,61.0,8.102e-7,0.0002
lfw,all,rgb,rgb/Paula_Zahn_0001.ppm,61.0,7.747e-7,0.0002
lfw,all,rgb,rgb/Paula_Zahn_0002.ppm,60.6,7.531e-7,0.0002
lfw,all,rgb,rgb/Pauley_Perrette_0001.ppm,72.4,6.240e-7,0.0002
lfw,all,rgb,rgb/Paulie_Ayala_0001.ppm,54.8,7.870e-7,0.0002
lfw,all,rgb,rgb/Paulina_Rodriguez_Davila_0001.ppm,56.7,6.935e-7,0.0002
lfw,all,rgb,rgb/Pauline_Landers_0001.ppm,56.8,9.258e-7,0.0002
lfw,all,rgb,rgb/Pauline_Phillips_0001.ppm,58.1,7.534e-7,0.0001
lfw,all,rgb,rgb/Paulo_Cesar_Pinheiro_0001.ppm,59.3,7.435e-7,0.0002
lfw,all,rgb,rgb/Paulo_Cesar_Pinheiro_0002.ppm,60.0,6.701e-7,0.0002
lfw,all,rgb,rgb/Pedro_Almodovar_0001.ppm,60.4,7.577e-7,0.0002
lfw,all,rgb,rgb/Pedro_Almodovar_0002.ppm,59.6,6.755e-7,0.0001
lfw,all,rgb,rgb/Pedro_Almodovar_0003.ppm,54.8,6.010e-7,0.0001
lfw,all,rgb,rgb/Pedro_Almodovar_0004.ppm,64.2,7.000e-7,0.0002
lfw,all,rgb,rgb/Pedro_Almodovar_0005.ppm,62.2,6.969e-7,0.0001
lfw,all,rgb,rgb/Pedro_Almodovar_0006.ppm,60.0,6.673e-7,0.0001
lfw,all,rgb,rgb/Pedro_Almodovar_0007.ppm,52.6,8.042e-7,0.0002
lfw,all,rgb,rgb/Pedro_Alvarez_0001.ppm,60.1,7.369e-7,0.0002
lfw,all,rgb,rgb/Pedro_Duque_0001.ppm,57.0,7.134e-7,0.0001
lfw,all,rgb,rgb/Pedro_Mahecha_0001.ppm,61.7,6.994e-7,0.0001
lfw,all,rgb,rgb/Pedro_Malan_0001.ppm,55.3,7.163e-7,0.0001
lfw,all,rgb,rgb/Pedro_Malan_0002.ppm,53.2,7.312e-7,0.0001
lfw,all,rgb,rgb/Pedro_Malan_0003.ppm,52.9,1.017e-6,0.0002
lfw,all,rgb,rgb/Pedro_Malan_0004.ppm,60.6,7.180e-7,0.0002
lfw,all,rgb,rgb/Pedro_Malan_0005.ppm,56.5,6.910e-7,0.0001
lfw,all,rgb,rgb/Pedro_Martinez_0001.ppm,59.0,7.558e-7,0.0001
lfw,all,rgb,rgb/Pedro_Pauleta_0001.ppm,54.5,7.257e-7,0.0001
lfw,all,rgb,rgb/Pedro_Solbes_0001.ppm,61.0,7.831e-7,0.0002
lfw,all,rgb,rgb/Pedro_Solbes_0002.ppm,58.4,8.091e-7,0.0002
lfw,all,rgb,rgb/Pedro_Solbes_0003.ppm,56.7,7.913e-7,0.0002
lfw,all,rgb,rgb/Pedro_Solbes_0004.ppm,56.8,7.738e-7,0.0002
lfw,all,rgb,rgb/Pedro_Velasquez_0001.ppm,61.0,6.513e-7,0.0002
lfw,all,rgb,rgb/Peggy_McGuinness_0001.ppm,63.4,7.723e-7,0.0002
lfw,all,rgb,rgb/Pele_0001.ppm,80.8,6.163e-7,0.0002
lfw,all,rgb,rgb/Penelope_Ann_Miller_0001.ppm,57.3,6.951e-7,0.0001
lfw,all,rgb,rgb/Penelope_Ann_Miller_0002.ppm,50.8,8.555e-7,0.0002
lfw,all,rgb,rgb/Penelope_Cruz_0001.ppm,61.2,6.989e-7,0.0002
lfw,all,rgb,rgb/Penelope_Cruz_0002.ppm,63.8,6.957e-7,0.0001
lfw,all,rgb,rgb/Penelope_Cruz_0003.ppm,61.8,6.905e-7,0.0002
lfw,all,rgb,rgb/Penelope_Taylor_0001.ppm,57.6,7.113e-7,0.0001
lfw,all,rgb,rgb/Penny_Dupuie_0001.ppm,43.7,8.084e-7,0.0001
lfw,all,rgb,rgb/Penny_Lancaster_0001.ppm,63.3,7.189e-7,0.0002
lfw,all,rgb,rgb/Percy_Gibson_0001.ppm,60.7,6.926e-7,0.0002
lfw,all,rgb,rgb/Peri_Gilpin_0001.ppm,61.2,6.531e-7,0.0001
lfw,all,rgb,rgb/Pernilla_Bjorn_0001.ppm,64.8,7.075e-7,0.0002
lfw,all,rgb,rgb/Perri_Shaw_0001.ppm,61.6,6.894e-7,0.0002
lfw,all,rgb,rgb/Perry_Compton_0001.ppm,58.0,6.272e-7,0.0001
lfw,all,rgb,rgb/Perry_Farrell_0001.ppm,54.4,7.723e-7,0.0001
lfw,all,rgb,rgb/Perry_Gibbs_0001.ppm,56.7,9.095e-7,0.0002
lfw,all,rgb,rgb/Pervez_Musharraf_0001.ppm,53.2,7.686e-7,0.0002
lfw,all,rgb,rgb/Pervez_Musharraf_0002.ppm,55.1,6.885e-7,0.0001
lfw,all,rgb,rgb/Pervez_Musharraf_0003.ppm,57.4,7.481e-7,0.0002
lfw,all,rgb,rgb/Pervez_Musharraf_0004.ppm,57.0,7.037e-7,0.0002
lfw,all,rgb,rgb/Pervez_Musharraf_0005.ppm,30.7,1.259e-6,0.0001
lfw,all,rgb,rgb/Pervez_Musharraf_0006.ppm,46.0,9.956e-7,0.0002
lfw,all,rgb,rgb/Pervez_Musharraf_0007.ppm,61.6,7.180e-7,0.0002
lfw,all,rgb,rgb/Pervez_Musharraf_0008.ppm,58.0,7.468e-7,0.0002
lfw,all,rgb,rgb/Pervez_Musharraf_0009.ppm,51.7,8.091e-7,0.0002
lfw,all,rgb,rgb/Pervez_Musharraf_0010.ppm,61.6,6.992e-7,0.0001
lfw,all,rgb,rgb/Pervez_Musharraf_0011.ppm,55.3,6.668e-7,0.0001
lfw,all,rgb,rgb/Pervez_Musharraf_0012.ppm,55.2,7.676e-7,0.0002
lfw,all,rgb,rgb/Pervez_Musharraf_0013.ppm,68.4,6.892e-7,0.0002
lfw,all,rgb,rgb/Pervez_Musharraf_0014.ppm,58.9,7.258e-7,0.0001
lfw,all,rgb,rgb/Pervez_Musharraf_0015.ppm,57.9,6.954e-7,0.0002
lfw,all,rgb,rgb/Pervez_Musharraf_0016.ppm,59.1,6.964e-7,0.0002
lfw,all,rgb,rgb/Pervez_Musharraf_0017.ppm,51.5,8.960e-7,0.0002
lfw,all,rgb,rgb/Pervez_Musharraf_0018.ppm,55.3,7.273e-7,0.0001
lfw,all,rgb,rgb/Pete_Aldridge_0001.ppm,58.6,7.726e-7,0.0002
lfw,all,rgb,rgb/Pete_Beaudrault_0001.ppm,52.3,7.906e-7,0.0001
lfw,all,rgb,rgb/Pete_Carroll_0001.ppm,62.9,7.433e-7,0.0002
lfw,all,rgb,rgb/Pete_Carroll_0002.ppm,61.8,7.600e-7,0.0002
lfw,all,rgb,rgb/Pete_Carroll_0003.ppm,58.3,7.631e-7,0.0002
lfw,all,rgb,rgb/Pete_Gillen_0001.ppm,50.8,6.082e-7,0.0001
lfw,all,rgb,rgb/Pete_Rose_0001.ppm,65.8,6.808e-7,0.0001
lfw,all,rgb,rgb/Pete_Rose_0002.ppm,53.9,6.003e-7,0.0001
lfw,all,rgb,rgb/Pete_Sampras_0001.ppm,60.2,7.601e-7,0.0001
lfw,all,rgb,rgb/Pete_Sampras_0002.ppm,60.5,7.828e-7,0.0002
lfw,all,rgb,rgb/Pete_Sampras_0003.ppm,49.5,7.499e-7,0.0001
lfw,all,rgb,rgb/Pete_Sampras_0004.ppm,53.7,7.371e-7,0.0001
lfw,all,rgb,rgb/Pete_Sampras_0005.ppm,54.2,7.205e-7,0.0001
lfw,all,rgb,rgb/Pete_Sampras_0006.ppm,54.6,7.386e-7,0.0001
lfw,all,rgb,rgb/Pete_Sampras_0007.ppm,54.5,7.389e-7,0.0001
lfw,all,rgb,rgb/Pete_Sampras_0008.ppm,56.6,7.946e-7,0.0002
lfw,all,rgb,rgb/Pete_Sampras_0009.ppm,63.0,6.997e-7,0.0002
lfw,all,rgb,rgb/Pete_Sampras_0010.ppm,51.4,7.666e-7,0.0002
lfw,all,rgb,rgb/Pete_Sampras_0011.ppm,52.8,8.006e-7,0.0001
lfw,all,rgb,rgb/Pete_Sampras_0012.ppm,53.0,7.901e-7,0.0001
lfw,all,rgb,rgb/Pete_Sampras_0013.ppm,52.6,7.881e-7,0.0002
lfw,all,rgb,rgb/Pete_Sampras_0014.ppm,55.2,8.008e-7,0.0001
lfw,all,rgb,rgb/Pete_Sampras_0015.ppm,57.2,7.888e-7,0.0002
lfw,all,rgb,rgb/Pete_Sampras_0016.ppm,56.7,7.322e-7,0.0001
lfw,all,rgb,rgb/Pete_Sampras_0017.ppm,47.9,8.332e-7,0.0001
lfw,all,rgb,rgb/Pete_Sampras_0018.ppm,51.6,7.934e-7,0.0001
lfw,all,rgb,rgb/Pete_Sampras_0019.ppm,58.6,7.537e-7,0.0002
lfw,all,rgb,rgb/Pete_Sampras_0020.ppm,59.0,7.337e-7,0.0002
lfw,all,rgb,rgb/Pete_Sampras_0021.ppm,57.9,7.691e-7,0.0002
lfw,all,rgb,rgb/Pete_Sampras_0022.ppm,59.1,7.928e-7,0.0002
lfw,all,rgb,rgb/Peter_Ahearn_0001.ppm,57.2,7.581e-7,0.0002
lfw,all,rgb,rgb/Peter_Albertsen_0001.ppm,58.9,7.458e-7,0.0001
lfw,all,rgb,rgb/Peter_Arnett_0001.ppm,61.8,6.590e-7,0.0002
lfw,all,rgb,rgb/Peter_Arnett_0002.ppm,57.5,8.038e-7,0.0002
lfw,all,rgb,rgb/Peter_Arnett_0003.ppm,60.0,7.277e-7,0.0001
lfw,all,rgb,rgb/Peter_Bacanovic_0001.ppm,55.2,7.729e-7,0.0002
lfw,all,rgb,rgb/Peter_Bacanovic_0002.ppm,58.8,7.043e-7,0.0002
lfw,all,rgb,rgb/Peter_Camejo_0001.ppm,56.8,7.393e-7,0.0001
lfw,all,rgb,rgb/Peter_Care_0001.ppm,46.3,8.249e-7,0.0001
lfw,all,rgb,rgb/Peter_Caruana_0001.ppm,53.8,7.239e-7,0.0002
lfw,all,rgb,rgb/Peter_Chan_0001.ppm,58.2,6.656e-7,0.0001
lfw,all,rgb,rgb/Peter_Costello_0001.ppm,58.3,7.109e-7,0.0001
lfw,all,rgb,rgb/Peter_Costello_0002.ppm,63.0,7.069e-7,0.0001
lfw,all,rgb,rgb/Peter_Fisher_0001.ppm,53.8,8.032e-7,0.0001
lfw,all,rgb,rgb/Peter_Fitzgerald_0001.ppm,56.3,8.097e-7,0.0002
lfw,all,rgb,rgb/Peter_Fonda_0001.ppm,65.3,7.156e-7,0.0002
lfw,all,rgb,rgb/Peter_Gabriel_0001.ppm,64.2,7.872e-7,0.0001
lfw,all,rgb,rgb/Peter_Gilmour_0001.ppm,59.5,7.090e-7,0.0001
lfw,all,rgb,rgb/Peter_Goldmark_0001.ppm,60.6,6.590e-7,0.0001
lfw,all,rgb,rgb/Peter_Greenaway_0001.ppm,55.5,6.914e-7,0.0001
lfw,all,rgb,rgb/Peter_Greenaway_0002.ppm,61.9,6.723e-7,0.0001
lfw,all,rgb,rgb/Peter_Greenspun_0001.ppm,56.0,7.025e-7,0.0002
lfw,all,rgb,rgb/Peter_Harrison_0001.ppm,63.6,6.523e-7,0.0002
lfw,all,rgb,rgb/Peter_Harrison_0002.ppm,63.9,7.107e-7,0.0001
lfw,all,rgb,rgb/Peter_Hartz_0001.ppm,56.2,7.343e-7,0.0002
lfw,all,rgb,rgb/Peter_Harvey_0001.ppm,59.6,7.251e-7,0.0002
lfw,all,rgb,rgb/Peter_Hillary_0001.ppm,60.3,8.419e-7,0.0002
lfw,all,rgb,rgb/Peter_Hillary_0002.ppm,55.2,8.354e-7,0.0002
lfw,all,rgb,rgb/Peter_Hollingworth_0001.ppm,57.8,7.570e-7,0.0002
lfw,all,rgb,rgb/Peter_Holmberg_0001.ppm,63.5,8.607e-7,0.0002
lfw,all,rgb,rgb/Peter_Hunt_0001.ppm,51.2,8.796e-7,0.0001
lfw,all,rgb,rgb/Peter_Lundgren_0001.ppm,60.1,6.825e-7,0.0002
lfw,all,rgb,rgb/Peter_Mackay_0001.ppm,57.9,8.370e-7,0.0001
lfw,all,rgb,rgb/Peter_Mansbridge_0001.ppm,59.1,7.404e-7,0.0002
lfw,all,rgb,rgb/Peter_Max_0001.ppm,53.8,7.459e-7,0.0001
lfw,all,rgb,rgb/Peter_Medgyessy_0001.ppm,59.2,7.324e-7,0.0002
lfw,all,rgb,rgb/Peter_Mugyeni_0001.ppm,47.2,1.300e-6,0.0002
lfw,all,rgb,rgb/Peter_Mullan_0001.ppm,59.9,7.199e-7,0.0001
lfw,all,rgb,rgb/Peter_OToole_0001.ppm,62.8,7.915e-7,0.0002
lfw,all,rgb,rgb/Peter_Rasch_0001.ppm,55.1,7.112e-7,0.0002
lfw,all,rgb,rgb/Peter_Rasmussen_0001.ppm,55.4,7.257e-7,0.0002
lfw,all,rgb,rgb/Peter_Schultz_0001.ppm,65.4,7.024e-7,0.0002
lfw,all,rgb,rgb/Peter_Sejna_0001.ppm,52.4,7.827e-7,0.0002
lfw,all,rgb,rgb/Peter_Shaw_0001.ppm,50.7,8.045e-7,0.0002
lfw,all,rgb,rgb/Peter_Struck_0001.ppm,64.1,6.498e-7,0.0001
lfw,all,rgb,rgb/Peter_Struck_0002.ppm,53.4,9.154e-7,0.0002
lfw,all,rgb,rgb/Peter_Struck_0003.ppm,70.5,6.686e-7,0.0001
lfw,all,rgb,rgb/Peter_Struck_0004.ppm,62.5,7.177e-7,0.0002
lfw,all,rgb,rgb/Peter_Struck_0005.ppm,71.4,7.831e-7,0.0002
lfw,all,rgb,rgb/Peter_Ueberroth_0001.ppm,55.9,7.210e-7,0.0001
lfw,all,rgb,rgb/Petria_Thomas_0001.ppm,59.2,7.707e-7,0.0002
lfw,all,rgb,rgb/Petria_Thomas_0002.ppm,58.2,7.800e-7,0.0002
lfw,all,rgb,rgb/Petria_Thomas_0003.ppm,57.3,7.676e-7,0.0002
lfw,all,rgb,rgb/Petro_Symonenko_0001.ppm,61.5,7.126e-7,0.0001
lfw,all,rgb,rgb/Petro_Symonenko_0002.ppm,53.3,7.956e-7,0.0001
lfw,all,rgb,rgb/Pham_Sy_Chien_0001.ppm,57.8,7.012e-7,0.0002
lfw,all,rgb,rgb/Pham_Thi_Mai_Phuong_0001.ppm,62.2,7.346e-7,0.0001
lfw,all,rgb,rgb/Phan_Van_Khai_0001.ppm,50.7,8.300e-7,0.0002
lfw,all,rgb,rgb/Phan_Van_Khai_0002.ppm,58.3,7.530e-7,0.0001
lfw,all,rgb,rgb/Phan_Van_Khai_0003.ppm,50.0,7.974e-7,0.0001
lfw,all,rgb,rgb/Pharrell_Williams_0001.ppm,62.5,7.255e-7,0.0001
lfw,all,rgb,rgb/Phil_Bennett_0001.ppm,55.7,7.465e-7,0.0001
lfw,all,rgb,rgb/Phil_Bredesen_0001.ppm,61.7,7.572e-7,0.0002
lfw,all,rgb,rgb/Phil_Cline_0001.ppm,49.8,8.147e-7,0.0002
lfw,all,rgb,rgb/Phil_Cullen_0001.ppm,61.3,6.589e-7,0.0001
lfw,all,rgb,rgb/Phil_Donahue_0001.ppm,51.4,7.070e-7,0.0001
lfw,all,rgb,rgb/Phil_Gramm_0001.ppm,53.9,7.428e-7,0.0002
lfw,all,rgb,rgb/Phil_Gramm_0002.ppm,38.2,1.616e-6,0.0002
lfw,all,rgb,rgb/Phil_Jackson_0001.ppm,63.0,7.101e-7,0.0002
lfw,all,rgb,rgb/Phil_Johnson_0001.ppm,54.8,8.093e-7,0.0002
lfw,all,rgb,rgb/Phil_McGraw_0001.ppm,53.2,7.621e-7,0.0002
lfw,all,rgb,rgb/Phil_Mickelson_0001.ppm,74.8,7.223e-7,0.0002
lfw,all,rgb,rgb/Phil_Mickelson_0002.ppm,66.9,6.020e-7,0.0002
lfw,all,rgb,rgb/Phil_Morris_0001.ppm,58.5,6.760e-7,0.0001
lfw,all,rgb,rgb/Phil_Vassar_0001.ppm,61.7,6.980e-7,0.0002
lfw,all,rgb,rgb/Phil_Vassar_0002.ppm,65.2,7.378e-7,0.0002
lfw,all,rgb,rgb/Philip_Cummings_0001.ppm,60.9,6.526e-7,0.0002
lfw,all,rgb,rgb/Philip_Murtaugh_0001.ppm,50.0,7.886e-7,0.0001
lfw,all,rgb,rgb/Philip_Zalewski_0001.ppm,62.3,6.649e-7,0.0001
lfw,all,rgb,rgb/Philippe_Gagnon_0001.ppm,66.2,6.015e-7,0.0002
lfw,all,rgb,rgb/Philippe_Noiret_0001.ppm,58.7,7.755e-7,0.0001
lfw,all,rgb,rgb/Philippe_Noiret_0002.ppm,60.3,7.089e-7,0.0001
lfw,all,rgb,rgb/Phillip_Fulmer_0001.ppm,60.4,7.928e-7,0.0002
lfw,all,rgb,rgb/Phillip_Seymor_Hoffmann_0001.ppm,62.1,7.534e-7,0.0002
lfw,all,rgb,rgb/Phillipe_Comtois_0001.ppm,53.9,7.521e-7,0.0001
lfw,all,rgb,rgb/Phillips_Idowu_0001.ppm,58.6,6.772e-7,0.0001
lfw,all,rgb,rgb/Phoenix_Chang_0001.ppm,55.7,6.742e-7,0.0001
lfw,all,rgb,rgb/Picabo_Street_0001.ppm,56.8,6.578e-7,0.0001
lfw,all,rgb,rgb/Pier_Ferdinando_Casini_0001.ppm,59.2,8.067e-7,0.0001
lfw,all,rgb,rgb/Pierce_Brosnan_0001.ppm,75.6,8.552e-7,0.0002
lfw,all,rgb,rgb/Pierce_Brosnan_0002.ppm,59.4,6.782e-7,0.0001
lfw,all,rgb,rgb/Pierce_Brosnan_0003.ppm,60.9,6.884e-7,0.0002
lfw,all,rgb,rgb/Pierce_Brosnan_0004.ppm,51.9,7.421e-7,0.0001
lfw,all,rgb,rgb/Pierce_Brosnan_0005.ppm,61.1,6.999e-7,0.0002
lfw,all,rgb,rgb/Pierce_Brosnan_0006.ppm,52.2,7.706e-7,0.0001
lfw,all,rgb,rgb/Pierce_Brosnan_0007.ppm,76.6,7.086e-7,0.0002
lfw,all,rgb,rgb/Pierce_Brosnan_0008.ppm,55.9,7.450e-7,0.0002
lfw,all,rgb,rgb/Pierce_Brosnan_0009.ppm,58.5,7.792e-7,0.0002
lfw,all,rgb,rgb/Pierce_Brosnan_0010.ppm,54.9,8.438e-7,0.0002
lfw,all,rgb,rgb/Pierce_Brosnan_0011.ppm,60.8,7.307e-7,0.0001
lfw,all,rgb,rgb/Pierce_Brosnan_0012.ppm,51.4,8.494e-7,0.0002
lfw,all,rgb,rgb/Pierce_Brosnan_0013.ppm,57.4,7.150e-7,0.0002
lfw,all,rgb,rgb/Pierce_Brosnan_0014.ppm,55.9,7.811e-7,0.0001
lfw,all,rgb,rgb/Pierce_Brosnan_0015.ppm,55.0,7.358e-7,0.0001
lfw,all,rgb,rgb/Pierre_Boulanger_0001.ppm,55.3,6.835e-7,0.0001
lfw,all,rgb,rgb/Pierre_Boulanger_0002.ppm,58.6,6.873e-7,0.0001
lfw,all,rgb,rgb/Pierre_Gagnon_0001.ppm,60.1,7.316e-7,0.0001
lfw,all,rgb,rgb/Pierre_Lacroix_0001.ppm,54.8,7.449e-7,0.0001
lfw,all,rgb,rgb/Pierre_Pettigrew_0001.ppm,50.0,7.529e-7,0.0001
lfw,all,rgb,rgb/Pierre_Pettigrew_0002.ppm,60.1,7.097e-7,0.0001
lfw,all,rgb,rgb/Pierre_Pettigrew_0003.ppm,57.5,7.441e-7,0.0002
lfw,all,rgb,rgb/Pierre_Png_0001.ppm,60.7,8.102e-7,0.0002
lfw,all,rgb,rgb/Pierre_Van_Hooijdonk_0001.ppm,65.5,7.015e-7,0.0002
lfw,all,rgb,rgb/Piers_Sellers_0001.ppm,72.0,5.451e-7,0.0002
lfw,all,rgb,rgb/Pieter_Bouw_0001.ppm,52.9,8.454e-7,0.0001
lfw,all,rgb,rgb/Pilar_Montenegro_0001.ppm,61.8,6.224e-7,0.0002
lfw,all,rgb,rgb/Pinar_del_Rio_0001.ppm,52.5,8.750e-7,0.0001
lfw,all,rgb,rgb/Pio_Laghi_0001.ppm,54.0,7.486e-7,0.0001
lfw,all,rgb,rgb/Piotr_Anderszewski_0001.ppm,59.2,7.420e-7,0.0002
lfw,all,rgb,rgb/Placido_Domingo_0001.ppm,52.0,8.276e-7,0.0002
lfw,all,rgb,rgb/Placido_Domingo_0002.ppm,57.0,7.233e-7,0.0001
lfw,all,rgb,rgb/Placido_Domingo_0003.ppm,59.3,7.025e-7,0.0001
lfw,all,rgb,rgb/Platon_Lebedev_0001.ppm,59.7,7.178e-7,0.0001
lfw,all,rgb,rgb/Poala_Suarez_0001.ppm,57.9,6.923e-7,0.0002
lfw,all,rgb,rgb/Polona_Bas_0001.ppm,58.3,7.597e-7,0.0002
lfw,all,rgb,rgb/Porter_Goss_0001.ppm,53.1,7.144e-7,0.0001
lfw,all,rgb,rgb/Portia_de_Rossi_0001.ppm,58.6,7.328e-7,0.0002
lfw,all,rgb,rgb/Prakash_Hinduja_0001.ppm,55.6,7.536e-7,0.0002
lfw,all,rgb,rgb/Prem_Kumar_Nair_0001.ppm,58.9,6.527e-7,0.0001
lfw,all,rgb,rgb/Prince_Charles_0001.ppm,52.9,7.731e-7,0.0002
lfw,all,rgb,rgb/Prince_Charles_0002.ppm,52.2,7.478e-7,0.0001
lfw,all,rgb,rgb/Prince_Charles_0003.ppm,64.0,8.071e-7,0.0002
lfw,all,rgb,rgb/Prince_Charles_0004.ppm,51.5,7.525e-7,0.0002
lfw,all,rgb,rgb/Prince_Charles_0005.ppm,64.3,8.240e-7,0.0002
lfw,all,rgb,rgb/Prince_Claus_0001.ppm,53.8,7.531e-7,0.0002
lfw,all,rgb,rgb/Prince_Claus_0002.ppm,60.3,7.794e-7,0.0002
lfw,all,rgb,rgb/Prince_Claus_0003.ppm,57.0,8.147e-7,0.0002
lfw,all,rgb,rgb/Prince_Claus_0004.ppm,51.2,7.692e-7,0.0001
lfw,all,rgb,rgb/Prince_Edward_0001.ppm,55.3,9.369e-7,0.0001
lfw,all,rgb,rgb/Prince_Edward_0002.ppm,64.7,7.584e-7,0.0002
lfw,all,rgb,rgb/Prince_Felipe_0001.ppm,61.2,6.850e-7,0.0002
lfw,all,rgb,rgb/Prince_Harry_0001.ppm,72.7,7.650e-7,0.0002
lfw,all,rgb,rgb/Prince_Harry_0002.ppm,60.3,7.396e-7,0.0002
lfw,all,rgb,rgb/Prince_Harry_0003.ppm,46.1,1.079e-6,0.0002
lfw,all,rgb,rgb/Prince_Naruhito_0001.ppm,59.6,7.141e-7,0.0002
lfw,all,rgb,rgb/Prince_Naruhito_0002.ppm,57.5,6.874e-7,0.0001
lfw,all,rgb,rgb/Prince_Naruhito_0003.ppm,47.5,8.033e-7,0.0001
lfw,all,rgb,rgb/Prince_Philippe_0001.ppm,60.9,6.877e-7,0.0001
lfw,all,rgb,rgb/Prince_Rainier_III_0001.ppm,56.4,7.651e-7,0.0001
lfw,all,rgb,rgb/Prince_Willem-Alexander_0001.ppm,63.2,6.738e-7,0.0002
lfw,all,rgb,rgb/Prince_Willem-Alexander_0002.ppm,57.8,8.221e-7,0.0002
lfw,all,rgb,rgb/Prince_Willem-Alexander_0003.ppm,57.9,7.729e-7,0.0001
lfw,all,rgb,rgb/Prince_William_0001.ppm,60.1,7.073e-7,0.0002
lfw,all,rgb,rgb/Prince_William_0002.ppm,47.3,7.494e-7,0.0001
lfw,all,rgb,rgb/Princess_Aiko_0001.ppm,59.1,5.846e-7,0.0001
lfw,all,rgb,rgb/Princess_Aiko_0002.ppm,74.8,5.835e-7,0.0001
lfw,all,rgb,rgb/Princess_Anne_0001.ppm,53.4,7.940e-7,0.0001
lfw,all,rgb,rgb/Princess_Anne_0002.ppm,45.7,7.505e-7,0.0001
lfw,all,rgb,rgb/Princess_Caroline_0001.ppm,62.9,6.962e-7,0.0001
lfw,all,rgb,rgb/Princess_Caroline_0002.ppm,55.9,7.115e-7,0.0002
lfw,all,rgb,rgb/Princess_Caroline_0003.ppm,54.5,6.432e-7,0.0001
lfw,all,rgb,rgb/Princess_Caroline_0004.ppm,63.4,6.486e-7,0.0001
lfw,all,rgb,rgb/Princess_Caroline_0005.ppm,60.6,6.373e-7,0.0002
lfw,all,rgb,rgb/Princess_Diana_0001.ppm,64.1,6.437e-7,0.0002
lfw,all,rgb,rgb/Princess_Elisabeth_0001.ppm,68.9,6.760e-7,0.0001
lfw,all,rgb,rgb/Princess_Elisabeth_0002.ppm,61.1,7.087e-7,0.0001
lfw,all,rgb,rgb/Princess_Hisako_0001.ppm,63.8,7.062e-7,0.0002
lfw,all,rgb,rgb/Princess_Masako_0001.ppm,59.4,7.415e-7,0.0002
lfw,all,rgb,rgb/Princess_Masako_0002.ppm,60.3,7.216e-7,0.0001
lfw,all,rgb,rgb/Princess_Maxima_0001.ppm,67.0,6.242e-7,0.0001
lfw,all,rgb,rgb/Princess_Stephanie_0001.ppm,61.2,6.831e-7,0.0001
lfw,all,rgb,rgb/Princess_Victoria_0001.ppm,62.7,6.262e-7,0.0001
lfw,all,rgb,rgb/Pringe_Ernst_August_0001.ppm,62.5,7.094e-7,0.0001
lfw,all,rgb,rgb/Priscilla_Owen_0001.ppm,61.1,6.039e-7,0.0001
lfw,all,rgb,rgb/Priscilla_Owen_0002.ppm,67.4,6.018e-7,0.0002
lfw,all,rgb,rgb/Priscilla_Presley_0001.ppm,58.3,7.447e-7,0.0002
lfw,all,rgb,rgb/Priscilla_Presley_0002.ppm,48.3,6.472e-7,0.0001
lfw,all,rgb,rgb/Priyanka_Chopra_0001.ppm,66.6,7.119e-7,0.0001
lfw,all,rgb,rgb/Prospero_Pichay_0001.ppm,53.7,7.693e-7,0.0002
lfw,all,rgb,rgb/Pupi_Avati_0001.ppm,53.4,7.372e-7,0.0001
lfw,all,rgb,rgb/Pupi_Avati_0002.ppm,64.2,7.026e-7,0.0002
lfw,all,rgb,rgb/Pupi_Avati_0003.ppm,58.7,7.052e-7,0.0001
lfw,all,rgb,rgb/Pupi_Avati_0004.ppm,62.0,7.532e-7,0.0002
lfw,all,rgb,rgb/Pyar_Jung_Thapa_0001.ppm,50.3,6.775e-7,0.0001
lfw,all,rgb,rgb/Qais_al-Kazali_0001.ppm,57.5,6.992e-7,0.0002
lfw,all,rgb,rgb/Qazi_Afzal_0001.ppm,64.6,6.030e-7,0.0001
lfw,all,rgb,rgb/Qazi_Hussain_Ahmed_0001.ppm,64.8,6.689e-7,0.0002
lfw,all,rgb,rgb/Qian_Qichen_0001.ppm,53.7,7.529e-7,0.0001
lfw,all,rgb,rgb/Queen_Beatrix_0001.ppm,58.6,7.751e-7,0.0002
lfw,all,rgb,rgb/Queen_Beatrix_0002.ppm,68.2,6.132e-7,0.0001
lfw,all,rgb,rgb/Queen_Beatrix_0003.ppm,71.9,6.454e-7,0.0002
lfw,all,rgb,rgb/Queen_Beatrix_0004.ppm,64.1,6.145e-7,0.0002
lfw,all,rgb,rgb/Queen_Elizabeth_II_0001.ppm,62.2,6.134e-7,0.0001
lfw,all,rgb,rgb/Queen_Elizabeth_II_0002.ppm,53.3,6.540e-7,0.0001
lfw,all,rgb,rgb/Queen_Elizabeth_II_0003.ppm,59.3,6.370e-7,0.0001
lfw,all,rgb,rgb/Queen_Elizabeth_II_0004.ppm,55.0,7.144e-7,0.0002
lfw,all,rgb,rgb/Queen_Elizabeth_II_0005.ppm,58.3,6.765e-7,0.0001
lfw,all,rgb,rgb/Queen_Elizabeth_II_0006.ppm,50.7,8.368e-7,0.0001
lfw,all,rgb,rgb/Queen_Elizabeth_II_0007.ppm,55.9,7.993e-7,0.0001
lfw,all,rgb,rgb/Queen_Elizabeth_II_0008.ppm,54.0,7.322e-7,0.0002
lfw,all,rgb,rgb/Queen_Elizabeth_II_0009.ppm,59.6,6.382e-7,0.0002
lfw,all,rgb,rgb/Queen_Elizabeth_II_0010.ppm,57.6,6.396e-7,0.0001
lfw,all,rgb,rgb/Queen_Elizabeth_II_0011.ppm,60.7,6.572e-7,0.0002
lfw,all,rgb,rgb/Queen_Elizabeth_II_0012.ppm,62.7,6.861e-7,0.0002
lfw,all,rgb,rgb/Queen_Elizabeth_II_0013.ppm,49.2,8.374e-7,0.0002
lfw,all,rgb,rgb/Queen_Latifah_0001.ppm,63.7,6.240e-7,0.0001
lfw,all,rgb,rgb/Queen_Latifah_0002.ppm,65.2,6.580e-7,0.0001
lfw,all,rgb,rgb/Queen_Latifah_0003.ppm,56.9,6.575e-7,0.0001
lfw,all,rgb,rgb/Queen_Latifah_0004.ppm,64.7,6.759e-7,0.0001
lfw,all,rgb,rgb/Queen_Noor_0001.ppm,61.0,6.859e-7,0.0002
lfw,all,rgb,rgb/Queen_Rania_0001.ppm,57.9,6.836e-7,0.0002
lfw,all,rgb,rgb/Queen_Rania_0002.ppm,60.7,6.729e-7,0.0001
lfw,all,rgb,rgb/Queen_Rania_0003.ppm,57.8,7.022e-7,0.0001
lfw,all,rgb,rgb/Queen_Rania_0004.ppm,61.0,6.447e-7,0.0001
lfw,all,rgb,rgb/Queen_Rania_0005.ppm,63.3,6.326e-7,0.0002
lfw,all,rgb,rgb/Queen_Silvia_0001.ppm,62.4,6.610e-7,0.0002
lfw,all,rgb,rgb/Queen_Sofia_0001.ppm,56.7,7.976e-7,0.0001
lfw,all,rgb,rgb/Quin_Snyder_0001.ppm,61.6,6.720e-7,0.0001
lfw,all,rgb,rgb/Quincy_Jones_0001.ppm,56.9,7.470e-7,0.0001
lfw,all,rgb,rgb/Qusai_Hussein_0001.ppm,61.0,7.298e-7,0.0002
lfw,all,rgb,rgb/Raaf_Schefter_0001.ppm,56.5,7.094e-7,0.0001
lfw,all,rgb,rgb/Raag_Singhal_0001.ppm,60.9,8.417e-7,0.0002
lfw,all,rgb,rgb/Rachel_Corrie_0001.ppm,56.9,7.229e-7,0.0001
lfw,all,rgb,rgb/Rachel_Griffiths_0001.ppm,60.3,7.931e-7,0.0002
lfw,all,rgb,rgb/Rachel_Griffiths_0002.ppm,62.4,6.827e-7,0.0001
lfw,all,rgb,rgb/Rachel_Griffiths_0003.ppm,58.4,7.373e-7,0.0002
lfw,all,rgb,rgb/Rachel_Hunter_0001.ppm,60.5,6.863e-7,0.0001
lfw,all,rgb,rgb/Rachel_Hunter_0002.ppm,57.2,7.002e-7,0.0001
lfw,all,rgb,rgb/Rachel_Hunter_0003.ppm,60.7,6.959e-7,0.0001
lfw,all,rgb,rgb/Rachel_Hunter_0004.ppm,57.3,7.478e-7,0.0002
lfw,all,rgb,rgb/Rachel_Kempson_0001.ppm,61.2,6.642e-7,0.0001
lfw,all,rgb,rgb/Rachel_Leigh_Cook_0001.ppm,59.8,6.853e-7,0.0001
lfw,all,rgb,rgb/Rachel_Roy_0001.ppm,59.3,6.551e-7,0.0002
lfw,all,rgb,rgb/Rachel_Wadsworth_0001.ppm,60.1,6.859e-7,0.0001
lfw,all,rgb,rgb/Rachel_Wheatley_0001.ppm,56.5,7.215e-7,0.0001
lfw,all,rgb,rgb/Radovan_Karadzic_0001.ppm,55.1,7.975e-7,0.0001
lfw,all,rgb,rgb/Raf_Vallone_0001.ppm,60.7,6.268e-7,0.0001
lfw,all,rgb,rgb/Rafael_Bielsa_0001.ppm,57.3,7.874e-7,0.0001
lfw,all,rgb,rgb/Rafael_Ramirez_0001.ppm,59.4,7.532e-7,0.0002
lfw,all,rgb,rgb/Rafael_Ramirez_0002.ppm,61.1,6.769e-7,0.0002
lfw,all,rgb,rgb/Rafael_Ramirez_0003.ppm,57.4,7.404e-7,0.0001
lfw,all,rgb,rgb/Rafael_Ramirez_0004.ppm,59.9,7.690e-7,0.0002
lfw,all,rgb,rgb/Rafael_Vinoly_0001.ppm,54.7,6.580e-7,0.0001
lfw,all,rgb,rgb/Rafeeuddin_Ahmed_0001.ppm,51.1,8.482e-7,0.0002
lfw,all,rgb,rgb/Rafidah_Aziz_0001.ppm,71.4,6.785e-7,0.0002
lfw,all,rgb,rgb/Rafiq_Hariri_0001.ppm,62.1,7.452e-7,0.0001
lfw,all,rgb,rgb/Raghad_Saddam_Hussein_0001.ppm,51.6,6.783e-7,0.0001
lfw,all,rgb,rgb/Raghad_Saddam_Hussein_0002.ppm,55.7,6.839e-7,0.0001
lfw,all,rgb,rgb/Rahul_Dravid_0001.ppm,59.7,6.355e-7,0.0001
lfw,all,rgb,rgb/Rainer_Geulen_0001.ppm,60.3,8.037e-7,0.0002
lfw,all,rgb,rgb/Rainer_Gut_0001.ppm,54.5,7.677e-7,0.0001
lfw,all,rgb,rgb/Rainer_Schuettler_0001.ppm,63.3,8.084e-7,0.0002
lfw,all,rgb,rgb/Rainer_Schuettler_0002.ppm,57.9,6.642e-7,0.0002
lfw,all,rgb,rgb/Rainer_Schuettler_0003.ppm,58.2,6.339e-7,0.0001
lfw,all,rgb,rgb/Rainer_Schuettler_0004.ppm,60.6,8.136e-7,0.0002
lfw,all,rgb,rgb/Rainer_Schuettler_0005.ppm,62.9,6.456e-7,0.0001
lfw,all,rgb,rgb/Raja_Ibrahim_0001.ppm,59.2,7.086e-7,0.0001
lfw,all,rgb,rgb/Raja_Qureshi_0001.ppm,56.7,7.522e-7,0.0002
lfw,all,rgb,rgb/Raja_Ramani_0001.ppm,55.7,7.902e-7,0.0002
lfw,all,rgb,rgb/Raja_Zafar-ul-Haq_0001.ppm,54.4,8.069e-7,0.0001
lfw,all,rgb,rgb/Ralf_Schumacher_0001.ppm,57.8,6.973e-7,0.0001
lfw,all,rgb,rgb/Ralf_Schumacher_0002.ppm,65.5,5.844e-7,0.0001
lfw,all,rgb,rgb/Ralf_Schumacher_0003.ppm,66.5,6.272e-7,0.0001
lfw,all,rgb,rgb/Ralf_Schumacher_0004.ppm,63.3,7.202e-7,0.0001
lfw,all,rgb,rgb/Ralf_Schumacher_0005.ppm,60.9,7.244e-7,0.0001
lfw,all,rgb,rgb/Ralf_Schumacher_0006.ppm,65.7,6.258e-7,0.0001
lfw,all,rgb,rgb/Ralf_Schumacher_0007.ppm,59.7,5.884e-7,0.0001
lfw,all,rgb,rgb/Ralf_Schumacher_0008.ppm,63.3,7.078e-7,0.0001
lfw,all,rgb,rgb/Ralph_Fiennes_0001.ppm,64.3,6.966e-7,0.0002
lfw,all,rgb,rgb/Ralph_Firman_0001.ppm,56.1,6.936e-7,0.0001
lfw,all,rgb,rgb/Ralph_Firman_0002.ppm,57.3,7.346e-7,0.0001
lfw,all,rgb,rgb/Ralph_Friedgen_0001.ppm,61.0,7.431e-7,0.0002
lfw,all,rgb,rgb/Ralph_Goodale_0001.ppm,53.2,7.423e-7,0.0002
lfw,all,rgb,rgb/Ralph_Klein_0001.ppm,47.0,8.021e-7,0.0002
lfw,all,rgb,rgb/Ralph_Klein_0002.ppm,53.0,7.506e-7,0.0001
lfw,all,rgb,rgb/Ralph_Lauren_0001.ppm,63.9,7.318e-7,0.0002
lfw,all,rgb,rgb/Ralph_Lauren_0002.ppm,61.5,8.013e-7,0.0002
lfw,all,rgb,rgb/Ralph_Nader_0001.ppm,55.8,7.745e-7,0.0001
lfw,all,rgb,rgb/Ralph_Sampson_0001.ppm,60.6,6.362e-7,0.0001
lfw,all,rgb,rgb/Ramiro_Goben_Reducindo_0001.ppm,54.9,6.447e-7,0.0001
lfw,all,rgb,rgb/Ramon_Cardenas_0001.ppm,48.0,1.018e-6,0.0002
lfw,all,rgb,rgb/Ramon_Delgado_0001.ppm,53.8,7.531e-7,0.0001
lfw,all,rgb,rgb/Ramon_Ponce_de_Leon_0001.ppm,54.6,6.902e-7,0.0001
lfw,all,rgb,rgb/Ramon_Santana_0001.ppm,59.6,7.423e-7,0.0001
lfw,all,rgb,rgb/Ramona_Rispton_0001.ppm,57.5,7.071e-7,0.0002
lfw,all,rgb,rgb/Rand_Beers_0001.ppm,57.6,7.211e-7,0.0001
lfw,all,rgb,rgb/Rand_Miller_0001.ppm,61.4,6.976e-7,0.0002
lfw,all,rgb,rgb/Randall_Terry_0001.ppm,58.7,7.033e-7,0.0002
lfw,all,rgb,rgb/Randall_Tobias_0001.ppm,56.7,7.814e-7,0.0001
lfw,all,rgb,rgb/Randy_Brown_0001.ppm,41.3,9.822e-7,0.0002
lfw,all,rgb,rgb/Randy_Dryer_0001.ppm,49.2,7.925e-7,0.0001
lfw,all,rgb,rgb/Randy_Ferbey_0001.ppm,55.3,7.134e-7,0.0002
lfw,all,rgb,rgb/Randy_Jackson_0001.ppm,61.7,6.445e-7,0.0002
lfw,all,rgb,rgb/Randy_Johnson_0001.ppm,57.1,7.171e-7,0.0002
lfw,all,rgb,rgb/Randy_Travis_0001.ppm,59.3,7.396e-7,0.0001
lfw,all,rgb,rgb/Rani_Mukherjee_0001.ppm,58.3,6.480e-7,0.0001
lfw,all,rgb,rgb/Ranil_Wickremasinghe_0001.ppm,70.6,6.911e-7,0.0002
lfw,all,rgb,rgb/Ranil_Wickremasinghe_0002.ppm,51.9,8.021e-7,0.0001
lfw,all,rgb,rgb/Ranil_Wickremasinghe_0003.ppm,60.9,7.161e-7,0.0001
lfw,all,rgb,rgb/Raoul_Ruiz_0001.ppm,56.2,7.434e-7,0.0001
lfw,all,rgb,rgb/Raoul_Ruiz_0002.ppm,50.7,7.734e-7,0.0001
lfw,all,rgb,rgb/Raoul_Ruiz_0003.ppm,52.8,8.344e-7,0.0001
lfw,all,rgb,rgb/Raoul_Ruiz_0004.ppm,53.3,7.901e-7,0.0002
lfw,all,rgb,rgb/Raquel_Welch_0001.ppm,63.1,7.765e-7,0.0002
lfw,all,rgb,rgb/Raquel_Welch_0002.ppm,63.6,7.484e-7,0.0002
lfw,all,rgb,rgb/Rashid_Qureshi_0001.ppm,59.1,6.997e-7,0.0002
lfw,all,rgb,rgb/Ratna_Sari_Dewi_Sukarno_0001.ppm,55.2,7.002e-7,0.0001
lfw,all,rgb,rgb/Raul_Castaneda_0001.ppm,53.7,7.674e-7,0.0001
lfw,all,rgb,rgb/Raul_Chacon_0001.ppm,61.8,6.801e-7,0.0001
lfw,all,rgb,rgb/Raul_Cubas_0001.ppm,58.4,7.978e-7,0.0002
lfw,all,rgb,rgb/Raul_Gonzalez_0001.ppm,55.2,7.390e-7,0.0001
lfw,all,rgb,rgb/Raul_Ibanez_0001.ppm,79.6,6.717e-7,0.0002
lfw,all,rgb,rgb/Raul_Mondesi_0001.ppm,64.4,7.283e-7,0.0002
lfw,all,rgb,rgb/Raul_Rivero_0001.ppm,51.8,7.601e-7,0.0002
lfw,all,rgb,rgb/Ravan_AG_Farhadi_0001.ppm,57.5,7.849e-7,0.0002
lfw,all,rgb,rgb/Ray_Allen_0001.ppm,58.2,6.626e-7,0.0001
lfw,all,rgb,rgb/Ray_Allen_0002.ppm,66.4,6.969e-7,0.0001
lfw,all,rgb,rgb/Ray_Allen_0003.ppm,61.9,6.718e-7,0.0002
lfw,all,rgb,rgb/Ray_Bradbury_0001.ppm,49.6,6.488e-7,0.0001
lfw,all,rgb,rgb/Ray_Evernham_0001.ppm,60.4,7.302e-7,0.0002
lfw,all,rgb,rgb/Ray_Halbritter_0001.ppm,68.2,6.267e-7,0.0002
lfw,all,rgb,rgb/Ray_Lewis_0001.ppm,66.1,7.161e-7,0.0002
lfw,all,rgb,rgb/Ray_Liotta_0001.ppm,61.4,7.011e-7,0.0002
lfw,all,rgb,rgb/Ray_Lucas_0001.ppm,63.5,7.086e-7,0.0002
lfw,all,rgb,rgb/Ray_Morrough_0001.ppm,55.2,7.342e-7,0.0002
lfw,all,rgb,rgb/Ray_Nagin_0001.ppm,57.5,8.052e-7,0.0002
lfw,all,rgb,rgb/Ray_Nagin_0002.ppm,60.1,7.946e-7,0.0002
lfw,all,rgb,rgb/Ray_Price_0001.ppm,57.0,6.882e-7,0.0001
lfw,all,rgb,rgb/Ray_Romano_0001.ppm,61.2,7.594e-7,0.0002
lfw,all,rgb,rgb/Ray_Romano_0002.ppm,62.2,7.208e-7,0.0002
lfw,all,rgb,rgb/Ray_Romano_0003.ppm,68.1,7.604e-7,0.0002
lfw,all,rgb,rgb/Ray_Romano_0004.ppm,60.4,7.027e-7,0.0001
lfw,all,rgb,rgb/Ray_Romano_0005.ppm,58.7,7.436e-7,0.0001
lfw,all,rgb,rgb/Ray_Romano_0006.ppm,58.2,7.683e-7,0.0002
lfw,all,rgb,rgb/Ray_Romano_0007.ppm,55.9,7.272e-7,0.0001
lfw,all,rgb,rgb/Ray_Romano_0008.ppm,61.0,7.211e-7,0.0002
lfw,all,rgb,rgb/Ray_Romano_0009.ppm,58.0,7.747e-7,0.0001
lfw,all,rgb,rgb/Ray_Sherman_0001.ppm,61.7,6.681e-7,0.0002
lfw,all,rgb,rgb/Ray_Wasden_0001.ppm,56.7,7.586e-7,0.0001
lfw,all,rgb,rgb/Ray_Young_0001.ppm,56.1,7.042e-7,0.0001
lfw,all,rgb,rgb/Raymond_Arthurs_0001.ppm,56.6,7.717e-7,0.0001
lfw,all,rgb,rgb/Raymond_Odierno_0001.ppm,60.9,7.914e-7,0.0002
lfw,all,rgb,rgb/Raymond_Odierno_0002.ppm,53.8,7.425e-7,0.0002
lfw,all,rgb,rgb/Raza_Rabbani_0001.ppm,58.9,7.438e-7,0.0001
lfw,all,rgb,rgb/Razali_Ismail_0001.ppm,59.1,6.744e-7,0.0002
lfw,all,rgb,rgb/Rebecca_Romijn-Stamos_0001.ppm,69.2,7.039e-7,0.0002
lfw,all,rgb,rgb/Rebecca_Romijn-Stamos_0002.ppm,65.0,6.824e-7,0.0002
lfw,all,rgb,rgb/Rebecca_Romijn-Stamos_0003.ppm,62.8,7.176e-7,0.0002
lfw,all,rgb,rgb/Rebecca_Romijn-Stamos_0004.ppm,56.6,6.857e-7,0.0002
lfw,all,rgb,rgb/Rebekah_Chantay_Revels_0001.ppm,56.4,7.505e-7,0.0001
lfw,all,rgb,rgb/Rebekah_Chantay_Revels_0002.ppm,54.7,7.194e-7,0.0001
lfw,all,rgb,rgb/Rebekah_Chantay_Revels_0003.ppm,54.0,6.933e-7,0.0002
lfw,all,rgb,rgb/Rebekah_Chantay_Revels_0004.ppm,55.1,6.871e-7,0.0001
lfw,all,rgb,rgb/Recep_Tayyip_Erdogan_0001.ppm,59.1,7.653e-7,0.0002
lfw,all,rgb,rgb/Recep_Tayyip_Erdogan_0002.ppm,30.5,7.595e-7,0.0001
lfw,all,rgb,rgb/Recep_Tayyip_Erdogan_0003.ppm,58.4,7.320e-7,0.0002
lfw,all,rgb,rgb/Recep_Tayyip_Erdogan_0004.ppm,44.5,9.767e-7,0.0002
lfw,all,rgb,rgb/Recep_Tayyip_Erdogan_0005.ppm,57.1,8.622e-7,0.0002
lfw,all,rgb,rgb/Recep_Tayyip_Erdogan_0006.ppm,50.3,7.216e-7,0.0001
lfw,all,rgb,rgb/Recep_Tayyip_Erdogan_0007.ppm,48.9,7.855e-7,0.0001
lfw,all,rgb,rgb/Recep_Tayyip_Erdogan_0008.ppm,57.9,7.076e-7,0.0001
lfw,all,rgb,rgb/Recep_Tayyip_Erdogan_0009.ppm,57.0,7.062e-7,0.0001
lfw,all,rgb,rgb/Recep_Tayyip_Erdogan_0010.ppm,59.9,7.276e-7,0.0001
lfw,all,rgb,rgb/Recep_Tayyip_Erdogan_0011.ppm,61.4,6.936e-7,0.0002
lfw,all,rgb,rgb/Recep_Tayyip_Erdogan_0012.ppm,59.4,7.179e-7,0.0002
lfw,all,rgb,rgb/Recep_Tayyip_Erdogan_0013.ppm,56.7,7.412e-7,0.0001
lfw,all,rgb,rgb/Recep_Tayyip_Erdogan_0014.ppm,45.7,8.105e-7,0.0001
lfw,all,rgb,rgb/Recep_Tayyip_Erdogan_0015.ppm,57.1,7.476e-7,0.0002
lfw,all,rgb,rgb/Recep_Tayyip_Erdogan_0016.ppm,56.0,7.453e-7,0.0002
lfw,all,rgb,rgb/Recep_Tayyip_Erdogan_0017.ppm,49.0,7.848e-7,0.0001
lfw,all,rgb,rgb/Recep_Tayyip_Erdogan_0018.ppm,59.0,7.311e-7,0.0001
lfw,all,rgb,rgb/Recep_Tayyip_Erdogan_0019.ppm,61.1,6.683e-7,0.0001
lfw,all,rgb,rgb/Recep_Tayyip_Erdogan_0020.ppm,57.8,7.561e-7,0.0002
lfw,all,rgb,rgb/Recep_Tayyip_Erdogan_0021.ppm,56.7,7.460e-7,0.0002
lfw,all,rgb,rgb/Recep_Tayyip_Erdogan_0022.ppm,56.0,7.619e-7,0.0001
lfw,all,rgb,rgb/Recep_Tayyip_Erdogan_0023.ppm,39.5,8.157e-7,0.0001
lfw,all,rgb,rgb/Recep_Tayyip_Erdogan_0024.ppm,56.8,7.606e-7,0.0002
lfw,all,rgb,rgb/Recep_Tayyip_Erdogan_0025.ppm,49.0,9.715e-7,0.0002
lfw,all,rgb,rgb/Recep_Tayyip_Erdogan_0026.ppm,60.5,7.567e-7,0.0002
lfw,all,rgb,rgb/Recep_Tayyip_Erdogan_0027.ppm,55.5,7.718e-7,0.0001
lfw,all,rgb,rgb/Recep_Tayyip_Erdogan_0028.ppm,57.6,7.740e-7,0.0002
lfw,all,rgb,rgb/Recep_Tayyip_Erdogan_0029.ppm,59.2,7.510e-7,0.0002
lfw,all,rgb,rgb/Recep_Tayyip_Erdogan_0030.ppm,56.6,7.287e-7,0.0001
lfw,all,rgb,rgb/Red_Auerbach_0001.ppm,56.4,7.018e-7,0.0002
lfw,all,rgb,rgb/Reese_Witherspoon_0001.ppm,62.4,6.513e-7,0.0001
lfw,all,rgb,rgb/Reese_Witherspoon_0002.ppm,61.6,6.376e-7,0.0002
lfw,all,rgb,rgb/Reese_Witherspoon_0003.ppm,63.5,7.013e-7,0.0001
lfw,all,rgb,rgb/Reese_Witherspoon_0004.ppm,64.7,6.870e-7,0.0001
lfw,all,rgb,rgb/Reggie_Lewis_0001.ppm,67.5,7.535e-7,0.0002
lfw,all,rgb,rgb/Reggie_Miller_0001.ppm,54.5,7.331e-7,0.0001
lfw,all,rgb,rgb/Reggie_Miller_0002.ppm,54.8,8.678e-7,0.0002
lfw,all,rgb,rgb/Reggie_Sanders_0001.ppm,65.0,5.952e-7,0.0002
lfw,all,rgb,rgb/Regina_Ip_0001.ppm,57.3,7.875e-7,0.0001
lfw,all,rgb,rgb/Reginald_Hudlin_0001.ppm,56.1,7.664e-7,0.0001
lfw,all,rgb,rgb/Reina_Hayes_0001.ppm,59.8,7.184e-7,0.0002
lfw,all,rgb,rgb/Reinhard_Buetikofer_0001.ppm,62.7,6.945e-7,0.0002
lfw,all,rgb,rgb/Ren_Qingjin_0001.ppm,56.5,7.541e-7,0.0001
lfw,all,rgb,rgb/Rena_Sofer_0001.ppm,56.5,7.125e-7,0.0001
lfw,all,rgb,rgb/Renato_Soru_0001.ppm,60.3,7.453e-7,0.0002
lfw,all,rgb,rgb/Rene_Antonio_Leon_Rodriguez_0001.ppm,58.9,6.723e-7,0.0001
lfw,all,rgb,rgb/Rene_Portland_0001.ppm,60.0,7.162e-7,0.0001
lfw,all,rgb,rgb/Renee_Zellweger_0001.ppm,55.7,7.271e-7,0.0002
lfw,all,rgb,rgb/Renee_Zellweger_0002.ppm,56.6,6.976e-7,0.0001
lfw,all,rgb,rgb/Renee_Zellweger_0003.ppm,63.4,6.626e-7,0.0002
lfw,all,rgb,rgb/Renee_Zellweger_0004.ppm,56.1,6.838e-7,0.0001
lfw,all,rgb,rgb/Renee_Zellweger_0005.ppm,60.6,6.777e-7,0.0001
lfw,all,rgb,rgb/Renee_Zellweger_0006.ppm,62.2,6.151e-7,0.0001
lfw,all,rgb,rgb/Renee_Zellweger_0007.ppm,61.6,7.452e-7,0.0002
lfw,all,rgb,rgb/Renee_Zellweger_0008.ppm,58.4,6.631e-7,0.0001
lfw,all,rgb,rgb/Renee_Zellweger_0009.ppm,66.6,7.582e-7,0.0002
lfw,all,rgb,rgb/Renee_Zellweger_0010.ppm,64.3,7.053e-7,0.0002
lfw,all,rgb,rgb/Renee_Zellweger_0011.ppm,62.9,6.917e-7,0.0001
lfw,all,rgb,rgb/Renee_Zellweger_0012.ppm,61.9,7.278e-7,0.0001
lfw,all,rgb,rgb/Renee_Zellweger_0013.ppm,65.1,6.422e-7,0.0001
lfw,all,rgb,rgb/Renee_Zellweger_0014.ppm,59.7,7.647e-7,0.0002
lfw,all,rgb,rgb/Renee_Zellweger_0015.ppm,55.9,8.373e-7,0.0002
lfw,all,rgb,rgb/Renee_Zellweger_0016.ppm,60.7,7.182e-7,0.0002
lfw,all,rgb,rgb/Renee_Zellweger_0017.ppm,57.2,8.951e-7,0.0002
lfw,all,rgb,rgb/Retief_Goosen_0001.ppm,71.3,5.932e-7,0.0002
lfw,all,rgb,rgb/Rey_Sanchez_0001.ppm,59.1,6.825e-7,0.0002
lfw,all,rgb,rgb/Reyyan_Uzuner_0001.ppm,63.0,6.836e-7,0.0001
lfw,all,rgb,rgb/Rhett_Warrener_0001.ppm,58.4,6.886e-7,0.0001
lfw,all,rgb,rgb/Rhina_Villatoro_0001.ppm,52.1,6.357e-7,0.0001
lfw,all,rgb,rgb/Ricardo_Lagos_0001.ppm,51.8,8.283e-7,0.0001
lfw,all,rgb,rgb/Ricardo_Lagos_0002.ppm,57.1,7.530e-7,0.0001
lfw,all,rgb,rgb/Ricardo_Lagos_0003.ppm,51.4,7.757e-7,0.0001
lfw,all,rgb,rgb/Ricardo_Lagos_0004.ppm,52.9,9.116e-7,0.0002
lfw,all,rgb,rgb/Ricardo_Lagos_0005.ppm,46.3,1.109e-6,0.0002
lfw,all,rgb,rgb/Ricardo_Lagos_0006.ppm,56.1,7.861e-7,0.0001
lfw,all,rgb,rgb/Ricardo_Lagos_0007.ppm,56.9,8.427e-7,0.0002
lfw,all,rgb,rgb/Ricardo_Lagos_0008.ppm,60.3,8.338e-7,0.0002
lfw,all,rgb,rgb/Ricardo_Lagos_0009.ppm,64.0,7.118e-7,0.0002
lfw,all,rgb,rgb/Ricardo_Lagos_0010.ppm,53.1,7.719e-7,0.0001
lfw,all,rgb,rgb/Ricardo_Lagos_0011.ppm,54.6,7.946e-7,0.0001
lfw,all,rgb,rgb/Ricardo_Lagos_0012.ppm,58.6,7.630e-7,0.0001
lfw,all,rgb,rgb/Ricardo_Lagos_0013.ppm,60.5,8.639e-7,0.0002
lfw,all,rgb,rgb/Ricardo_Lagos_0014.ppm,52.6,7.666e-7,0.0001
lfw,all,rgb,rgb/Ricardo_Lagos_0015.ppm,63.0,7.423e-7,0.0002
lfw,all,rgb,rgb/Ricardo_Lagos_0016.ppm,53.5,7.368e-7,0.0002
lfw,all,rgb,rgb/Ricardo_Lagos_0017.ppm,56.3,8.123e-7,0.0001
lfw,all,rgb,rgb/Ricardo_Lagos_0018.ppm,54.4,7.274e-7,0.0002
lfw,all,rgb,rgb/Ricardo_Lagos_0019.ppm,55.6,8.028e-7,0.0001
lfw,all,rgb,rgb/Ricardo_Lagos_0020.ppm,61.3,7.017e-7,0.0001
lfw,all,rgb,rgb/Ricardo_Lagos_0021.ppm,57.1,7.106e-7,0.0002
lfw,all,rgb,rgb/Ricardo_Lagos_0022.ppm,58.6,8.480e-7,0.0002
lfw,all,rgb,rgb/Ricardo_Lagos_0023.ppm,58.0,7.995e-7,0.0002
lfw,all,rgb,rgb/Ricardo_Lagos_0024.ppm,53.0,8.277e-7,0.0001
lfw,all,rgb,rgb/Ricardo_Lagos_0025.ppm,55.7,7.114e-7,0.0002
lfw,all,rgb,rgb/Ricardo_Lagos_0026.ppm,58.3,7.510e-7,0.0001
lfw,all,rgb,rgb/Ricardo_Lagos_0027.ppm,57.8,7.509e-7,0.0002
lfw,all,rgb,rgb/Ricardo_Lopez_Murphy_0001.ppm,64.8,6.641e-7,0.0001
lfw,all,rgb,rgb/Ricardo_Lopez_Murphy_0002.ppm,64.2,6.851e-7,0.0001
lfw,all,rgb,rgb/Ricardo_Maduro_0001.ppm,61.0,7.674e-7,0.0002
lfw,all,rgb,rgb/Ricardo_Maduro_0002.ppm,59.3,7.306e-7,0.0002
lfw,all,rgb,rgb/Ricardo_Mayorga_0001.ppm,67.9,6.732e-7,0.0002
lfw,all,rgb,rgb/Ricardo_Monasterio_0001.ppm,54.0,7.923e-7,0.0002
lfw,all,rgb,rgb/Ricardo_Monasterio_0002.ppm,51.9,7.578e-7,0.0002
lfw,all,rgb,rgb/Ricardo_Sanchez_0001.ppm,54.9,7.382e-7,0.0002
lfw,all,rgb,rgb/Ricardo_Sanchez_0002.ppm,52.9,7.860e-7,0.0001
lfw,all,rgb,rgb/Ricardo_Sanchez_0003.ppm,52.6,7.563e-7,0.0001
lfw,all,rgb,rgb/Ricardo_Sanchez_0004.ppm,56.9,7.543e-7,0.0001
lfw,all,rgb,rgb/Ricardo_Sanchez_0005.ppm,51.5,7.909e-7,0.0001
lfw,all,rgb,rgb/Ricardo_Sanchez_0006.ppm,58.5,6.904e-7,0.0001
lfw,all,rgb,rgb/Riccardo_Muti_0001.ppm,54.6,7.682e-7,0.0002
lfw,all,rgb,rgb/Rich_Brooks_0001.ppm,52.8,7.443e-7,0.0001
lfw,all,rgb,rgb/Rich_Gannon_0001.ppm,54.9,7.640e-7,0.0001
lfw,all,rgb,rgb/Rich_Gannon_0002.ppm,54.0,8.192e-7,0.0001
lfw,all,rgb,rgb/Richard_Armitage_0001.ppm,57.2,7.523e-7,0.0002
lfw,all,rgb,rgb/Richard_Armitage_0002.ppm,59.1,7.399e-7,0.0001
lfw,all,rgb,rgb/Richard_Armitage_0003.ppm,60.4,7.506e-7,0.0001
lfw,all,rgb,rgb/Richard_Armitage_0004.ppm,64.7,7.458e-7,0.0001
lfw,all,rgb,rgb/Richard_Armitage_0005.ppm,63.8,7.431e-7,0.0002
lfw,all,rgb,rgb/Richard_Armitage_0006.ppm,54.4,7.710e-7,0.0002
lfw,all,rgb,rgb/Richard_Armitage_0007.ppm,59.7,7.399e-7,0.0002
lfw,all,rgb,rgb/Richard_Armitage_0008.ppm,62.3,6.975e-7,0.0002
lfw,all,rgb,rgb/Richard_Armitage_0009.ppm,55.9,7.850e-7,0.0002
lfw,all,rgb,rgb/Richard_Barry_0001.ppm,55.6,8.287e-7,0.0001
lfw,all,rgb,rgb/Richard_Branson_0001.ppm,61.1,6.320e-7,0.0001
lfw,all,rgb,rgb/Richard_Branson_0002.ppm,64.9,6.865e-7,0.0001
lfw,all,rgb,rgb/Richard_Butler_0001.ppm,49.6,8.215e-7,0.0002
lfw,all,rgb,rgb/Richard_Butler_0002.ppm,62.5,8.362e-7,0.0002
lfw,all,rgb,rgb/Richard_Carl_0001.ppm,58.5,7.395e-7,0.0001
lfw,all,rgb,rgb/Richard_Chamberlain_0001.ppm,62.5,7.362e-7,0.0002
lfw,all,rgb,rgb/Richard_Cohen_0001.ppm,44.1,8.208e-7,0.0001
lfw,all,rgb,rgb/Richard_Crenna_0001.ppm,60.9,7.815e-7,0.0001
lfw,all,rgb,rgb/Richard_Crenna_0002.ppm,60.6,8.384e-7,0.0002
lfw,all,rgb,rgb/Richard_Daley_0001.ppm,58.9,7.192e-7,0.0001
lfw,all,rgb,rgb/Richard_Dreyfuss_0001.ppm,59.3,6.665e-7,0.0001
lfw,all,rgb,rgb/Richard_Fine_0001.ppm,72.3,7.153e-7,0.0001
lfw,all,rgb,rgb/Richard_Gephardt_0001.ppm,55.4,7.878e-7,0.0002
lfw,all,rgb,rgb/Richard_Gephardt_0002.ppm,54.1,8.342e-7,0.0002
lfw,all,rgb,rgb/Richard_Gephardt_0003.ppm,58.5,6.493e-7,0.0001
lfw,all,rgb,rgb/Richard_Gephardt_0004.ppm,62.4,6.769e-7,0.0002
lfw,all,rgb,rgb/Richard_Gephardt_0005.ppm,52.1,7.764e-7,0.0002
lfw,all,rgb,rgb/Richard_Gephardt_0006.ppm,69.6,6.766e-7,0.0002
lfw,all,rgb,rgb/Richard_Gephardt_0007.ppm,61.3,8.632e-7,0.0002
lfw,all,rgb,rgb/Richard_Gephardt_0008.ppm,58.3,7.454e-7,0.0001
lfw,all,rgb,rgb/Richard_Gephardt_0009.ppm,59.1,7.110e-7,0.0002
lfw,all,rgb,rgb/Richard_Gephardt_0010.ppm,60.8,7.368e-7,0.0001
lfw,all,rgb,rgb/Richard_Gephardt_0011.ppm,59.8,6.763e-7,0.0001
lfw,all,rgb,rgb/Richard_Gere_0001.ppm,43.2,8.485e-7,0.0001
lfw,all,rgb,rgb/Richard_Gere_0002.ppm,59.8,8.458e-7,0.0002
lfw,all,rgb,rgb/Richard_Gere_0003.ppm,57.9,6.411e-7,0.0001
lfw,all,rgb,rgb/Richard_Gere_0004.ppm,61.2,8.644e-7,0.0002
lfw,all,rgb,rgb/Richard_Gere_0005.ppm,40.2,1.138e-6,0.0001
lfw,all,rgb,rgb/Richard_Gere_0006.ppm,57.9,7.625e-7,0.0002
lfw,all,rgb,rgb/Richard_Gere_0007.ppm,51.5,7.550e-7,0.0001
lfw,all,rgb,rgb/Richard_Gere_0008.ppm,58.2,7.865e-7,0.0002
lfw,all,rgb,rgb/Richard_Gere_0009.ppm,54.4,7.902e-7,0.0002
lfw,all,rgb,rgb/Richard_Gere_0010.ppm,71.8,7.179e-7,0.0002
lfw,all,rgb,rgb/Richard_Greenberg_0001.ppm,61.6,6.887e-7,0.0002
lfw,all,rgb,rgb/Richard_Haass_0001.ppm,57.7,8.498e-7,0.0002
lfw,all,rgb,rgb/Richard_Haass_0002.ppm,50.9,8.320e-7,0.0002
lfw,all,rgb,rgb/Richard_Hamilton_0001.ppm,64.3,6.450e-7,0.0002
lfw,all,rgb,rgb/Richard_Harris_0001.ppm,58.3,7.492e-7,0.0001
lfw,all,rgb,rgb/Richard_Hellfant_0001.ppm,50.4,8.287e-7,0.0001
lfw,all,rgb,rgb/Richard_Jefferson_0001.ppm,58.0,7.620e-7,0.0002
lfw,all,rgb,rgb/Richard_Jewell_0001.ppm,59.8,7.422e-7,0.0002
lfw,all,rgb,rgb/Richard_Krajicek_0001.ppm,56.6,6.822e-7,0.0001
lfw,all,rgb,rgb/Richard_Krajicek_0002.ppm,58.7,7.329e-7,0.0001
lfw,all,rgb,rgb/Richard_Krajicek_0003.ppm,58.8,7.574e-7,0.0002
lfw,all,rgb,rgb/Richard_Langille_0001.ppm,57.0,6.731e-7,0.0002
lfw,all,rgb,rgb/Richard_Lennon_0001.ppm,54.3,6.774e-7,0.0001
lfw,all,rgb,rgb/Richard_Levin_0001.ppm,50.9,9.582e-7,0.0002
lfw,all,rgb,rgb/Richard_Lugar_0001.ppm,54.6,7.741e-7,0.0001
lfw,all,rgb,rgb/Richard_Myers_0001.ppm,56.3,7.809e-7,0.0001
lfw,all,rgb,rgb/Richard_Myers_0002.ppm,51.6,7.257e-7,0.0001
lfw,all,rgb,rgb/Richard_Myers_0003.ppm,62.6,9.294e-7,0.0003
lfw,all,rgb,rgb/Richard_Myers_0004.ppm,57.1,7.384e-7,0.0002
lfw,all,rgb,rgb/Richard_Myers_0005.ppm,56.7,7.819e-7,0.0001
lfw,all,rgb,rgb/Richard_Myers_0006.ppm,51.4,6.904e-7,0.0001
lfw,all,rgb,rgb/Richard_Myers_0007.ppm,42.4,9.060e-7,0.0001
lfw,all,rgb,rgb/Richard_Myers_0008.ppm,53.2,7.653e-7,0.0001
lfw,all,rgb,rgb/Richard_Myers_0009.ppm,54.8,7.027e-7,0.0001
lfw,all,rgb,rgb/Richard_Myers_0010.ppm,52.5,7.390e-7,0.0001
lfw,all,rgb,rgb/Richard_Myers_0011.ppm,53.9,7.611e-7,0.0002
lfw,all,rgb,rgb/Richard_Myers_0012.ppm,57.4,7.506e-7,0.0002
lfw,all,rgb,rgb/Richard_Myers_0013.ppm,48.8,9.627e-7,0.0002
lfw,all,rgb,rgb/Richard_Myers_0014.ppm,58.1,7.068e-7,0.0001
lfw,all,rgb,rgb/Richard_Myers_0015.ppm,54.8,7.416e-7,0.0001
lfw,all,rgb,rgb/Richard_Myers_0016.ppm,57.2,7.393e-7,0.0001
lfw,all,rgb,rgb/Richard_Myers_0017.ppm,64.9,7.431e-7,0.0002
lfw,all,rgb,rgb/Richard_Myers_0018.ppm,58.7,7.105e-7,0.0001
lfw,all,rgb,rgb/Richard_Naughton_0001.ppm,60.6,6.640e-7,0.0002
lfw,all,rgb,rgb/Richard_Norton-Taylor_0001.ppm,58.6,7.811e-7,0.0002
lfw,all,rgb,rgb/Richard_Norton-Taylor_0002.ppm,58.0,7.945e-7,0.0002
lfw,all,rgb,rgb/Richard_Palmer_0001.ppm,54.7,8.310e-7,0.0001
lfw,all,rgb,rgb/Richard_Parsons_0001.ppm,49.7,7.332e-7,0.0001
lfw,all,rgb,rgb/Richard_Paul_Evans_0001.ppm,64.0,6.361e-7,0.0002
lfw,all,rgb,rgb/Richard_Penniman_0001.ppm,56.5,6.871e-7,0.0001
lfw,all,rgb,rgb/Richard_Pennington_0001.ppm,54.0,7.269e-7,0.0001
lfw,all,rgb,rgb/Richard_Perle_0001.ppm,55.0,8.555e-7,0.0002
lfw,all,rgb,rgb/Richard_Regenhard_0001.ppm,65.9,7.075e-7,0.0001
lfw,all,rgb,rgb/Richard_Reid_0001.ppm,57.1,6.821e-7,0.0001
lfw,all,rgb,rgb/Richard_Rodriguez_0001.ppm,53.8,7.147e-7,0.0001
lfw,all,rgb,rgb/Richard_Sambrook_0001.ppm,58.5,9.180e-7,0.0002
lfw,all,rgb,rgb/Richard_Sambrook_0002.ppm,62.9,6.677e-7,0.0002
lfw,all,rgb,rgb/Richard_Shelby_0001.ppm,55.7,7.967e-7,0.0002
lfw,all,rgb,rgb/Richard_Shelby_0002.ppm,56.3,7.765e-7,0.0002
lfw,all,rgb,rgb/Richard_Sterner_0001.ppm,59.3,7.323e-7,0.0002
lfw,all,rgb,rgb/Richard_Tubb_0001.ppm,56.8,8.270e-7,0.0002
lfw,all,rgb,rgb/Richard_Virenque_0001.ppm,56.0,6.793e-7,0.0001
lfw,all,rgb,rgb/Richard_Virenque_0002.ppm,58.8,7.303e-7,0.0002
lfw,all,rgb,rgb/Richard_Virenque_0003.ppm,83.0,5.834e-7,0.0002
lfw,all,rgb,rgb/Richard_Virenque_0004.ppm,59.9,6.622e-7,0.0001
lfw,all,rgb,rgb/Richard_Virenque_0005.ppm,61.8,6.305e-7,0.0002
lfw,all,rgb,rgb/Richard_Virenque_0006.ppm,68.8,6.668e-7,0.0002
lfw,all,rgb,rgb/Richard_Virenque_0007.ppm,63.1,7.245e-7,0.0001
lfw,all,rgb,rgb/Richard_Virenque_0008.ppm,60.6,6.059e-7,0.0001
lfw,all,rgb,rgb/Richard_Ward_0001.ppm,56.0,7.739e-7,0.0002
lfw,all,rgb,rgb/Richie_Adubato_0001.ppm,56.5,7.416e-7,0.0001
lfw,all,rgb,rgb/Richie_Adubato_0002.ppm,61.6,7.895e-7,0.0002
lfw,all,rgb,rgb/Rick_Barnes_0001.ppm,56.4,7.917e-7,0.0001
lfw,all,rgb,rgb/Rick_Barnes_0002.ppm,55.5,8.272e-7,0.0002
lfw,all,rgb,rgb/Rick_Barnes_0003.ppm,50.8,9.537e-7,0.0002
lfw,all,rgb,rgb/Rick_Bland_0001.ppm,64.7,6.592e-7,0.0001
lfw,all,rgb,rgb/Rick_Bragg_0001.ppm,57.6,7.431e-7,0.0002
lfw,all,rgb,rgb/Rick_Carlisle_0001.ppm,49.2,8.389e-7,0.0001
lfw,all,rgb,rgb/Rick_Carlisle_0002.ppm,52.5,7.159e-7,0.0001
lfw,all,rgb,rgb/Rick_Carlisle_0003.ppm,54.9,7.299e-7,0.0001
lfw,all,rgb,rgb/Rick_Carlisle_0004.ppm,57.4,7.093e-7,0.0002
lfw,all,rgb,rgb/Rick_Caruso_0001.ppm,63.8,6.939e-7,0.0002
lfw,all,rgb,rgb/Rick_Dinse_0001.ppm,52.8,8.000e-7,0.0001
lfw,all,rgb,rgb/Rick_Dinse_0002.ppm,56.2,7.862e-7,0.0001
lfw,all,rgb,rgb/Rick_Dinse_0003.ppm,55.1,7.447e-7,0.0001
lfw,all,rgb,rgb/Rick_Husband_0001.ppm,59.7,7.121e-7,0.0002
lfw,all,rgb,rgb/Rick_Lu_0001.ppm,52.6,8.979e-7,0.0002
lfw,all,rgb,rgb/Rick_Perry_0001.ppm,61.8,6.838e-7,0.0002
lfw,all,rgb,rgb/Rick_Perry_0002.ppm,67.6,5.971e-7,0.0001
lfw,all,rgb,rgb/Rick_Perry_0003.ppm,54.8,8.083e-7,0.0002
lfw,all,rgb,rgb/Rick_Perry_0004.ppm,56.9,7.083e-7,0.0002
lfw,all,rgb,rgb/Rick_Perry_0005.ppm,54.2,7.328e-7,0.0001
lfw,all,rgb,rgb/Rick_Perry_0006.ppm,56.8,8.226e-7,0.0002
lfw,all,rgb,rgb/Rick_Pitino_0001.ppm,57.3,7.371e-7,0.0002
lfw,all,rgb,rgb/Rick_Pitino_0002.ppm,55.6,7.170e-7,0.0002
lfw,all,rgb,rgb/Rick_Pitino_0003.ppm,61.3,6.631e-7,0.0002
lfw,all,rgb,rgb/Rick_Pitino_0004.ppm,64.8,6.193e-7,0.0001
lfw,all,rgb,rgb/Rick_Reed_0001.ppm,81.0,6.191e-7,0.0002
lfw,all,rgb,rgb/Rick_Rickert_0001.ppm,55.8,8.386e-7,0.0001
lfw,all,rgb,rgb/Rick_Romley_0001.ppm,58.4,7.710e-7,0.0002
lfw,all,rgb,rgb/Rick_Romley_0002.ppm,61.3,7.623e-7,0.0002
lfw,all,rgb,rgb/Rick_Romley_0003.ppm,59.2,6.878e-7,0.0001
lfw,all,rgb,rgb/Rick_Santorum_0001.ppm,55.4,8.030e-7,0.0001
lfw,all,rgb,rgb/Rick_Santorum_0002.ppm,52.2,8.325e-7,0.0002
lfw,all,rgb,rgb/Rick_Santorum_0003.ppm,52.7,7.335e-7,0.0001
lfw,all,rgb,rgb/Rick_Stansbury_0001.ppm,53.3,8.305e-7,0.0002
lfw,all,rgb,rgb/Rick_Stansbury_0002.ppm,52.9,8.085e-7,0.0001
lfw,all,rgb,rgb/Rick_Stansbury_0003.ppm,55.2,7.344e-7,0.0002
lfw,all,rgb,rgb/Rick_Wagoner_0001.ppm,62.6,7.309e-7,0.0002
lfw,all,rgb,rgb/Rick_Wagoner_0002.ppm,52.6,8.795e-7,0.0002
lfw,all,rgb,rgb/Ricky_Barnes_0001.ppm,58.3,7.281e-7,0.0002
lfw,all,rgb,rgb/Ricky_Barnes_0002.ppm,56.5,7.446e-7,0.0002
lfw,all,rgb,rgb/Ricky_Cottrill_0001.ppm,52.2,7.987e-7,0.0001
lfw,all,rgb,rgb/Ricky_Martin_0001.ppm,68.9,7.226e-7,0.0002
lfw,all,rgb,rgb/Ricky_Martin_0002.ppm,67.8,6.958e-7,0.0002
lfw,all,rgb,rgb/Ricky_Ponting_0001.ppm,55.3,6.455e-7,0.0002
lfw,all,rgb,rgb/Ricky_Ponting_0002.ppm,70.3,6.442e-7,0.0001
lfw,all,rgb,rgb/Ricky_Quick_0001.ppm,59.4,7.921e-7,0.0002
lfw,all,rgb,rgb/Ricky_Ray_0001.ppm,56.9,6.776e-7,0.0001
lfw,all,rgb,rgb/Ridley_Scott_0001.ppm,59.8,8.210e-7,0.0002
lfw,all,rgb,rgb/Riek_Blanjaar_0001.ppm,60.2,7.056e-7,0.0001
lfw,all,rgb,rgb/Rien_Long_0001.ppm,54.8,8.370e-7,0.0002
lfw,all,rgb,rgb/Rina_Lazo_0001.ppm,54.0,7.404e-7,0.0001
lfw,all,rgb,rgb/Ringo_Starr_0001.ppm,36.0,9.757e-7,0.0001
lfw,all,rgb,rgb/Rio_Ferdinand_0001.ppm,60.4,7.988e-7,0.0001
lfw,all,rgb,rgb/Rio_Ferdinand_0002.ppm,60.4,6.412e-7,0.0001
lfw,all,rgb,rgb/Rita_Grande_0001.ppm,56.5,8.223e-7,0.0002
lfw,all,rgb,rgb/Rita_Grande_0002.ppm,50.1,7.618e-7,0.0001
lfw,all,rgb,rgb/Rita_Grande_0003.ppm,50.9,8.666e-7,0.0001
lfw,all,rgb,rgb/Rita_Moreno_0001.ppm,59.8,7.436e-7,0.0001
lfw,all,rgb,rgb/Rita_Moreno_0002.ppm,61.2,6.355e-7,0.0001
lfw,all,rgb,rgb/Rita_Wilson_0001.ppm,60.0,7.138e-7,0.0002
lfw,all,rgb,rgb/Rita_Wilson_0002.ppm,57.9,7.456e-7,0.0001
lfw,all,rgb,rgb/Rita_Wilson_0003.ppm,54.7,7.020e-7,0.0002
lfw,all,rgb,rgb/Rita_Wilson_0004.ppm,59.5,7.225e-7,0.0001
lfw,all,rgb,rgb/Rob_Lowe_0001.ppm,64.4,7.321e-7,0.0002
lfw,all,rgb,rgb/Rob_Lowe_0002.ppm,57.5,7.534e-7,0.0002
lfw,all,rgb,rgb/Rob_Lowe_0003.ppm,51.2,7.520e-7,0.0001
lfw,all,rgb,rgb/Rob_Lowe_0004.ppm,61.6,7.175e-7,0.0002
lfw,all,rgb,rgb/Rob_Marshall_0001.ppm,64.4,7.308e-7,0.0001
lfw,all,rgb,rgb/Rob_Marshall_0002.ppm,59.0,7.244e-7,0.0001
lfw,all,rgb,rgb/Rob_Marshall_0003.ppm,57.7,7.349e-7,0.0001
lfw,all,rgb,rgb/Rob_Marshall_0004.ppm,64.3,6.721e-7,0.0001
lfw,all,rgb,rgb/Rob_Marshall_0005.ppm,61.7,7.173e-7,0.0002
lfw,all,rgb,rgb/Rob_Marshall_0006.ppm,65.1,7.206e-7,0.0002
lfw,all,rgb,rgb/Rob_Moore_0001.ppm,73.4,6.319e-7,0.0002
lfw,all,rgb,rgb/Rob_Morrow_0001.ppm,62.1,7.817e-7,0.0002
lfw,all,rgb,rgb/Rob_Niedermayer_0001.ppm,57.3,7.443e-7,0.0002
lfw,all,rgb,rgb/Rob_Ramsay_0001.ppm,64.4,6.108e-7,0.0001
lfw,all,rgb,rgb/Rob_Schneider_0001.ppm,55.1,8.442e-7,0.0001
lfw,all,rgb,rgb/Rob_Schneider_0002.ppm,56.2,7.342e-7,0.0001
lfw,all,rgb,rgb/Robbie_Coltrane_0001.ppm,48.6,6.867e-7,0.0001
lfw,all,rgb,rgb/Robbie_Fowler_0001.ppm,56.8,7.436e-7,0.0002
lfw,all,rgb,rgb/Robbie_Fowler_0002.ppm,55.8,7.394e-7,0.0001
lfw,all,rgb,rgb/Robbie_Mc_Ewen_0001.ppm,60.1,6.966e-7,0.0001
lfw,all,rgb,rgb/Robbie_Naish_0001.ppm,54.0,7.917e-7,0.0002
lfw,all,rgb,rgb/Robbie_Williams_0001.ppm,60.1,6.930e-7,0.0002
lfw,all,rgb,rgb/Robbie_Williams_0002.ppm,56.1,7.335e-7,0.0001
lfw,all,rgb,rgb/Robbie_Williams_0003.ppm,55.4,7.500e-7,0.0001
lfw,all,rgb,rgb/Robby_Ginepri_0001.ppm,55.2,6.472e-7,0.0002
lfw,all,rgb,rgb/Robby_Ginepri_0002.ppm,53.6,7.296e-7,0.0002
lfw,all,rgb,rgb/Robert_Altman_0001.ppm,50.9,8.393e-7,0.0001
lfw,all,rgb,rgb/Robert_Beck_0001.ppm,51.9,7.622e-7,0.0001
lfw,all,rgb,rgb/Robert_Blackwill_0001.ppm,74.7,6.593e-7,0.0002
lfw,all,rgb,rgb/Robert_Blackwill_0002.ppm,71.6,6.953e-7,0.0002
lfw,all,rgb,rgb/Robert_Blake_0001.ppm,60.2,7.127e-7,0.0001
lfw,all,rgb,rgb/Robert_Blake_0002.ppm,58.4,7.645e-7,0.0001
lfw,all,rgb,rgb/Robert_Blake_0003.ppm,55.8,7.879e-7,0.0002
lfw,all,rgb,rgb/Robert_Blake_0004.ppm,58.1,7.460e-7,0.0001
lfw,all,rgb,rgb/Robert_Blake_0005.ppm,63.0,6.765e-7,0.0002
lfw,all,rgb,rgb/Robert_Blake_0006.ppm,60.6,7.547e-7,0.0002
lfw,all,rgb,rgb/Robert_Blake_0007.ppm,60.4,8.137e-7,0.0002
lfw,all,rgb,rgb/Robert_Blake_0008.ppm,54.8,7.089e-7,0.0001
lfw,all,rgb,rgb/Robert_Bonner_0001.ppm,59.1,7.467e-7,0.0001
lfw,all,rgb,rgb/Robert_Bonner_0002.ppm,64.3,7.885e-7,0.0002
lfw,all,rgb,rgb/Robert_Bonner_0003.ppm,54.4,8.249e-7,0.0002
lfw,all,rgb,rgb/Robert_Bullock_0001.ppm,62.2,7.225e-7,0.0002
lfw,all,rgb,rgb/Robert_Bullock_0002.ppm,62.6,7.375e-7,0.0001
lfw,all,rgb,rgb/Robert_DeFraites_0001.ppm,58.2,6.867e-7,0.0001
lfw,all,rgb,rgb/Robert_DeFraites_0002.ppm,54.0,7.083e-7,0.0001
lfw,all,rgb,rgb/Robert_De_Niro_0001.ppm,60.0,7.414e-7,0.0001
lfw,all,rgb,rgb/Robert_De_Niro_0002.ppm,56.3,8.383e-7,0.0002
lfw,all,rgb,rgb/Robert_De_Niro_0003.ppm,55.2,7.889e-7,0.0001
lfw,all,rgb,rgb/Robert_De_Niro_0004.ppm,54.6,6.943e-7,0.0001
lfw,all,rgb,rgb/Robert_De_Niro_0005.ppm,53.7,7.812e-7,0.0001
lfw,all,rgb,rgb/Robert_De_Niro_0006.ppm,53.4,7.989e-7,0.0002
lfw,all,rgb,rgb/Robert_Douglas_0001.ppm,55.2,7.612e-7,0.0001
lfw,all,rgb,rgb/Robert_Downey_Jr_0001.ppm,56.1,7.544e-7,0.0002
lfw,all,rgb,rgb/Robert_Durst_0001.ppm,55.7,8.078e-7,0.0002
lfw,all,rgb,rgb/Robert_Duvall_0001.ppm,53.1,8.667e-7,0.0002
lfw,all,rgb,rgb/Robert_Duvall_0002.ppm,58.0,7.408e-7,0.0001
lfw,all,rgb,rgb/Robert_Duvall_0003.ppm,46.9,1.040e-6,0.0001
lfw,all,rgb,rgb/Robert_Duvall_0004.ppm,55.7,7.843e-7,0.0001
lfw,all,rgb,rgb/Robert_Duvall_0005.ppm,59.9,8.220e-7,0.0002
lfw,all,rgb,rgb/Robert_Duvall_0006.ppm,55.7,8.946e-7,0.0002
lfw,all,rgb,rgb/Robert_Duvall_0007.ppm,58.5,8.111e-7,0.0001
lfw,all,rgb,rgb/Robert_Duvall_0008.ppm,53.9,8.584e-7,0.0001
lfw,all,rgb,rgb/Robert_Ehrlich_0001.ppm,61.4,7.104e-7,0.0001
lfw,all,rgb,rgb/Robert_Ehrlich_0002.ppm,53.6,7.669e-7,0.0002
lfw,all,rgb,rgb/Robert_Evans_0001.ppm,58.9,7.572e-7,0.0002
lfw,all,rgb,rgb/Robert_Evans_0002.ppm,60.2,7.512e-7,0.0002
lfw,all,rgb,rgb/Robert_Evans_0003.ppm,50.6,7.857e-7,0.0003
lfw,all,rgb,rgb/Robert_F_Kennedy_Jr_0001.ppm,49.4,8.305e-7,0.0001
lfw,all,rgb,rgb/Robert_Fico_0001.ppm,64.4,6.487e-7,0.0001
lfw,all,rgb,rgb/Robert_Fico_0002.ppm,60.3,7.768e-7,0.0002
lfw,all,rgb,rgb/Robert_Flodquist_0001.ppm,54.6,7.904e-7,0.0001
lfw,all,rgb,rgb/Robert_Gallo_0001.ppm,55.5,7.528e-7,0.0001
lfw,all,rgb,rgb/Robert_Gordon_Card_0001.ppm,56.6,6.786e-7,0.0002
lfw,all,rgb,rgb/Robert_Hanssen_0001.ppm,59.0,7.777e-7,0.0002
lfw,all,rgb,rgb/Robert_Horan_0001.ppm,59.7,8.307e-7,0.0002
lfw,all,rgb,rgb/Robert_Horan_0002.ppm,64.2,7.239e-7,0.0002
lfw,all,rgb,rgb/Robert_Hyatt_0001.ppm,55.6,7.209e-7,0.0001
lfw,all,rgb,rgb/Robert_Kipkoech_Cheruiyot_0001.ppm,87.0,5.813e-7,0.0002
lfw,all,rgb,rgb/Robert_Kocharian_0001.ppm,54.9,8.466e-7,0.0001
lfw,all,rgb,rgb/Robert_Kocharian_0002.ppm,54.0,9.495e-7,0.0002
lfw,all,rgb,rgb/Robert_Kocharian_0003.ppm,56.0,7.010e-7,0.0001
lfw,all,rgb,rgb/Robert_Kocharian_0004.ppm,36.1,5.676e-7,0.0001
lfw,all,rgb,rgb/Robert_Kocharian_0005.ppm,60.5,8.113e-7,0.0002
lfw,all,rgb,rgb/Robert_Korzeniowski_0001.ppm,52.2,7.636e-7,0.0001
lfw,all,rgb,rgb/Robert_Lange_0001.ppm,60.3,7.232e-7,0.0002
lfw,all,rgb,rgb/Robert_Lee_Yates_Jr_0001.ppm,55.8,8.032e-7,0.0002
lfw,all,rgb,rgb/Robert_Marshall_0001.ppm,59.0,7.209e-7,0.0001
lfw,all,rgb,rgb/Robert_McKee_0001.ppm,62.0,6.855e-7,0.0001
lfw,all,rgb,rgb/Robert_Morvillo_0001.ppm,57.7,7.904e-7,0.0001
lfw,all,rgb,rgb/Robert_Mueller_0001.ppm,47.7,8.330e-7,0.0001
lfw,all,rgb,rgb/Robert_Mueller_0002.ppm,51.6,7.843e-7,0.0001
lfw,all,rgb,rgb/Robert_Mueller_0003.ppm,56.5,8.091e-7,0.0001
lfw,all,rgb,rgb/Robert_Mueller_0004.ppm,51.7,8.260e-7,0.0002
lfw,all,rgb,rgb/Robert_Mueller_0005.ppm,48.7,7.648e-7,0.0001
lfw,all,rgb,rgb/Robert_Mugabe_0001.ppm,53.8,7.513e-7,0.0001
lfw,all,rgb,rgb/Robert_Mugabe_0002.ppm,53.3,7.513e-7,0.0002
lfw,all,rgb,rgb/Robert_Nardelli_0001.ppm,60.2,8.236e-7,0.0002
lfw,all,rgb,rgb/Robert_Nillson_0001.ppm,57.9,6.498e-7,0.0001
lfw,all,rgb,rgb/Robert_Pollack_0001.ppm,55.4,7.963e-7,0.0001
lfw,all,rgb,rgb/Robert_Redford_0001.ppm,59.3,7.506e-7,0.0001
lfw,all,rgb,rgb/Robert_Redford_0002.ppm,58.1,6.838e-7,0.0001
lfw,all,rgb,rgb/Robert_Redford_0003.ppm,58.5,7.249e-7,0.0002
lfw,all,rgb,rgb/Robert_Redford_0004.ppm,61.4,7.526e-7,0.0002
lfw,all,rgb,rgb/Robert_Redford_0005.ppm,59.8,7.710e-7,0.0002
lfw,all,rgb,rgb/Robert_Redford_0006.ppm,56.8,8.734e-7,0.0002
lfw,all,rgb,rgb/Robert_Redford_0007.ppm,56.1,6.443e-7,0.0001
lfw,all,rgb,rgb/Robert_Redford_0008.ppm,60.3,7.000e-7,0.0001
lfw,all,rgb,rgb/Robert_Schuller_0001.ppm,66.9,6.204e-7,0.0001
lfw,all,rgb,rgb/Robert_Stack_0001.ppm,65.3,7.622e-7,0.0002
lfw,all,rgb,rgb/Robert_Stack_0002.ppm,64.0,8.032e-7,0.0002
lfw,all,rgb,rgb/Robert_Torricelli_0001.ppm,59.4,7.506e-7,0.0002
lfw,all,rgb,rgb/Robert_Torricelli_0002.ppm,60.9,7.740e-7,0.0002
lfw,all,rgb,rgb/Robert_Torricelli_0003.ppm,60.9,6.880e-7,0.0002
lfw,all,rgb,rgb/Robert_Towne_0001.ppm,44.1,9.800e-7,0.0002
lfw,all,rgb,rgb/Robert_Tyrrell_0001.ppm,55.3,8.218e-7,0.0002
lfw,all,rgb,rgb/Robert_Vowler_0001.ppm,50.3,7.945e-7,0.0002
lfw,all,rgb,rgb/Robert_Wagner_0001.ppm,60.2,6.721e-7,0.0001
lfw,all,rgb,rgb/Robert_Weitzel_0001.ppm,53.2,6.935e-7,0.0001
lfw,all,rgb,rgb/Robert_Wiener_0001.ppm,59.3,7.605e-7,0.0002
lfw,all,rgb,rgb/Robert_Witt_0001.ppm,49.5,8.274e-7,0.0001
lfw,all,rgb,rgb/Robert_Witt_0002.ppm,53.5,7.962e-7,0.0002
lfw,all,rgb,rgb/Robert_Woody_Johnson_0001.ppm,50.4,8.959e-7,0.0002
lfw,all,rgb,rgb/Robert_Zoellick_0001.ppm,46.2,8.291e-7,0.0001
lfw,all,rgb,rgb/Robert_Zoellick_0002.ppm,55.7,6.984e-7,0.0001
lfw,all,rgb,rgb/Robert_Zoellick_0003.ppm,57.0,7.976e-7,0.0002
lfw,all,rgb,rgb/Robert_Zoellick_0004.ppm,57.2,7.216e-7,0.0002
lfw,all,rgb,rgb/Robert_Zoellick_0005.ppm,56.2,7.421e-7,0.0002
lfw,all,rgb,rgb/Robert_Zoellick_0006.ppm,61.0,7.146e-7,0.0001
lfw,all,rgb,rgb/Robert_Zoellick_0007.ppm,63.9,7.554e-7,0.0001
lfw,all,rgb,rgb/Roberta_Combs_0001.ppm,67.2,8.062e-7,0.0002
lfw,all,rgb,rgb/Roberto_Arguelles_0001.ppm,54.8,7.547e-7,0.0001
lfw,all,rgb,rgb/Roberto_Benigni_0001.ppm,57.0,7.685e-7,0.0002
lfw,all,rgb,rgb/Roberto_Benigni_0002.ppm,50.4,7.212e-7,0.0001
lfw,all,rgb,rgb/Roberto_Canessa_0001.ppm,60.3,7.091e-7,0.0002
lfw,all,rgb,rgb/Roberto_Carlos_0001.ppm,61.1,7.373e-7,0.0002
lfw,all,rgb,rgb/Roberto_Carlos_0002.ppm,60.0,7.995e-7,0.0002
lfw,all,rgb,rgb/Roberto_Carlos_0003.ppm,58.7,7.893e-7,0.0002
lfw,all,rgb,rgb/Roberto_Carlos_0004.ppm,61.4,6.950e-7,0.0002
lfw,all,rgb,rgb/Roberto_Cavalli_0001.ppm,54.6,7.347e-7,0.0001
lfw,all,rgb,rgb/Roberto_Cercelletta_0001.ppm,63.5,6.540e-7,0.0001
lfw,all,rgb,rgb/Roberto_Guaterroma_0001.ppm,59.1,6.952e-7,0.0001
lfw,all,rgb,rgb/Roberto_Laratro_0001.ppm,70.6,6.884e-7,0.0002
lfw,all,rgb,rgb/Roberto_Lavagna_0001.ppm,51.0,8.692e-7,0.0002
lfw,all,rgb,rgb/Roberto_Marinho_0001.ppm,60.0,7.283e-7,0.0002
lfw,all,rgb,rgb/Roberto_Marinho_0002.ppm,55.0,7.691e-7,0.0002
lfw,all,rgb,rgb/Roberto_Marinho_0003.ppm,60.0,7.952e-7,0.0002
lfw,all,rgb,rgb/Roberto_Robaina_0001.ppm,56.0,7.280e-7,0.0002
lfw,all,rgb,rgb/Roberto_Tovar_0001.ppm,55.2,7.444e-7,0.0002
lfw,all,rgb,rgb/Robin_Cook_0001.ppm,60.1,7.350e-7,0.0001
lfw,all,rgb,rgb/Robin_Cook_0002.ppm,61.7,7.522e-7,0.0001
lfw,all,rgb,rgb/Robin_Johansen_0001.ppm,48.9,8.377e-7,0.0002
lfw,all,rgb,rgb/Robin_McGraw_0001.ppm,71.5,6.570e-7,0.0002
lfw,all,rgb,rgb/Robin_McLaurin_Williams_0001.ppm,40.7,1.182e-6,0.0002
lfw,all,rgb,rgb/Robin_McLaurin_Williams_0002.ppm,59.8,7.559e-7,0.0002
lfw,all,rgb,rgb/Robin_Tunney_0001.ppm,55.6,6.613e-7,0.0001
lfw,all,rgb,rgb/Robin_Wagner_0001.ppm,53.5,7.389e-7,0.0001
lfw,all,rgb,rgb/Robin_Williams_0001.ppm,57.2,7.494e-7,0.0002
lfw,all,rgb,rgb/Robin_Wright_Penn_0001.ppm,41.9,9.532e-7,0.0001
lfw,all,rgb,rgb/Robinson_Stevenin_0001.ppm,60.1,6.630e-7,0.0001
lfw,all,rgb,rgb/Robinson_Stevenin_0002.ppm,64.0,6.297e-7,0.0002
lfw,all,rgb,rgb/Rocco_Buttiglione_0001.ppm,54.9,7.362e-7,0.0002
lfw,all,rgb,rgb/Rod_Blagojevich_0001.ppm,56.5,7.381e-7,0.0002
lfw,all,rgb,rgb/Rod_Blagojevich_0002.ppm,54.1,7.045e-7,0.0001
lfw,all,rgb,rgb/Rod_Bryden_0001.ppm,58.5,6.966e-7,0.0001
lfw,all,rgb,rgb/Rod_Jong-il_0001.ppm,52.9,8.981e-7,0.0002
lfw,all,rgb,rgb/Rod_Paige_0001.ppm,58.7,6.832e-7,0.0001
lfw,all,rgb,rgb/Rod_Stewart_0001.ppm,57.5,7.356e-7,0.0002
lfw,all,rgb,rgb/Rod_Stewart_0002.ppm,54.5,8.203e-7,0.0002
lfw,all,rgb,rgb/Rod_Stewart_0003.ppm,54.3,7.261e-7,0.0001
lfw,all,rgb,rgb/Rod_Thorn_0001.ppm,57.2,7.453e-7,0.0001
lfw,all,rgb,rgb/Rodney_Dangerfield_0001.ppm,63.2,6.656e-7,0.0002
lfw,all,rgb,rgb/Rodney_Rempt_0001.ppm,62.0,7.217e-7,0.0001
lfw,all,rgb,rgb/Rodolfo_Abalos_0001.ppm,57.0,8.439e-7,0.0002
lfw,all,rgb,rgb/Rodrigo_Borja_0001.ppm,57.0,7.904e-7,0.0002
lfw,all,rgb,rgb/Rodrigo_Borja_0002.ppm,56.1,4.906e-7,0.0001
lfw,all,rgb,rgb/Rodrigo_Rato_0001.ppm,54.0,7.973e-7,0.0001
lfw,all,rgb,rgb/Rodrigo_de_la_Cerna_0001.ppm,57.2,6.738e-7,0.0002
lfw,all,rgb,rgb/Roel_Campos_0001.ppm,62.3,6.936e-7,0.0001
lfw,all,rgb,rgb/Rogelio_Montemayor_0001.ppm,55.1,6.988e-7,0.0001
lfw,all,rgb,rgb/Rogelio_Ramos_0001.ppm,57.9,6.829e-7,0.0002
lfw,all,rgb,rgb/Roger_Clemens_0001.ppm,62.7,5.960e-7,0.0001
lfw,all,rgb,rgb/Roger_Clemens_0002.ppm,70.0,5.971e-7,0.0001
lfw,all,rgb,rgb/Roger_Cook_0001.ppm,57.4,7.904e-7,0.0002
lfw,all,rgb,rgb/Roger_Corbett_0001.ppm,55.4,7.545e-7,0.0001
lfw,all,rgb,rgb/Roger_Daltrey_0001.ppm,57.0,7.776e-7,0.0002
lfw,all,rgb,rgb/Roger_Etchegaray_0001.ppm,49.6,7.912e-7,0.0002
lfw,all,rgb,rgb/Roger_Federer_0001.ppm,62.7,6.698e-7,0.0001
lfw,all,rgb,rgb/Roger_Federer_0002.ppm,53.6,7.303e-7,0.0002
lfw,all,rgb,rgb/Roger_Federer_0003.ppm,55.0,6.308e-7,0.0001
lfw,all,rgb,rgb/Roger_Federer_0004.ppm,60.2,6.697e-7,0.0001
lfw,all,rgb,rgb/Roger_Federer_0005.ppm,54.9,7.436e-7,0.0001
lfw,all,rgb,rgb/Roger_Federer_0006.ppm,56.6,6.482e-7,0.0001
lfw,all,rgb,rgb/Roger_Federer_0007.ppm,55.4,6.428e-7,0.0001
lfw,all,rgb,rgb/Roger_Federer_0008.ppm,54.5,7.351e-7,0.0001
lfw,all,rgb,rgb/Roger_Federer_0009.ppm,54.8,7.024e-7,0.0001
lfw,all,rgb,rgb/Roger_Federer_0010.ppm,55.0,8.219e-7,0.0001
lfw,all,rgb,rgb/Roger_Federer_0011.ppm,55.3,7.371e-7,0.0001
lfw,all,rgb,rgb/Roger_Federer_0012.ppm,61.9,6.927e-7,0.0001
lfw,all,rgb,rgb/Roger_Federer_0013.ppm,60.3,6.804e-7,0.0002
lfw,all,rgb,rgb/Roger_Federer_0014.ppm,61.8,6.532e-7,0.0002
lfw,all,rgb,rgb/Roger_Grimes_0001.ppm,57.0,7.389e-7,0.0002
lfw,all,rgb,rgb/Roger_King_0001.ppm,63.1,6.569e-7,0.0002
lfw,all,rgb,rgb/Roger_Lyons_0001.ppm,64.6,7.731e-7,0.0002
lfw,all,rgb,rgb/Roger_Machado_0001.ppm,56.0,8.299e-7,0.0002
lfw,all,rgb,rgb/Roger_Mahony_0001.ppm,58.0,7.042e-7,0.0001
lfw,all,rgb,rgb/Roger_Moore_0001.ppm,60.5,6.756e-7,0.0001
lfw,all,rgb,rgb/Roger_Moore_0002.ppm,60.2,7.176e-7,0.0002
lfw,all,rgb,rgb/Roger_Moore_0003.ppm,54.5,7.031e-7,0.0002
lfw,all,rgb,rgb/Roger_Moore_0004.ppm,61.9,7.464e-7,0.0002
lfw,all,rgb,rgb/Roger_Moore_0005.ppm,55.9,7.895e-7,0.0002
lfw,all,rgb,rgb/Roger_Penske_0001.ppm,49.7,8.996e-7,0.0002
lfw,all,rgb,rgb/Roger_Staubach_0001.ppm,46.7,8.109e-7,0.0001
lfw,all,rgb,rgb/Roger_Suarez_0001.ppm,51.9,7.021e-7,0.0001
lfw,all,rgb,rgb/Roger_Toussaint_0001.ppm,59.0,6.643e-7,0.0001
lfw,all,rgb,rgb/Roger_Winter_0001.ppm,59.8,7.498e-7,0.0002
lfw,all,rgb,rgb/Rogerio_Romero_0001.ppm,59.1,7.193e-7,0.0002
lfw,all,rgb,rgb/Rogerio_Romero_0002.ppm,58.8,7.636e-7,0.0002
lfw,all,rgb,rgb/Roh_Moo-hyun_0001.ppm,54.6,7.283e-7,0.0001
lfw,all,rgb,rgb/Roh_Moo-hyun_0002.ppm,53.8,7.210e-7,0.0001
lfw,all,rgb,rgb/Roh_Moo-hyun_0003.ppm,43.6,7.792e-7,0.0001
lfw,all,rgb,rgb/Roh_Moo-hyun_0004.ppm,56.1,6.964e-7,0.0001
lfw,all,rgb,rgb/Roh_Moo-hyun_0005.ppm,56.0,6.583e-7,0.0001
lfw,all,rgb,rgb/Roh_Moo-hyun_0006.ppm,52.0,7.492e-7,0.0001
lfw,all,rgb,rgb/Roh_Moo-hyun_0007.ppm,53.5,7.049e-7,0.0001
lfw,all,rgb,rgb/Roh_Moo-hyun_0008.ppm,52.5,7.012e-7,0.0001
lfw,all,rgb,rgb/Roh_Moo-hyun_0009.ppm,54.9,7.457e-7,0.0001
lfw,all,rgb,rgb/Roh_Moo-hyun_0010.ppm,51.8,7.156e-7,0.0002
lfw,all,rgb,rgb/Roh_Moo-hyun_0011.ppm,53.0,7.224e-7,0.0001
lfw,all,rgb,rgb/Roh_Moo-hyun_0012.ppm,44.0,7.844e-7,0.0001
lfw,all,rgb,rgb/Roh_Moo-hyun_0013.ppm,57.5,7.025e-7,0.0001
lfw,all,rgb,rgb/Roh_Moo-hyun_0014.ppm,57.8,6.491e-7,0.0001
lfw,all,rgb,rgb/Roh_Moo-hyun_0015.ppm,53.1,6.834e-7,0.0001
lfw,all,rgb,rgb/Roh_Moo-hyun_0016.ppm,56.5,6.565e-7,0.0002
lfw,all,rgb,rgb/Roh_Moo-hyun_0017.ppm,54.5,7.378e-7,0.0001
lfw,all,rgb,rgb/Roh_Moo-hyun_0018.ppm,54.1,7.293e-7,0.0001
lfw,all,rgb,rgb/Roh_Moo-hyun_0019.ppm,56.3,6.874e-7,0.0001
lfw,all,rgb,rgb/Roh_Moo-hyun_0020.ppm,52.6,7.196e-7,0.0002
lfw,all,rgb,rgb/Roh_Moo-hyun_0021.ppm,51.2,6.886e-7,0.0001
lfw,all,rgb,rgb/Roh_Moo-hyun_0022.ppm,48.5,7.877e-7,0.0001
lfw,all,rgb,rgb/Roh_Moo-hyun_0023.ppm,51.7,7.587e-7,0.0002
lfw,all,rgb,rgb/Roh_Moo-hyun_0024.ppm,54.7,7.351e-7,0.0001
lfw,all,rgb,rgb/Roh_Moo-hyun_0025.ppm,50.7,6.858e-7,0.0002
lfw,all,rgb,rgb/Roh_Moo-hyun_0026.ppm,50.3,7.227e-7,0.0001
lfw,all,rgb,rgb/Roh_Moo-hyun_0027.ppm,50.7,7.129e-7,0.0002
lfw,all,rgb,rgb/Roh_Moo-hyun_0028.ppm,54.9,7.199e-7,0.0001
lfw,all,rgb,rgb/Roh_Moo-hyun_0029.ppm,54.3,6.835e-7,0.0002
lfw,all,rgb,rgb/Roh_Moo-hyun_0030.ppm,54.5,7.190e-7,0.0001
lfw,all,rgb,rgb/Roh_Moo-hyun_0031.ppm,52.3,8.227e-7,0.0001
lfw,all,rgb,rgb/Roh_Moo-hyun_0032.ppm,55.1,6.918e-7,0.0001
lfw,all,rgb,rgb/Rohinton_Mistry_0001.ppm,60.1,7.338e-7,0.0001
lfw,all,rgb,rgb/Rohman_al-Ghozi_0001.ppm,58.9,7.162e-7,0.0001
lfw,all,rgb,rgb/Roland_Koch_0001.ppm,59.0,7.540e-7,0.0001
lfw,all,rgb,rgb/Rolandas_Paksas_0001.ppm,61.7,6.334e-7,0.0001
lfw,all,rgb,rgb/Rolandas_Paksas_0002.ppm,59.6,7.229e-7,0.0001
lfw,all,rgb,rgb/Rolf_Eckrodt_0001.ppm,60.5,7.892e-7,0.0002
lfw,all,rgb,rgb/Rolf_Eckrodt_0002.ppm,57.9,7.141e-7,0.0001
lfw,all,rgb,rgb/Rolf_Zimmermann_0001.ppm,52.7,8.158e-7,0.0002
lfw,all,rgb,rgb/Rollie_Massimino_0001.ppm,52.5,7.246e-7,0.0001
lfw,all,rgb,rgb/Romain_Duris_0001.ppm,58.9,7.249e-7,0.0002
lfw,all,rgb,rgb/Roman_Abramovich_0001.ppm,64.6,8.140e-7,0.0002
lfw,all,rgb,rgb/Roman_Coppola_0001.ppm,58.7,7.523e-7,0.0001
lfw,all,rgb,rgb/Roman_Polanski_0001.ppm,52.3,7.624e-7,0.0001
lfw,all,rgb,rgb/Roman_Polanski_0002.ppm,53.0,7.536e-7,0.0001
lfw,all,rgb,rgb/Roman_Polanski_0003.ppm,29.3,1.207e-6,0.0001
lfw,all,rgb,rgb/Roman_Polanski_0004.ppm,54.1,7.676e-7,0.0002
lfw,all,rgb,rgb/Roman_Polanski_0005.ppm,61.4,6.358e-7,0.0001
lfw,all,rgb,rgb/Roman_Polanski_0006.ppm,56.2,7.073e-7,0.0001
lfw,all,rgb,rgb/Roman_Tam_0001.ppm,57.7,7.260e-7,0.0002
lfw,all,rgb,rgb/Romano_Prodi_0001.ppm,56.0,7.494e-7,0.0001
lfw,all,rgb,rgb/Romano_Prodi_0002.ppm,59.4,7.460e-7,0.0002
lfw,all,rgb,rgb/Romano_Prodi_0003.ppm,63.6,7.125e-7,0.0001
lfw,all,rgb,rgb/Romano_Prodi_0004.ppm,37.2,1.118e-6,0.0001
lfw,all,rgb,rgb/Romano_Prodi_0005.ppm,42.9,9.190e-7,0.0001
lfw,all,rgb,rgb/Romano_Prodi_0006.ppm,54.3,8.542e-7,0.0001
lfw,all,rgb,rgb/Romano_Prodi_0007.ppm,55.4,8.339e-7,0.0002
lfw,all,rgb,rgb/Romario_Farias_0001.ppm,62.3,6.770e-7,0.0001
lfw,all,rgb,rgb/Romeo_Gigli_0001.ppm,60.3,6.957e-7,0.0001
lfw,all,rgb,rgb/Ron_Dittemore_0001.ppm,46.0,8.246e-7,0.0002
lfw,all,rgb,rgb/Ron_Dittemore_0002.ppm,51.0,7.335e-7,0.0001
lfw,all,rgb,rgb/Ron_Dittemore_0003.ppm,52.2,7.407e-7,0.0001
lfw,all,rgb,rgb/Ron_Dittemore_0004.ppm,51.2,7.981e-7,0.0002
lfw,all,rgb,rgb/Ron_Dittemore_0005.ppm,47.8,7.625e-7,0.0001
lfw,all,rgb,rgb/Ron_Dittemore_0006.ppm,53.8,7.086e-7,0.0002
lfw,all,rgb,rgb/Ron_Dittemore_0007.ppm,53.3,7.343e-7,0.0001
lfw,all,rgb,rgb/Ron_Dittemore_0008.ppm,51.6,7.485e-7,0.0001
lfw,all,rgb,rgb/Ron_Gonzales_0001.ppm,64.8,6.742e-7,0.0001
lfw,all,rgb,rgb/Ron_Howard_0001.ppm,53.3,9.352e-7,0.0002
lfw,all,rgb,rgb/Ron_Howard_0002.ppm,58.0,8.366e-7,0.0002
lfw,all,rgb,rgb/Ron_Kirk_0001.ppm,48.4,8.262e-7,0.0001
lfw,all,rgb,rgb/Ron_Lantz_0001.ppm,62.3,7.300e-7,0.0002
lfw,all,rgb,rgb/Ron_Zook_0001.ppm,54.7,7.044e-7,0.0001
lfw,all,rgb,rgb/Ronald_Brower_0001.ppm,53.9,8.282e-7,0.0002
lfw,all,rgb,rgb/Ronald_Harwood_0001.ppm,59.9,7.836e-7,0.0002
lfw,all,rgb,rgb/Ronald_Ito_0001.ppm,68.1,7.295e-7,0.0002
lfw,all,rgb,rgb/Ronald_Kadish_0001.ppm,63.2,6.973e-7,0.0002
lfw,all,rgb,rgb/Ronald_Kessler_0001.ppm,55.5,7.275e-7,0.0002
lfw,all,rgb,rgb/Ronald_Perelman_0001.ppm,57.0,7.067e-7,0.0002
lfw,all,rgb,rgb/Ronald_Post_0001.ppm,61.8,8.156e-7,0.0002
lfw,all,rgb,rgb/Ronald_Reagan_0001.ppm,58.6,8.034e-7,0.0001
lfw,all,rgb,rgb/Ronald_Reagan_0002.ppm,61.1,6.982e-7,0.0002
lfw,all,rgb,rgb/Ronald_Reagan_0003.ppm,56.2,6.830e-7,0.0001
lfw,all,rgb,rgb/Ronald_White_0001.ppm,55.6,6.911e-7,0.0001
lfw,all,rgb,rgb/Ronald_Young_Jr_0001.ppm,60.4,7.713e-7,0.0001
lfw,all,rgb,rgb/Ronaldo_Luis_Nazario_de_Lima_0001.ppm,62.8,7.705e-7,0.0002
lfw,all,rgb,rgb/Ronaldo_Luis_Nazario_de_Lima_0002.ppm,61.6,7.088e-7,0.0001
lfw,all,rgb,rgb/Ronaldo_Luis_Nazario_de_Lima_0003.ppm,61.3,7.309e-7,0.0002
lfw,all,rgb,rgb/Ronaldo_Luis_Nazario_de_Lima_0004.ppm,61.1,7.283e-7,0.0001
lfw,all,rgb,rgb/Ronde_Barber_0001.ppm,57.7,7.127e-7,0.0001
lfw,all,rgb,rgb/Ronnie_Jagday_0001.ppm,54.7,7.318e-7,0.0001
lfw,all,rgb,rgb/Ronnie_Musgrove_0001.ppm,57.0,6.846e-7,0.0001
lfw,all,rgb,rgb/Rosa_Haywa_de_Condori_0001.ppm,60.9,6.247e-7,0.0001
lfw,all,rgb,rgb/Rosalie_Perkov_0001.ppm,54.8,7.781e-7,0.0002
lfw,all,rgb,rgb/Rosalyn_Carter_0001.ppm,67.3,6.529e-7,0.0002
lfw,all,rgb,rgb/Rosario_Dawson_0001.ppm,64.3,6.863e-7,0.0002
lfw,all,rgb,rgb/Rose_Linkins_0001.ppm,62.2,6.557e-7,0.0002
lfw,all,rgb,rgb/Rose_Marie_0001.ppm,59.9,8.513e-7,0.0002
lfw,all,rgb,rgb/Roseanne_Barr_0001.ppm,66.0,6.015e-7,0.0002
lfw,all,rgb,rgb/Roseanne_Barr_0002.ppm,87.3,6.205e-7,0.0002
lfw,all,rgb,rgb/Roseanne_Barr_0003.ppm,58.5,7.089e-7,0.0001
lfw,all,rgb,rgb/Rosemarie_Stack_0001.ppm,64.3,6.269e-7,0.0001
lfw,all,rgb,rgb/Rosemarie_Stack_0002.ppm,65.6,6.295e-7,0.0002
lfw,all,rgb,rgb/Rosie_Perez_0001.ppm,58.3,7.421e-7,0.0001
lfw,all,rgb,rgb/Rosny_Desroches_0001.ppm,57.9,1.273e-6,0.0010
lfw,all,rgb,rgb/Ross_Verba_0001.ppm,57.2,7.318e-7,0.0001
lfw,all,rgb,rgb/Rowan_Williams_0001.ppm,60.2,6.594e-7,0.0001
lfw,all,rgb,rgb/Roy_Blunt_0001.ppm,45.1,7.907e-7,0.0001
lfw,all,rgb,rgb/Roy_Chaderton_0001.ppm,60.3,7.272e-7,0.0002
lfw,all,rgb,rgb/Roy_Halladay_0001.ppm,72.8,5.424e-7,0.0002
lfw,all,rgb,rgb/Roy_Jones_Jr_0001.ppm,70.1,6.314e-7,0.0001
lfw,all,rgb,rgb/Roy_Jones_Jr_0002.ppm,58.8,6.997e-7,0.0001
lfw,all,rgb,rgb/Roy_Moore_0001.ppm,58.4,7.516e-7,0.0002
lfw,all,rgb,rgb/Roy_Moore_0002.ppm,59.4,7.598e-7,0.0001
lfw,all,rgb,rgb/Roy_Moore_0003.ppm,70.5,8.483e-7,0.0002
lfw,all,rgb,rgb/Roy_Moore_0004.ppm,62.7,8.995e-7,0.0002
lfw,all,rgb,rgb/Roy_Moore_0005.ppm,57.7,7.408e-7,0.0001
lfw,all,rgb,rgb/Roy_Moore_0006.ppm,58.2,6.085e-7,0.0001
lfw,all,rgb,rgb/Roy_Rogers_0001.ppm,62.4,7.087e-7,0.0002
lfw,all,rgb,rgb/Roy_Romanow_0001.ppm,74.8,8.715e-7,0.0002
lfw,all,rgb,rgb/Roy_Williams_0001.ppm,49.2,8.205e-7,0.0002
lfw,all,rgb,rgb/Roy_Williams_0002.ppm,57.4,7.081e-7,0.0001
lfw,all,rgb,rgb/Roy_Williams_0003.ppm,52.8,8.011e-7,0.0002
lfw,all,rgb,rgb/Roy_Williams_0004.ppm,54.0,7.813e-7,0.0001
lfw,all,rgb,rgb/Ruano_Pascual_0001.ppm,56.1,6.560e-7,0.0001
lfw,all,rgb,rgb/Ruben_Sierra_0001.ppm,72.4,6.073e-7,0.0001
lfw,all,rgb,rgb/Ruben_Studdard_0001.ppm,63.4,6.572e-7,0.0001
lfw,all,rgb,rgb/Ruben_Studdard_0002.ppm,62.1,6.836e-7,0.0002
lfw,all,rgb,rgb/Ruben_Wolkowyski_0001.ppm,58.8,6.643e-7,0.0001
lfw,all,rgb,rgb/Rubens_Barrichello_0001.ppm,62.2,6.236e-7,0.0001
lfw,all,rgb,rgb/Rubens_Barrichello_0002.ppm,63.6,6.910e-7,0.0002
lfw,all,rgb,rgb/Rubens_Barrichello_0003.ppm,59.8,7.805e-7,0.0002
lfw,all,rgb,rgb/Rubens_Barrichello_0004.ppm,54.9,7.101e-7,0.0002
lfw,all,rgb,rgb/Rubens_Barrichello_0005.ppm,71.4,7.257e-7,0.0002
lfw,all,rgb,rgb/Rubens_Barrichello_0006.ppm,64.1,6.632e-7,0.0002
lfw,all,rgb,rgb/Rubens_Barrichello_0007.ppm,61.0,8.511e-7,0.0002
lfw,all,rgb,rgb/Rubens_Barrichello_0008.ppm,61.5,7.523e-7,0.0002
lfw,all,rgb,rgb/Rubens_Barrichello_0009.ppm,67.0,6.681e-7,0.0002
lfw,all,rgb,rgb/Rubens_Barrichello_0010.ppm,57.7,7.188e-7,0.0002
lfw,all,rgb,rgb/Rubens_Barrichello_0011.ppm,59.1,6.755e-7,0.0001
lfw,all,rgb,rgb/Rubens_Barrichello_0012.ppm,71.5,6.564e-7,0.0002
lfw,all,rgb,rgb/Rudi_Voeller_0001.ppm,64.4,6.593e-7,0.0001
lfw,all,rgb,rgb/Rudolf_Schuster_0001.ppm,57.2,7.217e-7,0.0001
lfw,all,rgb,rgb/Rudolph_Giuliani_0001.ppm,57.6,8.323e-7,0.0001
lfw,all,rgb,rgb/Rudolph_Giuliani_0002.ppm,60.7,7.463e-7,0.0002
lfw,all,rgb,rgb/Rudolph_Giuliani_0003.ppm,62.0,7.527e-7,0.0002
lfw,all,rgb,rgb/Rudolph_Giuliani_0004.ppm,57.5,8.167e-7,0.0001
lfw,all,rgb,rgb/Rudolph_Giuliani_0005.ppm,50.4,7.981e-7,0.0001
lfw,all,rgb,rgb/Rudolph_Giuliani_0006.ppm,56.0,8.022e-7,0.0001
lfw,all,rgb,rgb/Rudolph_Giuliani_0007.ppm,58.7,6.746e-7,0.0002
lfw,all,rgb,rgb/Rudolph_Giuliani_0008.ppm,61.7,7.895e-7,0.0001
lfw,all,rgb,rgb/Rudolph_Giuliani_0009.ppm,59.5,7.456e-7,0.0001
lfw,all,rgb,rgb/Rudolph_Giuliani_0010.ppm,58.8,7.514e-7,0.0002
lfw,all,rgb,rgb/Rudolph_Giuliani_0011.ppm,57.3,7.564e-7,0.0001
lfw,all,rgb,rgb/Rudolph_Giuliani_0012.ppm,56.7,7.209e-7,0.0002
lfw,all,rgb,rgb/Rudolph_Giuliani_0013.ppm,54.1,8.506e-7,0.0002
lfw,all,rgb,rgb/Rudolph_Giuliani_0014.ppm,51.2,7.495e-7,0.0001
lfw,all,rgb,rgb/Rudolph_Giuliani_0015.ppm,51.2,7.585e-7,0.0001
lfw,all,rgb,rgb/Rudolph_Giuliani_0016.ppm,52.2,7.558e-7,0.0002
lfw,all,rgb,rgb/Rudolph_Giuliani_0017.ppm,62.5,7.463e-7,0.0002
lfw,all,rgb,rgb/Rudolph_Giuliani_0018.ppm,52.2,7.695e-7,0.0001
lfw,all,rgb,rgb/Rudolph_Giuliani_0019.ppm,55.5,7.263e-7,0.0002
lfw,all,rgb,rgb/Rudolph_Giuliani_0020.ppm,52.6,7.596e-7,0.0002
lfw,all,rgb,rgb/Rudolph_Giuliani_0021.ppm,66.1,7.180e-7,0.0001
lfw,all,rgb,rgb/Rudolph_Giuliani_0022.ppm,55.9,7.283e-7,0.0002
lfw,all,rgb,rgb/Rudolph_Giuliani_0023.ppm,59.6,6.997e-7,0.0002
lfw,all,rgb,rgb/Rudolph_Giuliani_0024.ppm,60.3,7.656e-7,0.0002
lfw,all,rgb,rgb/Rudolph_Giuliani_0025.ppm,22.0,9.149e-7,0.0001
lfw,all,rgb,rgb/Rudolph_Giuliani_0026.ppm,60.2,8.210e-7,0.0002
lfw,all,rgb,rgb/Rudolph_Holton_0001.ppm,65.1,7.256e-7,0.0002
lfw,all,rgb,rgb/Rudy_Tomjanovich_0001.ppm,55.8,8.013e-7,0.0001
lfw,all,rgb,rgb/Rulon_Gardner_0001.ppm,59.7,7.807e-7,0.0001
lfw,all,rgb,rgb/Rupert_Grint_0001.ppm,54.5,6.474e-7,0.0001
lfw,all,rgb,rgb/Rupert_Grint_0002.ppm,57.0,6.532e-7,0.0001
lfw,all,rgb,rgb/Rupert_Grint_0003.ppm,59.2,6.938e-7,0.0001
lfw,all,rgb,rgb/Rupert_Murdoch_0001.ppm,64.9,7.466e-7,0.0001
lfw,all,rgb,rgb/Rupert_Murdoch_0002.ppm,51.4,6.147e-7,0.0001
lfw,all,rgb,rgb/Russ_Ortiz_0001.ppm,59.4,7.431e-7,0.0002
lfw,all,rgb,rgb/Russell_Coutts_0001.ppm,68.9,6.633e-7,0.0002
lfw,all,rgb,rgb/Russell_Coutts_0002.ppm,64.2,6.762e-7,0.0001
lfw,all,rgb,rgb/Russell_Crowe_0001.ppm,60.0,7.543e-7,0.0001
lfw,all,rgb,rgb/Russell_Crowe_0002.ppm,61.3,7.608e-7,0.0002
lfw,all,rgb,rgb/Russell_Simmons_0001.ppm,57.3,6.314e-7,0.0001
lfw,all,rgb,rgb/Russell_Simmons_0002.ppm,71.3,6.936e-7,0.0002
lfw,all,rgb,rgb/Russell_Simmons_0003.ppm,62.5,6.846e-7,0.0001
lfw,all,rgb,rgb/Russell_Simmons_0004.ppm,62.8,6.407e-7,0.0002
lfw,all,rgb,rgb/Russell_Simmons_0005.ppm,71.4,6.240e-7,0.0002
lfw,all,rgb,rgb/Rustu_Recber_0001.ppm,62.7,6.650e-7,0.0001
lfw,all,rgb,rgb/Ruth_Bader_Ginsburg_0001.ppm,66.3,6.668e-7,0.0001
lfw,all,rgb,rgb/Ruth_Christofferson_0001.ppm,60.2,8.182e-7,0.0002
lfw,all,rgb,rgb/Ruth_Dreifuss_0001.ppm,60.9,6.732e-7,0.0001
lfw,all,rgb,rgb/Ruth_Dreifuss_0002.ppm,61.5,6.624e-7,0.0002
lfw,all,rgb,rgb/Ruth_Harlow_0001.ppm,58.0,7.787e-7,0.0002
lfw,all,rgb,rgb/Ruth_Harlow_0002.ppm,63.0,6.717e-7,0.0001
lfw,all,rgb,rgb/Ruth_Pearce_0001.ppm,57.1,6.998e-7,0.0002
lfw,all,rgb,rgb/Ruth_Stubbs_0001.ppm,62.4,6.851e-7,0.0002
lfw,all,rgb,rgb/Ryan_Drese_0001.ppm,61.5,6.326e-7,0.0001
lfw,all,rgb,rgb/Ryan_Goodman_0001.ppm,52.7,7.440e-7,0.0001
lfw,all,rgb,rgb/Ryan_Leaf_0001.ppm,62.1,6.786e-7,0.0002
lfw,all,rgb,rgb/Ryan_Newman_0001.ppm,58.2,7.375e-7,0.0002
lfw,all,rgb,rgb/Ryan_Nyquist_0001.ppm,58.4,7.613e-7,0.0001
lfw,all,rgb,rgb/SJ_Twu_0001.ppm,56.2,7.160e-7,0.0001
lfw,all,rgb,rgb/S_Jayakumar_0001.ppm,61.1,6.904e-7,0.0002
lfw,all,rgb,rgb/S_Jayakumar_0002.ppm,62.7,6.904e-7,0.0001
lfw,all,rgb,rgb/Saadi_Gadhafi_0001.ppm,72.8,6.870e-7,0.0002
lfw,all,rgb,rgb/Sabah_Al-Ahmad_Al-Jaber_Al-Sabah_0001.ppm,55.4,8.190e-7,0.0001
lfw,all,rgb,rgb/Saburo_Kawabuchi_0001.ppm,61.0,7.542e-7,0.0002
lfw,all,rgb,rgb/Saburo_Kawabuchi_0002.ppm,52.9,8.379e-7,0.0001
lfw,all,rgb,rgb/Sachiko_Yamada_0001.ppm,59.8,7.096e-7,0.0002
lfw,all,rgb,rgb/Sachiko_Yamada_0002.ppm,56.1,7.463e-7,0.0001
lfw,all,rgb,rgb/Sachiko_Yamada_0003.ppm,56.4,7.553e-7,0.0001
lfw,all,rgb,rgb/Sachiko_Yamada_0004.ppm,59.4,7.070e-7,0.0001
lfw,all,rgb,rgb/Sachin_Tendulkar_0001.ppm,63.4,6.103e-7,0.0001
lfw,all,rgb,rgb/Sada_Jacobson_0001.ppm,50.7,8.717e-7,0.0001
lfw,all,rgb,rgb/Sadam_Hassan_0001.ppm,56.1,7.768e-7,0.0002
lfw,all,rgb,rgb/Saddam_Hussein_0001.ppm,55.3,7.869e-7,0.0002
lfw,all,rgb,rgb/Saddam_Hussein_0002.ppm,47.8,7.356e-7,0.0001
lfw,all,rgb,rgb/Saddam_Hussein_0003.ppm,44.7,9.039e-7,0.0002
lfw,all,rgb,rgb/Saddam_Hussein_0004.ppm,54.2,8.118e-7,0.0002
lfw,all,rgb,rgb/Saddam_Hussein_0005.ppm,56.8,7.529e-7,0.0002
lfw,all,rgb,rgb/Saddam_Hussein_0006.ppm,53.5,8.398e-7,0.0002
lfw,all,rgb,rgb/Saddam_Hussein_0007.ppm,57.5,7.687e-7,0.0001
lfw,all,rgb,rgb/Saddam_Hussein_0008.ppm,53.1,8.166e-7,0.0002
lfw,all,rgb,rgb/Saddam_Hussein_0009.ppm,58.4,7.366e-7,0.0002
lfw,all,rgb,rgb/Saddam_Hussein_0010.ppm,66.5,4.908e-7,0.0001
lfw,all,rgb,rgb/Saddam_Hussein_0011.ppm,56.8,7.373e-7,0.0002
lfw,all,rgb,rgb/Saddam_Hussein_0012.ppm,54.1,7.405e-7,0.0001
lfw,all,rgb,rgb/Saddam_Hussein_0013.ppm,52.4,7.539e-7,0.0001
lfw,all,rgb,rgb/Saddam_Hussein_0014.ppm,51.1,7.796e-7,0.0001
lfw,all,rgb,rgb/Saddam_Hussein_0015.ppm,52.2,7.810e-7,0.0001
lfw,all,rgb,rgb/Saddam_Hussein_0016.ppm,51.8,7.332e-7,0.0001
lfw,all,rgb,rgb/Saddam_Hussein_0017.ppm,60.9,6.722e-7,0.0001
lfw,all,rgb,rgb/Saddam_Hussein_0018.ppm,60.4,6.723e-7,0.0002
lfw,all,rgb,rgb/Saddam_Hussein_0019.ppm,53.2,7.781e-7,0.0001
lfw,all,rgb,rgb/Saddam_Hussein_0020.ppm,51.1,7.772e-7,0.0002
lfw,all,rgb,rgb/Saddam_Hussein_0021.ppm,49.4,7.831e-7,0.0002
lfw,all,rgb,rgb/Saddam_Hussein_0022.ppm,55.1,7.748e-7,0.0002
lfw,all,rgb,rgb/Saddam_Hussein_0023.ppm,52.1,7.750e-7,0.0001
lfw,all,rgb,rgb/Sadie_Frost_0001.ppm,52.2,8.833e-7,0.0002
lfw,all,rgb,rgb/Sadie_Frost_0002.ppm,65.0,6.775e-7,0.0002
lfw,all,rgb,rgb/Sadie_Frost_0003.ppm,59.4,7.235e-7,0.0002
lfw,all,rgb,rgb/Saeb_Erekat_0001.ppm,56.2,7.156e-7,0.0002
lfw,all,rgb,rgb/Saeb_Erekat_0002.ppm,57.0,7.314e-7,0.0002
lfw,all,rgb,rgb/Saeed_Anwar_0001.ppm,57.5,6.268e-7,0.0002
lfw,all,rgb,rgb/Saeed_Mortazavi_0001.ppm,52.2,7.709e-7,0.0001
lfw,all,rgb,rgb/Sahim_Alwan_0001.ppm,59.8,7.013e-7,0.0001
lfw,all,rgb,rgb/Saied_Hadi_al_Mudarissi_0001.ppm,61.8,4.793e-7,0.0001
lfw,all,rgb,rgb/Sally_Clark_0001.ppm,66.2,7.194e-7,0.0002
lfw,all,rgb,rgb/Sally_Field_0001.ppm,70.9,6.957e-7,0.0002
lfw,all,rgb,rgb/Sally_Field_0002.ppm,70.4,7.120e-7,0.0002
lfw,all,rgb,rgb/Sally_Field_0003.ppm,65.9,6.891e-7,0.0002
lfw,all,rgb,rgb/Sally_Field_0004.ppm,54.4,6.780e-7,0.0001
lfw,all,rgb,rgb/Sally_Kirkland_0001.ppm,59.6,7.657e-7,0.0002
lfw,all,rgb,rgb/Sally_Kirkland_0002.ppm,47.8,7.560e-7,0.0002
lfw,all,rgb,rgb/Sally_Kirkland_0003.ppm,62.7,7.016e-7,0.0001
lfw,all,rgb,rgb/Sally_Kirkland_0004.ppm,63.9,6.675e-7,0.0001
lfw,all,rgb,rgb/Sally_Ride_0001.ppm,67.1,8.002e-7,0.0002
lfw,all,rgb,rgb/Sally_Ride_0002.ppm,59.6,6.339e-7,0.0001
lfw,all,rgb,rgb/Salma_Hayek_0001.ppm,65.8,7.260e-7,0.0002
lfw,all,rgb,rgb/Salma_Hayek_0002.ppm,65.2,6.484e-7,0.0002
lfw,all,rgb,rgb/Salma_Hayek_0003.ppm,61.6,6.349e-7,0.0002
lfw,all,rgb,rgb/Salma_Hayek_0004.ppm,57.4,7.260e-7,0.0002
lfw,all,rgb,rgb/Salma_Hayek_0005.ppm,62.3,6.250e-7,0.0001
lfw,all,rgb,rgb/Salma_Hayek_0006.ppm,64.7,6.596e-7,0.0002
lfw,all,rgb,rgb/Salma_Hayek_0007.ppm,57.9,6.780e-7,0.0001
lfw,all,rgb,rgb/Salma_Hayek_0008.ppm,62.5,6.776e-7,0.0002
lfw,all,rgb,rgb/Salma_Hayek_0009.ppm,51.8,6.819e-7,0.0001
lfw,all,rgb,rgb/Salma_Hayek_0010.ppm,63.1,7.300e-7,0.0002
lfw,all,rgb,rgb/Salma_Hayek_0011.ppm,58.3,7.106e-7,0.0002
lfw,all,rgb,rgb/Salma_Hayek_0012.ppm,62.5,6.641e-7,0.0002
lfw,all,rgb,rgb/Salma_Hayek_0013.ppm,62.4,6.388e-7,0.0001
lfw,all,rgb,rgb/Salman_Khan_0001.ppm,62.5,6.777e-7,0.0001
lfw,all,rgb,rgb/Salman_Rushdie_0001.ppm,60.8,7.514e-7,0.0002
lfw,all,rgb,rgb/Salman_Rushdie_0002.ppm,53.4,9.510e-7,0.0002
lfw,all,rgb,rgb/Salman_Rushdie_0003.ppm,56.1,7.378e-7,0.0002
lfw,all,rgb,rgb/Sam_Bith_0001.ppm,55.8,7.185e-7,0.0002
lfw,all,rgb,rgb/Sam_Bith_0002.ppm,54.8,6.426e-7,0.0001
lfw,all,rgb,rgb/Sam_Bith_0003.ppm,56.8,7.113e-7,0.0001
lfw,all,rgb,rgb/Sam_Brownback_0001.ppm,57.0,6.891e-7,0.0001
lfw,all,rgb,rgb/Sam_Gerald_0001.ppm,65.3,6.284e-7,0.0002
lfw,all,rgb,rgb/Sam_Mendes_0001.ppm,60.6,6.513e-7,0.0002
lfw,all,rgb,rgb/Sam_Mendes_0002.ppm,61.1,7.087e-7,0.0001
lfw,all,rgb,rgb/Sam_Rockwell_0001.ppm,45.0,7.891e-7,0.0001
lfw,all,rgb,rgb/Sam_Torrance_0001.ppm,55.5,7.834e-7,0.0002
lfw,all,rgb,rgb/Sam_Torrance_0002.ppm,58.9,8.077e-7,0.0002
lfw,all,rgb,rgb/Sam_Torrance_0003.ppm,52.7,7.974e-7,0.0001
lfw,all,rgb,rgb/Saman_Shali_0001.ppm,54.6,8.479e-7,0.0002
lfw,all,rgb,rgb/Samantha_Daniels_0001.ppm,60.7,7.083e-7,0.0001
lfw,all,rgb,rgb/Samantha_Ledster_0001.ppm,60.2,8.654e-7,0.0002
lfw,all,rgb,rgb/Sami_Al-Arian_0001.ppm,64.0,7.448e-7,0.0002
lfw,all,rgb,rgb/Samira_Makhmalbaf_0001.ppm,60.7,6.638e-7,0.0001
lfw,all,rgb,rgb/Samira_Makhmalbaf_0002.ppm,59.9,6.154e-7,0.0002
lfw,all,rgb,rgb/Sammy_Knight_0001.ppm,60.2,7.211e-7,0.0002
lfw,all,rgb,rgb/Sammy_Sosa_0001.ppm,62.3,7.269e-7,0.0001
lfw,all,rgb,rgb/Sammy_Sosa_0002.ppm,60.4,6.368e-7,0.0002
lfw,all,rgb,rgb/Samuel_Waksal_0001.ppm,50.0,7.869e-7,0.0002
lfw,all,rgb,rgb/Samuel_Waksal_0002.ppm,38.9,9.212e-7,0.0002
lfw,all,rgb,rgb/Samuel_Waksal_0003.ppm,54.3,7.378e-7,0.0001
lfw,all,rgb,rgb/Samuel_Waksal_0004.ppm,54.3,7.745e-7,0.0001
lfw,all,rgb,rgb/San_Lan_0001.ppm,59.7,6.858e-7,0.0002
lfw,all,rgb,rgb/Sananda_Maitreya_0001.ppm,48.6,8.838e-7,0.0002
lfw,all,rgb,rgb/Sandra_Banning_0001.ppm,59.6,7.531e-7,0.0001
lfw,all,rgb,rgb/Sandra_Bullock_0001.ppm,61.4,7.098e-7,0.0002
lfw,all,rgb,rgb/Sandra_Bullock_0002.ppm,58.2,7.339e-7,0.0002
lfw,all,rgb,rgb/Sandra_Bullock_0003.ppm,63.5,7.326e-7,0.0002
lfw,all,rgb,rgb/Sandra_Bullock_0004.ppm,63.0,6.541e-7,0.0002
lfw,all,rgb,rgb/Sandra_Ceccarelli_0001.ppm,62.6,6.675e-7,0.0001
lfw,all,rgb,rgb/Sandra_Day_OConner_0001.ppm,62.7,6.895e-7,0.0002
lfw,all,rgb,rgb/Sandra_Milo_0001.ppm,64.0,6.739e-7,0.0001
lfw,all,rgb,rgb/Sandra_Shamas_0001.ppm,61.1,6.744e-7,0.0001
lfw,all,rgb,rgb/Sandy_Smith_0001.ppm,51.1,7.596e-7,0.0001
lfw,all,rgb,rgb/Sandy_Wise_0001.ppm,58.6,7.916e-7,0.0001
lfw,all,rgb,rgb/Sanja_Papic_0001.ppm,72.8,6.056e-7,0.0002
lfw,all,rgb,rgb/Sanjay_Chawla_0001.ppm,58.6,6.546e-7,0.0001
lfw,all,rgb,rgb/Sanjay_Gupta_0001.ppm,58.5,7.149e-7,0.0001
lfw,all,rgb,rgb/Santiago_Botero_0001.ppm,62.2,7.604e-7,0.0002
lfw,all,rgb,rgb/Saoud_Al_Faisal_0001.ppm,59.4,7.098e-7,0.0001
lfw,all,rgb,rgb/Saparmurat_Niyazov_0001.ppm,57.1,6.903e-7,0.0001
lfw,all,rgb,rgb/Saparmurat_Niyazov_0002.ppm,54.7,7.750e-7,0.0001
lfw,all,rgb,rgb/Sara_Elisabeth_Ahmad_0001.ppm,64.5,6.642e-7,0.0001
lfw,all,rgb,rgb/Sara_Silverman_0001.ppm,60.0,7.124e-7,0.0002
lfw,all,rgb,rgb/Sarah_Canale_0001.ppm,57.0,7.599e-7,0.0002
lfw,all,rgb,rgb/Sarah_Hughes_0001.ppm,57.8,7.382e-7,0.0001
lfw,all,rgb,rgb/Sarah_Hughes_0002.ppm,52.7,6.921e-7,0.0001
lfw,all,rgb,rgb/Sarah_Hughes_0003.ppm,56.7,7.149e-7,0.0001
lfw,all,rgb,rgb/Sarah_Hughes_0004.ppm,56.0,6.939e-7,0.0001
lfw,all,rgb,rgb/Sarah_Hughes_0005.ppm,61.7,7.280e-7,0.0002
lfw,all,rgb,rgb/Sarah_Hughes_0006.ppm,46.7,8.468e-7,0.0001
lfw,all,rgb,rgb/Sarah_Jessica_Parker_0001.ppm,59.6,7.927e-7,0.0002
lfw,all,rgb,rgb/Sarah_Jessica_Parker_0002.ppm,53.1,8.596e-7,0.0002
lfw,all,rgb,rgb/Sarah_Jessica_Parker_0003.ppm,44.4,8.218e-7,0.0001
lfw,all,rgb,rgb/Sarah_Jessica_Parker_0004.ppm,39.0,8.171e-7,0.0001
lfw,all,rgb,rgb/Sarah_Jessica_Parker_0005.ppm,58.1,7.138e-7,0.0002
lfw,all,rgb,rgb/Sarah_Jessica_Parker_0006.ppm,55.1,8.190e-7,0.0002
lfw,all,rgb,rgb/Sarah_Michelle_Gellar_0001.ppm,65.3,6.585e-7,0.0001
lfw,all,rgb,rgb/Sarah_Michelle_Gellar_0002.ppm,62.9,6.732e-7,0.0002
lfw,all,rgb,rgb/Sarah_Michelle_Gellar_0003.ppm,63.1,6.851e-7,0.0002
lfw,all,rgb,rgb/Sarah_Price_0001.ppm,65.4,6.938e-7,0.0002
lfw,all,rgb,rgb/Sarah_Weddington_0001.ppm,60.9,7.184e-7,0.0001
lfw,all,rgb,rgb/Sarah_Wynter_0001.ppm,61.4,7.293e-7,0.0001
lfw,all,rgb,rgb/Sargis_Sargsian_0001.ppm,58.6,6.845e-7,0.0002
lfw,all,rgb,rgb/Sasha_Alexander_0001.ppm,61.1,7.307e-7,0.0002
lfw,all,rgb,rgb/Sasha_Cohen_0001.ppm,61.2,6.271e-7,0.0002
lfw,all,rgb,rgb/Satnarine_Sharma_0001.ppm,60.6,7.137e-7,0.0001
lfw,all,rgb,rgb/Scott_Blum_0001.ppm,62.6,7.674e-7,0.0002
lfw,all,rgb,rgb/Scott_Dalton_0001.ppm,60.4,6.836e-7,0.0002
lfw,all,rgb,rgb/Scott_Dickson_0001.ppm,63.5,7.417e-7,0.0001
lfw,all,rgb,rgb/Scott_Fawell_0001.ppm,58.9,6.846e-7,0.0002
lfw,all,rgb,rgb/Scott_Gorelick_0001.ppm,35.1,1.205e-6,0.0001
lfw,all,rgb,rgb/Scott_Hamilton_0001.ppm,60.7,7.056e-7,0.0001
lfw,all,rgb,rgb/Scott_Hoch_0001.ppm,64.2,6.443e-7,0.0002
lfw,all,rgb,rgb/Scott_Hubbard_0001.ppm,55.0,7.515e-7,0.0002
lfw,all,rgb,rgb/Scott_McClellan_0001.ppm,58.7,7.601e-7,0.0002
lfw,all,rgb,rgb/Scott_McClellan_0002.ppm,59.6,6.897e-7,0.0002
lfw,all,rgb,rgb/Scott_McClellan_0003.ppm,59.8,7.312e-7,0.0002
lfw,all,rgb,rgb/Scott_McClellan_0004.ppm,58.8,7.196e-7,0.0001
lfw,all,rgb,rgb/Scott_McClellan_0005.ppm,53.0,8.983e-7,0.0002
lfw,all,rgb,rgb/Scott_McNealy_0001.ppm,68.9,6.865e-7,0.0001
lfw,all,rgb,rgb/Scott_McNealy_0002.ppm,58.0,7.815e-7,0.0001
lfw,all,rgb,rgb/Scott_OGrady_0001.ppm,58.0,6.987e-7,0.0001
lfw,all,rgb,rgb/Scott_Peterson_0001.ppm,51.7,8.387e-7,0.0001
lfw,all,rgb,rgb/Scott_Peterson_0002.ppm,60.8,7.586e-7,0.0001
lfw,all,rgb,rgb/Scott_Peterson_0003.ppm,58.5,6.834e-7,0.0001
lfw,all,rgb,rgb/Scott_Peterson_0004.ppm,58.6,7.639e-7,0.0002
lfw,all,rgb,rgb/Scott_Peterson_0005.ppm,57.1,6.929e-7,0.0002
lfw,all,rgb,rgb/Scott_Ritter_0001.ppm,60.7,7.850e-7,0.0002
lfw,all,rgb,rgb/Scott_Ritter_0002.ppm,57.1,6.955e-7,0.0001
lfw,all,rgb,rgb/Scott_Rolen_0001.ppm,57.8,7.429e-7,0.0001
lfw,all,rgb,rgb/Scott_Rudin_0001.ppm,57.4,8.018e-7,0.0002
lfw,all,rgb,rgb/Scott_Rudin_0002.ppm,63.2,6.901e-7,0.0001
lfw,all,rgb,rgb/Scott_Sullivan_0001.ppm,48.6,8.584e-7,0.0002
lfw,all,rgb,rgb/Scott_Sullivan_0002.ppm,60.7,6.992e-7,0.0001
lfw,all,rgb,rgb/Scott_Verplank_0001.ppm,88.3,6.255e-7,0.0002
lfw,all,rgb,rgb/Scott_Wallach_0001.ppm,53.4,7.452e-7,0.0001
lfw,all,rgb,rgb/Scott_Weiland_0001.ppm,59.1,7.022e-7,0.0001
lfw,all,rgb,rgb/Scott_Wittman_0001.ppm,56.5,7.253e-7,0.0002
lfw,all,rgb,rgb/Scott_Wolf_0001.ppm,61.6,7.125e-7,0.0002
lfw,all,rgb,rgb/Scott_Wolf_0002.ppm,61.8,6.212e-7,0.0001
lfw,all,rgb,rgb/Scott_Yates_0001.ppm,58.1,7.741e-7,0.0001
lfw,all,rgb,rgb/Se_Hyuk_Joo_0001.ppm,52.2,6.652e-7,0.0001
lfw,all,rgb,rgb/Sean_Astin_0001.ppm,58.1,6.792e-7,0.0001
lfw,all,rgb,rgb/Sean_Astin_0002.ppm,59.8,7.091e-7,0.0001
lfw,all,rgb,rgb/Sean_Astin_0003.ppm,56.1,6.842e-7,0.0001
lfw,all,rgb,rgb/Sean_Combs_0001.ppm,56.3,7.711e-7,0.0001
lfw,all,rgb,rgb/Sean_Hayes_0001.ppm,60.1,7.351e-7,0.0002
lfw,all,rgb,rgb/Sean_Hayes_0002.ppm,64.4,7.414e-7,0.0001
lfw,all,rgb,rgb/Sean_OKeefe_0001.ppm,53.1,8.008e-7,0.0002
lfw,all,rgb,rgb/Sean_OKeefe_0002.ppm,59.5,9.036e-7,0.0002
lfw,all,rgb,rgb/Sean_OKeefe_0003.ppm,47.1,8.014e-7,0.0001
lfw,all,rgb,rgb/Sean_OKeefe_0004.ppm,46.7,8.793e-7,0.0002
lfw,all,rgb,rgb/Sean_OKeefe_0005.ppm,31.5,9.185e-7,0.0001
lfw,all,rgb,rgb/Sean_Patrick_OMalley_0001.ppm,66.9,6.724e-7,0.0002
lfw,all,rgb,rgb/Sean_Patrick_OMalley_0002.ppm,60.9,6.526e-7,0.0002
lfw,all,rgb,rgb/Sean_Patrick_OMalley_0003.ppm,55.5,4.963e-7,0.0001
lfw,all,rgb,rgb/Sean_Patrick_Thomas_0001.ppm,68.9,6.722e-7,0.0002
lfw,all,rgb,rgb/Sean_Penn_0001.ppm,56.7,7.247e-7,0.0001
lfw,all,rgb,rgb/Sean_Penn_0002.ppm,49.6,8.092e-7,0.0001
lfw,all,rgb,rgb/Sean_Penn_0003.ppm,55.4,6.590e-7,0.0001
lfw,all,rgb,rgb/Sean_Townsend_0001.ppm,56.6,7.518e-7,0.0002
lfw,all,rgb,rgb/Sebastian_Cuattrin_0001.ppm,57.5,6.779e-7,0.0001
lfw,all,rgb,rgb/Sebastian_Porto_0001.ppm,67.7,6.582e-7,0.0001
lfw,all,rgb,rgb/Sebastian_Saja_0001.ppm,57.7,7.031e-7,0.0001
lfw,all,rgb,rgb/Sebastian_Saja_0002.ppm,70.3,6.456e-7,0.0002
lfw,all,rgb,rgb/Sebastian_Saja_0003.ppm,62.4,7.282e-7,0.0002
lfw,all,rgb,rgb/Sebastien_Grosjean_0001.ppm,57.7,7.430e-7,0.0001
lfw,all,rgb,rgb/Sebastien_Grosjean_0002.ppm,59.4,6.853e-7,0.0001
lfw,all,rgb,rgb/Sebastien_Grosjean_0003.ppm,54.0,6.732e-7,0.0001
lfw,all,rgb,rgb/Sebastien_Grosjean_0004.ppm,53.3,6.871e-7,0.0001
lfw,all,rgb,rgb/Sedigh_Barmak_0001.ppm,60.8,7.322e-7,0.0001
lfw,all,rgb,rgb/Selma_Phoenix_0001.ppm,48.2,9.455e-7,0.0002
lfw,all,rgb,rgb/Sepp_Blatter_0001.ppm,62.0,6.877e-7,0.0001
lfw,all,rgb,rgb/Sepp_Blatter_0002.ppm,60.1,7.388e-7,0.0001
lfw,all,rgb,rgb/Sepp_Blatter_0003.ppm,44.1,9.957e-7,0.0002
lfw,all,rgb,rgb/Sepp_Blatter_0004.ppm,56.0,9.590e-7,0.0002
lfw,all,rgb,rgb/Serena_Karlan_0001.ppm,55.1,7.154e-7,0.0001
lfw,all,rgb,rgb/Serena_Williams_0001.ppm,63.8,7.230e-7,0.0001
lfw,all,rgb,rgb/Serena_Williams_0002.ppm,67.4,6.956e-7,0.0002
lfw,all,rgb,rgb/Serena_Williams_0003.ppm,63.9,6.230e-7,0.0001
lfw,all,rgb,rgb/Serena_Williams_0004.ppm,65.2,7.166e-7,0.0001
lfw,all,rgb,rgb/Serena_Williams_0005.ppm,61.2,6.978e-7,0.0002
lfw,all,rgb,rgb/Serena_Williams_0006.ppm,65.7,6.961e-7,0.0001
lfw,all,rgb,rgb/Serena_Williams_0007.ppm,67.2,6.699e-7,0.0001
lfw,all,rgb,rgb/Serena_Williams_0008.ppm,70.8,6.986e-7,0.0002
lfw,all,rgb,rgb/Serena_Williams_0009.ppm,59.3,8.043e-7,0.0002
lfw,all,rgb,rgb/Serena_Williams_0010.ppm,61.0,7.270e-7,0.0002
lfw,all,rgb,rgb/Serena_Williams_0011.ppm,60.6,6.892e-7,0.0002
lfw,all,rgb,rgb/Serena_Williams_0012.ppm,61.4,6.910e-7,0.0002
lfw,all,rgb,rgb/Serena_Williams_0013.ppm,66.5,6.436e-7,0.0001
lfw,all,rgb,rgb/Serena_Williams_0014.ppm,65.1,6.999e-7,0.0002
lfw,all,rgb,rgb/Serena_Williams_0015.ppm,63.6,6.259e-7,0.0002
lfw,all,rgb,rgb/Serena_Williams_0016.ppm,66.6,6.958e-7,0.0002
lfw,all,rgb,rgb/Serena_Williams_0017.ppm,61.6,6.881e-7,0.0001
lfw,all,rgb,rgb/Serena_Williams_0018.ppm,67.8,6.648e-7,0.0001
lfw,all,rgb,rgb/Serena_Williams_0019.ppm,59.7,6.566e-7,0.0002
lfw,all,rgb,rgb/Serena_Williams_0020.ppm,63.9,6.609e-7,0.0002
lfw,all,rgb,rgb/Serena_Williams_0021.ppm,67.8,6.842e-7,0.0002
lfw,all,rgb,rgb/Serena_Williams_0022.ppm,63.6,7.680e-7,0.0002
lfw,all,rgb,rgb/Serena_Williams_0023.ppm,63.5,6.872e-7,0.0002
lfw,all,rgb,rgb/Serena_Williams_0024.ppm,61.3,7.395e-7,0.0002
lfw,all,rgb,rgb/Serena_Williams_0025.ppm,65.0,6.783e-7,0.0002
lfw,all,rgb,rgb/Serena_Williams_0026.ppm,63.1,7.288e-7,0.0002
lfw,all,rgb,rgb/Serena_Williams_0027.ppm,55.6,7.218e-7,0.0002
lfw,all,rgb,rgb/Serena_Williams_0028.ppm,63.7,6.585e-7,0.0002
lfw,all,rgb,rgb/Serena_Williams_0029.ppm,62.7,6.710e-7,0.0001
lfw,all,rgb,rgb/Serena_Williams_0030.ppm,59.2,8.255e-7,0.0002
lfw,all,rgb,rgb/Serena_Williams_0031.ppm,63.2,6.487e-7,0.0001
lfw,all,rgb,rgb/Serena_Williams_0032.ppm,60.5,6.383e-7,0.0001
lfw,all,rgb,rgb/Serena_Williams_0033.ppm,58.2,6.591e-7,0.0001
lfw,all,rgb,rgb/Serena_Williams_0034.ppm,63.8,6.215e-7,0.0001
lfw,all,rgb,rgb/Serena_Williams_0035.ppm,63.3,6.884e-7,0.0001
lfw,all,rgb,rgb/Serena_Williams_0036.ppm,62.7,7.913e-7,0.0002
lfw,all,rgb,rgb/Serena_Williams_0037.ppm,65.3,6.969e-7,0.0002
lfw,all,rgb,rgb/Serena_Williams_0038.ppm,71.0,6.498e-7,0.0002
lfw,all,rgb,rgb/Serena_Williams_0039.ppm,67.2,6.670e-7,0.0002
lfw,all,rgb,rgb/Serena_Williams_0040.ppm,66.8,6.671e-7,0.0001
lfw,all,rgb,rgb/Serena_Williams_0041.ppm,61.1,6.886e-7,0.0002
lfw,all,rgb,rgb/Serena_Williams_0042.ppm,67.3,5.984e-7,0.0002
lfw,all,rgb,rgb/Serena_Williams_0043.ppm,70.5,6.801e-7,0.0002
lfw,all,rgb,rgb/Serena_Williams_0044.ppm,56.6,6.825e-7,0.0002
lfw,all,rgb,rgb/Serena_Williams_0045.ppm,64.8,7.116e-7,0.0002
lfw,all,rgb,rgb/Serena_Williams_0046.ppm,64.7,6.339e-7,0.0002
lfw,all,rgb,rgb/Serena_Williams_0047.ppm,64.8,7.445e-7,0.0002
lfw,all,rgb,rgb/Serena_Williams_0048.ppm,67.9,6.610e-7,0.0002
lfw,all,rgb,rgb/Serena_Williams_0049.ppm,67.0,6.596e-7,0.0001
lfw,all,rgb,rgb/Serena_Williams_0050.ppm,68.0,6.052e-7,0.0001
lfw,all,rgb,rgb/Serena_Williams_0051.ppm,64.7,6.299e-7,0.0002
lfw,all,rgb,rgb/Serena_Williams_0052.ppm,67.1,7.319e-7,0.0002
lfw,all,rgb,rgb/Sereyvuth_Kem_0001.ppm,76.1,6.510e-7,0.0002
lfw,all,rgb,rgb/Serge_Klarsfeld_0001.ppm,57.1,7.817e-7,0.0001
lfw,all,rgb,rgb/Serge_Melac_0001.ppm,56.2,7.067e-7,0.0002
lfw,all,rgb,rgb/Serge_Tchuruk_0001.ppm,55.0,7.421e-7,0.0002
lfw,all,rgb,rgb/Sergei_Alexandrovitch_Ordzhonikidze_0001.ppm,56.8,8.380e-7,0.0001
lfw,all,rgb,rgb/Sergei_Ivanov_0001.ppm,62.4,6.481e-7,0.0001
lfw,all,rgb,rgb/Sergei_Ivanov_0002.ppm,57.6,7.337e-7,0.0002
lfw,all,rgb,rgb/Sergei_Ivanov_0003.ppm,57.8,6.396e-7,0.0002
lfw,all,rgb,rgb/Sergei_Ivanov_0004.ppm,60.2,7.357e-7,0.0001
lfw,all,rgb,rgb/Sergei_Ivanov_0005.ppm,55.5,7.208e-7,0.0002
lfw,all,rgb,rgb/Sergei_Yastrzhembsky_0001.ppm,54.1,7.665e-7,0.0002
lfw,all,rgb,rgb/Sergei_Yushenkov_0001.ppm,54.5,7.520e-7,0.0001
lfw,all,rgb,rgb/Sergey_Lavrov_0001.ppm,53.3,7.876e-7,0.0001
lfw,all,rgb,rgb/Sergey_Lavrov_0002.ppm,53.6,7.873e-7,0.0001
lfw,all,rgb,rgb/Sergey_Lavrov_0003.ppm,56.1,8.362e-7,0.0002
lfw,all,rgb,rgb/Sergey_Lavrov_0004.ppm,53.7,7.936e-7,0.0002
lfw,all,rgb,rgb/Sergey_Lavrov_0005.ppm,58.3,7.855e-7,0.0002
lfw,all,rgb,rgb/Sergey_Lavrov_0006.ppm,54.4,8.126e-7,0.0001
lfw,all,rgb,rgb/Sergey_Lavrov_0007.ppm,55.2,7.808e-7,0.0002
lfw,all,rgb,rgb/Sergey_Lavrov_0008.ppm,56.5,7.664e-7,0.0001
lfw,all,rgb,rgb/Sergey_Lavrov_0009.ppm,57.1,7.680e-7,0.0002
lfw,all,rgb,rgb/Sergey_Lavrov_0010.ppm,53.3,7.969e-7,0.0001
lfw,all,rgb,rgb/Sergey_Lavrov_0011.ppm,56.0,7.755e-7,0.0002
lfw,all,rgb,rgb/Sergio_Castellitto_0001.ppm,61.6,6.875e-7,0.0001
lfw,all,rgb,rgb/Sergio_Garcia_0001.ppm,59.6,6.937e-7,0.0002
lfw,all,rgb,rgb/Sergio_Garcia_0002.ppm,65.0,8.943e-7,0.0002
lfw,all,rgb,rgb/Sergio_Vieira_De_Mello_0001.ppm,55.1,7.927e-7,0.0002
lfw,all,rgb,rgb/Sergio_Vieira_De_Mello_0002.ppm,56.7,6.797e-7,0.0001
lfw,all,rgb,rgb/Sergio_Vieira_De_Mello_0003.ppm,55.9,8.291e-7,0.0001
lfw,all,rgb,rgb/Sergio_Vieira_De_Mello_0004.ppm,65.7,7.542e-7,0.0002
lfw,all,rgb,rgb/Sergio_Vieira_De_Mello_0005.ppm,68.8,6.564e-7,0.0002
lfw,all,rgb,rgb/Sergio_Vieira_De_Mello_0006.ppm,60.1,6.934e-7,0.0001
lfw,all,rgb,rgb/Sergio_Vieira_De_Mello_0007.ppm,61.9,6.658e-7,0.0001
lfw,all,rgb,rgb/Sergio_Vieira_De_Mello_0008.ppm,61.9,6.764e-7,0.0001
lfw,all,rgb,rgb/Sergio_Vieira_De_Mello_0009.ppm,66.0,6.917e-7,0.0001
lfw,all,rgb,rgb/Sergio_Vieira_De_Mello_0010.ppm,61.2,6.898e-7,0.0002
lfw,all,rgb,rgb/Sergio_Vieira_De_Mello_0011.ppm,62.1,6.746e-7,0.0002
lfw,all,rgb,rgb/Seth_Gorney_0001.ppm,59.0,7.501e-7,0.0002
lfw,all,rgb,rgb/Severino_Antinori_0001.ppm,57.0,6.925e-7,0.0001
lfw,all,rgb,rgb/Seydou_Diarra_0001.ppm,75.8,7.097e-7,0.0002
lfw,all,rgb,rgb/Seymour_Cassell_0001.ppm,58.9,7.438e-7,0.0002
lfw,all,rgb,rgb/Shae-Lynn_Bourne_0001.ppm,52.3,8.445e-7,0.0002
lfw,all,rgb,rgb/Shafal_Mosed_0001.ppm,60.3,7.109e-7,0.0001
lfw,all,rgb,rgb/Shamai_Leibowitz_0001.ppm,58.7,8.503e-7,0.0002
lfw,all,rgb,rgb/Shane_Hmiel_0001.ppm,62.2,6.830e-7,0.0002
lfw,all,rgb,rgb/Shane_Loux_0001.ppm,54.0,6.512e-7,0.0001
lfw,all,rgb,rgb/Shane_Mosley_0001.ppm,67.4,6.860e-7,0.0001
lfw,all,rgb,rgb/Shane_Mosley_0002.ppm,75.7,6.537e-7,0.0002
lfw,all,rgb,rgb/Shane_Phillips_0001.ppm,61.5,6.938e-7,0.0001
lfw,all,rgb,rgb/Shane_Reynolds_0001.ppm,58.3,6.241e-7,0.0001
lfw,all,rgb,rgb/Shane_Warne_0001.ppm,55.7,7.185e-7,0.0002
lfw,all,rgb,rgb/Shane_Warne_0002.ppm,58.0,7.418e-7,0.0001
lfw,all,rgb,rgb/Shania_Twain_0001.ppm,63.0,6.913e-7,0.0002
lfw,all,rgb,rgb/Shanna_Zolman_0001.ppm,51.6,7.818e-7,0.0001
lfw,all,rgb,rgb/Shannon_OBrien_0001.ppm,62.2,7.344e-7,0.0002
lfw,all,rgb,rgb/Shannon_OBrien_0002.ppm,59.5,7.508e-7,0.0002
lfw,all,rgb,rgb/Shannyn_Sossamon_0001.ppm,58.7,8.119e-7,0.0002
lfw,all,rgb,rgb/Sharess_Harrell_0001.ppm,60.0,6.800e-7,0.0001
lfw,all,rgb,rgb/Sharon_Davis_0001.ppm,62.0,7.922e-7,0.0002
lfw,all,rgb,rgb/Sharon_Davis_0002.ppm,60.6,7.722e-7,0.0001
lfw,all,rgb,rgb/Sharon_Frey_0001.ppm,59.5,6.847e-7,0.0001
lfw,all,rgb,rgb/Sharon_Frey_0002.ppm,51.8,7.094e-7,0.0001
lfw,all,rgb,rgb/Sharon_Osbourne_0001.ppm,56.9,6.481e-7,0.0001
lfw,all,rgb,rgb/Sharon_Osbourne_0002.ppm,61.3,7.507e-7,0.0001
lfw,all,rgb,rgb/Sharon_Osbourne_0003.ppm,59.6,6.612e-7,0.0002
lfw,all,rgb,rgb/Sharon_Robinson_0001.ppm,60.2,7.224e-7,0.0001
lfw,all,rgb,rgb/Sharon_Stone_0001.ppm,54.1,6.273e-7,0.0001
lfw,all,rgb,rgb/Sharon_Stone_0002.ppm,59.4,7.113e-7,0.0001
lfw,all,rgb,rgb/Sharon_Stone_0003.ppm,60.2,7.564e-7,0.0001
lfw,all,rgb,rgb/Sharon_Stone_0004.ppm,60.7,6.900e-7,0.0001
lfw,all,rgb,rgb/Sharon_Stone_0005.ppm,60.5,6.554e-7,0.0001
lfw,all,rgb,rgb/Shaukat_Aziz_0001.ppm,53.6,7.760e-7,0.0001
lfw,all,rgb,rgb/Shaukat_Aziz_0002.ppm,57.3,7.578e-7,0.0002
lfw,all,rgb,rgb/Shaul_Mofaz_0001.ppm,56.3,6.895e-7,0.0002
lfw,all,rgb,rgb/Shaul_Mofaz_0002.ppm,53.3,7.886e-7,0.0002
lfw,all,rgb,rgb/Shaul_Mofaz_0003.ppm,57.8,7.539e-7,0.0001
lfw,all,rgb,rgb/Shaun_Pollock_0001.ppm,57.2,7.173e-7,0.0001
lfw,all,rgb,rgb/Shaun_Rusling_0001.ppm,56.8,7.291e-7,0.0001
lfw,all,rgb,rgb/Shavon_Earp_0001.ppm,52.6,8.094e-7,0.0001
lfw,all,rgb,rgb/Shawn_Bradley_0001.ppm,53.0,7.181e-7,0.0001
lfw,all,rgb,rgb/Shawn_Kemp_0001.ppm,68.8,6.380e-7,0.0001
lfw,all,rgb,rgb/Shawn_Marion_0001.ppm,53.7,6.918e-7,0.0002
lfw,all,rgb,rgb/Sheikh_Ahmed_Yassin_0001.ppm,62.6,6.325e-7,0.0001
lfw,all,rgb,rgb/Sheila_Copps_0001.ppm,59.2,6.938e-7,0.0002
lfw,all,rgb,rgb/Sheila_Copps_0002.ppm,60.6,7.209e-7,0.0001
lfw,all,rgb,rgb/Sheila_Copps_0003.ppm,62.8,6.164e-7,0.0001
lfw,all,rgb,rgb/Sheila_Copps_0004.ppm,60.3,6.936e-7,0.0001
lfw,all,rgb,rgb/Sheila_Fraser_0001.ppm,56.8,6.486e-7,0.0001
lfw,all,rgb,rgb/Sheila_Fraser_0002.ppm,59.8,6.484e-7,0.0001
lfw,all,rgb,rgb/Sheila_Taormina_0001.ppm,60.2,7.450e-7,0.0001
lfw,all,rgb,rgb/Sheila_Wellstone_0001.ppm,67.1,6.163e-7,0.0002
lfw,all,rgb,rgb/Sheila_Wellstone_0002.ppm,63.6,7.700e-7,0.0001
lfw,all,rgb,rgb/Sheldon_Silver_0001.ppm,57.4,6.810e-7,0.0002
lfw,all,rgb,rgb/Sherri_Coale_0001.ppm,63.3,7.592e-7,0.0002
lfw,all,rgb,rgb/Sherry_Fisher_0001.ppm,58.4,7.474e-7,0.0002
lfw,all,rgb,rgb/Sherry_Irving_0001.ppm,54.6,7.648e-7,0.0001
lfw,all,rgb,rgb/Sheryl_Crow_0001.ppm,67.6,7.385e-7,0.0001
lfw,all,rgb,rgb/Sheryl_Crow_0002.ppm,59.1,6.856e-7,0.0002
lfw,all,rgb,rgb/Sheryl_Crow_0003.ppm,59.0,7.071e-7,0.0001
lfw,all,rgb,rgb/Sheryl_Crow_0004.ppm,58.8,7.647e-7,0.0002
lfw,all,rgb,rgb/Sheryl_Crow_0005.ppm,61.2,7.516e-7,0.0002
lfw,all,rgb,rgb/Sheryl_Crow_0006.ppm,59.7,7.293e-7,0.0002
lfw,all,rgb,rgb/Sheryl_Crow_0007.ppm,61.0,6.748e-7,0.0001
lfw,all,rgb,rgb/Sheryl_Crow_0008.ppm,57.6,7.833e-7,0.0001
lfw,all,rgb,rgb/Shi_Guangsheng_0001.ppm,57.7,7.447e-7,0.0001
lfw,all,rgb,rgb/Shia_LaBeouf_0001.ppm,47.4,6.838e-7,0.0002
lfw,all,rgb,rgb/Shia_LaBeouf_0002.ppm,60.7,6.993e-7,0.0001
lfw,all,rgb,rgb/Shigeo_Nagashima_0001.ppm,56.3,7.171e-7,0.0001
lfw,all,rgb,rgb/Shigeru_Ishiba_0001.ppm,58.6,7.259e-7,0.0001
lfw,all,rgb,rgb/Shimon_Peres_0001.ppm,55.0,8.317e-7,0.0002
lfw,all,rgb,rgb/Shimon_Peres_0002.ppm,66.8,7.338e-7,0.0002
lfw,all,rgb,rgb/Shimon_Peres_0003.ppm,50.1,7.959e-7,0.0001
lfw,all,rgb,rgb/Shimon_Peres_0004.ppm,43.1,8.557e-7,0.0001
lfw,all,rgb,rgb/Shimon_Peres_0005.ppm,54.3,7.434e-7,0.0001
lfw,all,rgb,rgb/Shimon_Peres_0006.ppm,39.0,8.985e-7,0.0001
lfw,all,rgb,rgb/Shimon_Peres_0007.ppm,54.2,8.780e-7,0.0002
lfw,all,rgb,rgb/Shimon_Peres_0008.ppm,55.1,8.300e-7,0.0002
lfw,all,rgb,rgb/Shingo_Katayama_0001.ppm,60.8,6.097e-7,0.0002
lfw,all,rgb,rgb/Shingo_Suetsugu_0001.ppm,57.3,7.014e-7,0.0002
lfw,all,rgb,rgb/Shinya_Taniguchi_0001.ppm,53.9,7.555e-7,0.0001
lfw,all,rgb,rgb/Shinzo_Abe_0001.ppm,53.9,6.898e-7,0.0002
lfw,all,rgb,rgb/Shireen_Amir_Begum_0001.ppm,52.9,7.243e-7,0.0001
lfw,all,rgb,rgb/Shirley_Jones_0001.ppm,62.7,7.303e-7,0.0002
lfw,all,rgb,rgb/Shobha_De_0001.ppm,54.9,7.755e-7,0.0001
lfw,all,rgb,rgb/Shoshana_Johnson_0001.ppm,64.8,6.567e-7,0.0002
lfw,all,rgb,rgb/Shoshannah_Stern_0001.ppm,45.7,7.789e-7,0.0001
lfw,all,rgb,rgb/Sid_Caesar_0001.ppm,53.2,8.023e-7,0.0002
lfw,all,rgb,rgb/Sidney_Kimmel_0001.ppm,65.9,7.372e-7,0.0002
lfw,all,rgb,rgb/Sidney_Poitier_0001.ppm,60.2,6.542e-7,0.0001
lfw,all,rgb,rgb/Sigourney_Weaver_0001.ppm,58.6,7.273e-7,0.0002
lfw,all,rgb,rgb/Sila_Calderon_0001.ppm,56.8,6.905e-7,0.0001
lfw,all,rgb,rgb/Sila_Calderon_0002.ppm,57.0,7.042e-7,0.0001
lfw,all,rgb,rgb/Sila_Calderon_0003.ppm,60.0,7.551e-7,0.0002
lfw,all,rgb,rgb/Sila_Calderon_0004.ppm,63.3,6.378e-7,0.0002
lfw,all,rgb,rgb/Silvan_Shalom_0001.ppm,54.2,9.089e-7,0.0002
lfw,all,rgb,rgb/Silvan_Shalom_0002.ppm,50.1,8.725e-7,0.0002
lfw,all,rgb,rgb/Silvan_Shalom_0003.ppm,55.8,7.083e-7,0.0001
lfw,all,rgb,rgb/Silvan_Shalom_0004.ppm,51.4,7.108e-7,0.0001
lfw,all,rgb,rgb/Silvan_Shalom_0005.ppm,57.9,8.213e-7,0.0002
lfw,all,rgb,rgb/Silvan_Shalom_0006.ppm,57.7,8.328e-7,0.0002
lfw,all,rgb,rgb/Silvia_Farina_Elia_0001.ppm,56.3,6.986e-7,0.0001
lfw,all,rgb,rgb/Silvia_Farina_Elia_0002.ppm,53.7,7.791e-7,0.0002
lfw,all,rgb,rgb/Silvia_Farina_Elia_0003.ppm,45.0,7.263e-7,0.0001
lfw,all,rgb,rgb/Silvie_Cabero_0001.ppm,55.7,7.112e-7,0.0001
lfw,all,rgb,rgb/Silvio_Berlusconi_0001.ppm,62.8,7.264e-7,0.0002
lfw,all,rgb,rgb/Silvio_Berlusconi_0002.ppm,53.6,8.498e-7,0.0002
lfw,all,rgb,rgb/Silvio_Berlusconi_0003.ppm,57.0,8.084e-7,0.0002
lfw,all,rgb,rgb/Silvio_Berlusconi_0004.ppm,53.4,6.968e-7,0.0002
lfw,all,rgb,rgb/Silvio_Berlusconi_0005.ppm,55.8,7.529e-7,0.0001
lfw,all,rgb,rgb/Silvio_Berlusconi_0006.ppm,56.6,8.324e-7,0.0002
lfw,all,rgb,rgb/Silvio_Berlusconi_0007.ppm,54.4,7.707e-7,0.0002
lfw,all,rgb,rgb/Silvio_Berlusconi_0008.ppm,66.4,7.334e-7,0.0002
lfw,all,rgb,rgb/Silvio_Berlusconi_0009.ppm,63.3,7.442e-7,0.0002
lfw,all,rgb,rgb/Silvio_Berlusconi_0010.ppm,55.8,7.535e-7,0.0002
lfw,all,rgb,rgb/Silvio_Berlusconi_0011.ppm,57.1,6.637e-7,0.0001
lfw,all,rgb,rgb/Silvio_Berlusconi_0012.ppm,54.7,7.873e-7,0.0001
lfw,all,rgb,rgb/Silvio_Berlusconi_0013.ppm,54.1,7.549e-7,0.0002
lfw,all,rgb,rgb/Silvio_Berlusconi_0014.ppm,56.2,7.093e-7,0.0002
lfw,all,rgb,rgb/Silvio_Berlusconi_0015.ppm,59.4,7.513e-7,0.0001
lfw,all,rgb,rgb/Silvio_Berlusconi_0016.ppm,66.9,6.753e-7,0.0002
lfw,all,rgb,rgb/Silvio_Berlusconi_0017.ppm,64.8,7.756e-7,0.0002
lfw,all,rgb,rgb/Silvio_Berlusconi_0018.ppm,63.2,7.184e-7,0.0002
lfw,all,rgb,rgb/Silvio_Berlusconi_0019.ppm,65.2,8.036e-7,0.0002
lfw,all,rgb,rgb/Silvio_Berlusconi_0020.ppm,55.7,7.849e-7,0.0001
lfw,all,rgb,rgb/Silvio_Berlusconi_0021.ppm,56.8,7.179e-7,0.0002
lfw,all,rgb,rgb/Silvio_Berlusconi_0022.ppm,55.4,7.214e-7,0.0001
lfw,all,rgb,rgb/Silvio_Berlusconi_0023.ppm,60.4,7.018e-7,0.0001
lfw,all,rgb,rgb/Silvio_Berlusconi_0024.ppm,57.3,7.186e-7,0.0002
lfw,all,rgb,rgb/Silvio_Berlusconi_0025.ppm,60.6,7.187e-7,0.0001
lfw,all,rgb,rgb/Silvio_Berlusconi_0026.ppm,58.0,7.603e-7,0.0001
lfw,all,rgb,rgb/Silvio_Berlusconi_0027.ppm,59.7,7.253e-7,0.0001
lfw,all,rgb,rgb/Silvio_Berlusconi_0028.ppm,58.8,7.880e-7,0.0001
lfw,all,rgb,rgb/Silvio_Berlusconi_0029.ppm,57.5,6.929e-7,0.0001
lfw,all,rgb,rgb/Silvio_Berlusconi_0030.ppm,49.4,7.984e-7,0.0002
lfw,all,rgb,rgb/Silvio_Berlusconi_0031.ppm,52.8,7.336e-7,0.0001
lfw,all,rgb,rgb/Silvio_Berlusconi_0032.ppm,63.2,7.611e-7,0.0002
lfw,all,rgb,rgb/Silvio_Berlusconi_0033.ppm,56.0,7.592e-7,0.0002
lfw,all,rgb,rgb/Silvio_Fernandez_0001.ppm,55.9,6.851e-7,0.0002
lfw,all,rgb,rgb/Silvio_Fernandez_0002.ppm,56.9,7.251e-7,0.0001
lfw,all,rgb,rgb/Sim_Yong_0001.ppm,58.0,5.935e-7,0.0001
lfw,all,rgb,rgb/Simon_Chalk_0001.ppm,59.4,6.888e-7,0.0002
lfw,all,rgb,rgb/Simon_Cowell_0001.ppm,54.9,6.955e-7,0.0002
lfw,all,rgb,rgb/Simon_Cowell_0002.ppm,64.6,6.599e-7,0.0002
lfw,all,rgb,rgb/Simon_Larose_0001.ppm,52.0,6.663e-7,0.0001
lfw,all,rgb,rgb/Simon_Yam_0001.ppm,61.5,7.408e-7,0.0002
lfw,all,rgb,rgb/Simona_Hradil_0001.ppm,61.0,7.639e-7,0.0001
lfw,all,rgb,rgb/Sinead_OConnor_0001.ppm,62.2,6.715e-7,0.0002
lfw,all,rgb,rgb/Sivan_Klein_0001.ppm,63.9,6.552e-7,0.0001
lfw,all,rgb,rgb/Skip_Prosser_0001.ppm,54.8,7.250e-7,0.0001
lfw,all,rgb,rgb/Slobodan_Milosevic_0001.ppm,60.7,7.406e-7,0.0002
lfw,all,rgb,rgb/Slobodan_Milosevic_0002.ppm,60.8,8.308e-7,0.0002
lfw,all,rgb,rgb/Slobodan_Milosevic_0003.ppm,59.5,7.740e-7,0.0002
lfw,all,rgb,rgb/Slobodan_Milosevic_0004.ppm,55.4,9.288e-7,0.0002
lfw,all,rgb,rgb/Soenarno_0001.ppm,75.0,5.754e-7,0.0002
lfw,all,rgb,rgb/Sofia_Milos_0001.ppm,58.3,7.202e-7,0.0001
lfw,all,rgb,rgb/Sofyan_Dawood_0001.ppm,61.8,6.310e-7,0.0001
lfw,all,rgb,rgb/Sohail_Abbas_0001.ppm,59.9,6.922e-7,0.0001
lfw,all,rgb,rgb/Sok_An_0001.ppm,55.4,6.686e-7,0.0001
lfw,all,rgb,rgb/Solomon_Passy_0001.ppm,57.9,7.367e-7,0.0001
lfw,all,rgb,rgb/Sonia_Gandhi_0001.ppm,58.7,7.094e-7,0.0001
lfw,all,rgb,rgb/Sonia_Gandhi_0002.ppm,60.8,7.228e-7,0.0001
lfw,all,rgb,rgb/Sonia_Gandhi_0003.ppm,60.8,6.727e-7,0.0002
lfw,all,rgb,rgb/Sonia_Gandhi_0004.ppm,52.2,8.982e-7,0.0001
lfw,all,rgb,rgb/Sonia_Lopez_0001.ppm,61.7,6.705e-7,0.0001
lfw,all,rgb,rgb/Sonja_Kesselschlager_0001.ppm,64.3,6.418e-7,0.0001
lfw,all,rgb,rgb/Sonya_Walger_0001.ppm,61.9,6.742e-7,0.0001
lfw,all,rgb,rgb/Soon_Yi_0001.ppm,57.3,7.340e-7,0.0002
lfw,all,rgb,rgb/Sophia_Loren_0001.ppm,57.9,6.511e-7,0.0001
lfw,all,rgb,rgb/Sophia_Loren_0002.ppm,53.1,6.928e-7,0.0001
lfw,all,rgb,rgb/Sophia_Loren_0003.ppm,65.2,6.556e-7,0.0002
lfw,all,rgb,rgb/Sophia_Loren_0004.ppm,54.3,6.640e-7,0.0001
lfw,all,rgb,rgb/Sophia_Loren_0005.ppm,63.6,7.176e-7,0.0002
lfw,all,rgb,rgb/Sophia_Loren_0006.ppm,63.7,7.485e-7,0.0001
lfw,all,rgb,rgb/Sophia_Loren_0007.ppm,59.0,6.928e-7,0.0001
lfw,all,rgb,rgb/Sophie_0001.ppm,58.9,6.824e-7,0.0001
lfw,all,rgb,rgb/Sourav_Ganguly_0001.ppm,70.9,5.858e-7,0.0001
lfw,all,rgb,rgb/Sourav_Ganguly_0002.ppm,72.6,5.926e-7,0.0002
lfw,all,rgb,rgb/Sourav_Ganguly_0003.ppm,62.1,5.822e-7,0.0002
lfw,all,rgb,rgb/Sourav_Ganguly_0004.ppm,63.1,6.266e-7,0.0002
lfw,all,rgb,rgb/Sourav_Ganguly_0005.ppm,61.3,7.246e-7,0.0001
lfw,all,rgb,rgb/Spencer_Abraham_0001.ppm,56.5,7.690e-7,0.0001
lfw,all,rgb,rgb/Spencer_Abraham_0002.ppm,53.8,8.336e-7,0.0001
lfw,all,rgb,rgb/Spencer_Abraham_0003.ppm,59.5,7.156e-7,0.0002
lfw,all,rgb,rgb/Spencer_Abraham_0004.ppm,57.5,7.901e-7,0.0002
lfw,all,rgb,rgb/Spencer_Abraham_0005.ppm,61.7,6.819e-7,0.0002
lfw,all,rgb,rgb/Spencer_Abraham_0006.ppm,55.1,7.069e-7,0.0001
lfw,all,rgb,rgb/Spencer_Abraham_0007.ppm,58.3,7.465e-7,0.0002
lfw,all,rgb,rgb/Spencer_Abraham_0008.ppm,58.8,7.292e-7,0.0002
lfw,all,rgb,rgb/Spencer_Abraham_0009.ppm,56.4,6.811e-7,0.0001
lfw,all,rgb,rgb/Spencer_Abraham_0010.ppm,54.9,8.156e-7,0.0001
lfw,all,rgb,rgb/Spencer_Abraham_0011.ppm,54.3,7.966e-7,0.0001
lfw,all,rgb,rgb/Spencer_Abraham_0012.ppm,60.2,7.086e-7,0.0002
lfw,all,rgb,rgb/Spencer_Abraham_0013.ppm,58.7,7.640e-7,0.0001
lfw,all,rgb,rgb/Spencer_Abraham_0014.ppm,57.8,8.423e-7,0.0001
lfw,all,rgb,rgb/Spencer_Abraham_0015.ppm,59.1,7.310e-7,0.0001
lfw,all,rgb,rgb/Spencer_Abraham_0016.ppm,47.1,9.556e-7,0.0002
lfw,all,rgb,rgb/Spencer_Abraham_0017.ppm,57.3,7.569e-7,0.0002
lfw,all,rgb,rgb/Spike_Helmick_0001.ppm,55.4,8.554e-7,0.0002
lfw,all,rgb,rgb/Spike_Jonze_0001.ppm,60.0,7.944e-7,0.0002
lfw,all,rgb,rgb/Spike_Lee_0001.ppm,60.0,6.728e-7,0.0002
lfw,all,rgb,rgb/Stacey_Dales-Schuman_0001.ppm,55.9,7.117e-7,0.0002
lfw,all,rgb,rgb/Stacey_Jones_0001.ppm,54.0,8.173e-7,0.0001
lfw,all,rgb,rgb/Stacey_Yamaguchi_0001.ppm,67.0,6.114e-7,0.0001
lfw,all,rgb,rgb/Stacy_Dragila_0001.ppm,57.9,7.491e-7,0.0001
lfw,all,rgb,rgb/Stacy_Dragila_0002.ppm,55.2,7.540e-7,0.0002
lfw,all,rgb,rgb/Stacy_Nelson_0001.ppm,62.9,6.606e-7,0.0002
lfw,all,rgb,rgb/Stan_Heath_0001.ppm,71.1,7.021e-7,0.0002
lfw,all,rgb,rgb/Stan_Heath_0002.ppm,58.9,8.873e-7,0.0002
lfw,all,rgb,rgb/Stan_Kasten_0001.ppm,53.3,8.136e-7,0.0002
lfw,all,rgb,rgb/Stan_Kroenke_0001.ppm,59.9,6.680e-7,0.0001
lfw,all,rgb,rgb/Stanislas_Wawrinka_0001.ppm,63.5,7.344e-7,0.0002
lfw,all,rgb,rgb/Stanley_Ho_0001.ppm,56.6,8.138e-7,0.0001
lfw,all,rgb,rgb/Stanley_McChrystal_0001.ppm,58.1,7.432e-7,0.0002
lfw,all,rgb,rgb/Stanley_McChrystal_0002.ppm,60.5,7.657e-7,0.0001
lfw,all,rgb,rgb/Stanley_McChrystal_0003.ppm,55.1,8.061e-7,0.0002
lfw,all,rgb,rgb/Stanley_Nelson_0001.ppm,68.3,6.972e-7,0.0002
lfw,all,rgb,rgb/Stanley_Tong_0001.ppm,58.4,6.941e-7,0.0001
lfw,all,rgb,rgb/Stanley_Tong_0002.ppm,43.6,9.259e-7,0.0001
lfw,all,rgb,rgb/Stefaan_Declerk_0001.ppm,58.1,6.734e-7,0.0001
lfw,all,rgb,rgb/Stefan_Holm_0001.ppm,62.6,8.169e-7,0.0002
lfw,all,rgb,rgb/Stefan_Koubek_0001.ppm,57.5,7.626e-7,0.0002
lfw,all,rgb,rgb/Stefan_Tafrov_0001.ppm,57.4,7.310e-7,0.0001
lfw,all,rgb,rgb/Stefanie_De_Roux_0001.ppm,56.7,7.884e-7,0.0001
lfw,all,rgb,rgb/Stefano_Accorsi_0001.ppm,58.6,7.255e-7,0.0001
lfw,all,rgb,rgb/Stefano_Accorsi_0002.ppm,55.7,7.002e-7,0.0002
lfw,all,rgb,rgb/Stefano_Basalini_0001.ppm,74.4,7.360e-7,0.0002
lfw,all,rgb,rgb/Stefano_Gabbana_0001.ppm,61.5,6.730e-7,0.0001
lfw,all,rgb,rgb/Steffeny_Holtz_0001.ppm,57.5,6.915e-7,0.0002
lfw,all,rgb,rgb/Steffi_Graf_0001.ppm,61.2,8.478e-7,0.0002
lfw,all,rgb,rgb/Steffi_Graf_0002.ppm,62.1,7.392e-7,0.0001
lfw,all,rgb,rgb/Steffi_Graf_0003.ppm,61.7,7.211e-7,0.0002
lfw,all,rgb,rgb/Steffi_Graf_0004.ppm,65.4,6.077e-7,0.0001
lfw,all,rgb,rgb/Steffi_Graf_0005.ppm,59.1,7.391e-7,0.0001
lfw,all,rgb,rgb/Stella_Keitel_0001.ppm,60.9,7.064e-7,0.0002
lfw,all,rgb,rgb/Stella_McCartney_0001.ppm,60.2,6.376e-7,0.0001
lfw,all,rgb,rgb/Stella_Tennant_0001.ppm,60.1,6.308e-7,0.0001
lfw,all,rgb,rgb/Stellan_Skarsgard_0001.ppm,61.8,7.978e-7,0.0002
lfw,all,rgb,rgb/Stellan_Skarsgard_0002.ppm,49.7,8.002e-7,0.0002
lfw,all,rgb,rgb/Steny_Hoyer_0001.ppm,46.3,9.027e-7,0.0002
lfw,all,rgb,rgb/Stepan_Demirchian_0001.ppm,62.2,6.645e-7,0.0001
lfw,all,rgb,rgb/Stephan_Eberharter_0001.ppm,65.2,6.140e-7,0.0002
lfw,all,rgb,rgb/Stephane_Delajoux_0001.ppm,50.8,7.415e-7,0.0001
lfw,all,rgb,rgb/Stephane_Rochon_0001.ppm,62.7,6.932e-7,0.0001
lfw,all,rgb,rgb/Stephane_Rousseau_0001.ppm,53.0,8.445e-7,0.0002
lfw,all,rgb,rgb/Stephanie_Cohen_Aloro_0001.ppm,53.0,8.207e-7,0.0001
lfw,all,rgb,rgb/Stephanie_Moore_0001.ppm,60.4,7.499e-7,0.0002
lfw,all,rgb,rgb/Stephanie_Zimbalist_0001.ppm,53.1,7.889e-7,0.0001
lfw,all,rgb,rgb/Stephen_Ambrose_0001.ppm,54.8,7.618e-7,0.0001
lfw,all,rgb,rgb/Stephen_Ambrose_0002.ppm,57.6,7.972e-7,0.0002
lfw,all,rgb,rgb/Stephen_Arigbabu_0001.ppm,52.1,7.746e-7,0.0001
lfw,all,rgb,rgb/Stephen_Cooper_0001.ppm,51.9,8.897e-7,0.0002
lfw,all,rgb,rgb/Stephen_Covey_0001.ppm,63.5,7.706e-7,0.0001
lfw,all,rgb,rgb/Stephen_Crampton_0001.ppm,58.5,7.426e-7,0.0002
lfw,all,rgb,rgb/Stephen_Daldry_0001.ppm,62.0,6.591e-7,0.0002
lfw,all,rgb,rgb/Stephen_Daldry_0002.ppm,60.9,6.801e-7,0.0001
lfw,all,rgb,rgb/Stephen_Ebberharter_0001.ppm,57.6,6.311e-7,0.0001
lfw,all,rgb,rgb/Stephen_Frears_0001.ppm,61.0,7.020e-7,0.0002
lfw,all,rgb,rgb/Stephen_Friedman_0001.ppm,66.9,7.542e-7,0.0002
lfw,all,rgb,rgb/Stephen_Friedman_0002.ppm,58.8,7.999e-7,0.0001
lfw,all,rgb,rgb/Stephen_Funk_0001.ppm,53.2,7.917e-7,0.0001
lfw,all,rgb,rgb/Stephen_Glassroth_0001.ppm,60.2,7.924e-7,0.0002
lfw,all,rgb,rgb/Stephen_Joseph_0001.ppm,54.0,7.445e-7,0.0001
lfw,all,rgb,rgb/Stephen_Keener_0001.ppm,51.9,7.166e-7,0.0001
lfw,all,rgb,rgb/Stephen_Oake_0001.ppm,59.0,7.382e-7,0.0001
lfw,all,rgb,rgb/Stephen_Push_0001.ppm,53.4,7.894e-7,0.0001
lfw,all,rgb,rgb/Stephen_Silas_0001.ppm,33.2,1.449e-6,0.0002
lfw,all,rgb,rgb/Stephen_Swindal_0001.ppm,58.5,7.610e-7,0.0002
lfw,all,rgb,rgb/Stephen_Thompson_0001.ppm,53.5,7.802e-7,0.0001
lfw,all,rgb,rgb/Stephen_Webster_0001.ppm,60.4,7.509e-7,0.0001
lfw,all,rgb,rgb/Sterling_Hitchcock_0001.ppm,57.3,7.905e-7,0.0001
lfw,all,rgb,rgb/Steve-O_0001.ppm,52.3,7.054e-7,0.0001
lfw,all,rgb,rgb/Steve_Alford_0001.ppm,53.5,8.346e-7,0.0001
lfw,all,rgb,rgb/Steve_Allan_0001.ppm,63.3,6.703e-7,0.0002
lfw,all,rgb,rgb/Steve_Allee_0001.ppm,65.7,7.143e-7,0.0002
lfw,all,rgb,rgb/Steve_Austin_0001.ppm,61.3,7.411e-7,0.0001
lfw,all,rgb,rgb/Steve_Avery_0001.ppm,57.5,6.771e-7,0.0001
lfw,all,rgb,rgb/Steve_Backley_0001.ppm,55.0,7.347e-7,0.0001
lfw,all,rgb,rgb/Steve_Backley_0002.ppm,59.9,8.810e-7,0.0002
lfw,all,rgb,rgb/Steve_Ballmer_0001.ppm,59.3,7.247e-7,0.0002
lfw,all,rgb,rgb/Steve_Ballmer_0002.ppm,59.5,7.578e-7,0.0002
lfw,all,rgb,rgb/Steve_Ballmer_0003.ppm,66.4,7.807e-7,0.0002
lfw,all,rgb,rgb/Steve_Blake_0001.ppm,52.7,8.547e-7,0.0002
lfw,all,rgb,rgb/Steve_Blankenship_0001.ppm,55.2,7.105e-7,0.0001
lfw,all,rgb,rgb/Steve_Case_0001.ppm,65.1,7.123e-7,0.0002
lfw,all,rgb,rgb/Steve_Coogan_0001.ppm,54.9,7.137e-7,0.0002
lfw,all,rgb,rgb/Steve_Coterill_0001.ppm,61.9,6.852e-7,0.0002
lfw,all,rgb,rgb/Steve_Cox_0001.ppm,56.0,7.164e-7,0.0001
lfw,all,rgb,rgb/Steve_Cutler_0001.ppm,58.8,7.069e-7,0.0002
lfw,all,rgb,rgb/Steve_Fehr_0001.ppm,55.7,7.919e-7,0.0002
lfw,all,rgb,rgb/Steve_Karsay_0001.ppm,55.3,7.068e-7,0.0001
lfw,all,rgb,rgb/Steve_Kerr_0001.ppm,54.5,8.085e-7,0.0001
lfw,all,rgb,rgb/Steve_Largent_0001.ppm,63.5,7.712e-7,0.0002
lfw,all,rgb,rgb/Steve_Lavin_0001.ppm,56.8,7.624e-7,0.0001
lfw,all,rgb,rgb/Steve_Lavin_0002.ppm,54.1,7.840e-7,0.0001
lfw,all,rgb,rgb/Steve_Lavin_0003.ppm,56.6,8.037e-7,0.0002
lfw,all,rgb,rgb/Steve_Lavin_0004.ppm,55.6,7.209e-7,0.0001
lfw,all,rgb,rgb/Steve_Lavin_0005.ppm,47.9,9.046e-7,0.0002
lfw,all,rgb,rgb/Steve_Lavin_0006.ppm,47.3,8.802e-7,0.0001
lfw,all,rgb,rgb/Steve_Lenard_0001.ppm,63.9,6.855e-7,0.0002
lfw,all,rgb,rgb/Steve_Mariucci_0001.ppm,49.5,8.073e-7,0.0002
lfw,all,rgb,rgb/Steve_Mariucci_0002.ppm,55.0,7.527e-7,0.0001
lfw,all,rgb,rgb/Steve_Mariucci_0003.ppm,60.3,7.314e-7,0.0002
lfw,all,rgb,rgb/Steve_McManaman_0001.ppm,44.6,1.034e-6,0.0003
lfw,all,rgb,rgb/Steve_Nash_0001.ppm,55.6,7.669e-7,0.0001
lfw,all,rgb,rgb/Steve_Nash_0002.ppm,61.3,7.481e-7,0.0002
lfw,all,rgb,rgb/Steve_Nash_0003.ppm,60.8,7.265e-7,0.0002
lfw,all,rgb,rgb/Steve_Nash_0004.ppm,55.9,6.371e-7,0.0001
lfw,all,rgb,rgb/Steve_Nash_0005.ppm,57.6,8.221e-7,0.0001
lfw,all,rgb,rgb/Steve_Nesbitt_0001.ppm,51.0,8.033e-7,0.0001
lfw,all,rgb,rgb/Steve_Pagliuca_0001.ppm,45.8,8.731e-7,0.0002
lfw,all,rgb,rgb/Steve_Park_0001.ppm,62.7,6.507e-7,0.0001
lfw,all,rgb,rgb/Steve_Park_0002.ppm,63.9,6.829e-7,0.0002
lfw,all,rgb,rgb/Steve_Patterson_0001.ppm,50.9,7.721e-7,0.0002
lfw,all,rgb,rgb/Steve_Peace_0001.ppm,59.0,7.035e-7,0.0001
lfw,all,rgb,rgb/Steve_Phillips_0001.ppm,59.6,8.178e-7,0.0002
lfw,all,rgb,rgb/Steve_Redgrave_0001.ppm,55.0,7.831e-7,0.0002
lfw,all,rgb,rgb/Steve_Rush_0001.ppm,49.6,8.987e-7,0.0002
lfw,all,rgb,rgb/Steve_Shiver_0001.ppm,59.3,7.321e-7,0.0002
lfw,all,rgb,rgb/Steve_Spurrier_0001.ppm,56.1,7.885e-7,0.0002
lfw,all,rgb,rgb/Steve_Spurrier_0002.ppm,62.9,7.427e-7,0.0002
lfw,all,rgb,rgb/Steve_Stirling_0001.ppm,66.9,6.803e-7,0.0002
lfw,all,rgb,rgb/Steve_Valentine_0001.ppm,61.6,6.782e-7,0.0001
lfw,all,rgb,rgb/Steve_Wariner_0001.ppm,59.0,7.592e-7,0.0002
lfw,all,rgb,rgb/Steve_Waugh_0001.ppm,63.8,7.440e-7,0.0002
lfw,all,rgb,rgb/Steve_Waugh_0002.ppm,49.1,7.644e-7,0.0001
lfw,all,rgb,rgb/Steve_Zahn_0001.ppm,61.5,7.522e-7,0.0002
lfw,all,rgb,rgb/Steven_Briggs_0001.ppm,52.2,8.083e-7,0.0002
lfw,all,rgb,rgb/Steven_Craig_0001.ppm,53.2,7.945e-7,0.0001
lfw,all,rgb,rgb/Steven_Curtis_Chapman_0001.ppm,56.3,7.065e-7,0.0001
lfw,all,rgb,rgb/Steven_Feldman_0001.ppm,60.9,7.007e-7,0.0001
lfw,all,rgb,rgb/Steven_Hatfill_0001.ppm,63.1,7.057e-7,0.0002
lfw,all,rgb,rgb/Steven_Hatfill_0002.ppm,62.9,7.414e-7,0.0001
lfw,all,rgb,rgb/Steven_Kinlock_0001.ppm,63.1,6.350e-7,0.0002
lfw,all,rgb,rgb/Steven_Seagal_0001.ppm,55.5,6.906e-7,0.0001
lfw,all,rgb,rgb/Steven_Seagal_0002.ppm,55.8,7.741e-7,0.0001
lfw,all,rgb,rgb/Steven_Spielberg_0001.ppm,62.9,7.929e-7,0.0002
lfw,all,rgb,rgb/Steven_Spielberg_0002.ppm,61.3,8.342e-7,0.0002
lfw,all,rgb,rgb/Steven_Spielberg_0003.ppm,64.8,7.471e-7,0.0001
lfw,all,rgb,rgb/Steven_Spielberg_0004.ppm,60.9,7.666e-7,0.0002
lfw,all,rgb,rgb/Steven_Spielberg_0005.ppm,58.6,7.474e-7,0.0002
lfw,all,rgb,rgb/Steven_Spielberg_0006.ppm,59.0,7.469e-7,0.0002
lfw,all,rgb,rgb/Steven_Spielberg_0007.ppm,34.0,1.018e-6,0.0001
lfw,all,rgb,rgb/Steven_Tyler_0001.ppm,69.8,6.888e-7,0.0002
lfw,all,rgb,rgb/Steven_Van_Zandt_0001.ppm,58.1,6.609e-7,0.0002
lfw,all,rgb,rgb/Stipe_Mesic_0001.ppm,58.3,6.561e-7,0.0001
lfw,all,rgb,rgb/Stockard_Channing_0001.ppm,63.7,7.703e-7,0.0002
lfw,all,rgb,rgb/Stockard_Channing_0002.ppm,67.6,7.030e-7,0.0002
lfw,all,rgb,rgb/Stockard_Channing_0003.ppm,62.5,6.913e-7,0.0002
lfw,all,rgb,rgb/Strom_Thurmond_0001.ppm,55.2,6.905e-7,0.0001
lfw,all,rgb,rgb/Strom_Thurmond_0002.ppm,54.7,9.055e-7,0.0002
lfw,all,rgb,rgb/Strom_Thurmond_0003.ppm,59.0,8.258e-7,0.0002
lfw,all,rgb,rgb/Stuart_Knoll_0001.ppm,35.7,1.590e-6,0.0004
lfw,all,rgb,rgb/Stuart_Townsend_0001.ppm,55.2,7.715e-7,0.0001
lfw,all,rgb,rgb/Stuart_Whitman_0001.ppm,56.0,7.111e-7,0.0002
lfw,all,rgb,rgb/Sue_Grafton_0001.ppm,59.4,6.417e-7,0.0002
lfw,all,rgb,rgb/Sue_Guevara_0001.ppm,59.0,7.101e-7,0.0002
lfw,all,rgb,rgb/Sue_Johnston_0001.ppm,57.4,7.989e-7,0.0001
lfw,all,rgb,rgb/Sue_Slavec_0001.ppm,61.1,6.722e-7,0.0001
lfw,all,rgb,rgb/Sue_Wicks_0001.ppm,59.8,7.515e-7,0.0002
lfw,all,rgb,rgb/Sue_Wicks_0002.ppm,58.9,7.218e-7,0.0002
lfw,all,rgb,rgb/Suh_Chung-won_0001.ppm,39.7,1.178e-6,0.0001
lfw,all,rgb,rgb/Suh_Young-hoon_0001.ppm,42.7,7.602e-7,0.0001
lfw,all,rgb,rgb/Suk_Chung_Hong_0001.ppm,59.6,5.906e-7,0.0001
lfw,all,rgb,rgb/Sultan_Qaboos_0001.ppm,55.7,7.085e-7,0.0001
lfw,all,rgb,rgb/Sun_Myung_Moon_0001.ppm,61.4,8.365e-7,0.0002
lfw,all,rgb,rgb/Sung_Hong_Choi_0001.ppm,59.7,7.192e-7,0.0001
lfw,all,rgb,rgb/Supachai_Panitchpakdi_0001.ppm,57.6,7.583e-7,0.0002
lfw,all,rgb,rgb/Surakait_Sathirathai_0001.ppm,57.5,6.955e-7,0.0001
lfw,all,rgb,rgb/Surakait_Sathirathai_0002.ppm,59.3,7.370e-7,0.0002
lfw,all,rgb,rgb/Sureyya_Ayhan_0001.ppm,58.0,7.155e-7,0.0001
lfw,all,rgb,rgb/Surya_Bahadur_Thapa_0001.ppm,60.2,6.799e-7,0.0002
lfw,all,rgb,rgb/Susan_Collins_0001.ppm,66.4,6.840e-7,0.0002
lfw,all,rgb,rgb/Susan_Collins_0002.ppm,59.7,7.061e-7,0.0002
lfw,all,rgb,rgb/Susan_Sarandon_0001.ppm,65.2,6.256e-7,0.0002
lfw,all,rgb,rgb/Susan_Sarandon_0002.ppm,55.8,1.063e-6,0.0002
lfw,all,rgb,rgb/Susan_Sarandon_0003.ppm,61.8,6.907e-7,0.0002
lfw,all,rgb,rgb/Susan_Sarandon_0004.ppm,58.7,7.138e-7,0.0001
lfw,all,rgb,rgb/Susan_Sarandon_0005.ppm,62.6,6.993e-7,0.0002
lfw,all,rgb,rgb/Susan_Sarandon_0006.ppm,65.5,5.981e-7,0.0001
lfw,all,rgb,rgb/Susan_Walvius_0001.ppm,60.8,7.108e-7,0.0001
lfw,all,rgb,rgb/Susan_Whelan_0001.ppm,56.2,6.983e-7,0.0001
lfw,all,rgb,rgb/Sushma_Swaraj_0001.ppm,53.4,7.329e-7,0.0001
lfw,all,rgb,rgb/Susie_Castillo_0001.ppm,69.2,6.417e-7,0.0001
lfw,all,rgb,rgb/Susie_Castillo_0002.ppm,60.0,6.788e-7,0.0001
lfw,all,rgb,rgb/Susilo_Bambang_Yudhoyono_0001.ppm,58.7,7.382e-7,0.0001
lfw,all,rgb,rgb/Susilo_Bambang_Yudhoyono_0002.ppm,56.8,7.320e-7,0.0001
lfw,all,rgb,rgb/Susilo_Bambang_Yudhoyono_0003.ppm,59.4,7.317e-7,0.0002
lfw,all,rgb,rgb/Susilo_Bambang_Yudhoyono_0004.ppm,57.6,7.346e-7,0.0002
lfw,all,rgb,rgb/Suzanne_Fox_0001.ppm,55.3,7.588e-7,0.0002
lfw,all,rgb,rgb/Suzanne_Gaudet_0001.ppm,59.4,7.047e-7,0.0002
lfw,all,rgb,rgb/Suzanne_Gaudet_0002.ppm,55.7,6.781e-7,0.0001
lfw,all,rgb,rgb/Suzanne_Haik_Terrell_0001.ppm,54.3,7.234e-7,0.0001
lfw,all,rgb,rgb/Suzanne_Mubarak_0001.ppm,56.6,7.378e-7,0.0001
lfw,all,rgb,rgb/Suzanne_Somers_0001.ppm,58.8,7.238e-7,0.0002
lfw,all,rgb,rgb/Suzanne_Torrance_0001.ppm,58.8,6.529e-7,0.0001
lfw,all,rgb,rgb/Suzie_McConnell_Serio_0001.ppm,56.2,7.153e-7,0.0001
lfw,all,rgb,rgb/Sven_Goran_Eriksson_0001.ppm,64.4,6.585e-7,0.0002
lfw,all,rgb,rgb/Sven_Ottke_0001.ppm,57.8,7.446e-7,0.0002
lfw,all,rgb,rgb/Svend_Aage_Jensby_0001.ppm,59.0,7.140e-7,0.0001
lfw,all,rgb,rgb/Svend_Robinson_0001.ppm,54.6,7.702e-7,0.0001
lfw,all,rgb,rgb/Svetislav_Pesic_0001.ppm,56.1,6.956e-7,0.0001
lfw,all,rgb,rgb/Svetlana_Belousova_0001.ppm,58.3,7.091e-7,0.0002
lfw,all,rgb,rgb/Svetlana_Koroleva_0001.ppm,62.0,6.343e-7,0.0001
lfw,all,rgb,rgb/Svetlana_Koroleva_0002.ppm,65.3,6.183e-7,0.0001
lfw,all,rgb,rgb/Svetoslav_Todorov_0001.ppm,57.3,7.501e-7,0.0001
lfw,all,rgb,rgb/Sybille_Schmid_0001.ppm,62.4,7.003e-7,0.0002
lfw,all,rgb,rgb/Syed_Abdul_Rahman_Geelani_0001.ppm,57.8,7.098e-7,0.0001
lfw,all,rgb,rgb/Syed_Ibrahim_0001.ppm,62.8,6.978e-7,0.0002
lfw,all,rgb,rgb/Sylvester_Stallone_0001.ppm,55.1,7.117e-7,0.0001
lfw,all,rgb,rgb/Sylvester_Stallone_0002.ppm,57.8,8.022e-7,0.0002
lfw,all,rgb,rgb/Sylvester_Stallone_0003.ppm,57.6,7.033e-7,0.0001
lfw,all,rgb,rgb/Sylvester_Stallone_0004.ppm,56.8,7.150e-7,0.0001
lfw,all,rgb,rgb/Sylvester_Stallone_0005.ppm,60.4,7.975e-7,0.0002
lfw,all,rgb,rgb/Sylvester_Stallone_0006.ppm,64.9,8.010e-7,0.0002
lfw,all,rgb,rgb/Sylvester_Stallone_0007.ppm,60.2,6.178e-7,0.0002
lfw,all,rgb,rgb/Sylvester_Stallone_0008.ppm,57.5,6.986e-7,0.0002
lfw,all,rgb,rgb/Sylvester_Stallone_0009.ppm,60.9,7.519e-7,0.0002
lfw,all,rgb,rgb/Sylvia_Plachy_0001.ppm,45.4,7.636e-7,0.0001
lfw,all,rgb,rgb/Sylvie_Guillem_0001.ppm,60.0,7.202e-7,0.0001
lfw,all,rgb,rgb/Szu_Yu_Chen_0001.ppm,56.2,7.034e-7,0.0001
lfw,all,rgb,rgb/TA_McLendon_0001.ppm,68.4,6.469e-7,0.0002
lfw,all,rgb,rgb/TJ_Ford_0001.ppm,57.1,7.255e-7,0.0002
lfw,all,rgb,rgb/T_Boone_Pickens_0001.ppm,60.4,7.760e-7,0.0002
lfw,all,rgb,rgb/Tab_Baldwin_0001.ppm,58.8,8.325e-7,0.0002
lfw,all,rgb,rgb/Tab_Turner_0001.ppm,56.1,7.914e-7,0.0002
lfw,all,rgb,rgb/Tabare_Vazquez_0001.ppm,54.2,7.655e-7,0.0001
lfw,all,rgb,rgb/Taha_Yassin_Ramadan_0001.ppm,56.0,7.443e-7,0.0002
lfw,all,rgb,rgb/Taha_Yassin_Ramadan_0002.ppm,41.9,7.728e-7,0.0001
lfw,all,rgb,rgb/Taha_Yassin_Ramadan_0003.ppm,56.7,7.851e-7,0.0002
lfw,all,rgb,rgb/Taha_Yassin_Ramadan_0004.ppm,57.4,6.029e-7,0.0001
lfw,all,rgb,rgb/Taha_Yassin_Ramadan_0005.ppm,69.4,5.903e-7,0.0002
lfw,all,rgb,rgb/Taha_Yassin_Ramadan_0006.ppm,58.3,6.533e-7,0.0001
lfw,all,rgb,rgb/Taha_Yassin_Ramadan_0007.ppm,57.3,6.306e-7,0.0001
lfw,all,rgb,rgb/Taha_Yassin_Ramadan_0008.ppm,57.8,6.894e-7,0.0001
lfw,all,rgb,rgb/Taha_Yassin_Ramadan_0009.ppm,55.9,6.650e-7,0.0001
lfw,all,rgb,rgb/Taha_Yassin_Ramadan_0010.ppm,54.1,7.840e-7,0.0001
lfw,all,rgb,rgb/Taha_Yassin_Ramadan_0011.ppm,63.1,7.821e-7,0.0002
lfw,all,rgb,rgb/Taha_Yassin_Ramadan_0012.ppm,55.7,8.306e-7,0.0001
lfw,all,rgb,rgb/Taha_Yassin_Ramadan_0013.ppm,57.0,6.973e-7,0.0002
lfw,all,rgb,rgb/Taha_Yassin_Ramadan_0014.ppm,56.9,7.948e-7,0.0002
lfw,all,rgb,rgb/Taha_Yassin_Ramadan_0015.ppm,56.6,7.823e-7,0.0002
lfw,all,rgb,rgb/Taia_Balk_0001.ppm,63.9,7.591e-7,0.0002
lfw,all,rgb,rgb/Takahiro_Mori_0001.ppm,54.1,7.478e-7,0.0002
lfw,all,rgb,rgb/Takaloo_0001.ppm,54.3,7.380e-7,0.0001
lfw,all,rgb,rgb/Takashi_Sorimachi_0001.ppm,56.3,7.473e-7,0.0001
lfw,all,rgb,rgb/Takashi_Sorimachi_0002.ppm,61.7,7.170e-7,0.0002
lfw,all,rgb,rgb/Takashi_Yamamoto_0001.ppm,65.9,7.314e-7,0.0002
lfw,all,rgb,rgb/Takenori_Kanzaki_0001.ppm,56.8,7.287e-7,0.0002
lfw,all,rgb,rgb/Takeo_Fukui_0001.ppm,47.3,7.692e-7,0.0002
lfw,all,rgb,rgb/Takeo_Hiranuma_0001.ppm,46.0,8.039e-7,0.0001
lfw,all,rgb,rgb/Takeshi_Kitano_0001.ppm,55.9,7.228e-7,0.0001
lfw,all,rgb,rgb/Taku_Yamasaki_0001.ppm,53.7,7.008e-7,0.0002
lfw,all,rgb,rgb/Takuma_Sato_0001.ppm,55.3,6.914e-7,0.0002
lfw,all,rgb,rgb/Talal_Keenaan_0001.ppm,58.4,6.659e-7,0.0001
lfw,all,rgb,rgb/Tali_Imani_0001.ppm,61.0,6.687e-7,0.0001
lfw,all,rgb,rgb/Talisa_Bratt_0001.ppm,61.6,6.426e-7,0.0001
lfw,all,rgb,rgb/Talisa_Soto_0001.ppm,60.7,6.957e-7,0.0001
lfw,all,rgb,rgb/Tamara_Brooks_0001.ppm,62.3,7.094e-7,0.0002
lfw,all,rgb,rgb/Tamara_Brooks_0002.ppm,54.2,7.187e-7,0.0001
lfw,all,rgb,rgb/Tamara_Mowry_0001.ppm,62.8,7.739e-7,0.0002
lfw,all,rgb,rgb/Tamara_Stokes_0001.ppm,65.0,7.235e-7,0.0001
lfw,all,rgb,rgb/Tamika_Catchings_0001.ppm,57.7,7.012e-7,0.0002
lfw,all,rgb,rgb/Tammy_Helm_0001.ppm,57.6,7.690e-7,0.0002
lfw,all,rgb,rgb/Tammy_Lynn_Michaels_0001.ppm,60.8,7.166e-7,0.0001
lfw,all,rgb,rgb/Tammy_Lynn_Michaels_0002.ppm,65.1,6.210e-7,0.0001
lfw,all,rgb,rgb/Tang_Jiaxuan_0001.ppm,61.1,6.717e-7,0.0001
lfw,all,rgb,rgb/Tang_Jiaxuan_0002.ppm,63.9,6.603e-7,0.0001
lfw,all,rgb,rgb/Tang_Jiaxuan_0003.ppm,65.9,6.607e-7,0.0002
lfw,all,rgb,rgb/Tang_Jiaxuan_0004.ppm,67.7,6.470e-7,0.0001
lfw,all,rgb,rgb/Tang_Jiaxuan_0005.ppm,69.7,6.281e-7,0.0002
lfw,all,rgb,rgb/Tang_Jiaxuan_0006.ppm,61.6,6.921e-7,0.0001
lfw,all,rgb,rgb/Tang_Jiaxuan_0007.ppm,68.6,7.495e-7,0.0002
lfw,all,rgb,rgb/Tang_Jiaxuan_0008.ppm,61.6,6.779e-7,0.0002
lfw,all,rgb,rgb/Tang_Jiaxuan_0009.ppm,55.8,7.872e-7,0.0001
lfw,all,rgb,rgb/Tang_Jiaxuan_0010.ppm,59.8,7.593e-7,0.0002
lfw,all,rgb,rgb/Tang_Jiaxuan_0011.ppm,61.5,6.738e-7,0.0001
lfw,all,rgb,rgb/Tangra_Riggle_0001.ppm,62.7,6.305e-7,0.0002
lfw,all,rgb,rgb/Tanya_Holyk_0001.ppm,62.6,7.630e-7,0.0002
lfw,all,rgb,rgb/Tanya_Lindenmuth_0001.ppm,59.5,7.006e-7,0.0001
lfw,all,rgb,rgb/Taoufik_Mathlouthi_0001.ppm,58.3,6.966e-7,0.0002
lfw,all,rgb,rgb/Tara_Dawn_Christensen_0001.ppm,67.6,6.060e-7,0.0002
lfw,all,rgb,rgb/Tara_Kirk_0001.ppm,68.7,8.754e-7,0.0002
lfw,all,rgb,rgb/Tara_Reid_0001.ppm,61.2,7.603e-7,0.0002
lfw,all,rgb,rgb/Tara_VanDerveer_0001.ppm,55.3,6.236e-7,0.0001
lfw,all,rgb,rgb/Tariq_Aziz_0001.ppm,58.6,7.366e-7,0.0002
lfw,all,rgb,rgb/Tariq_Aziz_0002.ppm,58.2,7.445e-7,0.0001
lfw,all,rgb,rgb/Tariq_Aziz_0003.ppm,49.4,8.328e-7,0.0001
lfw,all,rgb,rgb/Tariq_Aziz_0004.ppm,48.3,6.954e-7,0.0001
lfw,all,rgb,rgb/Tariq_Aziz_0005.ppm,56.1,7.620e-7,0.0001
lfw,all,rgb,rgb/Tariq_Aziz_0006.ppm,60.7,6.921e-7,0.0002
lfw,all,rgb,rgb/Tassos_Papadopoulos_0001.ppm,52.8,7.345e-7,0.0001
lfw,all,rgb,rgb/Tassos_Papadopoulos_0002.ppm,56.6,7.136e-7,0.0001
lfw,all,rgb,rgb/Tassos_Papadopoulos_0003.ppm,55.2,7.963e-7,0.0001
lfw,all,rgb,rgb/Tatiana_Gratcheva_0001.ppm,62.0,5.572e-7,0.0001
lfw,all,rgb,rgb/Tatiana_Kennedy_Schlossberg_0001.ppm,49.0,9.224e-7,0.0001
lfw,all,rgb,rgb/Tatiana_Panova_0001.ppm,58.8,8.220e-7,0.0001
lfw,all,rgb,rgb/Tatiana_Paus_0001.ppm,58.9,5.845e-7,0.0001
lfw,all,rgb,rgb/Tatiana_Shchegoleva_0001.ppm,75.6,6.440e-7,0.0002
lfw,all,rgb,rgb/Tatjana_Gsell_0001.ppm,58.5,6.901e-7,0.0001
lfw,all,rgb,rgb/Tatsuya_Fuji_0001.ppm,57.4,7.254e-7,0.0001
lfw,all,rgb,rgb/Tatyana_Tomashova_0001.ppm,54.5,7.307e-7,0.0002
lfw,all,rgb,rgb/Taufik_Hidayat_0001.ppm,52.8,7.344e-7,0.0001
lfw,all,rgb,rgb/Taufik_Hidayat_0002.ppm,55.1,7.370e-7,0.0001
lfw,all,rgb,rgb/Taufik_Hidayat_0003.ppm,53.2,7.537e-7,0.0002
lfw,all,rgb,rgb/Taufik_Kiemas_0001.ppm,58.8,6.955e-7,0.0002
lfw,all,rgb,rgb/Tavis_Smiley_0001.ppm,58.3,7.135e-7,0.0001
lfw,all,rgb,rgb/Taylor_Twellman_0001.ppm,52.9,7.064e-7,0.0001
lfw,all,rgb,rgb/Taylyn_Solomon_0001.ppm,56.8,6.266e-7,0.0001
lfw,all,rgb,rgb/Tayshaun_Prince_0001.ppm,56.6,7.298e-7,0.0001
lfw,all,rgb,rgb/Tayyeb_Abdel_Rahim_0001.ppm,53.8,7.414e-7,0.0001
lfw,all,rgb,rgb/Ted_Christopher_0001.ppm,51.6,7.584e-7,0.0002
lfw,all,rgb,rgb/Ted_Costa_0001.ppm,54.1,8.193e-7,0.0001
lfw,all,rgb,rgb/Ted_Maher_0001.ppm,59.7,6.490e-7,0.0001
lfw,all,rgb,rgb/Ted_Maher_0002.ppm,59.0,6.910e-7,0.0001
lfw,all,rgb,rgb/Ted_Nolan_0001.ppm,51.7,6.906e-7,0.0001
lfw,all,rgb,rgb/Ted_Turner_0001.ppm,53.2,8.812e-7,0.0002
lfw,all,rgb,rgb/Ted_Washington_0001.ppm,73.7,6.795e-7,0.0002
lfw,all,rgb,rgb/Ted_Williams_0001.ppm,54.4,7.769e-7,0.0001
lfw,all,rgb,rgb/Teddy_Kollek_0001.ppm,57.7,7.014e-7,0.0001
lfw,all,rgb,rgb/Terence_Newman_0001.ppm,63.6,6.610e-7,0.0002
lfw,all,rgb,rgb/Teresa_Graves_0001.ppm,65.1,6.693e-7,0.0002
lfw,all,rgb,rgb/Teresa_Heinz_Kerry_0001.ppm,58.8,6.433e-7,0.0001
lfw,all,rgb,rgb/Teresa_Williams_0001.ppm,66.4,6.280e-7,0.0001
lfw,all,rgb,rgb/Teresa_Worbis_0001.ppm,56.3,7.362e-7,0.0001
lfw,all,rgb,rgb/Teri_Files_0001.ppm,59.1,8.335e-7,0.0002
lfw,all,rgb,rgb/Teri_Garr_0001.ppm,60.5,7.314e-7,0.0001
lfw,all,rgb,rgb/Teri_ORourke_0001.ppm,51.6,9.224e-7,0.0002
lfw,all,rgb,rgb/Terje_Roed-Larsen_0001.ppm,59.4,7.349e-7,0.0001
lfw,all,rgb,rgb/Terje_Roed-Larsen_0002.ppm,57.2,8.170e-7,0.0002
lfw,all,rgb,rgb/Terrell_Suggs_0001.ppm,64.6,6.835e-7,0.0001
lfw,all,rgb,rgb/Terrell_Suggs_0002.ppm,63.3,7.509e-7,0.0002
lfw,all,rgb,rgb/Terrence_Kiel_0001.ppm,67.4,6.507e-7,0.0002
lfw,all,rgb,rgb/Terrence_Trammell_0001.ppm,61.8,6.501e-7,0.0001
lfw,all,rgb,rgb/Terri_Clark_0001.ppm,59.5,7.516e-7,0.0001
lfw,all,rgb,rgb/Terry_Bradshaw_0001.ppm,53.5,7.238e-7,0.0002
lfw,all,rgb,rgb/Terry_Gilliam_0001.ppm,60.9,7.684e-7,0.0001
lfw,all,rgb,rgb/Terry_Hoeppner_0001.ppm,55.6,8.035e-7,0.0001
lfw,all,rgb,rgb/Terry_Lynn_Barton_0001.ppm,60.6,6.988e-7,0.0001
lfw,all,rgb,rgb/Terry_McAuliffe_0001.ppm,52.7,1.050e-6,0.0002
lfw,all,rgb,rgb/Terry_McAuliffe_0002.ppm,55.5,7.504e-7,0.0001
lfw,all,rgb,rgb/Terry_McAuliffe_0003.ppm,61.0,8.430e-7,0.0002
lfw,all,rgb,rgb/Terry_Semel_0001.ppm,52.2,8.985e-7,0.0001
lfw,all,rgb,rgb/Terry_Stotts_0001.ppm,49.4,7.403e-7,0.0001
lfw,all,rgb,rgb/Terry_Stotts_0002.ppm,45.3,8.873e-7,0.0001
lfw,all,rgb,rgb/Teruaki_Masumoto_0001.ppm,52.1,7.704e-7,0.0002
lfw,all,rgb,rgb/Terunobu_Maeda_0001.ppm,51.8,6.438e-7,0.0001
lfw,all,rgb,rgb/Tessa_Jowell_0001.ppm,70.9,6.291e-7,0.0002
lfw,all,rgb,rgb/Tex_Ritter_0001.ppm,59.2,6.117e-7,0.0001
lfw,all,rgb,rgb/Thabo_Mbeki_0001.ppm,68.6,7.187e-7,0.0002
lfw,all,rgb,rgb/Thabo_Mbeki_0002.ppm,62.3,6.868e-7,0.0002
lfw,all,rgb,rgb/Thabo_Mbeki_0003.ppm,51.3,7.357e-7,0.0002
lfw,all,rgb,rgb/Thabo_Mbeki_0004.ppm,72.7,7.745e-7,0.0002
lfw,all,rgb,rgb/Thabo_Mbeki_0005.ppm,64.1,7.336e-7,0.0002
lfw,all,rgb,rgb/Thad_Matta_0001.ppm,58.1,7.009e-7,0.0002
lfw,all,rgb,rgb/Thaksin_Shinawatra_0001.ppm,61.4,6.508e-7,0.0001
lfw,all,rgb,rgb/Thaksin_Shinawatra_0002.ppm,64.0,6.064e-7,0.0001
lfw,all,rgb,rgb/Thaksin_Shinawatra_0003.ppm,53.2,8.007e-7,0.0002
lfw,all,rgb,rgb/Thaksin_Shinawatra_0004.ppm,51.3,7.266e-7,0.0002
lfw,all,rgb,rgb/Thaksin_Shinawatra_0005.ppm,55.7,7.221e-7,0.0001
lfw,all,rgb,rgb/Thaksin_Shinawatra_0006.ppm,45.2,8.131e-7,0.0001
lfw,all,rgb,rgb/Thalia_0001.ppm,54.9,6.950e-7,0.0001
lfw,all,rgb,rgb/Thanongsak_Tuvinan_0001.ppm,57.6,6.092e-7,0.0001
lfw,all,rgb,rgb/Theo_Angelopoulos_0001.ppm,60.6,7.122e-7,0.0002
lfw,all,rgb,rgb/Theo_Epstein_0001.ppm,60.3,7.178e-7,0.0001
lfw,all,rgb,rgb/Theo_Epstein_0002.ppm,63.4,7.264e-7,0.0002
lfw,all,rgb,rgb/Theodore_Tweed_Roosevelt_0001.ppm,68.6,7.043e-7,0.0002
lfw,all,rgb,rgb/Theodore_Tweed_Roosevelt_0002.ppm,66.8,6.590e-7,0.0001
lfw,all,rgb,rgb/Theodore_Tweed_Roosevelt_0003.ppm,70.9,6.896e-7,0.0002
lfw,all,rgb,rgb/Theresa_Gattung_0001.ppm,64.8,7.130e-7,0.0001
lfw,all,rgb,rgb/Theresa_May_0001.ppm,61.7,7.662e-7,0.0001
lfw,all,rgb,rgb/Theresa_May_0002.ppm,61.4,7.342e-7,0.0002
lfw,all,rgb,rgb/Theresa_May_0003.ppm,63.6,7.240e-7,0.0001
lfw,all,rgb,rgb/Thierry_Falise_0001.ppm,54.6,6.919e-7,0.0002
lfw,all,rgb,rgb/Thierry_Falise_0002.ppm,61.6,6.405e-7,0.0002
lfw,all,rgb,rgb/Thierry_Falise_0003.ppm,61.8,6.619e-7,0.0002
lfw,all,rgb,rgb/Thierry_Mariani_0001.ppm,60.8,7.554e-7,0.0001
lfw,all,rgb,rgb/Thomas_Birmingham_0001.ppm,56.8,7.218e-7,0.0002
lfw,all,rgb,rgb/Thomas_Birmingham_0002.ppm,41.6,1.041e-6,0.0001
lfw,all,rgb,rgb/Thomas_Bjorn_0001.ppm,62.7,6.816e-7,0.0002
lfw,all,rgb,rgb/Thomas_Bjorn_0002.ppm,65.4,8.062e-7,0.0002
lfw,all,rgb,rgb/Thomas_Cloyd_0001.ppm,63.1,7.032e-7,0.0002
lfw,all,rgb,rgb/Thomas_Daily_0001.ppm,56.5,7.358e-7,0.0001
lfw,all,rgb,rgb/Thomas_Day_0001.ppm,62.6,7.096e-7,0.0001
lfw,all,rgb,rgb/Thomas_Enqvist_0001.ppm,56.8,7.303e-7,0.0001
lfw,all,rgb,rgb/Thomas_Fargo_0001.ppm,53.2,7.620e-7,0.0001
lfw,all,rgb,rgb/Thomas_Fargo_0002.ppm,52.2,8.354e-7,0.0001
lfw,all,rgb,rgb/Thomas_Fargo_0003.ppm,63.2,7.441e-7,0.0002
lfw,all,rgb,rgb/Thomas_Fargo_0004.ppm,55.6,8.020e-7,0.0002
lfw,all,rgb,rgb/Thomas_Ferguson_0001.ppm,60.2,8.148e-7,0.0002
lfw,all,rgb,rgb/Thomas_Franklin_0001.ppm,59.1,7.559e-7,0.0002
lfw,all,rgb,rgb/Thomas_Gottschalk_0001.ppm,51.4,9.744e-7,0.0002
lfw,all,rgb,rgb/Thomas_Haeggstroem_0001.ppm,58.6,7.158e-7,0.0001
lfw,all,rgb,rgb/Thomas_Kelly_0001.ppm,48.9,6.627e-7,0.0001
lfw,all,rgb,rgb/Thomas_Klestil_0001.ppm,65.8,7.124e-7,0.0001
lfw,all,rgb,rgb/Thomas_Malchow_0001.ppm,61.8,7.169e-7,0.0001
lfw,all,rgb,rgb/Thomas_Malchow_0002.ppm,60.7,7.287e-7,0.0001
lfw,all,rgb,rgb/Thomas_Manger_0001.ppm,53.2,7.916e-7,0.0002
lfw,all,rgb,rgb/Thomas_Mesereau_Jr_0001.ppm,57.5,7.884e-7,0.0002
lfw,all,rgb,rgb/Thomas_OBrien_0001.ppm,58.3,7.979e-7,0.0002
lfw,all,rgb,rgb/Thomas_OBrien_0002.ppm,52.9,7.648e-7,0.0001
lfw,all,rgb,rgb/Thomas_OBrien_0003.ppm,55.2,7.740e-7,0.0001
lfw,all,rgb,rgb/Thomas_OBrien_0004.ppm,50.8,8.130e-7,0.0001
lfw,all,rgb,rgb/Thomas_OBrien_0005.ppm,49.4,8.797e-7,0.0001
lfw,all,rgb,rgb/Thomas_OBrien_0006.ppm,47.5,7.643e-7,0.0001
lfw,all,rgb,rgb/Thomas_OBrien_0007.ppm,51.5,8.355e-7,0.0001
lfw,all,rgb,rgb/Thomas_OBrien_0008.ppm,72.6,6.726e-7,0.0002
lfw,all,rgb,rgb/Thomas_OBrien_0009.ppm,53.5,8.012e-7,0.0001
lfw,all,rgb,rgb/Thomas_Rupprath_0001.ppm,62.4,7.148e-7,0.0002
lfw,all,rgb,rgb/Thomas_Rupprath_0002.ppm,59.1,7.069e-7,0.0002
lfw,all,rgb,rgb/Thomas_Rupprath_0003.ppm,62.3,6.268e-7,0.0001
lfw,all,rgb,rgb/Thomas_Scavone_0001.ppm,58.7,7.152e-7,0.0001
lfw,all,rgb,rgb/Thomas_Stewart_0001.ppm,56.5,6.899e-7,0.0001
lfw,all,rgb,rgb/Thomas_Ulrich_0001.ppm,63.3,7.530e-7,0.0002
lfw,all,rgb,rgb/Thomas_Van_Essen_0001.ppm,72.0,5.868e-7,0.0002
lfw,all,rgb,rgb/Thomas_Watjen_0001.ppm,55.2,7.565e-7,0.0001
lfw,all,rgb,rgb/Thomas_Weston_0001.ppm,51.1,7.143e-7,0.0001
lfw,all,rgb,rgb/Thomas_Wilkens_0001.ppm,59.7,7.411e-7,0.0001
lfw,all,rgb,rgb/Thomas_Wyman_0001.ppm,61.4,7.599e-7,0.0002
lfw,all,rgb,rgb/Thomas_Wyman_0002.ppm,52.6,8.353e-7,0.0002
lfw,all,rgb,rgb/Thor_Pedersen_0001.ppm,53.6,1.106e-6,0.0002
lfw,all,rgb,rgb/Tia_Mowry_0001.ppm,69.9,6.587e-7,0.0002
lfw,all,rgb,rgb/Tiago_Splitter_0001.ppm,55.1,7.185e-7,0.0002
lfw,all,rgb,rgb/Tian_Liang_0001.ppm,54.3,7.782e-7,0.0001
lfw,all,rgb,rgb/Tian_Zhuang_Zhuang_0001.ppm,57.0,6.643e-7,0.0001
lfw,all,rgb,rgb/Tiffany_Limos_0001.ppm,55.6,7.469e-7,0.0001
lfw,all,rgb,rgb/Tiger_Woods_0001.ppm,58.8,7.385e-7,0.0002
lfw,all,rgb,rgb/Tiger_Woods_0002.ppm,59.1,6.941e-7,0.0002
lfw,all,rgb,rgb/Tiger_Woods_0003.ppm,61.7,6.911e-7,0.0002
lfw,all,rgb,rgb/Tiger_Woods_0004.ppm,54.3,7.306e-7,0.0001
lfw,all,rgb,rgb/Tiger_Woods_0005.ppm,56.1,8.050e-7,0.0001
lfw,all,rgb,rgb/Tiger_Woods_0006.ppm,58.8,7.233e-7,0.0002
lfw,all,rgb,rgb/Tiger_Woods_0007.ppm,60.1,7.472e-7,0.0002
lfw,all,rgb,rgb/Tiger_Woods_0008.ppm,63.8,6.751e-7,0.0002
lfw,all,rgb,rgb/Tiger_Woods_0009.ppm,61.8,6.746e-7,0.0002
lfw,all,rgb,rgb/Tiger_Woods_0010.ppm,76.3,6.297e-7,0.0002
lfw,all,rgb,rgb/Tiger_Woods_0011.ppm,63.2,6.832e-7,0.0001
lfw,all,rgb,rgb/Tiger_Woods_0012.ppm,56.8,6.557e-7,0.0001
lfw,all,rgb,rgb/Tiger_Woods_0013.ppm,57.8,7.846e-7,0.0002
lfw,all,rgb,rgb/Tiger_Woods_0014.ppm,58.2,5.965e-7,0.0001
lfw,all,rgb,rgb/Tiger_Woods_0015.ppm,58.6,7.031e-7,0.0001
lfw,all,rgb,rgb/Tiger_Woods_0016.ppm,56.0,6.104e-7,0.0001
lfw,all,rgb,rgb/Tiger_Woods_0017.ppm,70.6,6.206e-7,0.0002
lfw,all,rgb,rgb/Tiger_Woods_0018.ppm,67.1,5.887e-7,0.0001
lfw,all,rgb,rgb/Tiger_Woods_0019.ppm,58.2,6.146e-7,0.0001
lfw,all,rgb,rgb/Tiger_Woods_0020.ppm,63.1,6.987e-7,0.0002
lfw,all,rgb,rgb/Tiger_Woods_0021.ppm,59.7,7.167e-7,0.0001
lfw,all,rgb,rgb/Tiger_Woods_0022.ppm,54.3,7.942e-7,0.0001
lfw,all,rgb,rgb/Tiger_Woods_0023.ppm,82.9,6.010e-7,0.0002
lfw,all,rgb,rgb/Tim_Allen_0001.ppm,56.7,7.696e-7,0.0001
lfw,all,rgb,rgb/Tim_Allen_0002.ppm,56.0,7.973e-7,0.0002
lfw,all,rgb,rgb/Tim_Allen_0003.ppm,56.3,8.338e-7,0.0002
lfw,all,rgb,rgb/Tim_Allen_0004.ppm,58.9,6.842e-7,0.0001
lfw,all,rgb,rgb/Tim_Blake_Nelson_0001.ppm,54.7,7.326e-7,0.0001
lfw,all,rgb,rgb/Tim_Chapman_0001.ppm,59.4,8.035e-7,0.0002
lfw,all,rgb,rgb/Tim_Chapman_0002.ppm,68.0,6.245e-7,0.0001
lfw,all,rgb,rgb/Tim_Conway_0001.ppm,59.1,7.356e-7,0.0001
lfw,all,rgb,rgb/Tim_Conway_0002.ppm,54.8,7.347e-7,0.0001
lfw,all,rgb,rgb/Tim_Conway_0003.ppm,52.5,7.952e-7,0.0001
lfw,all,rgb,rgb/Tim_Curley_0001.ppm,50.5,8.512e-7,0.0001
lfw,all,rgb,rgb/Tim_Curry_0001.ppm,55.2,7.858e-7,0.0001
lfw,all,rgb,rgb/Tim_Curry_0002.ppm,58.6,7.694e-7,0.0002
lfw,all,rgb,rgb/Tim_Duncan_0001.ppm,54.9,7.249e-7,0.0001
lfw,all,rgb,rgb/Tim_Duncan_0002.ppm,52.3,7.110e-7,0.0001
lfw,all,rgb,rgb/Tim_Duncan_0003.ppm,53.5,6.885e-7,0.0001
lfw,all,rgb,rgb/Tim_Duncan_0004.ppm,49.8,9.310e-7,0.0002
lfw,all,rgb,rgb/Tim_Floyd_0001.ppm,56.8,7.262e-7,0.0002
lfw,all,rgb,rgb/Tim_Floyd_0002.ppm,57.6,7.118e-7,0.0001
lfw,all,rgb,rgb/Tim_Henman_0001.ppm,57.9,7.248e-7,0.0002
lfw,all,rgb,rgb/Tim_Henman_0002.ppm,54.3,7.123e-7,0.0001
lfw,all,rgb,rgb/Tim_Henman_0003.ppm,60.8,7.606e-7,0.0002
lfw,all,rgb,rgb/Tim_Henman_0004.ppm,57.7,6.863e-7,0.0002
lfw,all,rgb,rgb/Tim_Henman_0005.ppm,63.9,6.392e-7,0.0001
lfw,all,rgb,rgb/Tim_Henman_0006.ppm,58.1,6.847e-7,0.0001
lfw,all,rgb,rgb/Tim_Henman_0007.ppm,53.0,7.757e-7,0.0002
lfw,all,rgb,rgb/Tim_Henman_0008.ppm,56.6,7.192e-7,0.0001
lfw,all,rgb,rgb/Tim_Henman_0009.ppm,57.5,6.847e-7,0.0001
lfw,all,rgb,rgb/Tim_Henman_0010.ppm,57.2,6.849e-7,0.0001
lfw,all,rgb,rgb/Tim_Henman_0011.ppm,53.6,7.352e-7,0.0001
lfw,all,rgb,rgb/Tim_Henman_0012.ppm,56.6,6.942e-7,0.0001
lfw,all,rgb,rgb/Tim_Henman_0013.ppm,58.4,6.556e-7,0.0002
lfw,all,rgb,rgb/Tim_Henman_0014.ppm,59.0,7.248e-7,0.0002
lfw,all,rgb,rgb/Tim_Henman_0015.ppm,64.7,6.585e-7,0.0002
lfw,all,rgb,rgb/Tim_Henman_0016.ppm,52.5,7.583e-7,0.0001
lfw,all,rgb,rgb/Tim_Henman_0017.ppm,54.9,6.848e-7,0.0001
lfw,all,rgb,rgb/Tim_Henman_0018.ppm,57.7,7.995e-7,0.0002
lfw,all,rgb,rgb/Tim_Henman_0019.ppm,54.5,7.409e-7,0.0001
lfw,all,rgb,rgb/Tim_Howard_0001.ppm,59.8,6.635e-7,0.0002
lfw,all,rgb,rgb/Tim_Jones_0001.ppm,51.2,7.716e-7,0.0002
lfw,all,rgb,rgb/Tim_Lobinger_0001.ppm,56.9,7.338e-7,0.0001
lfw,all,rgb,rgb/Tim_Lopes_0001.ppm,62.0,6.492e-7,0.0001
lfw,all,rgb,rgb/Tim_Matheson_0001.ppm,57.2,8.756e-7,0.0002
lfw,all,rgb,rgb/Tim_Norbeck_0001.ppm,46.8,9.202e-7,0.0001
lfw,all,rgb,rgb/Tim_Pawlenty_0001.ppm,54.7,8.517e-7,0.0002
lfw,all,rgb,rgb/Tim_Robbins_0001.ppm,58.4,7.144e-7,0.0002
lfw,all,rgb,rgb/Tim_Robbins_0002.ppm,58.9,6.958e-7,0.0001
lfw,all,rgb,rgb/Tim_Robbins_0003.ppm,59.0,8.096e-7,0.0002
lfw,all,rgb,rgb/Tim_Robbins_0004.ppm,49.6,7.459e-7,0.0001
lfw,all,rgb,rgb/Tim_Robbins_0005.ppm,59.8,7.578e-7,0.0001
lfw,all,rgb,rgb/Tim_Salmon_0001.ppm,55.2,7.266e-7,0.0001
lfw,all,rgb,rgb/Tim_Welsh_0001.ppm,53.7,6.816e-7,0.0001
lfw,all,rgb,rgb/Timbul_Silaen_0001.ppm,61.9,7.212e-7,0.0001
lfw,all,rgb,rgb/Timothy_Coughlin_0001.ppm,55.6,7.155e-7,0.0001
lfw,all,rgb,rgb/Timothy_Goebel_0001.ppm,58.1,7.601e-7,0.0002
lfw,all,rgb,rgb/Timothy_McVeigh_0001.ppm,64.1,7.181e-7,0.0002
lfw,all,rgb,rgb/Timothy_Rigas_0001.ppm,60.6,7.193e-7,0.0002
lfw,all,rgb,rgb/Timothy_Wirth_0001.ppm,56.1,8.064e-7,0.0001
lfw,all,rgb,rgb/Tina_Andrews_0001.ppm,55.3,7.503e-7,0.0001
lfw,all,rgb,rgb/Tina_Brown_0001.ppm,57.5,7.654e-7,0.0001
lfw,all,rgb,rgb/Tina_Conner_0001.ppm,61.3,7.011e-7,0.0001
lfw,all,rgb,rgb/Tina_Fey_0001.ppm,53.6,8.423e-7,0.0002
lfw,all,rgb,rgb/Tina_Pisnik_0001.ppm,62.0,7.043e-7,0.0002
lfw,all,rgb,rgb/Tina_Sinatra_0001.ppm,66.8,6.676e-7,0.0002
lfw,all,rgb,rgb/Tino_Martinez_0001.ppm,64.5,6.673e-7,0.0002
lfw,all,rgb,rgb/Tippi_Hedren_0001.ppm,60.2,8.174e-7,0.0002
lfw,all,rgb,rgb/Tippi_Hedren_0002.ppm,57.8,7.347e-7,0.0002
lfw,all,rgb,rgb/Tirunesh_Dibaba_0001.ppm,61.0,6.828e-7,0.0001
lfw,all,rgb,rgb/Toby_Keith_0001.ppm,59.4,6.588e-7,0.0001
lfw,all,rgb,rgb/Tocker_Pudwill_0001.ppm,58.2,7.366e-7,0.0001
lfw,all,rgb,rgb/Todd_Haynes_0001.ppm,57.8,7.714e-7,0.0001
lfw,all,rgb,rgb/Todd_Haynes_0002.ppm,63.6,7.126e-7,0.0002
lfw,all,rgb,rgb/Todd_Haynes_0003.ppm,61.9,6.756e-7,0.0001
lfw,all,rgb,rgb/Todd_Haynes_0004.ppm,63.6,6.536e-7,0.0001
lfw,all,rgb,rgb/Todd_MacCulloch_0001.ppm,60.3,6.720e-7,0.0001
lfw,all,rgb,rgb/Todd_Parrott_0001.ppm,59.3,7.041e-7,0.0002
lfw,all,rgb,rgb/Todd_Petit_0001.ppm,56.4,7.069e-7,0.0001
lfw,all,rgb,rgb/Todd_Reid_0001.ppm,58.5,7.126e-7,0.0002
lfw,all,rgb,rgb/Todd_Robbins_0001.ppm,61.3,6.769e-7,0.0002
lfw,all,rgb,rgb/Todd_Wike_0001.ppm,55.4,7.603e-7,0.0001
lfw,all,rgb,rgb/Tom_Amstutz_0001.ppm,56.9,8.544e-7,0.0002
lfw,all,rgb,rgb/Tom_Brady_0001.ppm,62.0,7.574e-7,0.0002
lfw,all,rgb,rgb/Tom_Brady_0002.ppm,38.1,6.686e-7,0.0001
lfw,all,rgb,rgb/Tom_Brennan_0001.ppm,57.0,8.134e-7,0.0002
lfw,all,rgb,rgb/Tom_Christerson_0001.ppm,55.3,7.459e-7,0.0001
lfw,all,rgb,rgb/Tom_Coughlin_0001.ppm,58.7,7.587e-7,0.0002
lfw,all,rgb,rgb/Tom_Coverdale_0001.ppm,55.0,6.803e-7,0.0002
lfw,all,rgb,rgb/Tom_Coverdale_0002.ppm,58.1,6.951e-7,0.0001
lfw,all,rgb,rgb/Tom_Craddick_0001.ppm,60.9,7.081e-7,0.0001
lfw,all,rgb,rgb/Tom_Craddick_0002.ppm,60.1,6.756e-7,0.0001
lfw,all,rgb,rgb/Tom_Craddick_0003.ppm,63.3,6.813e-7,0.0001
lfw,all,rgb,rgb/Tom_Craddick_0004.ppm,62.6,6.611e-7,0.0001
lfw,all,rgb,rgb/Tom_Crean_0001.ppm,55.3,7.283e-7,0.0001
lfw,all,rgb,rgb/Tom_Crean_0002.ppm,50.9,9.054e-7,0.0001
lfw,all,rgb,rgb/Tom_Crean_0003.ppm,62.8,8.084e-7,0.0002
lfw,all,rgb,rgb/Tom_Crean_0004.ppm,67.2,7.068e-7,0.0002
lfw,all,rgb,rgb/Tom_Crean_0005.ppm,55.3,7.732e-7,0.0001
lfw,all,rgb,rgb/Tom_Cruise_0001.ppm,63.2,6.998e-7,0.0002
lfw,all,rgb,rgb/Tom_Cruise_0002.ppm,64.2,6.916e-7,0.0001
lfw,all,rgb,rgb/Tom_Cruise_0003.ppm,59.8,6.928e-7,0.0001
lfw,all,rgb,rgb/Tom_Cruise_0004.ppm,62.4,6.701e-7,0.0002
lfw,all,rgb,rgb/Tom_Cruise_0005.ppm,74.3,7.227e-7,0.0002
lfw,all,rgb,rgb/Tom_Cruise_0006.ppm,67.5,6.927e-7,0.0002
lfw,all,rgb,rgb/Tom_Cruise_0007.ppm,63.6,6.807e-7,0.0002
lfw,all,rgb,rgb/Tom_Cruise_0008.ppm,64.8,7.020e-7,0.0002
lfw,all,rgb,rgb/Tom_Cruise_0009.ppm,52.1,7.793e-7,0.0001
lfw,all,rgb,rgb/Tom_Cruise_0010.ppm,63.5,7.051e-7,0.0001
lfw,all,rgb,rgb/Tom_Curley_0001.ppm,51.2,8.592e-7,0.0002
lfw,all,rgb,rgb/Tom_Daschle_0001.ppm,51.5,8.159e-7,0.0001
lfw,all,rgb,rgb/Tom_Daschle_0002.ppm,60.2,7.118e-7,0.0001
lfw,all,rgb,rgb/Tom_Daschle_0003.ppm,56.1,7.406e-7,0.0001
lfw,all,rgb,rgb/Tom_Daschle_0004.ppm,66.5,6.317e-7,0.0001
lfw,all,rgb,rgb/Tom_Daschle_0005.ppm,54.9,7.035e-7,0.0001
lfw,all,rgb,rgb/Tom_Daschle_0006.ppm,58.9,6.487e-7,0.0001
lfw,all,rgb,rgb/Tom_Daschle_0007.ppm,57.7,6.788e-7,0.0001
lfw,all,rgb,rgb/Tom_Daschle_0008.ppm,61.0,6.734e-7,0.0001
lfw,all,rgb,rgb/Tom_Daschle_0009.ppm,33.6,7.648e-7,0.0001
lfw,all,rgb,rgb/Tom_Daschle_0010.ppm,56.7,7.307e-7,0.0001
lfw,all,rgb,rgb/Tom_Daschle_0011.ppm,66.7,6.880e-7,0.0002
lfw,all,rgb,rgb/Tom_Daschle_0012.ppm,58.2,6.970e-7,0.0001
lfw,all,rgb,rgb/Tom_Daschle_0013.ppm,56.3,7.745e-7,0.0002
lfw,all,rgb,rgb/Tom_Daschle_0014.ppm,56.5,7.896e-7,0.0001
lfw,all,rgb,rgb/Tom_Daschle_0015.ppm,57.1,8.081e-7,0.0002
lfw,all,rgb,rgb/Tom_Daschle_0016.ppm,55.1,7.973e-7,0.0001
lfw,all,rgb,rgb/Tom_Daschle_0017.ppm,53.2,7.892e-7,0.0002
lfw,all,rgb,rgb/Tom_Daschle_0018.ppm,58.7,7.384e-7,0.0002
lfw,all,rgb,rgb/Tom_Daschle_0019.ppm,56.7,7.080e-7,0.0001
lfw,all,rgb,rgb/Tom_Daschle_0020.ppm,55.1,7.145e-7,0.0002
lfw,all,rgb,rgb/Tom_Daschle_0021.ppm,59.9,7.965e-7,0.0002
lfw,all,rgb,rgb/Tom_Daschle_0022.ppm,53.5,8.069e-7,0.0001
lfw,all,rgb,rgb/Tom_Daschle_0023.ppm,55.3,7.540e-7,0.0002
lfw,all,rgb,rgb/Tom_Daschle_0024.ppm,54.2,7.872e-7,0.0002
lfw,all,rgb,rgb/Tom_Daschle_0025.ppm,57.3,7.311e-7,0.0001
lfw,all,rgb,rgb/Tom_DeLay_0001.ppm,64.3,5.957e-7,0.0001
lfw,all,rgb,rgb/Tom_Foy_0001.ppm,62.8,7.046e-7,0.0002
lfw,all,rgb,rgb/Tom_Gamboa_0001.ppm,60.6,6.698e-7,0.0001
lfw,all,rgb,rgb/Tom_Glavine_0001.ppm,56.8,7.295e-7,0.0002
lfw,all,rgb,rgb/Tom_Glavine_0002.ppm,67.5,6.094e-7,0.0001
lfw,all,rgb,rgb/Tom_Hanks_0001.ppm,58.0,7.451e-7,0.0001
lfw,all,rgb,rgb/Tom_Hanks_0002.ppm,78.0,8.489e-7,0.0002
lfw,all,rgb,rgb/Tom_Hanks_0003.ppm,55.9,8.881e-7,0.0002
lfw,all,rgb,rgb/Tom_Hanks_0004.ppm,59.9,8.470e-7,0.0002
lfw,all,rgb,rgb/Tom_Hanks_0005.ppm,53.2,7.587e-7,0.0001
lfw,all,rgb,rgb/Tom_Hanks_0006.ppm,49.6,8.340e-7,0.0002
lfw,all,rgb,rgb/Tom_Hanks_0007.ppm,52.1,8.492e-7,0.0002
lfw,all,rgb,rgb/Tom_Hanks_0008.ppm,62.2,7.452e-7,0.0002
lfw,all,rgb,rgb/Tom_Hanks_0009.ppm,62.2,7.437e-7,0.0002
lfw,all,rgb,rgb/Tom_Hanks_0010.ppm,59.3,7.563e-7,0.0002
lfw,all,rgb,rgb/Tom_Hanusik_0001.ppm,67.3,5.772e-7,0.0002
lfw,all,rgb,rgb/Tom_Harkin_0001.ppm,57.3,8.535e-7,0.0002
lfw,all,rgb,rgb/Tom_Harkin_0002.ppm,57.6,7.862e-7,0.0002
lfw,all,rgb,rgb/Tom_Harkin_0003.ppm,54.0,7.780e-7,0.0002
lfw,all,rgb,rgb/Tom_Harkin_0004.ppm,53.5,7.821e-7,0.0002
lfw,all,rgb,rgb/Tom_Harkin_0005.ppm,58.4,7.395e-7,0.0002
lfw,all,rgb,rgb/Tom_Izzo_0001.ppm,55.4,7.167e-7,0.0001
lfw,all,rgb,rgb/Tom_Jones_0001.ppm,62.1,7.299e-7,0.0002
lfw,all,rgb,rgb/Tom_Jones_0002.ppm,55.3,7.100e-7,0.0001
lfw,all,rgb,rgb/Tom_Kelly_0001.ppm,55.5,8.250e-7,0.0002
lfw,all,rgb,rgb/Tom_Koenigs_0001.ppm,49.2,7.494e-7,0.0001
lfw,all,rgb,rgb/Tom_Lantos_0001.ppm,57.2,8.942e-7,0.0002
lfw,all,rgb,rgb/Tom_McClintock_0001.ppm,56.1,8.616e-7,0.0002
lfw,all,rgb,rgb/Tom_Miller_0001.ppm,55.3,7.434e-7,0.0002
lfw,all,rgb,rgb/Tom_Moss_0001.ppm,57.9,8.411e-7,0.0002
lfw,all,rgb,rgb/Tom_OBrien_0001.ppm,57.7,7.528e-7,0.0002
lfw,all,rgb,rgb/Tom_Osborne_0001.ppm,60.7,8.058e-7,0.0002
lfw,all,rgb,rgb/Tom_Poston_0001.ppm,54.7,8.514e-7,0.0002
lfw,all,rgb,rgb/Tom_Reilly_0001.ppm,57.0,7.861e-7,0.0002
lfw,all,rgb,rgb/Tom_Reilly_0002.ppm,66.5,7.513e-7,0.0002
lfw,all,rgb,rgb/Tom_Reilly_0003.ppm,60.2,6.647e-7,0.0001
lfw,all,rgb,rgb/Tom_Ridge_0001.ppm,60.4,7.622e-7,0.0002
lfw,all,rgb,rgb/Tom_Ridge_0002.ppm,57.2,7.137e-7,0.0001
lfw,all,rgb,rgb/Tom_Ridge_0003.ppm,57.5,7.080e-7,0.0001
lfw,all,rgb,rgb/Tom_Ridge_0004.ppm,60.4,6.840e-7,0.0002
lfw,all,rgb,rgb/Tom_Ridge_0005.ppm,62.0,7.182e-7,0.0002
lfw,all,rgb,rgb/Tom_Ridge_0006.ppm,62.0,7.002e-7,0.0001
lfw,all,rgb,rgb/Tom_Ridge_0007.ppm,55.9,7.580e-7,0.0002
lfw,all,rgb,rgb/Tom_Ridge_0008.ppm,58.3,7.969e-7,0.0002
lfw,all,rgb,rgb/Tom_Ridge_0009.ppm,59.2,7.441e-7,0.0001
lfw,all,rgb,rgb/Tom_Ridge_0010.ppm,55.8,7.442e-7,0.0002
lfw,all,rgb,rgb/Tom_Ridge_0011.ppm,55.4,7.520e-7,0.0001
lfw,all,rgb,rgb/Tom_Ridge_0012.ppm,59.7,7.295e-7,0.0001
lfw,all,rgb,rgb/Tom_Ridge_0013.ppm,52.6,7.397e-7,0.0001
lfw,all,rgb,rgb/Tom_Ridge_0014.ppm,60.9,7.022e-7,0.0001
lfw,all,rgb,rgb/Tom_Ridge_0015.ppm,64.0,6.734e-7,0.0001
lfw,all,rgb,rgb/Tom_Ridge_0016.ppm,63.0,7.125e-7,0.0001
lfw,all,rgb,rgb/Tom_Ridge_0017.ppm,63.2,7.402e-7,0.0002
lfw,all,rgb,rgb/Tom_Ridge_0018.ppm,51.8,8.496e-7,0.0002
lfw,all,rgb,rgb/Tom_Ridge_0019.ppm,60.4,7.014e-7,0.0001
lfw,all,rgb,rgb/Tom_Ridge_0020.ppm,51.3,8.685e-7,0.0001
lfw,all,rgb,rgb/Tom_Ridge_0021.ppm,57.0,7.548e-7,0.0001
lfw,all,rgb,rgb/Tom_Ridge_0022.ppm,58.5,7.132e-7,0.0001
lfw,all,rgb,rgb/Tom_Ridge_0023.ppm,59.0,7.217e-7,0.0002
lfw,all,rgb,rgb/Tom_Ridge_0024.ppm,54.5,7.545e-7,0.0001
lfw,all,rgb,rgb/Tom_Ridge_0025.ppm,55.9,6.821e-7,0.0001
lfw,all,rgb,rgb/Tom_Ridge_0026.ppm,55.6,7.079e-7,0.0002
lfw,all,rgb,rgb/Tom_Ridge_0027.ppm,58.3,6.916e-7,0.0001
lfw,all,rgb,rgb/Tom_Ridge_0028.ppm,53.3,7.788e-7,0.0001
lfw,all,rgb,rgb/Tom_Ridge_0029.ppm,57.1,7.729e-7,0.0002
lfw,all,rgb,rgb/Tom_Ridge_0030.ppm,52.4,8.105e-7,0.0001
lfw,all,rgb,rgb/Tom_Ridge_0031.ppm,56.7,7.192e-7,0.0001
lfw,all,rgb,rgb/Tom_Ridge_0032.ppm,52.3,8.848e-7,0.0002
lfw,all,rgb,rgb/Tom_Ridge_0033.ppm,52.2,7.974e-7,0.0002
lfw,all,rgb,rgb/Tom_Rouen_0001.ppm,60.0,6.828e-7,0.0002
lfw,all,rgb,rgb/Tom_Schnackenberg_0001.ppm,49.1,7.599e-7,0.0001
lfw,all,rgb,rgb/Tom_Scully_0001.ppm,57.4,6.694e-7,0.0002
lfw,all,rgb,rgb/Tom_Sizemore_0001.ppm,64.8,6.727e-7,0.0001
lfw,all,rgb,rgb/Tom_Smothers_0001.ppm,58.4,7.278e-7,0.0001
lfw,all,rgb,rgb/Tom_Tunney_0001.ppm,60.5,7.755e-7,0.0001
lfw,all,rgb,rgb/Tom_Vilsack_0001.ppm,62.2,7.521e-7,0.0001
lfw,all,rgb,rgb/Tom_Watson_0001.ppm,59.1,6.074e-7,0.0001
lfw,all,rgb,rgb/Tom_Watson_0002.ppm,69.2,6.135e-7,0.0002
lfw,all,rgb,rgb/Tom_Watson_0003.ppm,68.2,6.158e-7,0.0001
lfw,all,rgb,rgb/Tom_Welch_0001.ppm,58.0,7.422e-7,0.0002
lfw,all,rgb,rgb/Tomas_Enge_0001.ppm,60.0,6.043e-7,0.0001
lfw,all,rgb,rgb/Tomas_Malik_0001.ppm,64.2,7.848e-7,0.0002
lfw,all,rgb,rgb/Tommy_Amaker_0001.ppm,63.8,6.850e-7,0.0002
lfw,all,rgb,rgb/Tommy_Franks_0001.ppm,60.0,6.930e-7,0.0002
lfw,all,rgb,rgb/Tommy_Franks_0002.ppm,59.4,6.726e-7,0.0001
lfw,all,rgb,rgb/Tommy_Franks_0003.ppm,56.3,8.268e-7,0.0002
lfw,all,rgb,rgb/Tommy_Franks_0004.ppm,58.9,6.907e-7,0.0001
lfw,all,rgb,rgb/Tommy_Franks_0005.ppm,59.1,7.932e-7,0.0002
lfw,all,rgb,rgb/Tommy_Franks_0006.ppm,57.5,7.136e-7,0.0002
lfw,all,rgb,rgb/Tommy_Franks_0007.ppm,55.4,7.817e-7,0.0001
lfw,all,rgb,rgb/Tommy_Franks_0008.ppm,56.8,7.251e-7,0.0002
lfw,all,rgb,rgb/Tommy_Franks_0009.ppm,59.4,6.834e-7,0.0002
lfw,all,rgb,rgb/Tommy_Franks_0010.ppm,58.6,7.238e-7,0.0002
lfw,all,rgb,rgb/Tommy_Franks_0011.ppm,52.0,9.423e-7,0.0001
lfw,all,rgb,rgb/Tommy_Franks_0012.ppm,54.5,7.730e-7,0.0001
lfw,all,rgb,rgb/Tommy_Franks_0013.ppm,57.6,7.189e-7,0.0001
lfw,all,rgb,rgb/Tommy_Franks_0014.ppm,71.5,6.758e-7,0.0002
lfw,all,rgb,rgb/Tommy_Franks_0015.ppm,55.4,7.560e-7,0.0001
lfw,all,rgb,rgb/Tommy_Franks_0016.ppm,53.6,7.408e-7,0.0001
lfw,all,rgb,rgb/Tommy_Haas_0001.ppm,58.6,6.531e-7,0.0002
lfw,all,rgb,rgb/Tommy_Haas_0002.ppm,60.3,7.083e-7,0.0002
lfw,all,rgb,rgb/Tommy_Haas_0003.ppm,57.4,6.921e-7,0.0002
lfw,all,rgb,rgb/Tommy_Haas_0004.ppm,62.2,7.304e-7,0.0002
lfw,all,rgb,rgb/Tommy_Haas_0005.ppm,62.4,6.952e-7,0.0001
lfw,all,rgb,rgb/Tommy_Haas_0006.ppm,70.3,6.468e-7,0.0002
lfw,all,rgb,rgb/Tommy_Lasorda_0001.ppm,68.9,7.260e-7,0.0002
lfw,all,rgb,rgb/Tommy_Lewis_0001.ppm,82.2,6.697e-7,0.0002
lfw,all,rgb,rgb/Tommy_Maddox_0001.ppm,60.3,7.724e-7,0.0002
lfw,all,rgb,rgb/Tommy_Robredo_0001.ppm,68.4,7.099e-7,0.0002
lfw,all,rgb,rgb/Tommy_Robredo_0002.ppm,56.0,7.639e-7,0.0002
lfw,all,rgb,rgb/Tommy_Robredo_0003.ppm,56.5,7.457e-7,0.0001
lfw,all,rgb,rgb/Tommy_Shane_Steiner_0001.ppm,62.5,7.060e-7,0.0002
lfw,all,rgb,rgb/Tommy_Thompson_0001.ppm,62.1,7.230e-7,0.0002
lfw,all,rgb,rgb/Tommy_Thompson_0002.ppm,59.4,7.432e-7,0.0001
lfw,all,rgb,rgb/Tommy_Thompson_0003.ppm,64.6,7.822e-7,0.0002
lfw,all,rgb,rgb/Tommy_Thompson_0004.ppm,61.6,7.119e-7,0.0002
lfw,all,rgb,rgb/Tommy_Thompson_0005.ppm,62.8,7.285e-7,0.0002
lfw,all,rgb,rgb/Tommy_Thompson_0006.ppm,60.8,7.355e-7,0.0002
lfw,all,rgb,rgb/Tommy_Thompson_0007.ppm,56.4,7.505e-7,0.0001
lfw,all,rgb,rgb/Tommy_Thompson_0008.ppm,55.8,7.809e-7,0.0001
lfw,all,rgb,rgb/Tommy_Thompson_0009.ppm,52.4,8.264e-7,0.0002
lfw,all,rgb,rgb/Tommy_Thompson_0010.ppm,55.3,6.892e-7,0.0001
lfw,all,rgb,rgb/Tommy_Tubberville_0001.ppm,60.3,6.228e-7,0.0001
lfw,all,rgb,rgb/Tomoko_Hagiwara_0001.ppm,56.2,7.913e-7,0.0001
lfw,all,rgb,rgb/Tomoko_Hagiwara_0002.ppm,52.6,7.143e-7,0.0001
lfw,all,rgb,rgb/Tomomi_Morita_0001.ppm,57.1,6.882e-7,0.0001
lfw,all,rgb,rgb/Tonga_0001.ppm,53.2,8.275e-7,0.0002
lfw,all,rgb,rgb/Toni_Braxton_0001.ppm,62.5,6.194e-7,0.0001
lfw,all,rgb,rgb/Toni_Braxton_0002.ppm,59.8,7.167e-7,0.0001
lfw,all,rgb,rgb/Toni_Braxton_0003.ppm,60.9,6.480e-7,0.0001
lfw,all,rgb,rgb/Toni_Jennings_0001.ppm,56.4,7.153e-7,0.0001
lfw,all,rgb,rgb/Tonino_Guerra_0001.ppm,56.9,5.059e-7,0.0001
lfw,all,rgb,rgb/Tono_Suratman_0001.ppm,57.8,7.034e-7,0.0001
lfw,all,rgb,rgb/Tony_Bennett_0001.ppm,56.2,7.508e-7,0.0002
lfw,all,rgb,rgb/Tony_Bennett_0002.ppm,56.6,6.650e-7,0.0001
lfw,all,rgb,rgb/Tony_Bennett_0003.ppm,63.5,6.259e-7,0.0001
lfw,all,rgb,rgb/Tony_Bennett_0004.ppm,59.9,7.446e-7,0.0001
lfw,all,rgb,rgb/Tony_Blair_0001.ppm,49.5,8.136e-7,0.0002
lfw,all,rgb,rgb/Tony_Blair_0002.ppm,58.7,7.558e-7,0.0002
lfw,all,rgb,rgb/Tony_Blair_0003.ppm,55.2,7.543e-7,0.0002
lfw,all,rgb,rgb/Tony_Blair_0004.ppm,54.5,7.714e-7,0.0001
lfw,all,rgb,rgb/Tony_Blair_0005.ppm,52.5,8.085e-7,0.0001
lfw,all,rgb,rgb/Tony_Blair_0006.ppm,56.6,7.657e-7,0.0002
lfw,all,rgb,rgb/Tony_Blair_0007.ppm,55.8,7.245e-7,0.0002
lfw,all,rgb,rgb/Tony_Blair_0008.ppm,50.8,8.782e-7,0.0001
lfw,all,rgb,rgb/Tony_Blair_0009.ppm,56.5,7.457e-7,0.0001
lfw,all,rgb,rgb/Tony_Blair_0010.ppm,50.6,7.136e-7,0.0002
lfw,all,rgb,rgb/Tony_Blair_0011.ppm,56.3,8.268e-7,0.0001
lfw,all,rgb,rgb/Tony_Blair_0012.ppm,53.8,8.266e-7,0.0002
lfw,all,rgb,rgb/Tony_Blair_0013.ppm,55.5,8.203e-7,0.0001
lfw,all,rgb,rgb/Tony_Blair_0014.ppm,59.0,7.921e-7,0.0002
lfw,all,rgb,rgb/Tony_Blair_0015.ppm,55.0,7.971e-7,0.0002
lfw,all,rgb,rgb/Tony_Blair_0016.ppm,54.9,8.270e-7,0.0002
lfw,all,rgb,rgb/Tony_Blair_0017.ppm,56.7,8.406e-7,0.0002
lfw,all,rgb,rgb/Tony_Blair_0018.ppm,56.5,7.831e-7,0.0001
lfw,all,rgb,rgb/Tony_Blair_0019.ppm,54.6,7.489e-7,0.0001
lfw,all,rgb,rgb/Tony_Blair_0020.ppm,58.2,7.516e-7,0.0001
lfw,all,rgb,rgb/Tony_Blair_0021.ppm,61.0,7.196e-7,0.0002
lfw,all,rgb,rgb/Tony_Blair_0022.ppm,55.6,7.701e-7,0.0001
lfw,all,rgb,rgb/Tony_Blair_0023.ppm,46.2,8.445e-7,0.0001
lfw,all,rgb,rgb/Tony_Blair_0024.ppm,54.3,8.296e-7,0.0002
lfw,all,rgb,rgb/Tony_Blair_0025.ppm,57.2,6.636e-7,0.0001
lfw,all,rgb,rgb/Tony_Blair_0026.ppm,50.8,9.349e-7,0.0002
lfw,all,rgb,rgb/Tony_Blair_0027.ppm,60.8,7.416e-7,0.0002
lfw,all,rgb,rgb/Tony_Blair_0028.ppm,56.4,7.857e-7,0.0001
lfw,all,rgb,rgb/Tony_Blair_0029.ppm,55.3,7.319e-7,0.0001
lfw,all,rgb,rgb/Tony_Blair_0030.ppm,52.3,7.642e-7,0.0001
lfw,all,rgb,rgb/Tony_Blair_0031.ppm,58.8,7.670e-7,0.0002
lfw,all,rgb,rgb/Tony_Blair_0032.ppm,51.1,7.820e-7,0.0002
lfw,all,rgb,rgb/Tony_Blair_0033.ppm,55.0,8.066e-7,0.0002
lfw,all,rgb,rgb/Tony_Blair_0034.ppm,54.1,7.739e-7,0.0002
lfw,all,rgb,rgb/Tony_Blair_0035.ppm,58.5,7.191e-7,0.0002
lfw,all,rgb,rgb/Tony_Blair_0036.ppm,54.4,7.822e-7,0.0001
lfw,all,rgb,rgb/Tony_Blair_0037.ppm,52.3,8.523e-7,0.0001
lfw,all,rgb,rgb/Tony_Blair_0038.ppm,42.8,7.730e-7,0.0001
lfw,all,rgb,rgb/Tony_Blair_0039.ppm,55.1,7.484e-7,0.0001
lfw,all,rgb,rgb/Tony_Blair_0040.ppm,57.3,6.991e-7,0.0002
lfw,all,rgb,rgb/Tony_Blair_0041.ppm,58.4,6.952e-7,0.0002
lfw,all,rgb,rgb/Tony_Blair_0042.ppm,58.1,7.915e-7,0.0002
lfw,all,rgb,rgb/Tony_Blair_0043.ppm,58.8,7.290e-7,0.0001
lfw,all,rgb,rgb/Tony_Blair_0044.ppm,55.3,7.030e-7,0.0001
lfw,all,rgb,rgb/Tony_Blair_0045.ppm,57.4,7.036e-7,0.0002
lfw,all,rgb,rgb/Tony_Blair_0046.ppm,55.7,7.361e-7,0.0002
lfw,all,rgb,rgb/Tony_Blair_0047.ppm,53.2,8.558e-7,0.0002
lfw,all,rgb,rgb/Tony_Blair_0048.ppm,55.8,7.595e-7,0.0002
lfw,all,rgb,rgb/Tony_Blair_0049.ppm,52.6,8.092e-7,0.0001
lfw,all,rgb,rgb/Tony_Blair_0050.ppm,59.2,7.437e-7,0.0002
lfw,all,rgb,rgb/Tony_Blair_0051.ppm,48.0,8.215e-7,0.0001
lfw,all,rgb,rgb/Tony_Blair_0052.ppm,55.3,7.677e-7,0.0001
lfw,all,rgb,rgb/Tony_Blair_0053.ppm,55.3,8.073e-7,0.0002
lfw,all,rgb,rgb/Tony_Blair_0054.ppm,51.1,9.076e-7,0.0001
lfw,all,rgb,rgb/Tony_Blair_0055.ppm,55.3,7.747e-7,0.0001
lfw,all,rgb,rgb/Tony_Blair_0056.ppm,51.0,7.543e-7,0.0002
lfw,all,rgb,rgb/Tony_Blair_0057.ppm,60.3,7.489e-7,0.0001
lfw,all,rgb,rgb/Tony_Blair_0058.ppm,57.3,7.551e-7,0.0002
lfw,all,rgb,rgb/Tony_Blair_0059.ppm,50.8,7.600e-7,0.0001
lfw,all,rgb,rgb/Tony_Blair_0060.ppm,49.5,9.465e-7,0.0002
lfw,all,rgb,rgb/Tony_Blair_0061.ppm,57.1,7.085e-7,0.0001
lfw,all,rgb,rgb/Tony_Blair_0062.ppm,55.2,8.150e-7,0.0001
lfw,all,rgb,rgb/Tony_Blair_0063.ppm,53.6,7.557e-7,0.0001
lfw,all,rgb,rgb/Tony_Blair_0064.ppm,54.9,7.377e-7,0.0001
lfw,all,rgb,rgb/Tony_Blair_0065.ppm,57.4,7.473e-7,0.0002
lfw,all,rgb,rgb/Tony_Blair_0066.ppm,56.3,8.028e-7,0.0002
lfw,all,rgb,rgb/Tony_Blair_0067.ppm,59.5,7.774e-7,0.0001
lfw,all,rgb,rgb/Tony_Blair_0068.ppm,57.3,7.692e-7,0.0002
lfw,all,rgb,rgb/Tony_Blair_0069.ppm,55.3,7.201e-7,0.0001
lfw,all,rgb,rgb/Tony_Blair_0070.ppm,57.0,7.509e-7,0.0002
lfw,all,rgb,rgb/Tony_Blair_0071.ppm,48.1,8.181e-7,0.0002
lfw,all,rgb,rgb/Tony_Blair_0072.ppm,59.7,7.458e-7,0.0002
lfw,all,rgb,rgb/Tony_Blair_0073.ppm,57.4,7.360e-7,0.0002
lfw,all,rgb,rgb/Tony_Blair_0074.ppm,53.5,7.415e-7,0.0001
lfw,all,rgb,rgb/Tony_Blair_0075.ppm,51.6,7.415e-7,0.0001
lfw,all,rgb,rgb/Tony_Blair_0076.ppm,57.0,7.305e-7,0.0002
lfw,all,rgb,rgb/Tony_Blair_0077.ppm,52.3,8.493e-7,0.0001
lfw,all,rgb,rgb/Tony_Blair_0078.ppm,57.7,7.060e-7,0.0001
lfw,all,rgb,rgb/Tony_Blair_0079.ppm,58.3,7.698e-7,0.0002
lfw,all,rgb,rgb/Tony_Blair_0080.ppm,55.2,7.496e-7,0.0002
lfw,all,rgb,rgb/Tony_Blair_0081.ppm,55.8,7.947e-7,0.0002
lfw,all,rgb,rgb/Tony_Blair_0082.ppm,56.6,8.043e-7,0.0002
lfw,all,rgb,rgb/Tony_Blair_0083.ppm,57.9,7.497e-7,0.0002
lfw,all,rgb,rgb/Tony_Blair_0084.ppm,54.6,7.604e-7,0.0001
lfw,all,rgb,rgb/Tony_Blair_0085.ppm,54.5,7.702e-7,0.0001
lfw,all,rgb,rgb/Tony_Blair_0086.ppm,59.0,6.909e-7,0.0001
lfw,all,rgb,rgb/Tony_Blair_0087.ppm,53.2,8.258e-7,0.0002
lfw,all,rgb,rgb/Tony_Blair_0088.ppm,54.9,7.836e-7,0.0001
lfw,all,rgb,rgb/Tony_Blair_0089.ppm,57.6,7.316e-7,0.0002
lfw,all,rgb,rgb/Tony_Blair_0090.ppm,56.3,6.599e-7,0.0001
lfw,all,rgb,rgb/Tony_Blair_0091.ppm,61.4,7.821e-7,0.0002
lfw,all,rgb,rgb/Tony_Blair_0092.ppm,55.1,7.702e-7,0.0002
lfw,all,rgb,rgb/Tony_Blair_0093.ppm,63.0,7.694e-7,0.0002
lfw,all,rgb,rgb/Tony_Blair_0094.ppm,54.0,7.667e-7,0.0001
lfw,all,rgb,rgb/Tony_Blair_0095.ppm,55.4,7.691e-7,0.0001
lfw,all,rgb,rgb/Tony_Blair_0096.ppm,54.1,7.682e-7,0.0002
lfw,all,rgb,rgb/Tony_Blair_0097.ppm,57.1,7.466e-7,0.0001
lfw,all,rgb,rgb/Tony_Blair_0098.ppm,57.5,7.601e-7,0.0002
lfw,all,rgb,rgb/Tony_Blair_0099.ppm,57.1,7.551e-7,0.0002
lfw,all,rgb,rgb/Tony_Blair_0100.ppm,49.7,9.478e-7,0.0002
lfw,all,rgb,rgb/Tony_Blair_0101.ppm,60.0,7.748e-7,0.0002
lfw,all,rgb,rgb/Tony_Blair_0102.ppm,52.5,7.665e-7,0.0002
lfw,all,rgb,rgb/Tony_Blair_0103.ppm,57.5,7.384e-7,0.0002
lfw,all,rgb,rgb/Tony_Blair_0104.ppm,59.1,7.454e-7,0.0001
lfw,all,rgb,rgb/Tony_Blair_0105.ppm,56.4,7.436e-7,0.0002
lfw,all,rgb,rgb/Tony_Blair_0106.ppm,56.3,7.244e-7,0.0001
lfw,all,rgb,rgb/Tony_Blair_0107.ppm,57.6,7.471e-7,0.0001
lfw,all,rgb,rgb/Tony_Blair_0108.ppm,54.5,8.117e-7,0.0002
lfw,all,rgb,rgb/Tony_Blair_0109.ppm,54.0,8.202e-7,0.0002
lfw,all,rgb,rgb/Tony_Blair_0110.ppm,49.9,7.437e-7,0.0001
lfw,all,rgb,rgb/Tony_Blair_0111.ppm,49.2,8.299e-7,0.0001
lfw,all,rgb,rgb/Tony_Blair_0112.ppm,56.7,8.267e-7,0.0001
lfw,all,rgb,rgb/Tony_Blair_0113.ppm,54.9,7.687e-7,0.0002
lfw,all,rgb,rgb/Tony_Blair_0114.ppm,58.3,7.416e-7,0.0001
lfw,all,rgb,rgb/Tony_Blair_0115.ppm,60.0,7.225e-7,0.0002
lfw,all,rgb,rgb/Tony_Blair_0116.ppm,54.9,7.413e-7,0.0001
lfw,all,rgb,rgb/Tony_Blair_0117.ppm,51.3,7.854e-7,0.0001
lfw,all,rgb,rgb/Tony_Blair_0118.ppm,54.5,7.733e-7,0.0001
lfw,all,rgb,rgb/Tony_Blair_0119.ppm,51.3,8.458e-7,0.0001
lfw,all,rgb,rgb/Tony_Blair_0120.ppm,56.2,7.859e-7,0.0002
lfw,all,rgb,rgb/Tony_Blair_0121.ppm,57.3,7.348e-7,0.0001
lfw,all,rgb,rgb/Tony_Blair_0122.ppm,56.0,7.524e-7,0.0002
lfw,all,rgb,rgb/Tony_Blair_0123.ppm,53.0,8.104e-7,0.0001
lfw,all,rgb,rgb/Tony_Blair_0124.ppm,56.0,7.411e-7,0.0001
lfw,all,rgb,rgb/Tony_Blair_0125.ppm,58.3,7.351e-7,0.0002
lfw,all,rgb,rgb/Tony_Blair_0126.ppm,59.8,8.587e-7,0.0002
lfw,all,rgb,rgb/Tony_Blair_0127.ppm,52.4,7.640e-7,0.0002
lfw,all,rgb,rgb/Tony_Blair_0128.ppm,54.1,7.611e-7,0.0001
lfw,all,rgb,rgb/Tony_Blair_0129.ppm,57.0,7.581e-7,0.0001
lfw,all,rgb,rgb/Tony_Blair_0130.ppm,55.9,7.361e-7,0.0001
lfw,all,rgb,rgb/Tony_Blair_0131.ppm,55.3,7.091e-7,0.0001
lfw,all,rgb,rgb/Tony_Blair_0132.ppm,37.3,9.248e-7,0.0001
lfw,all,rgb,rgb/Tony_Blair_0133.ppm,59.1,7.618e-7,0.0001
lfw,all,rgb,rgb/Tony_Blair_0134.ppm,58.4,7.550e-7,0.0002
lfw,all,rgb,rgb/Tony_Blair_0135.ppm,58.9,7.147e-7,0.0001
lfw,all,rgb,rgb/Tony_Blair_0136.ppm,54.5,8.169e-7,0.0002
lfw,all,rgb,rgb/Tony_Blair_0137.ppm,53.0,7.880e-7,0.0002
lfw,all,rgb,rgb/Tony_Blair_0138.ppm,53.0,7.800e-7,0.0002
lfw,all,rgb,rgb/Tony_Blair_0139.ppm,52.7,7.362e-7,0.0001
lfw,all,rgb,rgb/Tony_Blair_0140.ppm,58.0,7.114e-7,0.0001
lfw,all,rgb,rgb/Tony_Blair_0141.ppm,55.7,8.167e-7,0.0002
lfw,all,rgb,rgb/Tony_Blair_0142.ppm,54.5,7.718e-7,0.0002
lfw,all,rgb,rgb/Tony_Blair_0143.ppm,58.0,8.340e-7,0.0002
lfw,all,rgb,rgb/Tony_Blair_0144.ppm,56.8,7.800e-7,0.0001
lfw,all,rgb,rgb/Tony_Clement_0001.ppm,56.5,7.495e-7,0.0001
lfw,all,rgb,rgb/Tony_Cummo_0001.ppm,56.6,8.181e-7,0.0001
lfw,all,rgb,rgb/Tony_Curtis_0001.ppm,63.4,7.376e-7,0.0002
lfw,all,rgb,rgb/Tony_Curtis_0002.ppm,57.9,7.830e-7,0.0001
lfw,all,rgb,rgb/Tony_Elias_0001.ppm,58.6,7.192e-7,0.0001
lfw,all,rgb,rgb/Tony_Fernandes_0001.ppm,64.2,6.154e-7,0.0001
lfw,all,rgb,rgb/Tony_LaRussa_0001.ppm,58.4,7.143e-7,0.0002
lfw,all,rgb,rgb/Tony_Parker_0001.ppm,53.5,7.500e-7,0.0001
lfw,all,rgb,rgb/Tony_Parker_0002.ppm,57.1,6.870e-7,0.0002
lfw,all,rgb,rgb/Tony_Shalhoub_0001.ppm,52.3,8.209e-7,0.0001
lfw,all,rgb,rgb/Tony_Shalhoub_0002.ppm,54.0,8.475e-7,0.0002
lfw,all,rgb,rgb/Tony_Shalhoub_0003.ppm,56.6,7.524e-7,0.0001
lfw,all,rgb,rgb/Tony_Shalhoub_0004.ppm,56.4,7.585e-7,0.0001
lfw,all,rgb,rgb/Tony_Stewart_0001.ppm,60.1,7.799e-7,0.0002
lfw,all,rgb,rgb/Tony_Stewart_0002.ppm,61.5,6.931e-7,0.0001
lfw,all,rgb,rgb/Tony_Stewart_0003.ppm,63.8,5.932e-7,0.0002
lfw,all,rgb,rgb/Tony_Stewart_0004.ppm,65.3,6.478e-7,0.0002
lfw,all,rgb,rgb/Tony_Stewart_0005.ppm,57.7,6.528e-7,0.0001
lfw,all,rgb,rgb/Tony_Stewart_0006.ppm,60.3,7.025e-7,0.0001
lfw,all,rgb,rgb/Tonya_Payne_0001.ppm,52.9,7.369e-7,0.0001
lfw,all,rgb,rgb/Tora_Takagi_0001.ppm,52.5,6.543e-7,0.0002
lfw,all,rgb,rgb/Tori_Amos_0001.ppm,57.5,7.268e-7,0.0002
lfw,all,rgb,rgb/Torri_Edwards_0001.ppm,57.5,8.330e-7,0.0002
lfw,all,rgb,rgb/Torri_Edwards_0002.ppm,61.6,6.398e-7,0.0001
lfw,all,rgb,rgb/Toshi_Izawa_0001.ppm,57.9,7.274e-7,0.0001
lfw,all,rgb,rgb/Toshihiko_Fukui_0001.ppm,54.2,7.112e-7,0.0001
lfw,all,rgb,rgb/Toshihiko_Fukui_0002.ppm,57.4,7.006e-7,0.0001
lfw,all,rgb,rgb/Toshihiko_Fukui_0003.ppm,57.1,7.379e-7,0.0001
lfw,all,rgb,rgb/Toshimitsu_Motegi_0001.ppm,59.5,7.316e-7,0.0002
lfw,all,rgb,rgb/Toutai_Kefu_0001.ppm,55.7,6.174e-7,0.0001
lfw,all,rgb,rgb/Tracee_Ellis_Ross_0001.ppm,54.6,7.314e-7,0.0001
lfw,all,rgb,rgb/Tracee_Ellis_Ross_0002.ppm,59.2,7.439e-7,0.0002
lfw,all,rgb,rgb/Tracee_Treadwell_0001.ppm,63.0,7.040e-7,0.0002
lfw,all,rgb,rgb/Tracy_McGrady_0001.ppm,66.9,6.858e-7,0.0002
lfw,all,rgb,rgb/Tracy_McGrady_0002.ppm,56.7,7.092e-7,0.0001
lfw,all,rgb,rgb/Tracy_Wyle_0001.ppm,50.1,9.194e-7,0.0002
lfw,all,rgb,rgb/Travis_Rudolph_0001.ppm,65.6,7.430e-7,0.0002
lfw,all,rgb,rgb/Trent_Lott_0001.ppm,58.5,7.147e-7,0.0002
lfw,all,rgb,rgb/Trent_Lott_0002.ppm,62.9,6.681e-7,0.0001
lfw,all,rgb,rgb/Trent_Lott_0003.ppm,60.5,6.938e-7,0.0001
lfw,all,rgb,rgb/Trent_Lott_0004.ppm,54.4,7.488e-7,0.0002
lfw,all,rgb,rgb/Trent_Lott_0005.ppm,56.2,7.791e-7,0.0001
lfw,all,rgb,rgb/Trent_Lott_0006.ppm,55.6,7.715e-7,0.0002
lfw,all,rgb,rgb/Trent_Lott_0007.ppm,63.4,7.880e-7,0.0001
lfw,all,rgb,rgb/Trent_Lott_0008.ppm,65.4,7.970e-7,0.0002
lfw,all,rgb,rgb/Trent_Lott_0009.ppm,58.5,7.150e-7,0.0001
lfw,all,rgb,rgb/Trent_Lott_0010.ppm,51.2,7.969e-7,0.0001
lfw,all,rgb,rgb/Trent_Lott_0011.ppm,59.8,7.762e-7,0.0002
lfw,all,rgb,rgb/Trent_Lott_0012.ppm,60.3,7.525e-7,0.0002
lfw,all,rgb,rgb/Trent_Lott_0013.ppm,56.0,7.388e-7,0.0001
lfw,all,rgb,rgb/Trent_Lott_0014.ppm,57.0,6.469e-7,0.0001
lfw,all,rgb,rgb/Trent_Lott_0015.ppm,57.7,7.610e-7,0.0002
lfw,all,rgb,rgb/Trent_Lott_0016.ppm,52.8,9.618e-7,0.0002
lfw,all,rgb,rgb/Trevor_McDonald_0001.ppm,62.9,6.887e-7,0.0002
lfw,all,rgb,rgb/Trevor_Watson_0001.ppm,45.6,7.188e-7,0.0001
lfw,all,rgb,rgb/Trisha_Meili_0001.ppm,63.5,6.977e-7,0.0001
lfw,all,rgb,rgb/Trista_Rehn_0001.ppm,62.1,6.923e-7,0.0001
lfw,all,rgb,rgb/Tristan_Gretzky_0001.ppm,56.0,7.223e-7,0.0001
lfw,all,rgb,rgb/Troy_Aikman_0001.ppm,58.9,7.317e-7,0.0002
lfw,all,rgb,rgb/Troy_Garity_0001.ppm,61.2,6.473e-7,0.0001
lfw,all,rgb,rgb/Troy_Hudson_0001.ppm,56.2,7.317e-7,0.0001
lfw,all,rgb,rgb/Troy_Jenkins_0001.ppm,61.0,7.261e-7,0.0002
lfw,all,rgb,rgb/Troy_Polamalu_0001.ppm,63.8,7.024e-7,0.0002
lfw,all,rgb,rgb/Trudi_Lacey_0001.ppm,60.0,7.343e-7,0.0001
lfw,all,rgb,rgb/Tsutomu_Takebe_0001.ppm,53.5,7.777e-7,0.0001
lfw,all,rgb,rgb/Tsutomu_Takebe_0002.ppm,61.8,8.048e-7,0.0002
lfw,all,rgb,rgb/Tubby_Smith_0001.ppm,55.8,7.794e-7,0.0002
lfw,all,rgb,rgb/Tubby_Smith_0002.ppm,55.5,7.464e-7,0.0002
lfw,all,rgb,rgb/Tubby_Smith_0003.ppm,60.9,7.729e-7,0.0002
lfw,all,rgb,rgb/Tuncay_Sanli_0001.ppm,57.4,7.279e-7,0.0002
lfw,all,rgb,rgb/Tung_Chee-hwa_0001.ppm,52.9,9.607e-7,0.0003
lfw,all,rgb,rgb/Tung_Chee-hwa_0002.ppm,56.0,7.281e-7,0.0001
lfw,all,rgb,rgb/Tung_Chee-hwa_0003.ppm,66.0,7.151e-7,0.0002
lfw,all,rgb,rgb/Tung_Chee-hwa_0004.ppm,61.4,7.295e-7,0.0002
lfw,all,rgb,rgb/Tung_Chee-hwa_0005.ppm,57.5,7.226e-7,0.0001
lfw,all,rgb,rgb/Tung_Chee-hwa_0006.ppm,57.4,7.893e-7,0.0002
lfw,all,rgb,rgb/Tung_Chee-hwa_0007.ppm,54.6,8.130e-7,0.0001
lfw,all,rgb,rgb/Tung_Chee-hwa_0008.ppm,54.6,7.102e-7,0.0001
lfw,all,rgb,rgb/Tung_Chee-hwa_0009.ppm,61.5,7.152e-7,0.0002
lfw,all,rgb,rgb/Turner_Gill_0001.ppm,65.7,7.022e-7,0.0002
lfw,all,rgb,rgb/Turner_Stevenson_0001.ppm,56.8,6.828e-7,0.0001
lfw,all,rgb,rgb/Ty_Votaw_0001.ppm,47.5,8.035e-7,0.0001
lfw,all,rgb,rgb/Tyler_Grillo_0001.ppm,60.4,6.722e-7,0.0001
lfw,all,rgb,rgb/Tyler_Hamilton_0001.ppm,66.3,6.848e-7,0.0002
lfw,all,rgb,rgb/Tyler_Hamilton_0002.ppm,77.3,6.939e-7,0.0002
lfw,all,rgb,rgb/Tyra_Banks_0001.ppm,60.8,6.522e-7,0.0001
lfw,all,rgb,rgb/Tyra_Banks_0002.ppm,65.7,6.623e-7,0.0002
lfw,all,rgb,rgb/Tyron_Garner_0001.ppm,61.2,7.106e-7,0.0002
lfw,all,rgb,rgb/Tyron_Garner_0002.ppm,68.2,6.301e-7,0.0002
lfw,all,rgb,rgb/Tyrone_Medley_0001.ppm,55.5,7.649e-7,0.0002
lfw,all,rgb,rgb/Tzipora_Obziler_0001.ppm,57.2,6.880e-7,0.0002
lfw,all,rgb,rgb/Uday_Hussein_0001.ppm,59.1,6.657e-7,0.0001
lfw,all,rgb,rgb/Ulrich_Kueperkoch_0001.ppm,54.5,6.846e-7,0.0001
lfw,all,rgb,rgb/Uma_Thurman_0001.ppm,68.3,7.020e-7,0.0002
lfw,all,rgb,rgb/Uma_Thurman_0002.ppm,66.8,6.612e-7,0.0002
lfw,all,rgb,rgb/Uma_Thurman_0003.ppm,64.6,6.681e-7,0.0001
lfw,all,rgb,rgb/Uri_Lopolianski_0001.ppm,52.3,8.586e-7,0.0002
lfw,all,rgb,rgb/Urmila_Matondkar_0001.ppm,56.4,6.575e-7,0.0001
lfw,all,rgb,rgb/Uthai_Pimchaichon_0001.ppm,55.2,8.258e-7,0.0001
lfw,all,rgb,rgb/Uzi_Even_0001.ppm,62.1,7.530e-7,0.0002
lfw,all,rgb,rgb/Uzi_Landau_0001.ppm,59.2,7.202e-7,0.0001
lfw,all,rgb,rgb/Vaclav_Havel_0001.ppm,41.9,6.598e-7,0.0001
lfw,all,rgb,rgb/Vaclav_Havel_0002.ppm,55.6,7.973e-7,0.0001
lfw,all,rgb,rgb/Vaclav_Havel_0003.ppm,55.4,7.398e-7,0.0001
lfw,all,rgb,rgb/Vaclav_Havel_0004.ppm,49.9,8.682e-7,0.0002
lfw,all,rgb,rgb/Vaclav_Havel_0005.ppm,60.2,7.319e-7,0.0001
lfw,all,rgb,rgb/Vaclav_Havel_0006.ppm,49.1,8.007e-7,0.0002
lfw,all,rgb,rgb/Vaclav_Havel_0007.ppm,59.0,7.688e-7,0.0001
lfw,all,rgb,rgb/Vaclav_Havel_0008.ppm,61.7,7.699e-7,0.0002
lfw,all,rgb,rgb/Vaclav_Havel_0009.ppm,52.5,8.422e-7,0.0002
lfw,all,rgb,rgb/Vaclav_Klaus_0001.ppm,66.2,6.825e-7,0.0002
lfw,all,rgb,rgb/Vaclav_Klaus_0002.ppm,59.7,7.681e-7,0.0001
lfw,all,rgb,rgb/Vadim_Devyatovskiy_0001.ppm,69.5,6.777e-7,0.0002
lfw,all,rgb,rgb/Vadim_Strogalev_0001.ppm,56.9,6.209e-7,0.0002
lfw,all,rgb,rgb/Vagit_Alekperov_0001.ppm,51.6,9.495e-7,0.0002
lfw,all,rgb,rgb/Val_Ackerman_0001.ppm,60.2,7.100e-7,0.0001
lfw,all,rgb,rgb/Valdas_Adamkus_0001.ppm,63.7,7.097e-7,0.0001
lfw,all,rgb,rgb/Valdas_Adamkus_0002.ppm,56.9,7.091e-7,0.0001
lfw,all,rgb,rgb/Valentina_Cervi_0001.ppm,54.1,7.883e-7,0.0001
lfw,all,rgb,rgb/Valentina_Tereshkova_0001.ppm,56.8,7.760e-7,0.0001
lfw,all,rgb,rgb/Valentino_Rossi_0001.ppm,70.6,5.719e-7,0.0002
lfw,all,rgb,rgb/Valentino_Rossi_0002.ppm,61.7,6.613e-7,0.0002
lfw,all,rgb,rgb/Valentino_Rossi_0003.ppm,60.3,6.885e-7,0.0002
lfw,all,rgb,rgb/Valentino_Rossi_0004.ppm,60.0,6.359e-7,0.0002
lfw,all,rgb,rgb/Valentino_Rossi_0005.ppm,63.3,6.158e-7,0.0001
lfw,all,rgb,rgb/Valentino_Rossi_0006.ppm,65.7,6.501e-7,0.0001
lfw,all,rgb,rgb/Valeri_Bure_0001.ppm,61.8,7.326e-7,0.0002
lfw,all,rgb,rgb/Valerie_Harper_0001.ppm,59.0,7.803e-7,0.0002
lfw,all,rgb,rgb/Valerie_Harper_0002.ppm,51.2,7.931e-7,0.0002
lfw,all,rgb,rgb/Valerie_Thwaites_0001.ppm,61.4,7.215e-7,0.0002
lfw,all,rgb,rgb/Valery_Giscard_dEstaing_0001.ppm,57.8,8.001e-7,0.0002
lfw,all,rgb,rgb/Valery_Giscard_dEstaing_0002.ppm,60.3,7.639e-7,0.0001
lfw,all,rgb,rgb/Valery_Giscard_dEstaing_0003.ppm,48.8,8.349e-7,0.0002
lfw,all,rgb,rgb/Valery_Giscard_dEstaing_0004.ppm,52.4,7.993e-7,0.0001
lfw,all,rgb,rgb/Valery_Giscard_dEstaing_0005.ppm,54.5,8.144e-7,0.0002
lfw,all,rgb,rgb/Valery_Giscard_dEstaing_0006.ppm,50.4,8.356e-7,0.0002
lfw,all,rgb,rgb/Valorie_Brabazon_0001.ppm,69.4,6.670e-7,0.0002
lfw,all,rgb,rgb/Van_Hilley_0001.ppm,60.3,7.598e-7,0.0002
lfw,all,rgb,rgb/Vanessa_Incontrada_0001.ppm,59.4,7.075e-7,0.0001
lfw,all,rgb,rgb/Vanessa_Incontrada_0002.ppm,64.0,6.807e-7,0.0001
lfw,all,rgb,rgb/Vanessa_Incontrada_0003.ppm,59.1,7.584e-7,0.0001
lfw,all,rgb,rgb/Vanessa_Incontrada_0004.ppm,60.7,7.366e-7,0.0002
lfw,all,rgb,rgb/Vanessa_Laine_0001.ppm,57.0,7.263e-7,0.0001
lfw,all,rgb,rgb/Vanessa_Redgrave_0001.ppm,59.7,5.992e-7,0.0001
lfw,all,rgb,rgb/Vanessa_Redgrave_0002.ppm,58.6,6.908e-7,0.0001
lfw,all,rgb,rgb/Vanessa_Redgrave_0003.ppm,57.1,7.700e-7,0.0002
lfw,all,rgb,rgb/Vanessa_Redgrave_0004.ppm,58.4,6.831e-7,0.0001
lfw,all,rgb,rgb/Vanessa_Redgrave_0005.ppm,59.6,6.651e-7,0.0002
lfw,all,rgb,rgb/Vanessa_Williams_0001.ppm,62.2,6.811e-7,0.0002
lfw,all,rgb,rgb/Vanessa_Williams_0002.ppm,61.5,7.054e-7,0.0002
lfw,all,rgb,rgb/Vanessa_Williams_0003.ppm,63.7,7.617e-7,0.0002
lfw,all,rgb,rgb/Vassilis_Xiros_0001.ppm,59.1,6.794e-7,0.0001
lfw,all,rgb,rgb/Vecdi_Gonul_0001.ppm,47.1,7.609e-7,0.0001
lfw,all,rgb,rgb/Venus_Williams_0001.ppm,60.2,7.018e-7,0.0001
lfw,all,rgb,rgb/Venus_Williams_0002.ppm,57.6,6.947e-7,0.0001
lfw,all,rgb,rgb/Venus_Williams_0003.ppm,77.8,6.264e-7,0.0002
lfw,all,rgb,rgb/Venus_Williams_0004.ppm,55.3,6.951e-7,0.0001
lfw,all,rgb,rgb/Venus_Williams_0005.ppm,54.3,7.423e-7,0.0002
lfw,all,rgb,rgb/Venus_Williams_0006.ppm,50.0,7.568e-7,0.0002
lfw,all,rgb,rgb/Venus_Williams_0007.ppm,54.9,6.912e-7,0.0001
lfw,all,rgb,rgb/Venus_Williams_0008.ppm,55.2,6.885e-7,0.0001
lfw,all,rgb,rgb/Venus_Williams_0009.ppm,58.6,7.000e-7,0.0001
lfw,all,rgb,rgb/Venus_Williams_0010.ppm,61.0,6.975e-7,0.0001
lfw,all,rgb,rgb/Venus_Williams_0011.ppm,62.8,6.894e-7,0.0002
lfw,all,rgb,rgb/Venus_Williams_0012.ppm,59.5,7.207e-7,0.0002
lfw,all,rgb,rgb/Venus_Williams_0013.ppm,57.0,7.644e-7,0.0002
lfw,all,rgb,rgb/Venus_Williams_0014.ppm,51.2,7.490e-7,0.0001
lfw,all,rgb,rgb/Venus_Williams_0015.ppm,56.7,7.625e-7,0.0001
lfw,all,rgb,rgb/Venus_Williams_0016.ppm,55.1,6.855e-7,0.0002
lfw,all,rgb,rgb/Venus_Williams_0017.ppm,58.4,6.688e-7,0.0001
lfw,all,rgb,rgb/Vernon_Forrest_0001.ppm,63.7,6.471e-7,0.0001
lfw,all,rgb,rgb/Veronica_Lake_0001.ppm,56.1,6.548e-7,0.0001
lfw,all,rgb,rgb/Viara_Vike-Freiberga_0001.ppm,62.1,6.669e-7,0.0001
lfw,all,rgb,rgb/Vicente_Fernandez_0001.ppm,55.6,7.475e-7,0.0001
lfw,all,rgb,rgb/Vicente_Fernandez_0002.ppm,57.3,8.796e-7,0.0002
lfw,all,rgb,rgb/Vicente_Fernandez_0003.ppm,59.0,6.550e-7,0.0001
lfw,all,rgb,rgb/Vicente_Fernandez_0004.ppm,58.8,8.975e-7,0.0002
lfw,all,rgb,rgb/Vicente_Fernandez_0005.ppm,62.3,6.618e-7,0.0001
lfw,all,rgb,rgb/Vicente_Fox_0001.ppm,55.7,7.235e-7,0.0001
lfw,all,rgb,rgb/Vicente_Fox_0002.ppm,57.3,7.610e-7,0.0002
lfw,all,rgb,rgb/Vicente_Fox_0003.ppm,54.5,8.022e-7,0.0002
lfw,all,rgb,rgb/Vicente_Fox_0004.ppm,54.0,7.339e-7,0.0001
lfw,all,rgb,rgb/Vicente_Fox_0005.ppm,52.1,7.204e-7,0.0001
lfw,all,rgb,rgb/Vicente_Fox_0006.ppm,54.4,8.106e-7,0.0001
lfw,all,rgb,rgb/Vicente_Fox_0007.ppm,60.0,7.244e-7,0.0002
lfw,all,rgb,rgb/Vicente_Fox_0008.ppm,63.7,7.551e-7,0.0002
lfw,all,rgb,rgb/Vicente_Fox_0009.ppm,56.1,7.300e-7,0.0001
lfw,all,rgb,rgb/Vicente_Fox_0010.ppm,55.8,8.060e-7,0.0001
lfw,all,rgb,rgb/Vicente_Fox_0011.ppm,56.6,9.045e-7,0.0002
lfw,all,rgb,rgb/Vicente_Fox_0012.ppm,60.7,6.912e-7,0.0002
lfw,all,rgb,rgb/Vicente_Fox_0013.ppm,57.8,6.955e-7,0.0001
lfw,all,rgb,rgb/Vicente_Fox_0014.ppm,57.7,7.689e-7,0.0002
lfw,all,rgb,rgb/Vicente_Fox_0015.ppm,59.8,7.216e-7,0.0002
lfw,all,rgb,rgb/Vicente_Fox_0016.ppm,58.8,8.186e-7,0.0002
lfw,all,rgb,rgb/Vicente_Fox_0017.ppm,53.7,5.194e-7,0.0001
lfw,all,rgb,rgb/Vicente_Fox_0018.ppm,60.7,7.320e-7,0.0002
lfw,all,rgb,rgb/Vicente_Fox_0019.ppm,57.3,7.430e-7,0.0002
lfw,all,rgb,rgb/Vicente_Fox_0020.ppm,52.0,7.246e-7,0.0001
lfw,all,rgb,rgb/Vicente_Fox_0021.ppm,57.9,7.910e-7,0.0002
lfw,all,rgb,rgb/Vicente_Fox_0022.ppm,44.3,7.530e-7,0.0001
lfw,all,rgb,rgb/Vicente_Fox_0023.ppm,60.6,7.071e-7,0.0001
lfw,all,rgb,rgb/Vicente_Fox_0024.ppm,55.0,7.753e-7,0.0001
lfw,all,rgb,rgb/Vicente_Fox_0025.ppm,51.4,8.857e-7,0.0002
lfw,all,rgb,rgb/Vicente_Fox_0026.ppm,53.6,7.522e-7,0.0001
lfw,all,rgb,rgb/Vicente_Fox_0027.ppm,53.5,7.648e-7,0.0001
lfw,all,rgb,rgb/Vicente_Fox_0028.ppm,57.1,7.782e-7,0.0001
lfw,all,rgb,rgb/Vicente_Fox_0029.ppm,57.6,7.944e-7,0.0002
lfw,all,rgb,rgb/Vicente_Fox_0030.ppm,49.5,8.341e-7,0.0001
lfw,all,rgb,rgb/Vicente_Fox_0031.ppm,56.2,7.521e-7,0.0002
lfw,all,rgb,rgb/Vicente_Fox_0032.ppm,54.9,7.900e-7,0.0002
lfw,all,rgb,rgb/Vicente_Fox_de_la_Concha_0001.ppm,57.2,7.230e-7,0.0001
lfw,all,rgb,rgb/Vicki_Zhao_Wei_0001.ppm,63.3,6.779e-7,0.0001
lfw,all,rgb,rgb/Vicki_Zhao_Wei_0002.ppm,64.5,6.405e-7,0.0002
lfw,all,rgb,rgb/Victor_Garber_0001.ppm,60.0,7.931e-7,0.0001
lfw,all,rgb,rgb/Victor_Hanescu_0001.ppm,43.7,9.136e-7,0.0001
lfw,all,rgb,rgb/Victor_Kraatz_0001.ppm,58.2,8.750e-7,0.0001
lfw,all,rgb,rgb/Victoria_Beckham_0001.ppm,54.2,6.440e-7,0.0002
lfw,all,rgb,rgb/Victoria_Beckham_0002.ppm,61.8,6.665e-7,0.0001
lfw,all,rgb,rgb/Victoria_Beckham_0003.ppm,65.4,6.408e-7,0.0001
lfw,all,rgb,rgb/Victoria_Clarke_0001.ppm,38.8,9.820e-7,0.0002
lfw,all,rgb,rgb/Victoria_Clarke_0002.ppm,59.7,8.879e-7,0.0002
lfw,all,rgb,rgb/Victoria_Clarke_0003.ppm,55.1,7.352e-7,0.0001
lfw,all,rgb,rgb/Victoria_Clarke_0004.ppm,59.2,6.718e-7,0.0001
lfw,all,rgb,rgb/Victoria_Clarke_0005.ppm,53.7,7.293e-7,0.0001
lfw,all,rgb,rgb/Vidar_Helgesen_0001.ppm,70.7,6.418e-7,0.0001
lfw,all,rgb,rgb/Vidar_Helgesen_0002.ppm,66.7,7.148e-7,0.0002
lfw,all,rgb,rgb/Vijay_Nambiar_0001.ppm,50.9,7.678e-7,0.0001
lfw,all,rgb,rgb/Viktor_Yushchenko_0001.ppm,55.3,6.516e-7,0.0001
lfw,all,rgb,rgb/Vin_Diesel_0001.ppm,58.3,7.858e-7,0.0001
lfw,all,rgb,rgb/Vin_Diesel_0002.ppm,65.7,7.448e-7,0.0002
lfw,all,rgb,rgb/Vince_Carter_0001.ppm,69.8,6.289e-7,0.0002
lfw,all,rgb,rgb/Vince_Carter_0002.ppm,55.6,7.838e-7,0.0001
lfw,all,rgb,rgb/Vince_Carter_0003.ppm,55.2,7.293e-7,0.0001
lfw,all,rgb,rgb/Vince_Carter_0004.ppm,59.6,7.362e-7,0.0002
lfw,all,rgb,rgb/Vince_Dooley_0001.ppm,43.3,8.598e-7,0.0001
lfw,all,rgb,rgb/Vince_Gill_0001.ppm,60.4,7.485e-7,0.0001
lfw,all,rgb,rgb/Vince_Gill_0002.ppm,52.1,8.681e-7,0.0002
lfw,all,rgb,rgb/Vince_Vaughan_0001.ppm,61.5,7.809e-7,0.0002
lfw,all,rgb,rgb/Vincent_Brooks_0001.ppm,58.0,7.222e-7,0.0001
lfw,all,rgb,rgb/Vincent_Brooks_0002.ppm,63.1,6.981e-7,0.0001
lfw,all,rgb,rgb/Vincent_Brooks_0003.ppm,60.4,6.905e-7,0.0001
lfw,all,rgb,rgb/Vincent_Brooks_0004.ppm,62.6,6.306e-7,0.0002
lfw,all,rgb,rgb/Vincent_Brooks_0005.ppm,59.1,6.612e-7,0.0001
lfw,all,rgb,rgb/Vincent_Brooks_0006.ppm,64.2,6.648e-7,0.0001
lfw,all,rgb,rgb/Vincent_Brooks_0007.ppm,59.8,6.447e-7,0.0001
lfw,all,rgb,rgb/Vincent_Cianci_Jr_0001.ppm,57.0,7.555e-7,0.0002
lfw,all,rgb,rgb/Vincent_Gallo_0001.ppm,77.4,7.529e-7,0.0002
lfw,all,rgb,rgb/Vincent_Gallo_0002.ppm,62.0,6.365e-7,0.0001
lfw,all,rgb,rgb/Vincent_Gallo_0003.ppm,61.7,7.250e-7,0.0002
lfw,all,rgb,rgb/Vincent_Sombrotto_0001.ppm,60.7,7.054e-7,0.0002
lfw,all,rgb,rgb/Vincent_Spadea_0001.ppm,65.9,7.052e-7,0.0001
lfw,all,rgb,rgb/Vinnie_Jones_0001.ppm,57.1,7.595e-7,0.0002
lfw,all,rgb,rgb/Viola_Davis_0001.ppm,63.8,7.082e-7,0.0001
lfw,all,rgb,rgb/Virgina_Ruano_Pascal_0001.ppm,51.2,7.691e-7,0.0001
lfw,all,rgb,rgb/Vitali_Klitschko_0001.ppm,61.1,6.816e-7,0.0001
lfw,all,rgb,rgb/Vitali_Klitschko_0002.ppm,59.7,7.470e-7,0.0002
lfw,all,rgb,rgb/Vitali_Klitschko_0003.ppm,47.0,8.344e-7,0.0001
lfw,all,rgb,rgb/Vitali_Klitschko_0004.ppm,61.5,7.403e-7,0.0001
lfw,all,rgb,rgb/Vivica_Fox_0001.ppm,63.5,6.951e-7,0.0001
lfw,all,rgb,rgb/Vivica_Fox_0002.ppm,58.4,7.404e-7,0.0001
lfw,all,rgb,rgb/Vladimir_Golovlyov_0001.ppm,58.7,7.292e-7,0.0002
lfw,all,rgb,rgb/Vladimir_Meciar_0001.ppm,52.8,7.740e-7,0.0002
lfw,all,rgb,rgb/Vladimir_Putin_0001.ppm,59.3,7.458e-7,0.0001
lfw,all,rgb,rgb/Vladimir_Putin_0002.ppm,66.4,7.065e-7,0.0001
lfw,all,rgb,rgb/Vladimir_Putin_0003.ppm,54.7,7.337e-7,0.0001
lfw,all,rgb,rgb/Vladimir_Putin_0004.ppm,50.4,7.292e-7,0.0002
lfw,all,rgb,rgb/Vladimir_Putin_0005.ppm,58.0,7.409e-7,0.0001
lfw,all,rgb,rgb/Vladimir_Putin_0006.ppm,57.0,7.362e-7,0.0001
lfw,all,rgb,rgb/Vladimir_Putin_0007.ppm,52.2,7.399e-7,0.0001
lfw,all,rgb,rgb/Vladimir_Putin_0008.ppm,53.3,7.660e-7,0.0001
lfw,all,rgb,rgb/Vladimir_Putin_0009.ppm,51.1,9.645e-7,0.0002
lfw,all,rgb,rgb/Vladimir_Putin_0010.ppm,56.3,6.940e-7,0.0001
lfw,all,rgb,rgb/Vladimir_Putin_0011.ppm,49.5,8.157e-7,0.0002
lfw,all,rgb,rgb/Vladimir_Putin_0012.ppm,57.6,8.224e-7,0.0002
lfw,all,rgb,rgb/Vladimir_Putin_0013.ppm,54.5,7.210e-7,0.0002
lfw,all,rgb,rgb/Vladimir_Putin_0014.ppm,56.4,7.274e-7,0.0001
lfw,all,rgb,rgb/Vladimir_Putin_0015.ppm,55.3,7.709e-7,0.0001
lfw,all,rgb,rgb/Vladimir_Putin_0016.ppm,58.9,7.586e-7,0.0002
lfw,all,rgb,rgb/Vladimir_Putin_0017.ppm,66.9,6.411e-7,0.0002
lfw,all,rgb,rgb/Vladimir_Putin_0018.ppm,58.8,7.328e-7,0.0002
lfw,all,rgb,rgb/Vladimir_Putin_0019.ppm,46.4,8.499e-7,0.0001
lfw,all,rgb,rgb/Vladimir_Putin_0020.ppm,67.4,7.238e-7,0.0002
lfw,all,rgb,rgb/Vladimir_Putin_0021.ppm,51.6,7.335e-7,0.0001
lfw,all,rgb,rgb/Vladimir_Putin_0022.ppm,63.0,7.170e-7,0.0002
lfw,all,rgb,rgb/Vladimir_Putin_0023.ppm,62.1,7.189e-7,0.0002
lfw,all,rgb,rgb/Vladimir_Putin_0024.ppm,58.2,7.712e-7,0.0001
lfw,all,rgb,rgb/Vladimir_Putin_0025.ppm,44.2,8.034e-7,0.0001
lfw,all,rgb,rgb/Vladimir_Putin_0026.ppm,42.0,8.806e-7,0.0001
lfw,all,rgb,rgb/Vladimir_Putin_0027.ppm,54.5,7.420e-7,0.0002
lfw,all,rgb,rgb/Vladimir_Putin_0028.ppm,55.2,7.394e-7,0.0001
lfw,all,rgb,rgb/Vladimir_Putin_0029.ppm,58.4,6.756e-7,0.0001
lfw,all,rgb,rgb/Vladimir_Putin_0030.ppm,51.9,7.243e-7,0.0001
lfw,all,rgb,rgb/Vladimir_Putin_0031.ppm,49.5,8.248e-7,0.0002
lfw,all,rgb,rgb/Vladimir_Putin_0032.ppm,53.8,7.389e-7,0.0001
lfw,all,rgb,rgb/Vladimir_Putin_0033.ppm,64.3,6.931e-7,0.0001
lfw,all,rgb,rgb/Vladimir_Putin_0034.ppm,56.2,7.747e-7,0.0001
lfw,all,rgb,rgb/Vladimir_Putin_0035.ppm,53.3,7.776e-7,0.0002
lfw,all,rgb,rgb/Vladimir_Putin_0036.ppm,54.1,7.680e-7,0.0001
lfw,all,rgb,rgb/Vladimir_Putin_0037.ppm,36.4,1.004e-6,0.0001
lfw,all,rgb,rgb/Vladimir_Putin_0038.ppm,55.5,7.824e-7,0.0002
lfw,all,rgb,rgb/Vladimir_Putin_0039.ppm,54.5,7.400e-7,0.0001
lfw,all,rgb,rgb/Vladimir_Putin_0040.ppm,40.9,1.095e-6,0.0001
lfw,all,rgb,rgb/Vladimir_Putin_0041.ppm,59.5,7.646e-7,0.0002
lfw,all,rgb,rgb/Vladimir_Putin_0042.ppm,53.8,7.891e-7,0.0001
lfw,all,rgb,rgb/Vladimir_Putin_0043.ppm,58.4,7.616e-7,0.0002
lfw,all,rgb,rgb/Vladimir_Putin_0044.ppm,57.8,7.170e-7,0.0002
lfw,all,rgb,rgb/Vladimir_Putin_0045.ppm,59.8,7.356e-7,0.0001
lfw,all,rgb,rgb/Vladimir_Putin_0046.ppm,61.1,7.419e-7,0.0002
lfw,all,rgb,rgb/Vladimir_Putin_0047.ppm,58.5,7.440e-7,0.0002
lfw,all,rgb,rgb/Vladimir_Putin_0048.ppm,41.9,9.284e-7,0.0001
lfw,all,rgb,rgb/Vladimir_Putin_0049.ppm,54.1,7.132e-7,0.0001
lfw,all,rgb,rgb/Vladimir_Spidla_0001.ppm,58.7,7.549e-7,0.0002
lfw,all,rgb,rgb/Vladimir_Spidla_0002.ppm,61.6,6.676e-7,0.0002
lfw,all,rgb,rgb/Vladimir_Spidla_0003.ppm,59.6,6.565e-7,0.0002
lfw,all,rgb,rgb/Vladimir_Ustinov_0001.ppm,52.7,8.188e-7,0.0001
lfw,all,rgb,rgb/Vladimir_Voltchkov_0001.ppm,57.2,6.710e-7,0.0001
lfw,all,rgb,rgb/Vladimir_Voltchkov_0002.ppm,58.0,7.314e-7,0.0002
lfw,all,rgb,rgb/Vladimiro_Montesinos_0001.ppm,49.9,7.123e-7,0.0001
lfw,all,rgb,rgb/Vladimiro_Montesinos_0002.ppm,55.2,7.103e-7,0.0001
lfw,all,rgb,rgb/Vladimiro_Montesinos_0003.ppm,38.0,8.229e-7,0.0001
lfw,all,rgb,rgb/Vojislav_Kostunica_0001.ppm,53.6,7.675e-7,0.0002
lfw,all,rgb,rgb/Vojislav_Kostunica_0002.ppm,61.9,6.273e-7,0.0002
lfw,all,rgb,rgb/Vojislav_Kostunica_0003.ppm,61.4,6.482e-7,0.0002
lfw,all,rgb,rgb/Vojislav_Kostunica_0004.ppm,54.9,7.345e-7,0.0002
lfw,all,rgb,rgb/Vojislav_Kostunica_0005.ppm,58.9,6.930e-7,0.0002
lfw,all,rgb,rgb/Vojislav_Kostunica_0006.ppm,60.8,7.076e-7,0.0001
lfw,all,rgb,rgb/Vojislav_Kostunica_0007.ppm,58.2,7.142e-7,0.0001
lfw,all,rgb,rgb/Vojislav_Seselj_0001.ppm,63.4,7.198e-7,0.0001
lfw,all,rgb,rgb/Vyacheslav_Fetisov_0001.ppm,57.4,7.032e-7,0.0002
lfw,all,rgb,rgb/Vytas_Danelius_0001.ppm,60.2,8.136e-7,0.0002
lfw,all,rgb,rgb/Walid_Al-Awadi_0001.ppm,61.2,7.035e-7,0.0002
lfw,all,rgb,rgb/Wallace_Capel_0001.ppm,53.4,7.633e-7,0.0001
lfw,all,rgb,rgb/Wally_Szczerbiak_0001.ppm,51.8,7.485e-7,0.0001
lfw,all,rgb,rgb/Walt_Harris_0001.ppm,52.3,7.733e-7,0.0001
lfw,all,rgb,rgb/Walter_Annenberg_0001.ppm,53.8,8.134e-7,0.0001
lfw,all,rgb,rgb/Walter_Mondale_0001.ppm,62.4,7.237e-7,0.0001
lfw,all,rgb,rgb/Walter_Mondale_0002.ppm,57.6,6.862e-7,0.0001
lfw,all,rgb,rgb/Walter_Mondale_0003.ppm,62.8,6.992e-7,0.0001
lfw,all,rgb,rgb/Walter_Mondale_0004.ppm,63.0,7.364e-7,0.0001
lfw,all,rgb,rgb/Walter_Mondale_0005.ppm,64.5,7.614e-7,0.0002
lfw,all,rgb,rgb/Walter_Mondale_0006.ppm,59.7,7.733e-7,0.0001
lfw,all,rgb,rgb/Walter_Mondale_0007.ppm,62.0,7.204e-7,0.0002
lfw,all,rgb,rgb/Walter_Mondale_0008.ppm,58.0,7.242e-7,0.0001
lfw,all,rgb,rgb/Walter_Mondale_0009.ppm,63.7,6.905e-7,0.0001
lfw,all,rgb,rgb/Walter_Mondale_0010.ppm,61.3,6.798e-7,0.0002
lfw,all,rgb,rgb/Walter_Woods_0001.ppm,57.1,7.569e-7,0.0001
lfw,all,rgb,rgb/Wan_Yanhai_0001.ppm,59.2,7.156e-7,0.0002
lfw,all,rgb,rgb/Wanda_Ilene_Barzee_0001.ppm,58.2,7.417e-7,0.0001
lfw,all,rgb,rgb/Wanda_de_la_Jesus_0001.ppm,59.3,7.731e-7,0.0002
lfw,all,rgb,rgb/Wang_Fei_0001.ppm,47.7,7.411e-7,0.0001
lfw,all,rgb,rgb/Wang_Hailan_0001.ppm,67.0,7.123e-7,0.0002
lfw,all,rgb,rgb/Wang_Nan_0001.ppm,50.4,9.010e-7,0.0002
lfw,all,rgb,rgb/Wang_Yi_0001.ppm,58.0,7.817e-7,0.0001
lfw,all,rgb,rgb/Wang_Yi_0002.ppm,50.4,8.205e-7,0.0001
lfw,all,rgb,rgb/Wang_Yingfan_0001.ppm,52.2,7.614e-7,0.0001
lfw,all,rgb,rgb/Wang_Yingfan_0002.ppm,51.8,7.973e-7,0.0001
lfw,all,rgb,rgb/Wang_Yingfan_0003.ppm,45.3,8.691e-7,0.0001
lfw,all,rgb,rgb/Ward_Cuff_0001.ppm,53.6,7.457e-7,0.0001
lfw,all,rgb,rgb/Warren_Beatty_0001.ppm,62.7,7.349e-7,0.0001
lfw,all,rgb,rgb/Warren_Beatty_0002.ppm,60.1,7.715e-7,0.0001
lfw,all,rgb,rgb/Warren_Buffett_0001.ppm,64.3,7.269e-7,0.0002
lfw,all,rgb,rgb/Warren_Buffett_0002.ppm,61.2,6.703e-7,0.0002
lfw,all,rgb,rgb/Warren_Buffett_0003.ppm,62.1,7.297e-7,0.0002
lfw,all,rgb,rgb/Warren_Granados_0001.ppm,58.1,7.765e-7,0.0001
lfw,all,rgb,rgb/Warren_Truss_0001.ppm,51.6,7.694e-7,0.0002
lfw,all,rgb,rgb/Wayne_Allard_0001.ppm,48.1,8.801e-7,0.0002
lfw,all,rgb,rgb/Wayne_Brady_0001.ppm,66.4,6.504e-7,0.0002
lfw,all,rgb,rgb/Wayne_Ferreira_0001.ppm,57.6,7.958e-7,0.0002
lfw,all,rgb,rgb/Wayne_Ferreira_0002.ppm,56.1,7.688e-7,0.0001
lfw,all,rgb,rgb/Wayne_Ferreira_0003.ppm,53.8,7.285e-7,0.0001
lfw,all,rgb,rgb/Wayne_Ferreira_0004.ppm,60.1,7.325e-7,0.0002
lfw,all,rgb,rgb/Wayne_Ferreira_0005.ppm,58.4,7.209e-7,0.0001
lfw,all,rgb,rgb/Wayne_Gretzky_0001.ppm,53.6,7.051e-7,0.0001
lfw,all,rgb,rgb/Wayne_Gretzky_0002.ppm,49.7,7.581e-7,0.0002
lfw,all,rgb,rgb/Wayne_Gretzky_0003.ppm,55.3,7.595e-7,0.0002
lfw,all,rgb,rgb/Wayne_Gretzky_0004.ppm,57.5,6.901e-7,0.0001
lfw,all,rgb,rgb/Wayne_Newton_0001.ppm,54.2,7.961e-7,0.0002
lfw,all,rgb,rgb/Wei_Wu_0001.ppm,61.3,7.136e-7,0.0001
lfw,all,rgb,rgb/Wen_Ho_Lee_0001.ppm,55.0,6.720e-7,0.0001
lfw,all,rgb,rgb/Wen_Jiabao_0001.ppm,50.6,7.943e-7,0.0001
lfw,all,rgb,rgb/Wen_Jiabao_0002.ppm,56.1,6.920e-7,0.0001
lfw,all,rgb,rgb/Wen_Jiabao_0003.ppm,54.7,8.041e-7,0.0001
lfw,all,rgb,rgb/Wen_Jiabao_0004.ppm,56.6,7.237e-7,0.0001
lfw,all,rgb,rgb/Wen_Jiabao_0005.ppm,54.1,8.601e-7,0.0002
lfw,all,rgb,rgb/Wen_Jiabao_0006.ppm,53.3,7.285e-7,0.0001
lfw,all,rgb,rgb/Wen_Jiabao_0007.ppm,56.1,7.779e-7,0.0002
lfw,all,rgb,rgb/Wen_Jiabao_0008.ppm,51.0,7.883e-7,0.0001
lfw,all,rgb,rgb/Wen_Jiabao_0009.ppm,52.8,7.254e-7,0.0001
lfw,all,rgb,rgb/Wen_Jiabao_0010.ppm,58.7,7.233e-7,0.0001
lfw,all,rgb,rgb/Wen_Jiabao_0011.ppm,59.3,7.654e-7,0.0002
lfw,all,rgb,rgb/Wen_Jiabao_0012.ppm,59.3,7.061e-7,0.0001
lfw,all,rgb,rgb/Wen_Jiabao_0013.ppm,56.8,7.459e-7,0.0002
lfw,all,rgb,rgb/Wendell_Bryant_0001.ppm,71.5,6.304e-7,0.0002
lfw,all,rgb,rgb/Wendy_Kennedy_0001.ppm,56.9,7.239e-7,0.0001
lfw,all,rgb,rgb/Wendy_Selig_0001.ppm,70.7,7.663e-7,0.0005
lfw,all,rgb,rgb/Werner_Schlager_0001.ppm,57.1,8.145e-7,0.0002
lfw,all,rgb,rgb/Wes_Craven_0001.ppm,59.2,7.959e-7,0.0002
lfw,all,rgb,rgb/Wesley_Clark_0001.ppm,54.1,7.508e-7,0.0002
lfw,all,rgb,rgb/Wesley_Clark_0002.ppm,57.4,6.827e-7,0.0001
lfw,all,rgb,rgb/Whoopi_Goldberg_0001.ppm,43.0,6.809e-7,0.0001
lfw,all,rgb,rgb/Wilbert_Elki_Meza_Majino_0001.ppm,57.2,6.918e-7,0.0001
lfw,all,rgb,rgb/Wilbert_Foy_0001.ppm,63.5,6.237e-7,0.0001
lfw,all,rgb,rgb/Wilfredo_Moreno_0001.ppm,52.4,7.093e-7,0.0002
lfw,all,rgb,rgb/Will_Ferrell_0001.ppm,59.0,7.587e-7,0.0002
lfw,all,rgb,rgb/Will_Ofenheusle_0001.ppm,64.9,6.805e-7,0.0001
lfw,all,rgb,rgb/Will_Self_0001.ppm,52.3,7.751e-7,0.0001
lfw,all,rgb,rgb/Will_Smith_0001.ppm,56.0,6.951e-7,0.0002
lfw,all,rgb,rgb/Will_Smith_0002.ppm,57.5,6.380e-7,0.0002
lfw,all,rgb,rgb/Will_Young_0001.ppm,49.8,8.458e-7,0.0001
lfw,all,rgb,rgb/William_Bratton_0001.ppm,52.3,8.331e-7,0.0002
lfw,all,rgb,rgb/William_Bratton_0002.ppm,51.7,7.553e-7,0.0002
lfw,all,rgb,rgb/William_Bratton_0003.ppm,56.0,7.166e-7,0.0002
lfw,all,rgb,rgb/William_Bulger_0001.ppm,64.3,6.425e-7,0.0002
lfw,all,rgb,rgb/William_Bulger_0002.ppm,68.5,7.302e-7,0.0002
lfw,all,rgb,rgb/William_Bulger_0003.ppm,59.3,7.347e-7,0.0002
lfw,all,rgb,rgb/William_Bulger_0004.ppm,60.3,6.772e-7,0.0002
lfw,all,rgb,rgb/William_Burns_0001.ppm,56.3,7.471e-7,0.0002
lfw,all,rgb,rgb/William_Burns_0002.ppm,54.9,7.733e-7,0.0001
lfw,all,rgb,rgb/William_Cocksedge_0001.ppm,54.1,7.747e-7,0.0002
lfw,all,rgb,rgb/William_Delahunt_0001.ppm,55.4,7.808e-7,0.0002
lfw,all,rgb,rgb/William_Donaldson_0001.ppm,64.9,7.887e-7,0.0002
lfw,all,rgb,rgb/William_Donaldson_0002.ppm,55.6,8.130e-7,0.0002
lfw,all,rgb,rgb/William_Donaldson_0003.ppm,58.2,7.414e-7,0.0002
lfw,all,rgb,rgb/William_Donaldson_0004.ppm,49.3,8.267e-7,0.0001
lfw,all,rgb,rgb/William_Donaldson_0005.ppm,61.7,7.080e-7,0.0001
lfw,all,rgb,rgb/William_Donaldson_0006.ppm,61.5,7.330e-7,0.0001
lfw,all,rgb,rgb/William_Donaldson_0007.ppm,55.2,7.114e-7,0.0001
lfw,all,rgb,rgb/William_Ford_Jr_0001.ppm,56.3,7.395e-7,0.0002
lfw,all,rgb,rgb/William_Ford_Jr_0002.ppm,58.2,7.336e-7,0.0002
lfw,all,rgb,rgb/William_Ford_Jr_0003.ppm,52.4,7.472e-7,0.0001
lfw,all,rgb,rgb/William_Ford_Jr_0004.ppm,51.6,8.054e-7,0.0001
lfw,all,rgb,rgb/William_Ford_Jr_0005.ppm,53.3,7.439e-7,0.0001
lfw,all,rgb,rgb/William_Ford_Jr_0006.ppm,56.7,6.999e-7,0.0001
lfw,all,rgb,rgb/William_Ford_Jr_0007.ppm,54.5,8.755e-7,0.0001
lfw,all,rgb,rgb/William_Genego_0001.ppm,57.5,7.465e-7,0.0002
lfw,all,rgb,rgb/William_Harrison_0001.ppm,59.1,6.669e-7,0.0001
lfw,all,rgb,rgb/William_Hochul_0001.ppm,53.1,7.777e-7,0.0002
lfw,all,rgb,rgb/William_Hochul_0002.ppm,57.4,7.914e-7,0.0001
lfw,all,rgb,rgb/William_Hurt_0001.ppm,54.8,7.747e-7,0.0001
lfw,all,rgb,rgb/William_Hyde_0001.ppm,58.9,6.901e-7,0.0002
lfw,all,rgb,rgb/William_Jackson_0001.ppm,52.2,7.775e-7,0.0001
lfw,all,rgb,rgb/William_Joppy_0001.ppm,65.6,6.733e-7,0.0001
lfw,all,rgb,rgb/William_Macy_0001.ppm,61.5,6.892e-7,0.0001
lfw,all,rgb,rgb/William_Macy_0002.ppm,56.3,7.653e-7,0.0002
lfw,all,rgb,rgb/William_Macy_0003.ppm,59.5,6.950e-7,0.0001
lfw,all,rgb,rgb/William_Macy_0004.ppm,59.6,6.896e-7,0.0001
lfw,all,rgb,rgb/William_Macy_0005.ppm,50.0,7.759e-7,0.0001
lfw,all,rgb,rgb/William_Martin_0001.ppm,54.0,7.058e-7,0.0001
lfw,all,rgb,rgb/William_Martin_0002.ppm,56.3,7.418e-7,0.0002
lfw,all,rgb,rgb/William_McDonough_0001.ppm,55.2,7.272e-7,0.0001
lfw,all,rgb,rgb/William_Morrow_0001.ppm,59.4,6.936e-7,0.0002
lfw,all,rgb,rgb/William_Murabito_0001.ppm,59.8,6.551e-7,0.0001
lfw,all,rgb,rgb/William_Nessen_0001.ppm,59.9,7.057e-7,0.0001
lfw,all,rgb,rgb/William_Overlin_0001.ppm,51.8,8.944e-7,0.0002
lfw,all,rgb,rgb/William_Perry_0001.ppm,49.7,8.228e-7,0.0001
lfw,all,rgb,rgb/William_Pryor_Jr_0001.ppm,50.5,8.016e-7,0.0001
lfw,all,rgb,rgb/William_Ragland_0001.ppm,58.3,6.989e-7,0.0001
lfw,all,rgb,rgb/William_Rehnquist_0001.ppm,58.4,7.690e-7,0.0002
lfw,all,rgb,rgb/William_Rehnquist_0002.ppm,51.9,7.618e-7,0.0001
lfw,all,rgb,rgb/William_Rosenberg_0001.ppm,57.7,7.785e-7,0.0002
lfw,all,rgb,rgb/William_Shatner_0001.ppm,65.9,7.097e-7,0.0002
lfw,all,rgb,rgb/William_Swor_0001.ppm,53.6,7.763e-7,0.0001
lfw,all,rgb,rgb/William_Umbach_0001.ppm,57.7,7.326e-7,0.0002
lfw,all,rgb,rgb/William_Webster_0001.ppm,55.5,7.428e-7,0.0001
lfw,all,rgb,rgb/Willie_Nelson_0001.ppm,57.1,7.085e-7,0.0001
lfw,all,rgb,rgb/Willie_Wilson_0001.ppm,63.2,6.552e-7,0.0002
lfw,all,rgb,rgb/Willis_Roberts_0001.ppm,54.2,7.781e-7,0.0001
lfw,all,rgb,rgb/Wilma_McNabb_0001.ppm,55.8,6.640e-7,0.0001
lfw,all,rgb,rgb/Wilson_Alvarez_0001.ppm,62.7,6.124e-7,0.0002
lfw,all,rgb,rgb/Wilton_Gregory_0001.ppm,55.9,7.086e-7,0.0001
lfw,all,rgb,rgb/Wim_Duisenberg_0001.ppm,58.9,7.815e-7,0.0002
lfw,all,rgb,rgb/Win_Aung_0001.ppm,60.3,7.574e-7,0.0002
lfw,all,rgb,rgb/Win_Aung_0002.ppm,55.1,7.601e-7,0.0002
lfw,all,rgb,rgb/Win_Aung_0003.ppm,56.9,8.349e-7,0.0002
lfw,all,rgb,rgb/Win_Aung_0004.ppm,54.4,6.817e-7,0.0001
lfw,all,rgb,rgb/Winona_Ryder_0001.ppm,57.8,7.150e-7,0.0001
lfw,all,rgb,rgb/Winona_Ryder_0002.ppm,58.2,6.592e-7,0.0001
lfw,all,rgb,rgb/Winona_Ryder_0003.ppm,55.4,6.893e-7,0.0001
lfw,all,rgb,rgb/Winona_Ryder_0004.ppm,61.2,6.594e-7,0.0001
lfw,all,rgb,rgb/Winona_Ryder_0005.ppm,58.8,6.983e-7,0.0002
lfw,all,rgb,rgb/Winona_Ryder_0006.ppm,61.1,6.846e-7,0.0001
lfw,all,rgb,rgb/Winona_Ryder_0007.ppm,62.7,6.390e-7,0.0002
lfw,all,rgb,rgb/Winona_Ryder_0008.ppm,61.5,6.673e-7,0.0001
lfw,all,rgb,rgb/Winona_Ryder_0009.ppm,57.9,7.560e-7,0.0001
lfw,all,rgb,rgb/Winona_Ryder_0010.ppm,54.1,6.598e-7,0.0001
lfw,all,rgb,rgb/Winona_Ryder_0011.ppm,59.8,7.560e-7,0.0002
lfw,all,rgb,rgb/Winona_Ryder_0012.ppm,62.0,6.640e-7,0.0002
lfw,all,rgb,rgb/Winona_Ryder_0013.ppm,61.5,6.750e-7,0.0002
lfw,all,rgb,rgb/Winona_Ryder_0014.ppm,59.2,6.866e-7,0.0001
lfw,all,rgb,rgb/Winona_Ryder_0015.ppm,58.9,6.856e-7,0.0001
lfw,all,rgb,rgb/Winona_Ryder_0016.ppm,62.3,6.559e-7,0.0002
lfw,all,rgb,rgb/Winona_Ryder_0017.ppm,62.6,6.937e-7,0.0002
lfw,all,rgb,rgb/Winona_Ryder_0018.ppm,59.6,6.367e-7,0.0001
lfw,all,rgb,rgb/Winona_Ryder_0019.ppm,56.8,6.469e-7,0.0001
lfw,all,rgb,rgb/Winona_Ryder_0020.ppm,59.1,6.572e-7,0.0001
lfw,all,rgb,rgb/Winona_Ryder_0021.ppm,60.8,6.780e-7,0.0002
lfw,all,rgb,rgb/Winona_Ryder_0022.ppm,47.3,7.719e-7,0.0001
lfw,all,rgb,rgb/Winona_Ryder_0023.ppm,88.3,5.469e-7,0.0002
lfw,all,rgb,rgb/Winona_Ryder_0024.ppm,53.9,7.290e-7,0.0001
lfw,all,rgb,rgb/Winston_Churchill_0001.ppm,59.1,7.967e-7,0.0002
lfw,all,rgb,rgb/Wolfgang_Becker_0001.ppm,66.5,6.985e-7,0.0002
lfw,all,rgb,rgb/Wolfgang_Clement_0001.ppm,59.0,8.187e-7,0.0002
lfw,all,rgb,rgb/Wolfgang_Schneiderhan_0001.ppm,61.4,7.005e-7,0.0001
lfw,all,rgb,rgb/Wolfgang_Schuessel_0001.ppm,65.6,6.803e-7,0.0002
lfw,all,rgb,rgb/Wolfgang_Schuessel_0002.ppm,55.3,8.865e-7,0.0001
lfw,all,rgb,rgb/Wolfgang_Schuessel_0003.ppm,65.6,6.465e-7,0.0001
lfw,all,rgb,rgb/Wolfgang_Schuessel_0004.ppm,52.5,9.750e-7,0.0002
lfw,all,rgb,rgb/Wolfgang_Schwarz_0001.ppm,55.3,7.054e-7,0.0001
lfw,all,rgb,rgb/Woodrow_Stanley_0001.ppm,59.9,7.720e-7,0.0002
lfw,all,rgb,rgb/Woody_Allen_0001.ppm,28.3,6.809e-7,0.0001
lfw,all,rgb,rgb/Woody_Allen_0002.ppm,50.3,7.624e-7,0.0001
lfw,all,rgb,rgb/Woody_Allen_0003.ppm,55.9,7.064e-7,0.0002
lfw,all,rgb,rgb/Woody_Allen_0004.ppm,53.0,8.784e-7,0.0002
lfw,all,rgb,rgb/Woody_Allen_0005.ppm,59.5,7.125e-7,0.0001
lfw,all,rgb,rgb/Wu_Peng_0001.ppm,62.2,6.482e-7,0.0001
lfw,all,rgb,rgb/Wu_Yi_0001.ppm,56.3,7.763e-7,0.0002
lfw,all,rgb,rgb/Wu_Yi_0002.ppm,56.2,6.781e-7,0.0001
lfw,all,rgb,rgb/Wu_Yi_0003.ppm,54.8,7.227e-7,0.0001
lfw,all,rgb,rgb/Wycliffe_Grousbeck_0001.ppm,53.7,8.714e-7,0.0001
lfw,all,rgb,rgb/Xanana_Gusmao_0001.ppm,52.9,8.029e-7,0.0001
lfw,all,rgb,rgb/Xanana_Gusmao_0002.ppm,31.8,1.144e-6,0.0002
lfw,all,rgb,rgb/Xanana_Gusmao_0003.ppm,60.6,7.187e-7,0.0001
lfw,all,rgb,rgb/Xanana_Gusmao_0004.ppm,49.6,7.826e-7,0.0001
lfw,all,rgb,rgb/Xanana_Gusmao_0005.ppm,71.5,7.880e-7,0.0002
lfw,all,rgb,rgb/Xavier_Malisse_0001.ppm,57.8,8.354e-7,0.0001
lfw,all,rgb,rgb/Xavier_Malisse_0002.ppm,58.1,7.758e-7,0.0002
lfw,all,rgb,rgb/Xavier_Malisse_0003.ppm,57.0,9.039e-7,0.0001
lfw,all,rgb,rgb/Xavier_Malisse_0004.ppm,54.3,9.181e-7,0.0001
lfw,all,rgb,rgb/Xavier_Malisse_0005.ppm,65.6,8.031e-7,0.0002
lfw,all,rgb,rgb/Xiang_Huaicheng_0001.ppm,53.9,7.739e-7,0.0001
lfw,all,rgb,rgb/Xiang_Liu_0001.ppm,58.2,7.021e-7,0.0002
lfw,all,rgb,rgb/Xiang_Xu_0001.ppm,59.2,6.608e-7,0.0001
lfw,all,rgb,rgb/Ximena_Bohorquez_0001.ppm,65.0,6.250e-7,0.0001
lfw,all,rgb,rgb/Yale_Kamisar_0001.ppm,50.8,8.238e-7,0.0002
lfw,all,rgb,rgb/Yana_Klochkova_0001.ppm,65.7,6.763e-7,0.0002
lfw,all,rgb,rgb/Yang_Hee_Kim_0001.ppm,64.7,7.216e-7,0.0002
lfw,all,rgb,rgb/Yang_Jianli_0001.ppm,58.3,7.793e-7,0.0002
lfw,all,rgb,rgb/Yang_Pao-yu_0001.ppm,65.1,6.321e-7,0.0002
lfw,all,rgb,rgb/Yann_Martel_0001.ppm,63.3,7.242e-7,0.0002
lfw,all,rgb,rgb/Yann_Martel_0002.ppm,64.7,6.467e-7,0.0001
lfw,all,rgb,rgb/Yannos_Papantoniou_0001.ppm,61.4,6.787e-7,0.0002
lfw,all,rgb,rgb/Yao_Ming_0001.ppm,48.0,7.426e-7,0.0001
lfw,all,rgb,rgb/Yao_Ming_0002.ppm,55.4,7.195e-7,0.0001
lfw,all,rgb,rgb/Yao_Ming_0003.ppm,62.8,6.363e-7,0.0002
lfw,all,rgb,rgb/Yao_Ming_0004.ppm,54.9,6.989e-7,0.0001
lfw,all,rgb,rgb/Yao_Ming_0005.ppm,57.5,7.818e-7,0.0001
lfw,all,rgb,rgb/Yao_Ming_0006.ppm,52.7,6.434e-7,0.0001
lfw,all,rgb,rgb/Yao_Ming_0007.ppm,55.8,6.588e-7,0.0001
lfw,all,rgb,rgb/Yao_Ming_0008.ppm,52.7,7.340e-7,0.0001
lfw,all,rgb,rgb/Yasar_Yakis_0001.ppm,57.4,7.381e-7,0.0001
lfw,all,rgb,rgb/Yasar_Yakis_0002.ppm,63.4,7.099e-7,0.0002
lfw,all,rgb,rgb/Yasar_Yakis_0003.ppm,61.1,6.799e-7,0.0002
lfw,all,rgb,rgb/Yasar_Yakis_0004.ppm,61.3,7.862e-7,0.0002
lfw,all,rgb,rgb/Yasein_Taher_0001.ppm,63.7,6.939e-7,0.0001
lfw,all,rgb,rgb/Yashwant_Sinha_0001.ppm,59.4,6.778e-7,0.0002
lfw,all,rgb,rgb/Yashwant_Sinha_0002.ppm,62.0,6.853e-7,0.0001
lfw,all,rgb,rgb/Yashwant_Sinha_0003.ppm,56.7,6.983e-7,0.0001
lfw,all,rgb,rgb/Yashwant_Sinha_0004.ppm,59.8,6.898e-7,0.0001
lfw,all,rgb,rgb/Yashwant_Sinha_0005.ppm,57.7,6.990e-7,0.0001
lfw,all,rgb,rgb/Yashwant_Sinha_0006.ppm,60.4,6.696e-7,0.0001
lfw,all,rgb,rgb/Yashwant_Sinha_0007.ppm,62.4,7.113e-7,0.0002
lfw,all,rgb,rgb/Yasser_Arafat_0001.ppm,65.5,6.058e-7,0.0001
lfw,all,rgb,rgb/Yasser_Arafat_0002.ppm,69.5,5.737e-7,0.0001
lfw,all,rgb,rgb/Yasser_Arafat_0003.ppm,63.2,5.568e-7,0.0001
lfw,all,rgb,rgb/Yasser_Arafat_0004.ppm,63.9,5.566e-7,0.0001
lfw,all,rgb,rgb/Yasser_Arafat_0005.ppm,40.3,6.791e-7,0.0001
lfw,all,rgb,rgb/Yasser_Arafat_0006.ppm,60.5,5.703e-7,0.0001
lfw,all,rgb,rgb/Yasser_Arafat_0007.ppm,79.1,7.314e-7,0.0002
lfw,all,rgb,rgb/Yasser_Arafat_0008.ppm,49.3,1.113e-6,0.0001
lfw,all,rgb,rgb/Yasushi_Akashi_0001.ppm,52.0,7.416e-7,0.0002
lfw,all,rgb,rgb/Yasushi_Chimura_0001.ppm,40.4,8.336e-7,0.0001
lfw,all,rgb,rgb/Yekaterina_Guseva_0001.ppm,62.8,6.208e-7,0.0001
lfw,all,rgb,rgb/Yevgeny_Kafelnikov_0001.ppm,53.8,7.918e-7,0.0002
lfw,all,rgb,rgb/Yevgeny_Kafelnikov_0002.ppm,65.7,6.849e-7,0.0002
lfw,all,rgb,rgb/Yevgeny_Kafelnikov_0003.ppm,61.9,7.683e-7,0.0002
lfw,all,rgb,rgb/Yevgeny_Kafelnikov_0004.ppm,54.8,7.492e-7,0.0001
lfw,all,rgb,rgb/Yingfan_Wang_0001.ppm,51.0,7.941e-7,0.0001
lfw,all,rgb,rgb/Yishan_Zhang_0001.ppm,50.1,9.284e-7,0.0002
lfw,all,rgb,rgb/Yoelbi_Quesada_0001.ppm,53.3,6.493e-7,0.0001
lfw,all,rgb,rgb/Yogi_Berra_0001.ppm,53.8,7.438e-7,0.0002
lfw,all,rgb,rgb/Yoko_Ono_0001.ppm,55.5,6.987e-7,0.0002
lfw,all,rgb,rgb/Yoko_Ono_0002.ppm,53.7,7.059e-7,0.0001
lfw,all,rgb,rgb/Yoko_Ono_0003.ppm,52.1,7.185e-7,0.0002
lfw,all,rgb,rgb/Yoko_Ono_0004.ppm,52.7,7.458e-7,0.0001
lfw,all,rgb,rgb/Yoko_Ono_0005.ppm,54.6,6.870e-7,0.0002
lfw,all,rgb,rgb/Yoko_Ono_0006.ppm,61.7,6.568e-7,0.0002
lfw,all,rgb,rgb/Yolanda_King_0001.ppm,70.0,6.709e-7,0.0002
lfw,all,rgb,rgb/Yoo_Jay-Kun_0001.ppm,53.2,7.003e-7,0.0001
lfw,all,rgb,rgb/Yoon_Jeong_Cho_0001.ppm,65.4,6.265e-7,0.0001
lfw,all,rgb,rgb/Yoon_Jin-Sik_0001.ppm,53.4,6.997e-7,0.0001
lfw,all,rgb,rgb/Yoon_Won-Sik_0001.ppm,46.9,7.293e-7,0.0001
lfw,all,rgb,rgb/Yoon_Young-kwan_0001.ppm,58.9,7.492e-7,0.0001
lfw,all,rgb,rgb/Yoriko_Kawaguchi_0001.ppm,57.3,6.805e-7,0.0002
lfw,all,rgb,rgb/Yoriko_Kawaguchi_0002.ppm,60.5,7.162e-7,0.0002
lfw,all,rgb,rgb/Yoriko_Kawaguchi_0003.ppm,58.5,6.474e-7,0.0001
lfw,all,rgb,rgb/Yoriko_Kawaguchi_0004.ppm,55.8,6.974e-7,0.0001
lfw,all,rgb,rgb/Yoriko_Kawaguchi_0005.ppm,56.8,6.879e-7,0.0001
lfw,all,rgb,rgb/Yoriko_Kawaguchi_0006.ppm,57.3,6.622e-7,0.0001
lfw,all,rgb,rgb/Yoriko_Kawaguchi_0007.ppm,52.4,8.497e-7,0.0002
lfw,all,rgb,rgb/Yoriko_Kawaguchi_0008.ppm,56.9,6.574e-7,0.0002
lfw,all,rgb,rgb/Yoriko_Kawaguchi_0009.ppm,56.2,7.198e-7,0.0001
lfw,all,rgb,rgb/Yoriko_Kawaguchi_0010.ppm,56.9,6.819e-7,0.0001
lfw,all,rgb,rgb/Yoriko_Kawaguchi_0011.ppm,57.6,7.624e-7,0.0002
lfw,all,rgb,rgb/Yoriko_Kawaguchi_0012.ppm,56.7,7.024e-7,0.0001
lfw,all,rgb,rgb/Yoriko_Kawaguchi_0013.ppm,62.8,7.289e-7,0.0002
lfw,all,rgb,rgb/Yoriko_Kawaguchi_0014.ppm,54.2,7.689e-7,0.0001
lfw,all,rgb,rgb/Yory_Boy_Campas_0001.ppm,60.1,6.458e-7,0.0001
lfw,all,rgb,rgb/Yoshiyuki_Kamei_0001.ppm,53.6,7.309e-7,0.0001
lfw,all,rgb,rgb/Yossi_Beilin_0001.ppm,50.0,8.048e-7,0.0001
lfw,all,rgb,rgb/Yossi_Beilin_0002.ppm,54.0,7.205e-7,0.0001
lfw,all,rgb,rgb/Young_Kim_0001.ppm,53.4,6.277e-7,0.0001
lfw,all,rgb,rgb/Yu_Shyi-kun_0001.ppm,63.4,7.281e-7,0.0002
lfw,all,rgb,rgb/Yu_Shyi-kun_0002.ppm,58.6,7.883e-7,0.0001
lfw,all,rgb,rgb/Yu_Shyi-kun_0003.ppm,66.0,7.410e-7,0.0002
lfw,all,rgb,rgb/Yu_Shyi-kun_0004.ppm,62.8,6.708e-7,0.0001
lfw,all,rgb,rgb/Yukiko_Okudo_0001.ppm,55.5,7.000e-7,0.0001
lfw,all,rgb,rgb/Yukiko_Okudo_0002.ppm,56.8,5.957e-7,0.0001
lfw,all,rgb,rgb/Yukio_Hatoyama_0001.ppm,53.5,7.142e-7,0.0001
lfw,all,rgb,rgb/Yuri_Fedotov_0001.ppm,61.9,7.263e-7,0.0002
lfw,all,rgb,rgb/Yuri_Fedotov_0002.ppm,55.5,7.615e-7,0.0001
lfw,all,rgb,rgb/Yuri_Luzhkov_0001.ppm,41.9,1.011e-6,0.0001
lfw,all,rgb,rgb/Yuri_Malenchenko_0001.ppm,61.6,6.508e-7,0.0001
lfw,all,rgb,rgb/Yuri_Malenchenko_0002.ppm,55.5,6.987e-7,0.0001
lfw,all,rgb,rgb/Yusaku_Miyazato_0001.ppm,60.8,7.726e-7,0.0001
lfw,all,rgb,rgb/Yusuf_Misbac_0001.ppm,51.7,4.903e-7,0.0001
lfw,all,rgb,rgb/Yuvraj_Singh_0001.ppm,46.1,5.753e-7,0.0001
lfw,all,rgb,rgb/Yves_Brodeur_0001.ppm,60.4,7.129e-7,0.0002
lfw,all,rgb,rgb/Zach_Parise_0001.ppm,58.6,7.129e-7,0.0001
lfw,all,rgb,rgb/Zach_Pillar_0001.ppm,59.5,6.975e-7,0.0002
lfw,all,rgb,rgb/Zach_Safrin_0001.ppm,54.4,8.222e-7,0.0002
lfw,all,rgb,rgb/Zafarullah_Khan_Jamali_0001.ppm,56.1,9.113e-7,0.0002
lfw,all,rgb,rgb/Zafarullah_Khan_Jamali_0002.ppm,56.8,6.720e-7,0.0002
lfw,all,rgb,rgb/Zahir_Shah_0001.ppm,53.6,7.827e-7,0.0001
lfw,all,rgb,rgb/Zaini_Abdullah_0001.ppm,50.5,7.172e-7,0.0002
lfw,all,rgb,rgb/Zakia_Hakki_0001.ppm,50.1,6.592e-7,0.0001
lfw,all,rgb,rgb/Zalmay_Khalilzad_0001.ppm,56.6,7.558e-7,0.0002
lfw,all,rgb,rgb/Zara_Akhmadova_0001.ppm,47.5,8.224e-7,0.0001
lfw,all,rgb,rgb/Zarai_Toledo_0001.ppm,62.0,6.710e-7,0.0001
lfw,all,rgb,rgb/Zarai_Toledo_0002.ppm,63.1,6.274e-7,0.0001
lfw,all,rgb,rgb/Zavad_Zarif_0001.ppm,57.4,7.649e-7,0.0002
lfw,all,rgb,rgb/Zdravko_Mucic_0001.ppm,59.0,9.531e-7,0.0003
lfw,all,rgb,rgb/Zeljko_Rebraca_0001.ppm,60.5,7.041e-7,0.0002
lfw,all,rgb,rgb/Zelma_Novelo_0001.ppm,71.2,6.279e-7,0.0002
lfw,all,rgb,rgb/Zeng_Qinghong_0001.ppm,55.2,7.502e-7,0.0001
lfw,all,rgb,rgb/Zhang_Wenkang_0001.ppm,57.0,7.526e-7,0.0001
lfw,all,rgb,rgb/Zhang_Wenkang_0002.ppm,52.3,7.073e-7,0.0001
lfw,all,rgb,rgb/Zhang_Yimou_0001.ppm,55.1,7.513e-7,0.0002
lfw,all,rgb,rgb/Zhang_Ziyi_0001.ppm,54.9,6.905e-7,0.0002
lfw,all,rgb,rgb/Zhang_Ziyi_0002.ppm,66.0,5.577e-7,0.0001
lfw,all,rgb,rgb/Zhang_Ziyi_0003.ppm,62.7,6.174e-7,0.0001
lfw,all,rgb,rgb/Zhang_Ziyi_0004.ppm,57.2,5.640e-7,0.0001
lfw,all,rgb,rgb/Zhong_Nanshan_0001.ppm,53.3,6.924e-7,0.0001
lfw,all,rgb,rgb/Zhu_Rongji_0001.ppm,48.7,8.794e-7,0.0001
lfw,all,rgb,rgb/Zhu_Rongji_0002.ppm,56.4,6.769e-7,0.0002
lfw,all,rgb,rgb/Zhu_Rongji_0003.ppm,55.9,7.951e-7,0.0001
lfw,all,rgb,rgb/Zhu_Rongji_0004.ppm,53.2,7.641e-7,0.0001
lfw,all,rgb,rgb/Zhu_Rongji_0005.ppm,52.4,8.625e-7,0.0001
lfw,all,rgb,rgb/Zhu_Rongji_0006.ppm,46.8,8.816e-7,0.0002
lfw,all,rgb,rgb/Zhu_Rongji_0007.ppm,53.0,7.025e-7,0.0001
lfw,all,rgb,rgb/Zhu_Rongji_0008.ppm,57.8,6.983e-7,0.0001
lfw,all,rgb,rgb/Zhu_Rongji_0009.ppm,56.7,6.816e-7,0.0002
lfw,all,rgb,rgb/Zico_0001.ppm,65.8,7.064e-7,0.0002
lfw,all,rgb,rgb/Zico_0002.ppm,57.1,8.675e-7,0.0002
lfw,all,rgb,rgb/Zico_0003.ppm,56.1,7.298e-7,0.0002
lfw,all,rgb,rgb/Zinedine_Zidane_0001.ppm,61.3,6.415e-7,0.0002
lfw,all,rgb,rgb/Zinedine_Zidane_0002.ppm,57.5,7.668e-7,0.0001
lfw,all,rgb,rgb/Zinedine_Zidane_0003.ppm,50.6,8.351e-7,0.0002
lfw,all,rgb,rgb/Zinedine_Zidane_0004.ppm,58.4,7.519e-7,0.0002
lfw,all,rgb,rgb/Zinedine_Zidane_0005.ppm,55.0,7.779e-7,0.0002
lfw,all,rgb,rgb/Zinedine_Zidane_0006.ppm,63.1,7.697e-7,0.0002
lfw,all,rgb,rgb/Ziwang_Xu_0001.ppm,52.6,8.202e-7,0.0001
lfw,all,rgb,rgb/Zoe_Ball_0001.ppm,58.9,6.628e-7,0.0001
lfw,all,rgb,rgb/Zoran_Djindjic_0001.ppm,54.4,7.468e-7,0.0001
lfw,all,rgb,rgb/Zoran_Djindjic_0002.ppm,51.7,7.780e-7,0.0001
lfw,all,rgb,rgb/Zoran_Djindjic_0003.ppm,52.3,8.529e-7,0.0001
lfw,all,rgb,rgb/Zoran_Djindjic_0004.ppm,56.9,7.346e-7,0.0002
lfw,all,rgb,rgb/Zorica_Radovic_0001.ppm,60.2,6.728e-7,0.0001
lfw,all,rgb,rgb/Zulfiqar_Ahmed_0001.ppm,62.1,7.831e-7,0.0002
lfw,all,rgb,rgb/Zumrati_Juma_0001.ppm,71.6,6.384e-7,0.0001
lfw,all,rgb,rgb/Zurab_Tsereteli_0001.ppm,57.2,7.350e-7,0.0002
lfw,all,rgb,rgb/Zydrunas_Ilgauskas_0001.ppm,53.5,8.475e-7,0.0001
