camera,segment,kind,frame,onnx_score,native_score,score_delta,iou
lfw,all,rgb,rgb/AJ_Cook_0001.ppm,0.910684,0.910684,0.000e0,1.000000
lfw,all,rgb,rgb/AJ_Lamas_0001.ppm,0.934524,0.934524,1.192e-7,1.000000
lfw,all,rgb,rgb/Aaron_Eckhart_0001.ppm,0.891293,0.891293,1.788e-7,1.000000
lfw,all,rgb,rgb/Aaron_Guiel_0001.ppm,0.895613,0.895613,1.192e-7,1.000000
lfw,all,rgb,rgb/Aaron_Patterson_0001.ppm,0.951199,0.951199,1.192e-7,1.000000
lfw,all,rgb,rgb/Aaron_Peirsol_0001.ppm,0.908782,0.908782,0.000e0,1.000000
lfw,all,rgb,rgb/Aaron_Peirsol_0002.ppm,0.933163,0.933163,1.192e-7,1.000000
lfw,all,rgb,rgb/Aaron_Peirsol_0003.ppm,0.928874,0.928874,5.960e-8,1.000000
lfw,all,rgb,rgb/Aaron_Peirsol_0004.ppm,0.903341,0.903341,0.000e0,1.000000
lfw,all,rgb,rgb/Aaron_Pena_0001.ppm,0.956052,0.956052,0.000e0,1.000000
lfw,all,rgb,rgb/Aaron_Sorkin_0001.ppm,0.929669,0.929669,5.960e-8,1.000000
lfw,all,rgb,rgb/Aaron_Sorkin_0002.ppm,0.917208,0.917208,5.960e-8,1.000000
lfw,all,rgb,rgb/Aaron_Tippin_0001.ppm,0.918771,0.918771,1.192e-7,1.000000
lfw,all,rgb,rgb/Abba_Eban_0001.ppm,0.884113,0.884113,1.192e-7,1.000000
lfw,all,rgb,rgb/Abbas_Kiarostami_0001.ppm,0.956737,0.956737,0.000e0,1.000000
lfw,all,rgb,rgb/Abdel_Aziz_Al-Hakim_0001.ppm,0.944824,0.944824,1.192e-7,0.999999
lfw,all,rgb,rgb/Abdel_Madi_Shabneh_0001.ppm,0.916353,0.916353,0.000e0,0.999999
lfw,all,rgb,rgb/Abdel_Nasser_Assidi_0001.ppm,0.944095,0.944095,5.960e-8,1.000000
lfw,all,rgb,rgb/Abdel_Nasser_Assidi_0002.ppm,0.933488,0.933488,0.000e0,1.000000
lfw,all,rgb,rgb/Abdoulaye_Wade_0001.ppm,0.926587,0.926587,5.960e-8,1.000000
lfw,all,rgb,rgb/Abdoulaye_Wade_0002.ppm,0.945698,0.945698,5.960e-8,1.000000
lfw,all,rgb,rgb/Abdoulaye_Wade_0003.ppm,0.686668,0.686669,5.364e-7,1.000000
lfw,all,rgb,rgb/Abdoulaye_Wade_0004.ppm,0.926225,0.926225,0.000e0,0.999999
lfw,all,rgb,rgb/Abdul_Majeed_Shobokshi_0001.ppm,0.876422,0.876422,1.192e-7,1.000000
lfw,all,rgb,rgb/Abdul_Rahman_0001.ppm,0.916904,0.916904,0.000e0,1.000000
lfw,all,rgb,rgb/Abdulaziz_Kamilov_0001.ppm,0.942052,0.942052,5.960e-8,1.000000
lfw,all,rgb,rgb/Abdullah_0001.ppm,0.944870,0.944870,1.192e-7,1.000000
lfw,all,rgb,rgb/Abdullah_0002.ppm,0.978681,0.978681,0.000e0,1.000000
lfw,all,rgb,rgb/Abdullah_0003.ppm,0.920532,0.920532,0.000e0,1.000000
lfw,all,rgb,rgb/Abdullah_0004.ppm,0.942985,0.942985,0.000e0,1.000000
lfw,all,rgb,rgb/Abdullah_Ahmad_Badawi_0001.ppm,0.971442,0.971442,0.000e0,1.000000
lfw,all,rgb,rgb/Abdullah_Gul_0001.ppm,0.973884,0.973884,0.000e0,1.000000
lfw,all,rgb,rgb/Abdullah_Gul_0002.ppm,0.944275,0.944275,0.000e0,1.000000
lfw,all,rgb,rgb/Abdullah_Gul_0003.ppm,0.884975,0.884975,5.960e-8,1.000000
lfw,all,rgb,rgb/Abdullah_Gul_0004.ppm,0.929970,0.929970,0.000e0,1.000000
lfw,all,rgb,rgb/Abdullah_Gul_0005.ppm,0.895583,0.895583,1.192e-7,1.000000
lfw,all,rgb,rgb/Abdullah_Gul_0006.ppm,0.887458,0.887458,0.000e0,1.000000
lfw,all,rgb,rgb/Abdullah_Gul_0007.ppm,0.957647,0.957647,0.000e0,1.000000
lfw,all,rgb,rgb/Abdullah_Gul_0008.ppm,0.906122,0.906122,0.000e0,0.999999
lfw,all,rgb,rgb/Abdullah_Gul_0009.ppm,0.925100,0.925100,2.384e-7,1.000000
lfw,all,rgb,rgb/Abdullah_Gul_0010.ppm,0.948218,0.948218,0.000e0,1.000000
lfw,all,rgb,rgb/Abdullah_Gul_0011.ppm,0.952735,0.952735,0.000e0,1.000000
lfw,all,rgb,rgb/Abdullah_Gul_0012.ppm,0.965410,0.965410,0.000e0,1.000000
lfw,all,rgb,rgb/Abdullah_Gul_0013.ppm,0.967621,0.967621,1.192e-7,1.000000
lfw,all,rgb,rgb/Abdullah_Gul_0014.ppm,0.954529,0.954529,0.000e0,1.000000
lfw,all,rgb,rgb/Abdullah_Gul_0015.ppm,0.937063,0.937063,0.000e0,1.000000
lfw,all,rgb,rgb/Abdullah_Gul_0016.ppm,0.877726,0.877726,5.960e-8,0.999999
lfw,all,rgb,rgb/Abdullah_Gul_0017.ppm,0.976056,0.976056,1.192e-7,0.999999
lfw,all,rgb,rgb/Abdullah_Gul_0018.ppm,0.901185,0.901185,1.192e-7,1.000000
lfw,all,rgb,rgb/Abdullah_Gul_0019.ppm,0.965268,0.965268,1.192e-7,1.000000
lfw,all,rgb,rgb/Abdullah_Nasseef_0001.ppm,0.883090,0.883090,0.000e0,1.000000
lfw,all,rgb,rgb/Abdullah_al-Attiyah_0001.ppm,0.944745,0.944745,0.000e0,1.000000
lfw,all,rgb,rgb/Abdullah_al-Attiyah_0002.ppm,0.956484,0.956484,0.000e0,1.000000
lfw,all,rgb,rgb/Abdullah_al-Attiyah_0003.ppm,0.966931,0.966931,0.000e0,1.000000
lfw,all,rgb,rgb/Abdullatif_Sener_0001.ppm,0.949334,0.949334,0.000e0,1.000000
lfw,all,rgb,rgb/Abdullatif_Sener_0002.ppm,0.957313,0.957313,1.192e-7,1.000000
lfw,all,rgb,rgb/Abel_Aguilar_0001.ppm,0.950188,0.950188,0.000e0,1.000000
lfw,all,rgb,rgb/Abel_Pacheco_0001.ppm,0.956358,0.956358,0.000e0,1.000000
lfw,all,rgb,rgb/Abel_Pacheco_0002.ppm,0.925090,0.925090,0.000e0,1.000000
lfw,all,rgb,rgb/Abel_Pacheco_0003.ppm,0.926739,0.926739,0.000e0,1.000000
lfw,all,rgb,rgb/Abel_Pacheco_0004.ppm,0.899768,0.899768,0.000e0,1.000000
lfw,all,rgb,rgb/Abid_Hamid_Mahmud_Al-Tikriti_0001.ppm,0.951425,0.951425,0.000e0,1.000000
lfw,all,rgb,rgb/Abid_Hamid_Mahmud_Al-Tikriti_0002.ppm,0.929098,0.929098,0.000e0,1.000000
lfw,all,rgb,rgb/Abid_Hamid_Mahmud_Al-Tikriti_0003.ppm,0.880287,0.880287,0.000e0,1.000000
lfw,all,rgb,rgb/Abner_Martinez_0001.ppm,0.935963,0.935963,1.192e-7,1.000000
lfw,all,rgb,rgb/Abraham_Foxman_0001.ppm,0.962265,0.962265,1.192e-7,1.000000
lfw,all,rgb,rgb/Aby_Har-Even_0001.ppm,0.963399,0.963399,1.192e-7,1.000000
lfw,all,rgb,rgb/Adam_Ant_0001.ppm,0.940285,0.940285,1.192e-7,1.000000
lfw,all,rgb,rgb/Adam_Freier_0001.ppm,0.915904,0.915904,5.960e-8,1.000000
lfw,all,rgb,rgb/Adam_Herbert_0001.ppm,0.896764,0.896764,0.000e0,1.000000
lfw,all,rgb,rgb/Adam_Kennedy_0001.ppm,0.925058,0.925058,5.960e-8,1.000000
lfw,all,rgb,rgb/Adam_Mair_0001.ppm,0.910064,0.910064,0.000e0,1.000000
lfw,all,rgb,rgb/Adam_Rich_0001.ppm,0.969364,0.969364,5.960e-8,1.000000
lfw,all,rgb,rgb/Adam_Sandler_0001.ppm,0.926516,0.926515,1.192e-7,1.000000
lfw,all,rgb,rgb/Adam_Sandler_0002.ppm,0.958380,0.958380,0.000e0,1.000000
lfw,all,rgb,rgb/Adam_Sandler_0003.ppm,0.962147,0.962147,0.000e0,0.999999
lfw,all,rgb,rgb/Adam_Sandler_0004.ppm,0.892094,0.892094,0.000e0,1.000000
lfw,all,rgb,rgb/Adam_Scott_0001.ppm,0.814430,0.814430,0.000e0,1.000000
lfw,all,rgb,rgb/Adam_Scott_0002.ppm,0.983795,0.983795,0.000e0,1.000000
lfw,all,rgb,rgb/Adel_Al-Jubeir_0001.ppm,0.909702,0.909702,1.192e-7,1.000000
lfw,all,rgb,rgb/Adel_Al-Jubeir_0002.ppm,0.934631,0.934631,0.000e0,1.000000
lfw,all,rgb,rgb/Adel_Al-Jubeir_0003.ppm,0.929151,0.929151,1.192e-7,1.000000
lfw,all,rgb,rgb/Adelina_Avila_0001.ppm,0.955406,0.955406,0.000e0,1.000000
lfw,all,rgb,rgb/Adisai_Bodharamik_0001.ppm,0.934379,0.934379,1.192e-7,1.000000
lfw,all,rgb,rgb/Adolfo_Aguilar_Zinser_0001.ppm,0.922647,0.922647,0.000e0,1.000000
lfw,all,rgb,rgb/Adolfo_Aguilar_Zinser_0002.ppm,0.910310,0.910310,0.000e0,1.000000
lfw,all,rgb,rgb/Adolfo_Aguilar_Zinser_0003.ppm,0.940771,0.940771,0.000e0,1.000000
lfw,all,rgb,rgb/Adolfo_Rodriguez_Saa_0001.ppm,0.868564,0.868564,0.000e0,1.000000
lfw,all,rgb,rgb/Adolfo_Rodriguez_Saa_0002.ppm,0.929129,0.929129,1.788e-7,1.000000
lfw,all,rgb,rgb/Adoor_Gopalakarishnan_0001.ppm,0.899592,0.899592,0.000e0,1.000000
lfw,all,rgb,rgb/Adrian_Annus_0001.ppm,0.849861,0.849861,0.000e0,0.999999
lfw,all,rgb,rgb/Adrian_Fernandez_0001.ppm,0.941948,0.941948,0.000e0,1.000000
lfw,all,rgb,rgb/Adrian_McPherson_0001.ppm,0.811226,0.811226,0.000e0,1.000000
lfw,all,rgb,rgb/Adrian_McPherson_0002.ppm,0.945609,0.945609,0.000e0,1.000000
lfw,all,rgb,rgb/Adrian_Murrell_0001.ppm,0.963417,0.963417,0.000e0,1.000000
lfw,all,rgb,rgb/Adrian_Nastase_0001.ppm,0.909409,0.909409,0.000e0,1.000000
lfw,all,rgb,rgb/Adrian_Nastase_0002.ppm,0.927779,0.927779,0.000e0,0.999999
lfw,all,rgb,rgb/Adriana_Lima_0001.ppm,0.913155,0.913155,0.000e0,1.000000
lfw,all,rgb,rgb/Adriana_Perez_Navarro_0001.ppm,0.934955,0.934955,0.000e0,1.000000
lfw,all,rgb,rgb/Adrianna_Zuzic_0001.ppm,0.872331,0.872331,5.960e-8,1.000000
lfw,all,rgb,rgb/Adrien_Brody_0001.ppm,0.930804,0.930804,0.000e0,1.000000
lfw,all,rgb,rgb/Adrien_Brody_0002.ppm,0.916744,0.916744,0.000e0,1.000000
lfw,all,rgb,rgb/Adrien_Brody_0003.ppm,0.941066,0.941066,1.192e-7,0.999999
lfw,all,rgb,rgb/Adrien_Brody_0004.ppm,0.945226,0.945226,0.000e0,1.000000
lfw,all,rgb,rgb/Adrien_Brody_0005.ppm,0.951701,0.951701,1.192e-7,1.000000
lfw,all,rgb,rgb/Adrien_Brody_0006.ppm,0.910301,0.910301,0.000e0,1.000000
lfw,all,rgb,rgb/Adrien_Brody_0007.ppm,0.915371,0.915371,0.000e0,1.000000
lfw,all,rgb,rgb/Adrien_Brody_0008.ppm,0.958739,0.958739,1.192e-7,1.000000
lfw,all,rgb,rgb/Adrien_Brody_0009.ppm,0.922630,0.922630,0.000e0,1.000000
lfw,all,rgb,rgb/Adrien_Brody_0010.ppm,0.967160,0.967160,0.000e0,1.000000
lfw,all,rgb,rgb/Adrien_Brody_0011.ppm,0.948996,0.948996,0.000e0,1.000000
lfw,all,rgb,rgb/Adrien_Brody_0012.ppm,0.952061,0.952061,0.000e0,1.000000
lfw,all,rgb,rgb/Afton_Smith_0001.ppm,0.943368,0.943368,0.000e0,1.000000
lfw,all,rgb,rgb/Agbani_Darego_0001.ppm,0.959061,0.959061,0.000e0,0.999999
lfw,all,rgb,rgb/Agnelo_Queiroz_0001.ppm,0.962374,0.962374,0.000e0,1.000000
lfw,all,rgb,rgb/Agnes_Bruckner_0001.ppm,0.966554,0.966554,0.000e0,1.000000
lfw,all,rgb,rgb/Ahmad_Jbarah_0001.ppm,0.932217,0.932217,1.192e-7,1.000000
lfw,all,rgb,rgb/Ahmad_Masood_0001.ppm,0.934372,0.934372,0.000e0,1.000000
lfw,all,rgb,rgb/Ahmad_Masood_0002.ppm,0.917299,0.917299,1.192e-7,1.000000
lfw,all,rgb,rgb/Ahmed_Ahmed_0001.ppm,0.917873,0.917874,1.192e-7,1.000000
lfw,all,rgb,rgb/Ahmed_Chalabi_0001.ppm,0.917410,0.917410,1.192e-7,0.999999
lfw,all,rgb,rgb/Ahmed_Chalabi_0002.ppm,0.939283,0.939283,1.192e-7,0.999999
lfw,all,rgb,rgb/Ahmed_Chalabi_0003.ppm,0.948614,0.948614,0.000e0,1.000000
lfw,all,rgb,rgb/Ahmed_Chalabi_0004.ppm,0.939964,0.939964,0.000e0,1.000000
lfw,all,rgb,rgb/Ahmed_Chalabi_0005.ppm,0.928483,0.928483,5.960e-8,1.000000
lfw,all,rgb,rgb/Ahmed_Ghazi_0001.ppm,0.893542,0.893542,5.960e-8,1.000000
lfw,all,rgb,rgb/Ahmed_Ibrahim_Bilal_0001.ppm,0.938111,0.938111,0.000e0,1.000000
lfw,all,rgb,rgb/Ahmed_Lopez_0001.ppm,0.946628,0.946628,0.000e0,1.000000
lfw,all,rgb,rgb/Ahmed_Qureia_0001.ppm,0.930413,0.930413,1.192e-7,0.999999
lfw,all,rgb,rgb/Ahmet_Demir_0001.ppm,0.938991,0.938991,0.000e0,1.000000
lfw,all,rgb,rgb/Ahmet_Necdet_Sezer_0001.ppm,0.949964,0.949964,0.000e0,1.000000
lfw,all,rgb,rgb/Ahmet_Necdet_Sezer_0002.ppm,0.947988,0.947988,0.000e0,1.000000
lfw,all,rgb,rgb/Ai_Sugiyama_0001.ppm,0.939728,0.939728,0.000e0,1.000000
lfw,all,rgb,rgb/Ai_Sugiyama_0002.ppm,0.955580,0.955580,0.000e0,1.000000
lfw,all,rgb,rgb/Ai_Sugiyama_0003.ppm,0.948093,0.948093,0.000e0,1.000000
lfw,all,rgb,rgb/Ai_Sugiyama_0004.ppm,0.913423,0.913423,0.000e0,1.000000
lfw,all,rgb,rgb/Ai_Sugiyama_0005.ppm,0.947889,0.947889,0.000e0,1.000000
lfw,all,rgb,rgb/Aicha_El_Ouafi_0001.ppm,0.938062,0.938062,0.000e0,1.000000
lfw,all,rgb,rgb/Aicha_El_Ouafi_0002.ppm,0.914196,0.914196,5.960e-8,0.999999
lfw,all,rgb,rgb/Aicha_El_Ouafi_0003.ppm,0.942091,0.942091,0.000e0,1.000000
lfw,all,rgb,rgb/Aidan_Quinn_0001.ppm,0.927134,0.927134,0.000e0,1.000000
lfw,all,rgb,rgb/Aileen_Riggin_Soule_0001.ppm,0.945877,0.945877,0.000e0,1.000000
lfw,all,rgb,rgb/Ain_Seppik_0001.ppm,0.959499,0.959499,1.192e-7,1.000000
lfw,all,rgb,rgb/Ainsworth_Dyer_0001.ppm,0.922863,0.922863,0.000e0,1.000000
lfw,all,rgb,rgb/Aishwarya_Rai_0001.ppm,0.936347,0.936347,0.000e0,0.999999
lfw,all,rgb,rgb/Aitor_Gonzalez_0001.ppm,0.904784,0.904784,0.000e0,1.000000
lfw,all,rgb,rgb/Aitor_Gonzalez_0002.ppm,0.913288,0.913288,0.000e0,1.000000
lfw,all,rgb,rgb/Aiysha_Smith_0001.ppm,0.921855,0.921855,0.000e0,1.000000
lfw,all,rgb,rgb/Ajit_Agarkar_0001.ppm,0.911339,0.911339,0.000e0,1.000000
lfw,all,rgb,rgb/Akbar_Al_Baker_0001.ppm,0.964972,0.964972,0.000e0,0.999999
lfw,all,rgb,rgb/Akbar_Hashemi_Rafsanjani_0001.ppm,0.901866,0.901866,0.000e0,1.000000
lfw,all,rgb,rgb/Akbar_Hashemi_Rafsanjani_0002.ppm,0.908140,0.908140,0.000e0,1.000000
lfw,all,rgb,rgb/Akbar_Hashemi_Rafsanjani_0003.ppm,0.915761,0.915761,0.000e0,1.000000
lfw,all,rgb,rgb/Akhmed_Zakayev_0001.ppm,0.921092,0.921092,0.000e0,1.000000
lfw,all,rgb,rgb/Akhmed_Zakayev_0002.ppm,0.940326,0.940326,1.192e-7,1.000000
lfw,all,rgb,rgb/Akhmed_Zakayev_0003.ppm,0.884731,0.884731,0.000e0,1.000000
lfw,all,rgb,rgb/Akiko_Morigami_0001.ppm,0.956429,0.956429,0.000e0,0.999999
lfw,all,rgb,rgb/Akmal_Taher_0001.ppm,0.947665,0.947665,0.000e0,1.000000
lfw,all,rgb,rgb/Al_Cardenas_0001.ppm,0.881709,0.881709,5.960e-8,1.000000
lfw,all,rgb,rgb/Al_Davis_0001.ppm,0.906011,0.906011,1.192e-7,1.000000
lfw,all,rgb,rgb/Al_Davis_0002.ppm,0.879937,0.879937,0.000e0,0.999999
lfw,all,rgb,rgb/Al_Gore_0001.ppm,0.952571,0.952571,0.000e0,1.000000
lfw,all,rgb,rgb/Al_Gore_0002.ppm,0.960309,0.960309,1.192e-7,1.000000
lfw,all,rgb,rgb/Al_Gore_0003.ppm,0.947766,0.947766,1.788e-7,1.000000
lfw,all,rgb,rgb/Al_Gore_0004.ppm,0.965552,0.965552,0.000e0,1.000000
lfw,all,rgb,rgb/Al_Gore_0005.ppm,0.955279,0.955279,1.192e-7,0.999999
lfw,all,rgb,rgb/Al_Gore_0006.ppm,0.938753,0.938753,0.000e0,1.000000
lfw,all,rgb,rgb/Al_Gore_0007.ppm,0.965441,0.965441,0.000e0,1.000000
lfw,all,rgb,rgb/Al_Gore_0008.ppm,0.921590,0.921589,1.192e-7,1.000000
lfw,all,rgb,rgb/Al_Leiter_0001.ppm,0.947399,0.947399,0.000e0,1.000000
lfw,all,rgb,rgb/Al_Pacino_0001.ppm,0.876432,0.876432,1.192e-7,1.000000
lfw,all,rgb,rgb/Al_Pacino_0002.ppm,0.940729,0.940729,0.000e0,1.000000
lfw,all,rgb,rgb/Al_Pacino_0003.ppm,0.922626,0.922626,0.000e0,1.000000
lfw,all,rgb,rgb/Al_Sharpton_0001.ppm,0.902392,0.902392,0.000e0,1.000000
lfw,all,rgb,rgb/Al_Sharpton_0002.ppm,0.951487,0.951487,0.000e0,1.000000
lfw,all,rgb,rgb/Al_Sharpton_0003.ppm,0.943655,0.943655,0.000e0,1.000000
lfw,all,rgb,rgb/Al_Sharpton_0004.ppm,0.902663,0.902663,1.192e-7,1.000000
lfw,all,rgb,rgb/Al_Sharpton_0005.ppm,0.942492,0.942492,1.192e-7,1.000000
lfw,all,rgb,rgb/Al_Sharpton_0006.ppm,0.949933,0.949933,0.000e0,1.000000
lfw,all,rgb,rgb/Al_Sharpton_0007.ppm,0.934338,0.934338,0.000e0,1.000000
lfw,all,rgb,rgb/Alain_Cervantes_0001.ppm,0.927552,0.927552,0.000e0,1.000000
lfw,all,rgb,rgb/Alain_Ducasse_0001.ppm,0.930848,0.930848,0.000e0,1.000000
lfw,all,rgb,rgb/Alan_Ball_0001.ppm,0.950529,0.950529,0.000e0,1.000000
lfw,all,rgb,rgb/Alan_Ball_0002.ppm,0.955127,0.955127,0.000e0,1.000000
lfw,all,rgb,rgb/Alan_Dershowitz_0001.ppm,0.928510,0.928510,0.000e0,1.000000
lfw,all,rgb,rgb/Alan_Dreher_0001.ppm,0.921186,0.921186,0.000e0,1.000000
lfw,all,rgb,rgb/Alan_Greenspan_0001.ppm,0.887074,0.887074,5.960e-8,1.000000
lfw,all,rgb,rgb/Alan_Greenspan_0002.ppm,0.890349,0.890349,0.000e0,1.000000
lfw,all,rgb,rgb/Alan_Greenspan_0003.ppm,0.953946,0.953946,1.192e-7,1.000000
lfw,all,rgb,rgb/Alan_Greenspan_0004.ppm,0.888014,0.888014,5.960e-8,1.000000
lfw,all,rgb,rgb/Alan_Greenspan_0005.ppm,0.889236,0.889236,1.192e-7,1.000000
lfw,all,rgb,rgb/Alan_Greer_0001.ppm,0.958521,0.958520,1.192e-7,1.000000
lfw,all,rgb,rgb/Alan_Jackson_0001.ppm,0.948439,0.948439,1.192e-7,1.000000
lfw,all,rgb,rgb/Alan_Mulally_0001.ppm,0.918440,0.918440,1.192e-7,1.000000
lfw,all,rgb,rgb/Alan_Mulally_0002.ppm,0.893260,0.893260,1.192e-7,1.000000
lfw,all,rgb,rgb/Alan_Stonecipher_0001.ppm,0.956906,0.956906,0.000e0,1.000000
lfw,all,rgb,rgb/Alan_Tang_Kwong-wing_0001.ppm,0.930728,0.930728,0.000e0,0.999999
lfw,all,rgb,rgb/Alan_Trammell_0001.ppm,0.886555,0.886555,0.000e0,1.000000
lfw,all,rgb,rgb/Alan_Zemaitis_0001.ppm,0.976606,0.976606,0.000e0,1.000000
lfw,all,rgb,rgb/Alanis_Morissette_0001.ppm,0.911119,0.911119,0.000e0,1.000000
lfw,all,rgb,rgb/Alanna_Ubach_0001.ppm,0.936571,0.936571,0.000e0,1.000000
lfw,all,rgb,rgb/Alastair_Campbell_0001.ppm,0.915137,0.915137,0.000e0,1.000000
lfw,all,rgb,rgb/Alastair_Campbell_0002.ppm,0.844348,0.844348,5.960e-8,1.000000
lfw,all,rgb,rgb/Alastair_Campbell_0003.ppm,0.921281,0.921281,1.192e-7,1.000000
lfw,all,rgb,rgb/Alastair_Campbell_0004.ppm,0.942620,0.942620,0.000e0,1.000000
lfw,all,rgb,rgb/Alastair_Campbell_0005.ppm,0.913704,0.913704,1.788e-7,1.000000
lfw,all,rgb,rgb/Alastair_Johnston_0001.ppm,0.924332,0.924332,0.000e0,1.000000
lfw,all,rgb,rgb/Albaro_Recoba_0001.ppm,0.930562,0.930562,1.192e-7,1.000000
lfw,all,rgb,rgb/Albert_Brooks_0001.ppm,0.953872,0.953872,0.000e0,1.000000
lfw,all,rgb,rgb/Albert_Costa_0001.ppm,0.968536,0.968536,0.000e0,1.000000
lfw,all,rgb,rgb/Albert_Costa_0002.ppm,0.954337,0.954337,0.000e0,1.000000
lfw,all,rgb,rgb/Albert_Costa_0003.ppm,0.936058,0.936058,5.960e-8,1.000000
lfw,all,rgb,rgb/Albert_Costa_0004.ppm,0.931335,0.931335,0.000e0,1.000000
lfw,all,rgb,rgb/Albert_Costa_0005.ppm,0.944657,0.944657,1.192e-7,1.000000
lfw,all,rgb,rgb/Albert_Costa_0006.ppm,0.924961,0.924961,1.192e-7,1.000000
lfw,all,rgb,rgb/Albert_Montanes_0001.ppm,0.913633,0.913633,1.192e-7,1.000000
lfw,all,rgb,rgb/Albert_Pujols_0001.ppm,0.892172,0.892172,0.000e0,1.000000
lfw,all,rgb,rgb/Alberta_Lee_0001.ppm,0.926069,0.926069,5.960e-8,1.000000
lfw,all,rgb,rgb/Alberto_Acosta_0001.ppm,0.893335,0.893335,0.000e0,0.999999
lfw,all,rgb,rgb/Alberto_Fujimori_0001.ppm,0.960906,0.960906,0.000e0,1.000000
lfw,all,rgb,rgb/Alberto_Fujimori_0002.ppm,0.959686,0.959686,1.192e-7,1.000000
lfw,all,rgb,rgb/Alberto_Gonzales_0001.ppm,0.971310,0.971310,0.000e0,1.000000
lfw,all,rgb,rgb/Alberto_Ruiz_Gallardon_0001.ppm,0.983046,0.983046,0.000e0,1.000000
lfw,all,rgb,rgb/Alberto_Ruiz_Gallardon_0002.ppm,0.924692,0.924692,0.000e0,1.000000
lfw,all,rgb,rgb/Alberto_Sordi_0001.ppm,0.904773,0.904773,0.000e0,1.000000
lfw,all,rgb,rgb/Albrecht_Mentz_0001.ppm,0.941341,0.941341,0.000e0,0.999999
lfw,all,rgb,rgb/Albrecht_Mentz_0002.ppm,0.937586,0.937586,1.192e-7,1.000000
lfw,all,rgb,rgb/Aldo_Paredes_0001.ppm,0.883635,0.883635,0.000e0,1.000000
lfw,all,rgb,rgb/Aldo_Paredes_0002.ppm,0.865933,0.865933,1.192e-7,0.999999
lfw,all,rgb,rgb/Alec_Baldwin_0001.ppm,0.939086,0.939086,1.192e-7,1.000000
lfw,all,rgb,rgb/Alec_Baldwin_0002.ppm,0.940101,0.940101,1.192e-7,0.999999
lfw,all,rgb,rgb/Alec_Baldwin_0003.ppm,0.936265,0.936265,0.000e0,1.000000
lfw,all,rgb,rgb/Alec_Baldwin_0004.ppm,0.928970,0.928970,0.000e0,1.000000
lfw,all,rgb,rgb/Alecos_Markides_0001.ppm,0.947111,0.947111,0.000e0,1.000000
lfw,all,rgb,rgb/Alejandro_Atchugarry_0001.ppm,0.896889,0.896889,0.000e0,1.000000
lfw,all,rgb,rgb/Alejandro_Atchugarry_0002.ppm,0.891200,0.891199,1.192e-7,1.000000
lfw,all,rgb,rgb/Alejandro_Avila_0001.ppm,0.945873,0.945873,1.192e-7,1.000000
lfw,all,rgb,rgb/Alejandro_Avila_0002.ppm,0.847516,0.847516,5.960e-8,0.999999
lfw,all,rgb,rgb/Alejandro_Avila_0003.ppm,0.905155,0.905154,1.192e-7,1.000000
lfw,all,rgb,rgb/Alejandro_Fernandez_0001.ppm,0.939062,0.939062,5.960e-8,1.000000
lfw,all,rgb,rgb/Alejandro_Gonzalez_Inarritu_0001.ppm,0.936767,0.936767,5.960e-8,1.000000
lfw,all,rgb,rgb/Alejandro_Lembo_0001.ppm,0.873127,0.873127,0.000e0,1.000000
lfw,all,rgb,rgb/Alejandro_Lerner_0001.ppm,0.906445,0.906445,0.000e0,1.000000
lfw,all,rgb,rgb/Alejandro_Lopez_0001.ppm,0.919665,0.919665,0.000e0,1.000000
lfw,all,rgb,rgb/Alejandro_Toledo_0001.ppm,0.947926,0.947926,0.000e0,1.000000
lfw,all,rgb,rgb/Alejandro_Toledo_0002.ppm,0.963738,0.963738,0.000e0,1.000000
lfw,all,rgb,rgb/Alejandro_Toledo_0003.ppm,0.894121,0.894121,1.192e-7,1.000000
lfw,all,rgb,rgb/Alejandro_Toledo_0004.ppm,0.943680,0.943680,0.000e0,1.000000
lfw,all,rgb,rgb/Alejandro_Toledo_0005.ppm,0.934995,0.934995,5.960e-8,1.000000
lfw,all,rgb,rgb/Alejandro_Toledo_0006.ppm,0.911949,0.911949,5.960e-8,1.000000
lfw,all,rgb,rgb/Alejandro_Toledo_0007.ppm,0.931256,0.931256,1.192e-7,1.000000
lfw,all,rgb,rgb/Alejandro_Toledo_0008.ppm,0.969505,0.969505,0.000e0,1.000000
lfw,all,rgb,rgb/Alejandro_Toledo_0009.ppm,0.948262,0.948262,5.960e-8,1.000000
lfw,all,rgb,rgb/Alejandro_Toledo_0010.ppm,0.958250,0.958250,0.000e0,1.000000
lfw,all,rgb,rgb/Alejandro_Toledo_0011.ppm,0.948664,0.948664,0.000e0,1.000000
lfw,all,rgb,rgb/Alejandro_Toledo_0012.ppm,0.967796,0.967796,0.000e0,1.000000
lfw,all,rgb,rgb/Alejandro_Toledo_0013.ppm,0.963526,0.963526,0.000e0,1.000000
lfw,all,rgb,rgb/Alejandro_Toledo_0014.ppm,0.949092,0.949092,0.000e0,1.000000
lfw,all,rgb,rgb/Alejandro_Toledo_0015.ppm,0.947734,0.947734,0.000e0,1.000000
lfw,all,rgb,rgb/Alejandro_Toledo_0016.ppm,0.986490,0.986490,0.000e0,1.000000
lfw,all,rgb,rgb/Alejandro_Toledo_0017.ppm,0.947986,0.947986,0.000e0,1.000000
lfw,all,rgb,rgb/Alejandro_Toledo_0018.ppm,0.861359,0.861359,2.980e-7,1.000000
lfw,all,rgb,rgb/Alejandro_Toledo_0019.ppm,0.947269,0.947269,0.000e0,1.000000
lfw,all,rgb,rgb/Alejandro_Toledo_0020.ppm,0.914971,0.914971,0.000e0,0.999999
lfw,all,rgb,rgb/Alejandro_Toledo_0021.ppm,0.891592,0.891592,0.000e0,1.000000
lfw,all,rgb,rgb/Alejandro_Toledo_0022.ppm,0.955102,0.955102,1.192e-7,1.000000
lfw,all,rgb,rgb/Alejandro_Toledo_0023.ppm,0.903322,0.903322,1.192e-7,1.000000
lfw,all,rgb,rgb/Alejandro_Toledo_0024.ppm,0.900880,0.900879,1.192e-7,1.000000
lfw,all,rgb,rgb/Alejandro_Toledo_0025.ppm,0.956469,0.956469,0.000e0,1.000000
lfw,all,rgb,rgb/Alejandro_Toledo_0026.ppm,0.980501,0.980501,1.192e-7,1.000000
lfw,all,rgb,rgb/Alejandro_Toledo_0027.ppm,0.946809,0.946809,0.000e0,1.000000
lfw,all,rgb,rgb/Alejandro_Toledo_0028.ppm,0.966564,0.966564,0.000e0,1.000000
lfw,all,rgb,rgb/Alejandro_Toledo_0029.ppm,0.943485,0.943485,1.192e-7,1.000000
lfw,all,rgb,rgb/Alejandro_Toledo_0030.ppm,0.939614,0.939614,5.960e-8,1.000000
lfw,all,rgb,rgb/Alejandro_Toledo_0031.ppm,0.874735,0.874735,1.192e-7,0.999999
lfw,all,rgb,rgb/Alejandro_Toledo_0032.ppm,0.954515,0.954515,0.000e0,1.000000
lfw,all,rgb,rgb/Alejandro_Toledo_0033.ppm,0.968523,0.968523,1.192e-7,1.000000
lfw,all,rgb,rgb/Alejandro_Toledo_0034.ppm,0.947665,0.947665,1.192e-7,1.000000
lfw,all,rgb,rgb/Alejandro_Toledo_0035.ppm,0.908245,0.908245,0.000e0,1.000000
lfw,all,rgb,rgb/Alejandro_Toledo_0036.ppm,0.964706,0.964706,0.000e0,0.999999
lfw,all,rgb,rgb/Alejandro_Toledo_0037.ppm,0.968429,0.968429,0.000e0,1.000000
lfw,all,rgb,rgb/Alejandro_Toledo_0038.ppm,0.903142,0.903142,5.960e-8,1.000000
lfw,all,rgb,rgb/Alejandro_Toledo_0039.ppm,0.957717,0.957717,0.000e0,1.000000
lfw,all,rgb,rgb/Alek_Wek_0001.ppm,0.821265,0.821265,5.960e-8,1.000000
lfw,all,rgb,rgb/Aleksander_Kwasniewski_0001.ppm,0.891931,0.891931,0.000e0,1.000000
lfw,all,rgb,rgb/Aleksander_Kwasniewski_0002.ppm,0.929985,0.929985,1.192e-7,1.000000
lfw,all,rgb,rgb/Aleksander_Kwasniewski_0003.ppm,0.933463,0.933463,0.000e0,1.000000
lfw,all,rgb,rgb/Aleksander_Kwasniewski_0004.ppm,0.910645,0.910645,0.000e0,1.000000
lfw,all,rgb,rgb/Aleksander_Voloshin_0001.ppm,0.918791,0.918791,5.960e-8,1.000000
lfw,all,rgb,rgb/Alessandra_Cerna_0001.ppm,0.954762,0.954762,0.000e0,1.000000
lfw,all,rgb,rgb/Alessandro_Nesta_0001.ppm,0.929323,0.929323,0.000e0,1.000000
lfw,all,rgb,rgb/Alex_Barros_0001.ppm,0.893908,0.893908,1.192e-7,1.000000
lfw,all,rgb,rgb/Alex_Barros_0002.ppm,0.862551,0.862551,1.192e-7,1.000000
lfw,all,rgb,rgb/Alex_Cabrera_0001.ppm,0.909410,0.909410,0.000e0,1.000000
lfw,all,rgb,rgb/Alex_Cejka_0001.ppm,0.926209,0.926209,0.000e0,1.000000
lfw,all,rgb,rgb/Alex_Corretja_0001.ppm,0.943191,0.943191,1.192e-7,1.000000
lfw,all,rgb,rgb/Alex_Ferguson_0001.ppm,0.929174,0.929174,0.000e0,1.000000
lfw,all,rgb,rgb/Alex_Gonzalez_0001.ppm,0.919062,0.919061,2.980e-7,1.000000
lfw,all,rgb,rgb/Alex_Holmes_0001.ppm,0.964981,0.964982,1.192e-7,1.000000
lfw,all,rgb,rgb/Alex_King_0001.ppm,0.963179,0.963179,0.000e0,1.000000
lfw,all,rgb,rgb/Alex_Penelas_0001.ppm,0.985557,0.985557,0.000e0,1.000000
lfw,all,rgb,rgb/Alex_Penelas_0002.ppm,0.957588,0.957588,1.192e-7,1.000000
lfw,all,rgb,rgb/Alex_Popov_0001.ppm,0.961274,0.961274,0.000e0,1.000000
lfw,all,rgb,rgb/Alex_Sink_0001.ppm,0.930652,0.930652,1.192e-7,0.999999
lfw,all,rgb,rgb/Alex_Sink_0002.ppm,0.928368,0.928368,1.192e-7,1.000000
lfw,all,rgb,rgb/Alex_Sink_0003.ppm,0.926327,0.926327,0.000e0,1.000000
lfw,all,rgb,rgb/Alex_Wallau_0001.ppm,0.920229,0.920229,5.960e-8,1.000000
lfw,all,rgb,rgb/Alex_Zanardi_0001.ppm,0.964925,0.964924,1.192e-7,1.000000
lfw,all,rgb,rgb/Alexa_Loren_0001.ppm,0.942016,0.942016,0.000e0,1.000000
lfw,all,rgb,rgb/Alexa_Vega_0001.ppm,0.951991,0.951991,1.192e-7,1.000000
lfw,all,rgb,rgb/Alexander_Downer_0001.ppm,0.914638,0.914638,0.000e0,1.000000
lfw,all,rgb,rgb/Alexander_Downer_0002.ppm,0.921618,0.921618,5.960e-8,1.000000
lfw,all,rgb,rgb/Alexander_Downer_0003.ppm,0.948849,0.948849,0.000e0,1.000000
lfw,all,rgb,rgb/Alexander_Downer_0004.ppm,0.924556,0.924556,5.960e-8,1.000000
lfw,all,rgb,rgb/Alexander_Losyukov_0001.ppm,0.909539,0.909539,5.960e-8,1.000000
lfw,all,rgb,rgb/Alexander_Losyukov_0002.ppm,0.968868,0.968868,0.000e0,1.000000
lfw,all,rgb,rgb/Alexander_Losyukov_0003.ppm,0.865413,0.865413,0.000e0,1.000000
lfw,all,rgb,rgb/Alexander_Losyukov_0004.ppm,0.896824,0.896824,0.000e0,1.000000
lfw,all,rgb,rgb/Alexander_Lukashenko_0001.ppm,0.916401,0.916401,0.000e0,1.000000
lfw,all,rgb,rgb/Alexander_Payne_0001.ppm,0.907258,0.907258,1.192e-7,1.000000
lfw,all,rgb,rgb/Alexander_Rumyantsev_0001.ppm,0.905833,0.905833,1.192e-7,1.000000
lfw,all,rgb,rgb/Alexander_Rumyantsev_0002.ppm,0.893360,0.893361,1.192e-7,1.000000
lfw,all,rgb,rgb/Alexandra_Jackson_0001.ppm,0.959281,0.959281,0.000e0,1.000000
lfw,all,rgb,rgb/Alexandra_Pelosi_0001.ppm,0.910221,0.910221,0.000e0,1.000000
lfw,all,rgb,rgb/Alexandra_Rozovskaya_0001.ppm,0.944036,0.944036,0.000e0,1.000000
lfw,all,rgb,rgb/Alexandra_Spann_0001.ppm,0.931470,0.931470,1.192e-7,1.000000
lfw,all,rgb,rgb/Alexandra_Stevenson_0001.ppm,0.948818,0.948818,1.192e-7,1.000000
lfw,all,rgb,rgb/Alexandra_Stevenson_0002.ppm,0.948751,0.948751,0.000e0,1.000000
lfw,all,rgb,rgb/Alexandra_Stevenson_0003.ppm,0.961585,0.961585,0.000e0,1.000000
lfw,all,rgb,rgb/Alexandra_Vodjanikova_0001.ppm,0.924714,0.924714,0.000e0,1.000000
lfw,all,rgb,rgb/Alexandra_Vodjanikova_0002.ppm,0.913754,0.913754,0.000e0,1.000000
lfw,all,rgb,rgb/Alexandre_Daigle_0001.ppm,0.923292,0.923292,0.000e0,0.999999
lfw,all,rgb,rgb/Alexandre_Despatie_0001.ppm,0.944079,0.944079,0.000e0,1.000000
lfw,all,rgb,rgb/Alexandre_Herchcovitch_0001.ppm,0.924925,0.924925,1.192e-7,1.000000
lfw,all,rgb,rgb/Alexandre_Vinokourov_0001.ppm,0.877594,0.877594,1.192e-7,1.000000
lfw,all,rgb,rgb/Alexis_Bledel_0001.ppm,0.957699,0.957699,1.192e-7,1.000000
lfw,all,rgb,rgb/Alexis_Dennisoff_0001.ppm,0.967656,0.967656,1.192e-7,1.000000
lfw,all,rgb,rgb/Alfonso_Cuaron_0001.ppm,0.948785,0.948785,0.000e0,1.000000
lfw,all,rgb,rgb/Alfonso_Portillo_0001.ppm,0.935311,0.935311,5.960e-8,1.000000
lfw,all,rgb,rgb/Alfonso_Soriano_0001.ppm,0.952389,0.952389,0.000e0,1.000000
lfw,all,rgb,rgb/Alfred_Ford_0001.ppm,0.859736,0.859736,1.192e-7,0.999999
lfw,all,rgb,rgb/Alfred_Sant_0001.ppm,0.910347,0.910347,0.000e0,1.000000
lfw,all,rgb,rgb/Alfredo_Moreno_0001.ppm,0.920807,0.920807,0.000e0,1.000000
lfw,all,rgb,rgb/Alfredo_Pena_0001.ppm,0.915640,0.915640,0.000e0,1.000000
lfw,all,rgb,rgb/Alfredo_di_Stefano_0001.ppm,0.928116,0.928116,0.000e0,1.000000
lfw,all,rgb,rgb/Ali_Abbas_0001.ppm,0.958496,0.958496,0.000e0,1.000000
lfw,all,rgb,rgb/Ali_Abbas_0002.ppm,0.969738,0.969738,0.000e0,1.000000
lfw,all,rgb,rgb/Ali_Abdullah_Saleh_0001.ppm,0.887223,0.887223,1.788e-7,1.000000
lfw,all,rgb,rgb/Ali_Adbul_Karim_Madani_0001.ppm,0.903138,0.903138,0.000e0,1.000000
lfw,all,rgb,rgb/Ali_Ahmeti_0001.ppm,0.905598,0.905598,0.000e0,1.000000
lfw,all,rgb,rgb/Ali_Bin_Hussein_0001.ppm,0.937984,0.937984,0.000e0,1.000000
lfw,all,rgb,rgb/Ali_Fallahian_0001.ppm,0.924041,0.924041,0.000e0,1.000000
lfw,all,rgb,rgb/Ali_Hammoud_0001.ppm,0.922546,0.922546,0.000e0,0.999999
lfw,all,rgb,rgb/Ali_Khamenei_0001.ppm,0.856277,0.856277,0.000e0,1.000000
lfw,all,rgb,rgb/Ali_Khamenei_0002.ppm,0.902695,0.902696,1.788e-7,1.000000
lfw,all,rgb,rgb/Ali_Khamenei_0003.ppm,0.896843,0.896843,1.192e-7,1.000000
lfw,all,rgb,rgb/Ali_Mohammed_Maher_0001.ppm,0.957838,0.957838,0.000e0,0.999999
lfw,all,rgb,rgb/Ali_Naimi_0001.ppm,0.946646,0.946646,0.000e0,1.000000
lfw,all,rgb,rgb/Ali_Naimi_0002.ppm,0.939067,0.939067,0.000e0,1.000000
lfw,all,rgb,rgb/Ali_Naimi_0003.ppm,0.871781,0.871781,1.192e-7,1.000000
lfw,all,rgb,rgb/Ali_Naimi_0004.ppm,0.852915,0.852915,0.000e0,1.000000
lfw,all,rgb,rgb/Ali_Naimi_0005.ppm,0.915461,0.915460,1.192e-7,1.000000
lfw,all,rgb,rgb/Ali_Naimi_0006.ppm,0.919859,0.919859,1.192e-7,1.000000
lfw,all,rgb,rgb/Ali_Naimi_0007.ppm,0.925445,0.925445,1.192e-7,1.000000
lfw,all,rgb,rgb/Ali_Naimi_0008.ppm,0.930053,0.930053,1.192e-7,1.000000
lfw,all,rgb,rgb/Alice_Fisher_0001.ppm,0.938233,0.938233,1.192e-7,1.000000
lfw,all,rgb,rgb/Alice_Fisher_0002.ppm,0.926768,0.926768,1.192e-7,1.000000
lfw,all,rgb,rgb/Alicia_Hollowell_0001.ppm,0.915226,0.915226,0.000e0,1.000000
lfw,all,rgb,rgb/Alicia_Keys_0001.ppm,0.936468,0.936468,1.192e-7,1.000000
lfw,all,rgb,rgb/Alicia_Molik_0001.ppm,0.902239,0.902239,1.192e-7,1.000000
lfw,all,rgb,rgb/Alicia_Silverstone_0001.ppm,0.947358,0.947358,0.000e0,1.000000
lfw,all,rgb,rgb/Alicia_Silverstone_0002.ppm,0.941410,0.941410,0.000e0,1.000000
lfw,all,rgb,rgb/Alicia_Witt_0001.ppm,0.932336,0.932336,0.000e0,1.000000
lfw,all,rgb,rgb/Alimzhan_Tokhtakhounov_0001.ppm,0.939339,0.939339,0.000e0,1.000000
lfw,all,rgb,rgb/Alimzhan_Tokhtakhounov_0002.ppm,0.946001,0.946001,0.000e0,1.000000
lfw,all,rgb,rgb/Alina_Kabaeva_0001.ppm,0.925579,0.925579,5.960e-8,1.000000
lfw,all,rgb,rgb/Aline_Chretien_0001.ppm,0.941562,0.941562,0.000e0,1.000000
lfw,all,rgb,rgb/Alisha_Richman_0001.ppm,0.885983,0.885983,0.000e0,1.000000
lfw,all,rgb,rgb/Alison_Krauss_0001.ppm,0.919013,0.919013,0.000e0,1.000000
lfw,all,rgb,rgb/Alison_Lohman_0001.ppm,0.946610,0.946610,0.000e0,1.000000
lfw,all,rgb,rgb/Alison_Lohman_0002.ppm,0.929740,0.929740,0.000e0,1.000000
lfw,all,rgb,rgb/Alistair_MacDonald_0001.ppm,0.923476,0.923476,0.000e0,1.000000
lfw,all,rgb,rgb/Allan_Houston_0001.ppm,0.966324,0.966324,0.000e0,1.000000
lfw,all,rgb,rgb/Allan_Kemakeza_0001.ppm,0.944168,0.944168,0.000e0,1.000000
lfw,all,rgb,rgb/Allan_Wagner_0001.ppm,0.957177,0.957177,1.192e-7,1.000000
lfw,all,rgb,rgb/Allen_Iverson_0001.ppm,0.927961,0.927961,5.960e-8,1.000000
lfw,all,rgb,rgb/Allen_Iverson_0002.ppm,0.957502,0.957502,1.192e-7,1.000000
lfw,all,rgb,rgb/Allen_Rock_0001.ppm,0.957548,0.957548,0.000e0,1.000000
lfw,all,rgb,rgb/Allison_Janney_0001.ppm,0.943105,0.943106,1.192e-7,1.000000
lfw,all,rgb,rgb/Allison_Janney_0002.ppm,0.928857,0.928857,0.000e0,1.000000
lfw,all,rgb,rgb/Allison_Searing_0001.ppm,0.907980,0.907980,1.192e-7,1.000000
lfw,all,rgb,rgb/Ally_Sheedy_0001.ppm,0.926876,0.926876,0.000e0,1.000000
lfw,all,rgb,rgb/Allyson_Felix_0001.ppm,0.960228,0.960228,0.000e0,1.000000
lfw,all,rgb,rgb/Allyson_Felix_0002.ppm,0.956155,0.956155,1.192e-7,1.000000
lfw,all,rgb,rgb/Allyson_Felix_0003.ppm,0.977211,0.977211,1.192e-7,1.000000
lfw,all,rgb,rgb/Allyson_Felix_0004.ppm,0.925592,0.925592,0.000e0,1.000000
lfw,all,rgb,rgb/Allyson_Felix_0005.ppm,0.873995,0.873995,5.960e-8,1.000000
lfw,all,rgb,rgb/Alma_Powell_0001.ppm,0.941653,0.941653,0.000e0,1.000000
lfw,all,rgb,rgb/Almeida_Baptista_0001.ppm,0.909589,0.909589,1.192e-7,1.000000
lfw,all,rgb,rgb/Alonzo_Mourning_0001.ppm,0.939428,0.939428,0.000e0,1.000000
lfw,all,rgb,rgb/Alvaro_Noboa_0001.ppm,0.946028,0.946028,0.000e0,1.000000
lfw,all,rgb,rgb/Alvaro_Noboa_0002.ppm,0.924728,0.924728,1.192e-7,1.000000
lfw,all,rgb,rgb/Alvaro_Noboa_0003.ppm,0.940274,0.940274,0.000e0,1.000000
lfw,all,rgb,rgb/Alvaro_Silva_Calderon_0001.ppm,0.887579,0.887579,1.192e-7,1.000000
lfw,all,rgb,rgb/Alvaro_Silva_Calderon_0002.ppm,0.911403,0.911403,5.960e-8,1.000000
lfw,all,rgb,rgb/Alvaro_Silva_Calderon_0003.ppm,0.933965,0.933965,0.000e0,1.000000
lfw,all,rgb,rgb/Alvaro_Silva_Calderon_0004.ppm,0.944720,0.944720,0.000e0,1.000000
lfw,all,rgb,rgb/Alvaro_Uribe_0001.ppm,0.947303,0.947303,1.192e-7,1.000000
lfw,all,rgb,rgb/Alvaro_Uribe_0002.ppm,0.938601,0.938601,0.000e0,1.000000
lfw,all,rgb,rgb/Alvaro_Uribe_0003.ppm,0.942500,0.942500,0.000e0,1.000000
lfw,all,rgb,rgb/Alvaro_Uribe_0004.ppm,0.904780,0.904780,0.000e0,1.000000
lfw,all,rgb,rgb/Alvaro_Uribe_0005.ppm,0.938122,0.938122,0.000e0,1.000000
lfw,all,rgb,rgb/Alvaro_Uribe_0006.ppm,0.921915,0.921915,0.000e0,1.000000
lfw,all,rgb,rgb/Alvaro_Uribe_0007.ppm,0.944921,0.944921,0.000e0,1.000000
lfw,all,rgb,rgb/Alvaro_Uribe_0008.ppm,0.933697,0.933697,0.000e0,0.999999
lfw,all,rgb,rgb/Alvaro_Uribe_0009.ppm,0.924955,0.924955,0.000e0,1.000000
lfw,all,rgb,rgb/Alvaro_Uribe_0010.ppm,0.932477,0.932477,0.000e0,1.000000
lfw,all,rgb,rgb/Alvaro_Uribe_0011.ppm,0.972121,0.972121,1.192e-7,1.000000
lfw,all,rgb,rgb/Alvaro_Uribe_0012.ppm,0.924425,0.924425,5.960e-8,1.000000
lfw,all,rgb,rgb/Alvaro_Uribe_0013.ppm,0.935011,0.935011,0.000e0,1.000000
lfw,all,rgb,rgb/Alvaro_Uribe_0014.ppm,0.922254,0.922254,5.960e-8,1.000000
lfw,all,rgb,rgb/Alvaro_Uribe_0015.ppm,0.908791,0.908791,5.960e-8,1.000000
lfw,all,rgb,rgb/Alvaro_Uribe_0016.ppm,0.941160,0.941160,0.000e0,0.999999
lfw,all,rgb,rgb/Alvaro_Uribe_0017.ppm,0.934087,0.934087,0.000e0,1.000000
lfw,all,rgb,rgb/Alvaro_Uribe_0018.ppm,0.969619,0.969619,0.000e0,1.000000
lfw,all,rgb,rgb/Alvaro_Uribe_0019.ppm,0.912043,0.912043,1.192e-7,1.000000
lfw,all,rgb,rgb/Alvaro_Uribe_0020.ppm,0.925881,0.925881,5.960e-8,1.000000
lfw,all,rgb,rgb/Alvaro_Uribe_0021.ppm,0.947399,0.947400,1.192e-7,1.000000
lfw,all,rgb,rgb/Alvaro_Uribe_0022.ppm,0.926939,0.926939,0.000e0,1.000000
lfw,all,rgb,rgb/Alvaro_Uribe_0023.ppm,0.961832,0.961832,0.000e0,1.000000
lfw,all,rgb,rgb/Alvaro_Uribe_0024.ppm,0.952958,0.952958,0.000e0,1.000000
lfw,all,rgb,rgb/Alvaro_Uribe_0025.ppm,0.934742,0.934742,0.000e0,1.000000
lfw,all,rgb,rgb/Alvaro_Uribe_0026.ppm,0.949939,0.949939,0.000e0,1.000000
lfw,all,rgb,rgb/Alvaro_Uribe_0027.ppm,0.917963,0.917963,0.000e0,1.000000
lfw,all,rgb,rgb/Alvaro_Uribe_0028.ppm,0.935008,0.935008,0.000e0,1.000000
lfw,all,rgb,rgb/Alvaro_Uribe_0029.ppm,0.959472,0.959472,0.000e0,1.000000
lfw,all,rgb,rgb/Alvaro_Uribe_0030.ppm,0.934692,0.934692,0.000e0,1.000000
lfw,all,rgb,rgb/Alvaro_Uribe_0031.ppm,0.925299,0.925299,0.000e0,1.000000
lfw,all,rgb,rgb/Alvaro_Uribe_0032.ppm,0.947485,0.947485,5.960e-8,1.000000
lfw,all,rgb,rgb/Alvaro_Uribe_0033.ppm,0.968003,0.968003,0.000e0,0.999999
lfw,all,rgb,rgb/Alvaro_Uribe_0034.ppm,0.935361,0.935361,0.000e0,1.000000
lfw,all,rgb,rgb/Alvaro_Uribe_0035.ppm,0.951283,0.951283,0.000e0,1.000000
lfw,all,rgb,rgb/Aly_Wagner_0001.ppm,0.937135,0.937135,0.000e0,1.000000
lfw,all,rgb,rgb/Alyse_Beaupre_0001.ppm,0.953370,0.953370,0.000e0,1.000000
lfw,all,rgb,rgb/Alyson_Hannigan_0001.ppm,0.966174,0.966174,5.960e-8,1.000000
lfw,all,rgb,rgb/Amanda_Beard_0001.ppm,0.940504,0.940504,0.000e0,1.000000
lfw,all,rgb,rgb/Amanda_Beard_0002.ppm,0.972319,0.972319,1.192e-7,1.000000
lfw,all,rgb,rgb/Amanda_Bynes_0001.ppm,0.922994,0.922994,0.000e0,1.000000
lfw,all,rgb,rgb/Amanda_Bynes_0002.ppm,0.931908,0.931908,1.192e-7,0.999999
lfw,all,rgb,rgb/Amanda_Bynes_0003.ppm,0.945368,0.945368,0.000e0,1.000000
lfw,all,rgb,rgb/Amanda_Bynes_0004.ppm,0.916502,0.916502,0.000e0,1.000000
lfw,all,rgb,rgb/Amanda_Coetzer_0001.ppm,0.941625,0.941625,0.000e0,1.000000
lfw,all,rgb,rgb/Amanda_Coetzer_0002.ppm,0.875462,0.875462,0.000e0,1.000000
lfw,all,rgb,rgb/Amanda_Marsh_0001.ppm,0.922951,0.922951,0.000e0,1.000000
lfw,all,rgb,rgb/Amanda_Plumer_0001.ppm,0.923228,0.923228,0.000e0,1.000000
lfw,all,rgb,rgb/Amber_Frey_0001.ppm,0.934239,0.934239,1.192e-7,1.000000
lfw,all,rgb,rgb/Amber_Tamblyn_0001.ppm,0.940888,0.940888,0.000e0,1.000000
lfw,all,rgb,rgb/Amber_Tamblyn_0002.ppm,0.822117,0.822117,5.960e-8,1.000000
lfw,all,rgb,rgb/Ambrose_Lee_0001.ppm,0.951201,0.951201,0.000e0,0.999999
lfw,all,rgb,rgb/Amelia_Vega_0001.ppm,0.960815,0.960815,0.000e0,1.000000
lfw,all,rgb,rgb/Amelia_Vega_0002.ppm,0.950371,0.950371,0.000e0,1.000000
lfw,all,rgb,rgb/Amelia_Vega_0003.ppm,0.936608,0.936608,0.000e0,1.000000
lfw,all,rgb,rgb/Amelia_Vega_0004.ppm,0.950777,0.950777,0.000e0,1.000000
lfw,all,rgb,rgb/Amelia_Vega_0005.ppm,0.958869,0.958869,0.000e0,1.000000
lfw,all,rgb,rgb/Amelia_Vega_0006.ppm,0.973284,0.973284,0.000e0,1.000000
lfw,all,rgb,rgb/Amelia_Vega_0007.ppm,0.937102,0.937102,0.000e0,1.000000
lfw,all,rgb,rgb/Amelie_Mauresmo_0001.ppm,0.951497,0.951497,0.000e0,1.000000
lfw,all,rgb,rgb/Amelie_Mauresmo_0002.ppm,0.931385,0.931385,1.192e-7,1.000000
lfw,all,rgb,rgb/Amelie_Mauresmo_0003.ppm,0.961242,0.961242,1.192e-7,1.000000
lfw,all,rgb,rgb/Amelie_Mauresmo_0004.ppm,0.962099,0.962099,0.000e0,1.000000
lfw,all,rgb,rgb/Amelie_Mauresmo_0005.ppm,0.924973,0.924973,1.192e-7,1.000000
lfw,all,rgb,rgb/Amelie_Mauresmo_0006.ppm,0.947111,0.947111,0.000e0,1.000000
lfw,all,rgb,rgb/Amelie_Mauresmo_0007.ppm,0.943075,0.943075,0.000e0,1.000000
lfw,all,rgb,rgb/Amelie_Mauresmo_0008.ppm,0.968918,0.968918,1.192e-7,1.000000
lfw,all,rgb,rgb/Amelie_Mauresmo_0009.ppm,0.944092,0.944092,1.192e-7,1.000000
lfw,all,rgb,rgb/Amelie_Mauresmo_0010.ppm,0.938482,0.938482,0.000e0,1.000000
lfw,all,rgb,rgb/Amelie_Mauresmo_0011.ppm,0.852609,0.852609,5.960e-8,1.000000
lfw,all,rgb,rgb/Amelie_Mauresmo_0012.ppm,0.909978,0.909978,0.000e0,1.000000
lfw,all,rgb,rgb/Amelie_Mauresmo_0013.ppm,0.957389,0.957389,1.192e-7,1.000000
lfw,all,rgb,rgb/Amelie_Mauresmo_0014.ppm,0.955787,0.955787,0.000e0,1.000000
lfw,all,rgb,rgb/Amelie_Mauresmo_0015.ppm,0.952780,0.952781,1.192e-7,1.000000
lfw,all,rgb,rgb/Amelie_Mauresmo_0016.ppm,0.911425,0.911425,0.000e0,0.999999
lfw,all,rgb,rgb/Amelie_Mauresmo_0017.ppm,0.954536,0.954536,0.000e0,1.000000
lfw,all,rgb,rgb/Amelie_Mauresmo_0018.ppm,0.924852,0.924852,0.000e0,1.000000
lfw,all,rgb,rgb/Amelie_Mauresmo_0019.ppm,0.904710,0.904710,0.000e0,1.000000
lfw,all,rgb,rgb/Amelie_Mauresmo_0020.ppm,0.945048,0.945048,0.000e0,1.000000
lfw,all,rgb,rgb/Amelie_Mauresmo_0021.ppm,0.806789,0.806789,0.000e0,1.000000
lfw,all,rgb,rgb/Amer_al-Saadi_0001.ppm,0.951255,0.951255,0.000e0,1.000000
lfw,all,rgb,rgb/Amer_al-Saadi_0002.ppm,0.916857,0.916857,1.192e-7,1.000000
lfw,all,rgb,rgb/Amer_al-Saadi_0003.ppm,0.911843,0.911843,5.960e-8,1.000000
lfw,all,rgb,rgb/Amer_al-Saadi_0004.ppm,0.933237,0.933237,5.960e-8,1.000000
lfw,all,rgb,rgb/Amporn_Falise_0001.ppm,0.953247,0.953247,1.192e-7,1.000000
lfw,all,rgb,rgb/Amr_Moussa_0001.ppm,0.947670,0.947670,1.192e-7,0.999999
lfw,all,rgb,rgb/Amram_Mitzna_0001.ppm,0.867346,0.867346,0.000e0,0.999999
lfw,all,rgb,rgb/Amram_Mitzna_0002.ppm,0.896885,0.896885,0.000e0,0.999999
lfw,all,rgb,rgb/Amy_Brenneman_0001.ppm,0.937008,0.937008,0.000e0,1.000000
lfw,all,rgb,rgb/Amy_Cotton_0001.ppm,0.951963,0.951963,1.192e-7,1.000000
lfw,all,rgb,rgb/Amy_Gale_0001.ppm,0.897023,0.897023,0.000e0,1.000000
lfw,all,rgb,rgb/Amy_Pascal_0001.ppm,0.868195,0.868195,0.000e0,0.999999
lfw,all,rgb,rgb/Amy_Redford_0001.ppm,0.916679,0.916679,0.000e0,1.000000
lfw,all,rgb,rgb/Amy_Smart_0001.ppm,0.897799,0.897799,5.960e-8,1.000000
lfw,all,rgb,rgb/Amy_Yasbeck_0001.ppm,0.917249,0.917249,1.192e-7,0.999999
lfw,all,rgb,rgb/AnFernce_Negron_0001.ppm,0.911725,0.911725,0.000e0,1.000000
lfw,all,rgb,rgb/Ana_Claudia_Talancon_0001.ppm,0.953705,0.953705,0.000e0,1.000000
lfw,all,rgb,rgb/Ana_Guevara_0001.ppm,0.953880,0.953880,0.000e0,1.000000
lfw,all,rgb,rgb/Ana_Guevara_0002.ppm,0.943451,0.943451,0.000e0,1.000000
lfw,all,rgb,rgb/Ana_Guevara_0003.ppm,0.935067,0.935067,0.000e0,1.000000
lfw,all,rgb,rgb/Ana_Guevara_0004.ppm,0.933584,0.933584,0.000e0,1.000000
lfw,all,rgb,rgb/Ana_Guevara_0005.ppm,0.939594,0.939594,0.000e0,1.000000
lfw,all,rgb,rgb/Ana_Guevara_0006.ppm,0.928273,0.928273,1.192e-7,1.000000
lfw,all,rgb,rgb/Ana_Guevara_0007.ppm,0.940188,0.940188,1.192e-7,1.000000
lfw,all,rgb,rgb/Ana_Isabel_Sanchez_0001.ppm,0.958369,0.958369,1.192e-7,1.000000
lfw,all,rgb,rgb/Ana_Palacio_0001.ppm,0.918698,0.918698,0.000e0,1.000000
lfw,all,rgb,rgb/Ana_Palacio_0002.ppm,0.923037,0.923037,0.000e0,1.000000
lfw,all,rgb,rgb/Ana_Palacio_0003.ppm,0.920134,0.920134,0.000e0,1.000000
lfw,all,rgb,rgb/Ana_Palacio_0004.ppm,0.933526,0.933526,1.192e-7,1.000000
lfw,all,rgb,rgb/Ana_Palacio_0005.ppm,0.960081,0.960081,0.000e0,1.000000
lfw,all,rgb,rgb/Ana_Palacio_0006.ppm,0.904767,0.904767,0.000e0,1.000000
lfw,all,rgb,rgb/Ana_Palacio_0007.ppm,0.955320,0.955320,2.384e-7,1.000000
lfw,all,rgb,rgb/Ana_Palacio_0008.ppm,0.905654,0.905654,1.192e-7,1.000000
lfw,all,rgb,rgb/Ana_Paula_Gerard_0001.ppm,0.949320,0.949320,0.000e0,1.000000
lfw,all,rgb,rgb/Ana_Sebastiao_0001.ppm,0.953083,0.953083,0.000e0,1.000000
lfw,all,rgb,rgb/Anastasia_Kelesidou_0001.ppm,0.899516,0.899516,1.192e-7,1.000000
lfw,all,rgb,rgb/Anastasia_Myskina_0001.ppm,0.924962,0.924962,0.000e0,1.000000
lfw,all,rgb,rgb/Anastasia_Myskina_0002.ppm,0.905874,0.905874,0.000e0,1.000000
lfw,all,rgb,rgb/Anastasia_Myskina_0003.ppm,0.852992,0.852992,0.000e0,1.000000
lfw,all,rgb,rgb/Anatoliy_Kinakh_0001.ppm,0.929368,0.929368,1.192e-7,1.000000
lfw,all,rgb,rgb/Anders_Ebbeson_0001.ppm,0.910553,0.910553,5.960e-8,1.000000
lfw,all,rgb,rgb/Anders_Ebbeson_0002.ppm,0.920927,0.920927,0.000e0,0.999999
lfw,all,rgb,rgb/Anders_Ebbeson_0003.ppm,0.918918,0.918919,1.192e-7,0.999999
lfw,all,rgb,rgb/Anders_Fogh_Rasmussen_0001.ppm,0.934893,0.934893,1.192e-7,1.000000
lfw,all,rgb,rgb/Anders_Fogh_Rasmussen_0002.ppm,0.920741,0.920741,0.000e0,1.000000
lfw,all,rgb,rgb/Anders_Fogh_Rasmussen_0003.ppm,0.926544,0.926544,0.000e0,1.000000
lfw,all,rgb,rgb/Anders_Fogh_Rasmussen_0004.ppm,0.897648,0.897648,1.192e-7,1.000000
lfw,all,rgb,rgb/Anderson_Varejao_0001.ppm,0.863918,0.863918,0.000e0,1.000000
lfw,all,rgb,rgb/Andre_Agassi_0001.ppm,0.922739,0.922739,1.192e-7,1.000000
lfw,all,rgb,rgb/Andre_Agassi_0002.ppm,0.922636,0.922636,0.000e0,1.000000
lfw,all,rgb,rgb/Andre_Agassi_0003.ppm,0.939069,0.939069,0.000e0,1.000000
lfw,all,rgb,rgb/Andre_Agassi_0004.ppm,0.928719,0.928719,0.000e0,1.000000
lfw,all,rgb,rgb/Andre_Agassi_0005.ppm,0.966342,0.966342,0.000e0,1.000000
lfw,all,rgb,rgb/Andre_Agassi_0006.ppm,0.920174,0.920174,5.960e-8,1.000000
lfw,all,rgb,rgb/Andre_Agassi_0007.ppm,0.925298,0.925298,5.960e-8,1.000000
lfw,all,rgb,rgb/Andre_Agassi_0008.ppm,0.905448,0.905448,0.000e0,1.000000
lfw,all,rgb,rgb/Andre_Agassi_0009.ppm,0.890799,0.890799,1.788e-7,1.000000
lfw,all,rgb,rgb/Andre_Agassi_0010.ppm,0.946437,0.946437,0.000e0,1.000000
lfw,all,rgb,rgb/Andre_Agassi_0011.ppm,0.930527,0.930527,0.000e0,1.000000
lfw,all,rgb,rgb/Andre_Agassi_0012.ppm,0.778041,0.778041,0.000e0,1.000000
lfw,all,rgb,rgb/Andre_Agassi_0013.ppm,0.917366,0.917366,0.000e0,1.000000
lfw,all,rgb,rgb/Andre_Agassi_0014.ppm,0.926244,0.926244,1.192e-7,1.000000
lfw,all,rgb,rgb/Andre_Agassi_0015.ppm,0.912597,0.912597,1.192e-7,1.000000
lfw,all,rgb,rgb/Andre_Agassi_0016.ppm,0.936423,0.936423,0.000e0,1.000000
lfw,all,rgb,rgb/Andre_Agassi_0017.ppm,0.942870,0.942870,0.000e0,0.999999
lfw,all,rgb,rgb/Andre_Agassi_0018.ppm,0.836923,0.836923,1.192e-7,1.000000
lfw,all,rgb,rgb/Andre_Agassi_0019.ppm,0.911040,0.911040,0.000e0,1.000000
lfw,all,rgb,rgb/Andre_Agassi_0020.ppm,0.885017,0.885017,0.000e0,1.000000
lfw,all,rgb,rgb/Andre_Agassi_0021.ppm,0.916165,0.916165,0.000e0,1.000000
lfw,all,rgb,rgb/Andre_Agassi_0022.ppm,0.952492,0.952492,0.000e0,1.000000
lfw,all,rgb,rgb/Andre_Agassi_0023.ppm,0.924901,0.924901,5.960e-8,1.000000
lfw,all,rgb,rgb/Andre_Agassi_0024.ppm,0.908564,0.908564,1.192e-7,1.000000
lfw,all,rgb,rgb/Andre_Agassi_0025.ppm,0.910555,0.910555,0.000e0,1.000000
lfw,all,rgb,rgb/Andre_Agassi_0026.ppm,0.925706,0.925706,0.000e0,1.000000
lfw,all,rgb,rgb/Andre_Agassi_0027.ppm,0.902159,0.902159,0.000e0,1.000000
lfw,all,rgb,rgb/Andre_Agassi_0028.ppm,0.944352,0.944351,5.960e-8,1.000000
lfw,all,rgb,rgb/Andre_Agassi_0029.ppm,0.941037,0.941037,5.960e-8,1.000000
lfw,all,rgb,rgb/Andre_Agassi_0030.ppm,0.939593,0.939593,0.000e0,1.000000
lfw,all,rgb,rgb/Andre_Agassi_0031.ppm,0.921652,0.921652,0.000e0,1.000000
lfw,all,rgb,rgb/Andre_Agassi_0032.ppm,0.942256,0.942256,0.000e0,1.000000
lfw,all,rgb,rgb/Andre_Agassi_0033.ppm,0.956362,0.956362,0.000e0,1.000000
lfw,all,rgb,rgb/Andre_Agassi_0034.ppm,0.949278,0.949278,1.192e-7,1.000000
lfw,all,rgb,rgb/Andre_Agassi_0035.ppm,0.945735,0.945735,0.000e0,1.000000
lfw,all,rgb,rgb/Andre_Agassi_0036.ppm,0.934798,0.934798,0.000e0,1.000000
lfw,all,rgb,rgb/Andre_Bucher_0001.ppm,0.859596,0.859596,1.192e-7,1.000000
lfw,all,rgb,rgb/Andre_Lange_0001.ppm,0.881620,0.881620,0.000e0,1.000000
lfw,all,rgb,rgb/Andre_Smith_0001.ppm,0.939243,0.939243,0.000e0,1.000000
lfw,all,rgb,rgb/Andre_Techine_0001.ppm,0.952489,0.952489,0.000e0,1.000000
lfw,all,rgb,rgb/Andrea_Bocelli_0001.ppm,0.921391,0.921391,1.192e-7,1.000000
lfw,all,rgb,rgb/Andrea_De_Cruz_0001.ppm,0.940962,0.940962,1.192e-7,1.000000
lfw,all,rgb,rgb/Andrea_Kiser_0001.ppm,0.953283,0.953283,0.000e0,1.000000
lfw,all,rgb,rgb/Andrea_Yates_0001.ppm,0.892550,0.892549,5.960e-8,1.000000
lfw,all,rgb,rgb/Andreas_Vinciguerra_0001.ppm,0.943785,0.943785,0.000e0,1.000000
lfw,all,rgb,rgb/Andrei_Konchalovsky_0001.ppm,0.915493,0.915493,1.192e-7,1.000000
lfw,all,rgb,rgb/Andrei_Mikhnevich_0001.ppm,0.966497,0.966497,0.000e0,1.000000
lfw,all,rgb,rgb/Andrei_Mikhnevich_0002.ppm,0.907605,0.907605,0.000e0,0.999999
lfw,all,rgb,rgb/Andrei_Nikolishin_0001.ppm,0.944517,0.944517,0.000e0,1.000000
lfw,all,rgb,rgb/Andres_DAlessandro_0001.ppm,0.957676,0.957676,1.192e-7,0.999999
lfw,all,rgb,rgb/Andres_Manuel_Lopez_Obrador_0001.ppm,0.916736,0.916736,0.000e0,1.000000
lfw,all,rgb,rgb/Andres_Pastrana_0001.ppm,0.914709,0.914709,1.192e-7,1.000000
lfw,all,rgb,rgb/Andrew_Bernard_0001.ppm,0.931287,0.931287,0.000e0,1.000000
lfw,all,rgb,rgb/Andrew_Bunner_0001.ppm,0.916623,0.916623,0.000e0,1.000000
lfw,all,rgb,rgb/Andrew_Bunner_0002.ppm,0.942864,0.942865,1.192e-7,1.000000
lfw,all,rgb,rgb/Andrew_Caldecott_0001.ppm,0.921642,0.921642,0.000e0,1.000000
lfw,all,rgb,rgb/Andrew_Cuomo_0001.ppm,0.964235,0.964235,0.000e0,1.000000
lfw,all,rgb,rgb/Andrew_Cuomo_0002.ppm,0.941907,0.941907,0.000e0,0.999999
lfw,all,rgb,rgb/Andrew_Fastow_0001.ppm,0.932031,0.932031,0.000e0,1.000000
lfw,all,rgb,rgb/Andrew_Firestone_0001.ppm,0.941659,0.941659,0.000e0,1.000000
lfw,all,rgb,rgb/Andrew_Gilligan_0001.ppm,0.915462,0.915462,0.000e0,1.000000
lfw,all,rgb,rgb/Andrew_Jarecki_0001.ppm,0.961832,0.961832,0.000e0,1.000000
lfw,all,rgb,rgb/Andrew_Luster_0001.ppm,0.945705,0.945705,0.000e0,1.000000
lfw,all,rgb,rgb/Andrew_Niccol_0001.ppm,0.974402,0.974402,0.000e0,1.000000
lfw,all,rgb,rgb/Andrew_Niccol_0002.ppm,0.982975,0.982976,1.192e-7,1.000000
lfw,all,rgb,rgb/Andrew_Sabey_0001.ppm,0.937827,0.937827,5.960e-8,1.000000
lfw,all,rgb,rgb/Andrew_Shutley_0001.ppm,0.891177,0.891177,1.192e-7,1.000000
lfw,all,rgb,rgb/Andrew_Weissmann_0001.ppm,0.918908,0.918908,1.192e-7,1.000000
lfw,all,rgb,rgb/Andrew_Weissmann_0002.ppm,0.936173,0.936172,5.960e-8,1.000000
lfw,all,rgb,rgb/Andrew_Weissmann_0003.ppm,0.911686,0.911686,0.000e0,1.000000
lfw,all,rgb,rgb/Andrew_Wetzler_0001.ppm,0.919072,0.919072,1.192e-7,1.000000
lfw,all,rgb,rgb/Andrzej_Tyszkiewicz_0001.ppm,0.941138,0.941138,0.000e0,1.000000
lfw,all,rgb,rgb/Andy_Benes_0001.ppm,0.915492,0.915492,0.000e0,1.000000
lfw,all,rgb,rgb/Andy_Bryant_0001.ppm,0.876712,0.876712,0.000e0,1.000000
lfw,all,rgb,rgb/Andy_Dick_0001.ppm,0.862478,0.862478,5.960e-8,1.000000
lfw,all,rgb,rgb/Andy_Garcia_0001.ppm,0.950911,0.950911,0.000e0,1.000000
lfw,all,rgb,rgb/Andy_Graves_0001.ppm,0.939167,0.939167,5.960e-8,1.000000
lfw,all,rgb,rgb/Andy_Griffith_0001.ppm,0.901902,0.901902,1.192e-7,0.999999
lfw,all,rgb,rgb/Andy_Griggs_0001.ppm,0.956079,0.956079,0.000e0,1.000000
lfw,all,rgb,rgb/Andy_Hebb_0001.ppm,0.942227,0.942227,2.384e-7,1.000000
lfw,all,rgb,rgb/Andy_Hebb_0002.ppm,0.941029,0.941029,0.000e0,1.000000
lfw,all,rgb,rgb/Andy_Lau_0001.ppm,0.954475,0.954475,0.000e0,1.000000
lfw,all,rgb,rgb/Andy_Madikians_0001.ppm,0.926828,0.926827,1.192e-7,1.000000
lfw,all,rgb,rgb/Andy_North_0001.ppm,0.941864,0.941864,1.192e-7,1.000000
lfw,all,rgb,rgb/Andy_Perez_0001.ppm,0.947464,0.947464,0.000e0,1.000000
lfw,all,rgb,rgb/Andy_Roddick_0001.ppm,0.925387,0.925387,1.192e-7,1.000000
lfw,all,rgb,rgb/Andy_Roddick_0002.ppm,0.890228,0.890228,0.000e0,1.000000
lfw,all,rgb,rgb/Andy_Roddick_0003.ppm,0.944054,0.944054,0.000e0,1.000000
lfw,all,rgb,rgb/Andy_Roddick_0004.ppm,0.937740,0.937740,0.000e0,1.000000
lfw,all,rgb,rgb/Andy_Roddick_0005.ppm,0.924646,0.924646,0.000e0,1.000000
lfw,all,rgb,rgb/Andy_Roddick_0006.ppm,0.927188,0.927188,0.000e0,1.000000
lfw,all,rgb,rgb/Andy_Roddick_0007.ppm,0.944998,0.944998,0.000e0,1.000000
lfw,all,rgb,rgb/Andy_Roddick_0008.ppm,0.947207,0.947207,5.960e-8,1.000000
lfw,all,rgb,rgb/Andy_Roddick_0009.ppm,0.905252,0.905252,5.960e-8,1.000000
lfw,all,rgb,rgb/Andy_Roddick_0010.ppm,0.919508,0.919508,1.192e-7,1.000000
lfw,all,rgb,rgb/Andy_Roddick_0011.ppm,0.910730,0.910730,0.000e0,1.000000
lfw,all,rgb,rgb/Andy_Roddick_0012.ppm,0.964819,0.964819,0.000e0,0.999999
lfw,all,rgb,rgb/Andy_Roddick_0013.ppm,0.935692,0.935692,0.000e0,1.000000
lfw,all,rgb,rgb/Andy_Roddick_0014.ppm,0.947900,0.947900,1.192e-7,1.000000
lfw,all,rgb,rgb/Andy_Roddick_0015.ppm,0.945039,0.945039,0.000e0,1.000000
lfw,all,rgb,rgb/Andy_Rooney_0001.ppm,0.912561,0.912561,0.000e0,1.000000
lfw,all,rgb,rgb/Andy_Warhol_0001.ppm,0.925601,0.925601,1.192e-7,1.000000
lfw,all,rgb,rgb/Andy_Wisecarver_0001.ppm,0.925668,0.925668,0.000e0,1.000000
lfw,all,rgb,rgb/Anette_Hosoi_0001.ppm,0.924573,0.924573,0.000e0,1.000000
lfw,all,rgb,rgb/Angel_Lockward_0001.ppm,0.937572,0.937572,0.000e0,1.000000
lfw,all,rgb,rgb/Angel_Maza_0001.ppm,0.917091,0.917091,0.000e0,1.000000
lfw,all,rgb,rgb/Angela_Alvarado_Rosa_0001.ppm,0.957607,0.957607,3.576e-7,1.000000
lfw,all,rgb,rgb/Angela_Bassett_0001.ppm,0.936443,0.936443,1.192e-7,1.000000
lfw,all,rgb,rgb/Angela_Bassett_0002.ppm,0.925374,0.925374,0.000e0,1.000000
lfw,all,rgb,rgb/Angela_Bassett_0003.ppm,0.902389,0.902389,5.960e-8,1.000000
lfw,all,rgb,rgb/Angela_Bassett_0004.ppm,0.913083,0.913083,0.000e0,1.000000
lfw,all,rgb,rgb/Angela_Bassett_0005.ppm,0.942554,0.942554,0.000e0,1.000000
lfw,all,rgb,rgb/Angela_Bassett_0006.ppm,0.913116,0.913116,0.000e0,1.000000
lfw,all,rgb,rgb/Angela_Lansbury_0001.ppm,0.954571,0.954571,5.960e-8,1.000000
lfw,all,rgb,rgb/Angela_Lansbury_0002.ppm,0.945830,0.945830,0.000e0,1.000000
lfw,all,rgb,rgb/Angela_Mascia-Frye_0001.ppm,0.912753,0.912753,5.960e-8,1.000000
lfw,all,rgb,rgb/Angela_Merkel_0001.ppm,0.913891,0.913892,5.960e-8,1.000000
lfw,all,rgb,rgb/Angela_Merkel_0002.ppm,0.932809,0.932809,1.192e-7,1.000000
lfw,all,rgb,rgb/Angela_Merkel_0003.ppm,0.909642,0.909642,0.000e0,1.000000
lfw,all,rgb,rgb/Angela_Merkel_0004.ppm,0.918011,0.918011,1.192e-7,1.000000
lfw,all,rgb,rgb/Angela_Merkel_0005.ppm,0.925972,0.925972,0.000e0,0.999999
lfw,all,rgb,rgb/Angelica_Romero_0001.ppm,0.919740,0.919740,0.000e0,1.000000
lfw,all,rgb,rgb/Angelina_Jolie_0001.ppm,0.912411,0.912411,1.192e-7,1.000000
lfw,all,rgb,rgb/Angelina_Jolie_0002.ppm,0.930847,0.930847,5.960e-8,1.000000
lfw,all,rgb,rgb/Angelina_Jolie_0003.ppm,0.917710,0.917710,5.960e-8,1.000000
lfw,all,rgb,rgb/Angelina_Jolie_0004.ppm,0.955238,0.955238,0.000e0,1.000000
lfw,all,rgb,rgb/Angelina_Jolie_0005.ppm,0.937320,0.937320,0.000e0,1.000000
lfw,all,rgb,rgb/Angelina_Jolie_0006.ppm,0.917324,0.917324,0.000e0,1.000000
lfw,all,rgb,rgb/Angelina_Jolie_0007.ppm,0.967243,0.967243,0.000e0,1.000000
lfw,all,rgb,rgb/Angelina_Jolie_0008.ppm,0.954057,0.954057,0.000e0,1.000000
lfw,all,rgb,rgb/Angelina_Jolie_0009.ppm,0.973467,0.973467,1.192e-7,1.000000
lfw,all,rgb,rgb/Angelina_Jolie_0010.ppm,0.928116,0.928116,1.192e-7,1.000000
lfw,all,rgb,rgb/Angelina_Jolie_0011.ppm,0.937818,0.937818,2.384e-7,1.000000
lfw,all,rgb,rgb/Angelina_Jolie_0012.ppm,0.980617,0.980617,0.000e0,1.000000
lfw,all,rgb,rgb/Angelina_Jolie_0013.ppm,0.965902,0.965902,1.192e-7,0.999999
lfw,all,rgb,rgb/Angelina_Jolie_0014.ppm,0.913670,0.913670,0.000e0,1.000000
lfw,all,rgb,rgb/Angelina_Jolie_0015.ppm,0.883099,0.883099,5.960e-8,1.000000
lfw,all,rgb,rgb/Angelina_Jolie_0016.ppm,0.943245,0.943245,5.960e-8,1.000000
lfw,all,rgb,rgb/Angelina_Jolie_0017.ppm,0.965944,0.965944,0.000e0,1.000000
lfw,all,rgb,rgb/Angelina_Jolie_0018.ppm,0.926937,0.926937,0.000e0,0.999999
lfw,all,rgb,rgb/Angelina_Jolie_0019.ppm,0.966292,0.966292,0.000e0,1.000000
lfw,all,rgb,rgb/Angelina_Jolie_0020.ppm,0.959571,0.959571,1.192e-7,1.000000
lfw,all,rgb,rgb/Angelo_Genova_0001.ppm,0.887340,0.887340,0.000e0,1.000000
lfw,all,rgb,rgb/Angelo_Reyes_0001.ppm,0.932572,0.932572,0.000e0,1.000000
lfw,all,rgb,rgb/Angelo_Reyes_0002.ppm,0.964356,0.964356,0.000e0,1.000000
lfw,all,rgb,rgb/Angelo_Reyes_0003.ppm,0.927072,0.927072,1.192e-7,0.999999
lfw,all,rgb,rgb/Angelo_Reyes_0004.ppm,0.926490,0.926490,5.960e-8,1.000000
lfw,all,rgb,rgb/Angie_Arzola_0001.ppm,0.918231,0.918231,0.000e0,1.000000
lfw,all,rgb,rgb/Angie_Martinez_0001.ppm,0.919903,0.919903,1.192e-7,1.000000
lfw,all,rgb,rgb/Anibal_Ibarra_0001.ppm,0.912139,0.912139,0.000e0,0.999999
lfw,all,rgb,rgb/Anibal_Ibarra_0002.ppm,0.927197,0.927197,0.000e0,1.000000
lfw,all,rgb,rgb/Anibal_Ibarra_0003.ppm,0.877776,0.877776,5.960e-8,1.000000
lfw,all,rgb,rgb/Anil_Ramsook_0001.ppm,0.930162,0.930162,1.192e-7,1.000000
lfw,all,rgb,rgb/Anita_DeFrantz_0001.ppm,0.951542,0.951542,1.192e-7,1.000000
lfw,all,rgb,rgb/Anja_Paerson_0001.ppm,0.879933,0.879933,0.000e0,1.000000
lfw,all,rgb,rgb/Anjum_Hussain_0001.ppm,0.949996,0.949996,1.192e-7,1.000000
lfw,all,rgb,rgb/Ann_Godbehere_0001.ppm,0.955491,0.955491,0.000e0,1.000000
lfw,all,rgb,rgb/Ann_Landers_0001.ppm,0.936533,0.936533,1.192e-7,1.000000
lfw,all,rgb,rgb/Ann_Morgan_0001.ppm,0.941944,0.941944,0.000e0,0.999999
lfw,all,rgb,rgb/Ann_Veneman_0001.ppm,0.959165,0.959165,0.000e0,1.000000
lfw,all,rgb,rgb/Ann_Veneman_0002.ppm,0.908672,0.908672,0.000e0,1.000000
lfw,all,rgb,rgb/Ann_Veneman_0003.ppm,0.928526,0.928526,1.192e-7,1.000000
lfw,all,rgb,rgb/Ann_Veneman_0004.ppm,0.953613,0.953613,0.000e0,1.000000
lfw,all,rgb,rgb/Ann_Veneman_0005.ppm,0.953195,0.953195,0.000e0,1.000000
lfw,all,rgb,rgb/Ann_Veneman_0006.ppm,0.899832,0.899832,0.000e0,1.000000
lfw,all,rgb,rgb/Ann_Veneman_0007.ppm,0.950766,0.950766,0.000e0,1.000000
lfw,all,rgb,rgb/Ann_Veneman_0008.ppm,0.928493,0.928493,0.000e0,1.000000
lfw,all,rgb,rgb/Ann_Veneman_0009.ppm,0.958903,0.958903,0.000e0,1.000000
lfw,all,rgb,rgb/Ann_Veneman_0010.ppm,0.950826,0.950826,0.000e0,1.000000
lfw,all,rgb,rgb/Ann_Veneman_0011.ppm,0.938636,0.938636,0.000e0,0.999999
lfw,all,rgb,rgb/Anna_Chicherova_0001.ppm,0.905832,0.905832,5.960e-8,1.000000
lfw,all,rgb,rgb/Anna_Faris_0001.ppm,0.938102,0.938102,0.000e0,1.000000
lfw,all,rgb,rgb/Anna_Jones_0001.ppm,0.970265,0.970265,1.192e-7,0.999999
lfw,all,rgb,rgb/Anna_Kournikova_0001.ppm,0.892926,0.892926,0.000e0,1.000000
lfw,all,rgb,rgb/Anna_Kournikova_0002.ppm,0.865322,0.865322,0.000e0,0.999999
lfw,all,rgb,rgb/Anna_Kournikova_0003.ppm,0.950019,0.950019,0.000e0,1.000000
lfw,all,rgb,rgb/Anna_Kournikova_0004.ppm,0.971999,0.971999,0.000e0,1.000000
lfw,all,rgb,rgb/Anna_Kournikova_0005.ppm,0.910954,0.910954,0.000e0,0.999999
lfw,all,rgb,rgb/Anna_Kournikova_0006.ppm,0.959012,0.959012,1.192e-7,1.000000
lfw,all,rgb,rgb/Anna_Kournikova_0007.ppm,0.870796,0.870796,0.000e0,1.000000
lfw,all,rgb,rgb/Anna_Kournikova_0008.ppm,0.914718,0.914718,0.000e0,0.999999
lfw,all,rgb,rgb/Anna_Kournikova_0009.ppm,0.916818,0.916818,5.960e-8,1.000000
lfw,all,rgb,rgb/Anna_Kournikova_0010.ppm,0.913908,0.913908,0.000e0,1.000000
lfw,all,rgb,rgb/Anna_Kournikova_0011.ppm,0.902741,0.902741,0.000e0,1.000000
lfw,all,rgb,rgb/Anna_Kournikova_0012.ppm,0.920131,0.920131,1.192e-7,1.000000
lfw,all,rgb,rgb/Anna_Nicole_Smith_0001.ppm,0.951658,0.951658,1.192e-7,1.000000
lfw,all,rgb,rgb/Anna_Nicole_Smith_0002.ppm,0.912840,0.912840,0.000e0,1.000000
lfw,all,rgb,rgb/Anne_Cavers_0001.ppm,0.941286,0.941286,1.192e-7,1.000000
lfw,all,rgb,rgb/Anne_Donovan_0001.ppm,0.907045,0.907045,0.000e0,1.000000
lfw,all,rgb,rgb/Anne_Heche_0001.ppm,0.957627,0.957627,0.000e0,1.000000
lfw,all,rgb,rgb/Anne_Krueger_0001.ppm,0.963684,0.963684,0.000e0,1.000000
lfw,all,rgb,rgb/Anne_Krueger_0002.ppm,0.942401,0.942401,0.000e0,1.000000
lfw,all,rgb,rgb/Anne_Krueger_0003.ppm,0.917959,0.917959,0.000e0,1.000000
lfw,all,rgb,rgb/Anne_McLellan_0001.ppm,0.892093,0.892093,1.192e-7,1.000000
lfw,all,rgb,rgb/Anne_McLellan_0002.ppm,0.966878,0.966878,0.000e0,1.000000
lfw,all,rgb,rgb/Anne_McLellan_0003.ppm,0.923924,0.923924,0.000e0,1.000000
lfw,all,rgb,rgb/Anne_ONeil_0001.ppm,0.933726,0.933726,0.000e0,1.000000
lfw,all,rgb,rgb/Anneli_Jaatteenmaki_0001.ppm,0.957563,0.957563,0.000e0,1.000000
lfw,all,rgb,rgb/Anneli_Jaatteenmaki_0002.ppm,0.939462,0.939463,1.192e-7,0.999999
lfw,all,rgb,rgb/Annette_Bening_0001.ppm,0.938701,0.938701,0.000e0,1.000000
lfw,all,rgb,rgb/Annette_Bening_0002.ppm,0.954519,0.954519,0.000e0,1.000000
lfw,all,rgb,rgb/Annette_Lu_0001.ppm,0.923285,0.923285,0.000e0,1.000000
lfw,all,rgb,rgb/Annette_Lu_0002.ppm,0.928160,0.928160,0.000e0,1.000000
lfw,all,rgb,rgb/Annette_Lu_0003.ppm,0.913868,0.913868,0.000e0,1.000000
lfw,all,rgb,rgb/Annie-Jeanne_Reynaud_0001.ppm,0.940782,0.940782,1.192e-7,1.000000
lfw,all,rgb,rgb/Annie_Chaplin_0001.ppm,0.891007,0.891007,0.000e0,1.000000
lfw,all,rgb,rgb/Annie_Machon_0001.ppm,0.950714,0.950714,0.000e0,1.000000
lfw,all,rgb,rgb/Annika_Sorenstam_0001.ppm,0.950966,0.950966,0.000e0,1.000000
lfw,all,rgb,rgb/Antanas_Valionis_0001.ppm,0.929434,0.929434,0.000e0,1.000000
lfw,all,rgb,rgb/Anthony_Carter_0001.ppm,0.963907,0.963907,1.192e-7,1.000000
lfw,all,rgb,rgb/Anthony_Corso_0001.ppm,0.918239,0.918239,5.960e-8,1.000000
lfw,all,rgb,rgb/Anthony_Ervin_0001.ppm,0.939487,0.939487,1.192e-7,1.000000
lfw,all,rgb,rgb/Anthony_Fauci_0001.ppm,0.927509,0.927509,0.000e0,1.000000
lfw,all,rgb,rgb/Anthony_Fauci_0002.ppm,0.928460,0.928460,0.000e0,1.000000
lfw,all,rgb,rgb/Anthony_Garotinho_0001.ppm,0.923849,0.923849,0.000e0,1.000000
lfw,all,rgb,rgb/Anthony_Hazen_0001.ppm,0.934478,0.934479,2.384e-7,1.000000
lfw,all,rgb,rgb/Anthony_Hopkins_0001.ppm,0.916739,0.916739,0.000e0,1.000000
lfw,all,rgb,rgb/Anthony_Hopkins_0002.ppm,0.934367,0.934367,1.192e-7,0.999999
lfw,all,rgb,rgb/Anthony_LaPaglia_0001.ppm,0.947839,0.947839,5.960e-8,1.000000
lfw,all,rgb,rgb/Anthony_LaPaglia_0002.ppm,0.917908,0.917908,0.000e0,1.000000
lfw,all,rgb,rgb/Anthony_Lee_Johnson_0001.ppm,0.941054,0.941054,5.960e-8,1.000000
lfw,all,rgb,rgb/Anthony_Mazur_0001.ppm,0.919264,0.919264,1.192e-7,1.000000
lfw,all,rgb,rgb/Anthony_Pico_0001.ppm,0.938258,0.938258,0.000e0,1.000000
lfw,all,rgb,rgb/Anthony_Pisciotti_0001.ppm,0.936602,0.936602,0.000e0,0.999999
lfw,all,rgb,rgb/Anthony_Principi_0001.ppm,0.949352,0.949352,0.000e0,1.000000
lfw,all,rgb,rgb/Anthony_Rackauckas_0001.ppm,0.954227,0.954227,0.000e0,1.000000
lfw,all,rgb,rgb/Anthony_Scott_Miller_0001.ppm,0.926130,0.926131,1.192e-7,1.000000
lfw,all,rgb,rgb/Antje_Buschschulte_0001.ppm,0.918096,0.918096,0.000e0,1.000000
lfw,all,rgb,rgb/Anton_Balasingham_0001.ppm,0.936387,0.936387,0.000e0,1.000000
lfw,all,rgb,rgb/Antonio_Banderas_0001.ppm,0.916433,0.916433,5.960e-8,1.000000
lfw,all,rgb,rgb/Antonio_Banderas_0002.ppm,0.928414,0.928414,0.000e0,1.000000
lfw,all,rgb,rgb/Antonio_Banderas_0003.ppm,0.930945,0.930945,0.000e0,1.000000
lfw,all,rgb,rgb/Antonio_Banderas_0004.ppm,0.962860,0.962860,0.000e0,1.000000
lfw,all,rgb,rgb/Antonio_Banderas_0005.ppm,0.931150,0.931150,1.192e-7,1.000000
lfw,all,rgb,rgb/Antonio_Bernardo_0001.ppm,0.927468,0.927468,5.960e-8,1.000000
lfw,all,rgb,rgb/Antonio_Cassano_0001.ppm,0.939463,0.939463,1.192e-7,1.000000
lfw,all,rgb,rgb/Antonio_Catania_0001.ppm,0.955361,0.955361,0.000e0,1.000000
lfw,all,rgb,rgb/Antonio_Elias_Saca_0001.ppm,0.976188,0.976188,0.000e0,1.000000
lfw,all,rgb,rgb/Antonio_Palocci_0001.ppm,0.935992,0.935992,1.192e-7,1.000000
lfw,all,rgb,rgb/Antonio_Palocci_0002.ppm,0.952124,0.952124,0.000e0,1.000000
lfw,all,rgb,rgb/Antonio_Palocci_0003.ppm,0.921886,0.921886,0.000e0,1.000000
lfw,all,rgb,rgb/Antonio_Palocci_0004.ppm,0.943514,0.943514,1.192e-7,0.999999
lfw,all,rgb,rgb/Antonio_Palocci_0005.ppm,0.939380,0.939380,1.192e-7,1.000000
lfw,all,rgb,rgb/Antonio_Palocci_0006.ppm,0.922221,0.922221,0.000e0,1.000000
lfw,all,rgb,rgb/Antonio_Palocci_0007.ppm,0.952697,0.952697,1.192e-7,1.000000
lfw,all,rgb,rgb/Antonio_Palocci_0008.ppm,0.929658,0.929658,1.192e-7,1.000000
lfw,all,rgb,rgb/Antonio_Trillanes_0001.ppm,0.959829,0.959829,0.000e0,1.000000
lfw,all,rgb,rgb/Antonio_Trillanes_0002.ppm,0.941207,0.941207,0.000e0,1.000000
lfw,all,rgb,rgb/Antonio_Trillanes_0003.ppm,0.976988,0.976988,0.000e0,1.000000
lfw,all,rgb,rgb/Antony_Leung_0001.ppm,0.946719,0.946719,0.000e0,1.000000
lfw,all,rgb,rgb/Antony_Leung_0002.ppm,0.950795,0.950795,1.192e-7,1.000000
lfw,all,rgb,rgb/Antony_Leung_0003.ppm,0.934093,0.934093,5.960e-8,1.000000
lfw,all,rgb,rgb/Antony_Leung_0004.ppm,0.972769,0.972769,1.192e-7,1.000000
lfw,all,rgb,rgb/Antwun_Echols_0001.ppm,0.919253,0.919253,0.000e0,1.000000
lfw,all,rgb,rgb/Anwar_Ibrahim_0001.ppm,0.935826,0.935826,0.000e0,1.000000
lfw,all,rgb,rgb/Anwar_Ibrahim_0002.ppm,0.918947,0.918947,1.192e-7,1.000000
lfw,all,rgb,rgb/Anzori_Kikalishvili_0001.ppm,0.955792,0.955792,0.000e0,1.000000
lfw,all,rgb,rgb/Aparna_Pillai_0001.ppm,0.929460,0.929460,0.000e0,1.000000
lfw,all,rgb,rgb/Aram_Adler_0001.ppm,0.880898,0.880898,0.000e0,1.000000
lfw,all,rgb,rgb/Arantxa_Sanchez-Vicario_0001.ppm,0.937317,0.937317,0.000e0,1.000000
lfw,all,rgb,rgb/Arantxa_Sanchez-Vicario_0002.ppm,0.927602,0.927602,0.000e0,1.000000
lfw,all,rgb,rgb/Aretha_Franklin_0001.ppm,0.922144,0.922144,0.000e0,1.000000
lfw,all,rgb,rgb/Ari_Bousbib_0001.ppm,0.952894,0.952894,0.000e0,1.000000
lfw,all,rgb,rgb/Ari_Fleischer_0001.ppm,0.912072,0.912072,0.000e0,1.000000
lfw,all,rgb,rgb/Ari_Fleischer_0002.ppm,0.928121,0.928121,0.000e0,1.000000
lfw,all,rgb,rgb/Ari_Fleischer_0003.ppm,0.968580,0.968580,0.000e0,0.999999
lfw,all,rgb,rgb/Ari_Fleischer_0004.ppm,0.941221,0.941221,0.000e0,1.000000
lfw,all,rgb,rgb/Ari_Fleischer_0005.ppm,0.937771,0.937771,0.000e0,1.000000
lfw,all,rgb,rgb/Ari_Fleischer_0006.ppm,0.943059,0.943059,0.000e0,1.000000
lfw,all,rgb,rgb/Ari_Fleischer_0007.ppm,0.965621,0.965621,0.000e0,0.999999
lfw,all,rgb,rgb/Ari_Fleischer_0008.ppm,0.957526,0.957526,1.192e-7,1.000000
lfw,all,rgb,rgb/Ari_Fleischer_0009.ppm,0.948242,0.948242,1.192e-7,1.000000
lfw,all,rgb,rgb/Ari_Fleischer_0010.ppm,0.963516,0.963516,0.000e0,0.999999
lfw,all,rgb,rgb/Ari_Fleischer_0011.ppm,0.941809,0.941809,0.000e0,1.000000
lfw,all,rgb,rgb/Ari_Fleischer_0012.ppm,0.936857,0.936857,0.000e0,1.000000
lfw,all,rgb,rgb/Ari_Fleischer_0013.ppm,0.917398,0.917398,0.000e0,1.000000
lfw,all,rgb,rgb/Arianna_Huffington_0001.ppm,0.939291,0.939291,0.000e0,1.000000
lfw,all,rgb,rgb/Arianna_Huffington_0002.ppm,0.911242,0.911242,1.192e-7,1.000000
lfw,all,rgb,rgb/Arianna_Huffington_0003.ppm,0.946713,0.946712,1.192e-7,1.000000
lfw,all,rgb,rgb/Arianna_Huffington_0004.ppm,0.929404,0.929404,1.192e-7,0.999999
lfw,all,rgb,rgb/Arie_Haan_0001.ppm,0.960852,0.960852,0.000e0,1.000000
lfw,all,rgb,rgb/Ariel_Sharon_0001.ppm,0.927476,0.927476,0.000e0,1.000000
lfw,all,rgb,rgb/Ariel_Sharon_0002.ppm,0.940826,0.940826,0.000e0,1.000000
lfw,all,rgb,rgb/Ariel_Sharon_0003.ppm,0.942553,0.942553,0.000e0,1.000000
lfw,all,rgb,rgb/Ariel_Sharon_0004.ppm,0.893229,0.893229,1.192e-7,1.000000
lfw,all,rgb,rgb/Ariel_Sharon_0005.ppm,0.944178,0.944178,1.192e-7,1.000000
lfw,all,rgb,rgb/Ariel_Sharon_0006.ppm,0.912861,0.912861,0.000e0,1.000000
lfw,all,rgb,rgb/Ariel_Sharon_0007.ppm,0.918300,0.918300,0.000e0,1.000000
lfw,all,rgb,rgb/Ariel_Sharon_0008.ppm,0.956344,0.956344,1.192e-7,1.000000
lfw,all,rgb,rgb/Ariel_Sharon_0009.ppm,0.899317,0.899317,1.788e-7,1.000000
lfw,all,rgb,rgb/Ariel_Sharon_0010.ppm,0.938714,0.938714,0.000e0,1.000000
lfw,all,rgb,rgb/Ariel_Sharon_0011.ppm,0.920346,0.920346,5.960e-8,1.000000
lfw,all,rgb,rgb/Ariel_Sharon_0012.ppm,0.925129,0.925129,0.000e0,1.000000
lfw,all,rgb,rgb/Ariel_Sharon_0013.ppm,0.956623,0.956623,0.000e0,1.000000
lfw,all,rgb,rgb/Ariel_Sharon_0014.ppm,0.943284,0.943284,0.000e0,1.000000
lfw,all,rgb,rgb/Ariel_Sharon_0015.ppm,0.916861,0.916861,0.000e0,1.000000
lfw,all,rgb,rgb/Ariel_Sharon_0016.ppm,0.960624,0.960624,1.192e-7,1.000000
lfw,all,rgb,rgb/Ariel_Sharon_0017.ppm,0.906470,0.906470,0.000e0,1.000000
lfw,all,rgb,rgb/Ariel_Sharon_0018.ppm,0.839721,0.839721,0.000e0,1.000000
lfw,all,rgb,rgb/Ariel_Sharon_0019.ppm,0.916182,0.916182,0.000e0,1.000000
lfw,all,rgb,rgb/Ariel_Sharon_0020.ppm,0.930359,0.930359,0.000e0,1.000000
lfw,all,rgb,rgb/Ariel_Sharon_0021.ppm,0.928549,0.928549,0.000e0,1.000000
lfw,all,rgb,rgb/Ariel_Sharon_0022.ppm,0.898486,0.898486,1.192e-7,1.000000
lfw,all,rgb,rgb/Ariel_Sharon_0023.ppm,0.938702,0.938702,0.000e0,1.000000
lfw,all,rgb,rgb/Ariel_Sharon_0024.ppm,0.915864,0.915864,0.000e0,1.000000
lfw,all,rgb,rgb/Ariel_Sharon_0025.ppm,0.922943,0.922943,1.192e-7,1.000000
lfw,all,rgb,rgb/Ariel_Sharon_0026.ppm,0.918988,0.918988,5.960e-8,0.999999
lfw,all,rgb,rgb/Ariel_Sharon_0027.ppm,0.944031,0.944031,1.192e-7,1.000000
lfw,all,rgb,rgb/Ariel_Sharon_0028.ppm,0.892364,0.892364,0.000e0,1.000000
lfw,all,rgb,rgb/Ariel_Sharon_0029.ppm,0.900382,0.900382,1.192e-7,0.999999
lfw,all,rgb,rgb/Ariel_Sharon_0030.ppm,0.899993,0.899993,0.000e0,1.000000
lfw,all,rgb,rgb/Ariel_Sharon_0031.ppm,0.916806,0.916806,0.000e0,1.000000
lfw,all,rgb,rgb/Ariel_Sharon_0032.ppm,0.923702,0.923702,0.000e0,1.000000
lfw,all,rgb,rgb/Ariel_Sharon_0033.ppm,0.907163,0.907164,1.788e-7,1.000000
lfw,all,rgb,rgb/Ariel_Sharon_0034.ppm,0.964111,0.964111,0.000e0,1.000000
lfw,all,rgb,rgb/Ariel_Sharon_0035.ppm,0.910523,0.910523,5.960e-8,1.000000
lfw,all,rgb,rgb/Ariel_Sharon_0036.ppm,0.924163,0.924163,1.192e-7,1.000000
lfw,all,rgb,rgb/Ariel_Sharon_0037.ppm,0.913751,0.913751,0.000e0,1.000000
lfw,all,rgb,rgb/Ariel_Sharon_0038.ppm,0.934349,0.934349,0.000e0,1.000000
lfw,all,rgb,rgb/Ariel_Sharon_0039.ppm,0.909460,0.909460,0.000e0,1.000000
lfw,all,rgb,rgb/Ariel_Sharon_0040.ppm,0.960283,0.960283,0.000e0,0.999999
lfw,all,rgb,rgb/Ariel_Sharon_0041.ppm,0.933649,0.933649,1.192e-7,1.000000
lfw,all,rgb,rgb/Ariel_Sharon_0042.ppm,0.941178,0.941178,0.000e0,1.000000
lfw,all,rgb,rgb/Ariel_Sharon_0043.ppm,0.937027,0.937027,5.960e-8,1.000000
lfw,all,rgb,rgb/Ariel_Sharon_0044.ppm,0.905318,0.905318,1.192e-7,1.000000
lfw,all,rgb,rgb/Ariel_Sharon_0045.ppm,0.934106,0.934106,1.192e-7,1.000000
lfw,all,rgb,rgb/Ariel_Sharon_0046.ppm,0.917068,0.917068,1.192e-7,1.000000
lfw,all,rgb,rgb/Ariel_Sharon_0047.ppm,0.961895,0.961895,0.000e0,1.000000
lfw,all,rgb,rgb/Ariel_Sharon_0048.ppm,0.933025,0.933025,1.192e-7,1.000000
lfw,all,rgb,rgb/Ariel_Sharon_0049.ppm,0.912844,0.912844,0.000e0,1.000000
lfw,all,rgb,rgb/Ariel_Sharon_0050.ppm,0.920374,0.920374,1.192e-7,1.000000
lfw,all,rgb,rgb/Ariel_Sharon_0051.ppm,0.956576,0.956576,1.192e-7,1.000000
lfw,all,rgb,rgb/Ariel_Sharon_0052.ppm,0.877717,0.877717,1.192e-7,1.000000
lfw,all,rgb,rgb/Ariel_Sharon_0053.ppm,0.945458,0.945458,0.000e0,1.000000
lfw,all,rgb,rgb/Ariel_Sharon_0054.ppm,0.938829,0.938828,1.192e-7,1.000000
lfw,all,rgb,rgb/Ariel_Sharon_0055.ppm,0.925466,0.925466,0.000e0,1.000000
lfw,all,rgb,rgb/Ariel_Sharon_0056.ppm,0.889421,0.889421,1.192e-7,1.000000
lfw,all,rgb,rgb/Ariel_Sharon_0057.ppm,0.942211,0.942211,0.000e0,1.000000
lfw,all,rgb,rgb/Ariel_Sharon_0058.ppm,0.920552,0.920552,0.000e0,1.000000
lfw,all,rgb,rgb/Ariel_Sharon_0059.ppm,0.921811,0.921810,1.192e-7,0.999999
lfw,all,rgb,rgb/Ariel_Sharon_0060.ppm,0.920506,0.920506,0.000e0,1.000000
lfw,all,rgb,rgb/Ariel_Sharon_0061.ppm,0.867181,0.867181,5.960e-8,1.000000
lfw,all,rgb,rgb/Ariel_Sharon_0062.ppm,0.952803,0.952803,1.192e-7,1.000000
lfw,all,rgb,rgb/Ariel_Sharon_0063.ppm,0.926845,0.926845,0.000e0,1.000000
lfw,all,rgb,rgb/Ariel_Sharon_0064.ppm,0.901968,0.901968,5.960e-8,1.000000
lfw,all,rgb,rgb/Ariel_Sharon_0065.ppm,0.911019,0.911019,1.192e-7,1.000000
lfw,all,rgb,rgb/Ariel_Sharon_0066.ppm,0.897884,0.897884,1.192e-7,0.999999
lfw,all,rgb,rgb/Ariel_Sharon_0067.ppm,0.888162,0.888162,1.192e-7,1.000000
lfw,all,rgb,rgb/Ariel_Sharon_0068.ppm,0.904672,0.904672,0.000e0,0.999999
lfw,all,rgb,rgb/Ariel_Sharon_0069.ppm,0.944655,0.944655,0.000e0,1.000000
lfw,all,rgb,rgb/Ariel_Sharon_0070.ppm,0.902311,0.902311,0.000e0,1.000000
lfw,all,rgb,rgb/Ariel_Sharon_0071.ppm,0.917601,0.917601,0.000e0,1.000000
lfw,all,rgb,rgb/Ariel_Sharon_0072.ppm,0.790705,0.790705,0.000e0,1.000000
lfw,all,rgb,rgb/Ariel_Sharon_0073.ppm,0.922511,0.922511,0.000e0,1.000000
lfw,all,rgb,rgb/Ariel_Sharon_0074.ppm,0.885729,0.885729,0.000e0,1.000000
lfw,all,rgb,rgb/Ariel_Sharon_0075.ppm,0.917643,0.917643,0.000e0,1.000000
lfw,all,rgb,rgb/Ariel_Sharon_0076.ppm,0.887917,0.887917,1.192e-7,0.999999
lfw,all,rgb,rgb/Ariel_Sharon_0077.ppm,0.919931,0.919931,1.192e-7,1.000000
lfw,all,rgb,rgb/Arif_Mardin_0001.ppm,0.947897,0.947898,1.192e-7,1.000000
lfw,all,rgb,rgb/Arlen_Specter_0001.ppm,0.915296,0.915296,0.000e0,1.000000
lfw,all,rgb,rgb/Arlen_Specter_0002.ppm,0.930432,0.930432,0.000e0,0.999999
lfw,all,rgb,rgb/Arlen_Specter_0003.ppm,0.899688,0.899688,0.000e0,1.000000
lfw,all,rgb,rgb/Armand_Sargen_0001.ppm,0.930721,0.930721,0.000e0,1.000000
lfw,all,rgb,rgb/Armando_Avila_Panchame_0001.ppm,0.933757,0.933757,0.000e0,1.000000
lfw,all,rgb,rgb/Armando_Calderon_Sol_0001.ppm,0.920073,0.920073,0.000e0,1.000000
lfw,all,rgb,rgb/Armando_Carrillo_0001.ppm,0.869845,0.869845,1.192e-7,1.000000
lfw,all,rgb,rgb/Arminio_Fraga_0001.ppm,0.932826,0.932826,0.000e0,1.000000
lfw,all,rgb,rgb/Arminio_Fraga_0002.ppm,0.934482,0.934482,0.000e0,1.000000
lfw,all,rgb,rgb/Arminio_Fraga_0003.ppm,0.891165,0.891165,0.000e0,1.000000
lfw,all,rgb,rgb/Arminio_Fraga_0004.ppm,0.934017,0.934017,0.000e0,1.000000
lfw,all,rgb,rgb/Arminio_Fraga_0005.ppm,0.953574,0.953574,0.000e0,1.000000
lfw,all,rgb,rgb/Arminio_Fraga_0006.ppm,0.920325,0.920325,0.000e0,1.000000
lfw,all,rgb,rgb/Arnaud_Clement_0001.ppm,0.898147,0.898147,1.192e-7,0.999999
lfw,all,rgb,rgb/Arnaud_Clement_0002.ppm,0.923586,0.923586,0.000e0,1.000000
lfw,all,rgb,rgb/Arnaud_Lagardere_0001.ppm,0.961238,0.961238,0.000e0,1.000000
lfw,all,rgb,rgb/Arnie_Boehm_0001.ppm,0.892849,0.892849,0.000e0,1.000000
lfw,all,rgb,rgb/Arnold_Palmer_0001.ppm,0.940027,0.940027,1.192e-7,1.000000
lfw,all,rgb,rgb/Arnold_Palmer_0002.ppm,0.923992,0.923992,2.980e-7,1.000000
lfw,all,rgb,rgb/Arnold_Palmer_0003.ppm,0.946436,0.946436,1.192e-7,0.999999
lfw,all,rgb,rgb/Arnold_Schwarzenegger_0001.ppm,0.912167,0.912167,5.960e-8,1.000000
lfw,all,rgb,rgb/Arnold_Schwarzenegger_0002.ppm,0.903757,0.903757,0.000e0,1.000000
lfw,all,rgb,rgb/Arnold_Schwarzenegger_0003.ppm,0.916031,0.916031,1.192e-7,1.000000
lfw,all,rgb,rgb/Arnold_Schwarzenegger_0004.ppm,0.893687,0.893687,0.000e0,1.000000
lfw,all,rgb,rgb/Arnold_Schwarzenegger_0005.ppm,0.942377,0.942377,0.000e0,1.000000
lfw,all,rgb,rgb/Arnold_Schwarzenegger_0006.ppm,0.938399,0.938399,1.192e-7,1.000000
lfw,all,rgb,rgb/Arnold_Schwarzenegger_0007.ppm,0.890342,0.890342,5.960e-8,1.000000
lfw,all,rgb,rgb/Arnold_Schwarzenegger_0008.ppm,0.928488,0.928488,1.192e-7,1.000000
lfw,all,rgb,rgb/Arnold_Schwarzenegger_0009.ppm,0.942490,0.942490,1.192e-7,1.000000
lfw,all,rgb,rgb/Arnold_Schwarzenegger_0010.ppm,0.933491,0.933491,0.000e0,1.000000
lfw,all,rgb,rgb/Arnold_Schwarzenegger_0011.ppm,0.922491,0.922491,0.000e0,1.000000
lfw,all,rgb,rgb/Arnold_Schwarzenegger_0012.ppm,0.909708,0.909708,0.000e0,1.000000
lfw,all,rgb,rgb/Arnold_Schwarzenegger_0013.ppm,0.926850,0.926850,5.960e-8,1.000000
lfw,all,rgb,rgb/Arnold_Schwarzenegger_0014.ppm,0.931435,0.931436,1.192e-7,1.000000
lfw,all,rgb,rgb/Arnold_Schwarzenegger_0015.ppm,0.906159,0.906159,0.000e0,1.000000
lfw,all,rgb,rgb/Arnold_Schwarzenegger_0016.ppm,0.943137,0.943137,1.192e-7,1.000000
lfw,all,rgb,rgb/Arnold_Schwarzenegger_0017.ppm,0.981087,0.981087,0.000e0,1.000000
lfw,all,rgb,rgb/Arnold_Schwarzenegger_0018.ppm,0.927448,0.927448,5.960e-8,1.000000
lfw,all,rgb,rgb/Arnold_Schwarzenegger_0019.ppm,0.959160,0.959160,0.000e0,1.000000
lfw,all,rgb,rgb/Arnold_Schwarzenegger_0020.ppm,0.931632,0.931632,0.000e0,0.999999
lfw,all,rgb,rgb/Arnold_Schwarzenegger_0021.ppm,0.946101,0.946101,0.000e0,1.000000
lfw,all,rgb,rgb/Arnold_Schwarzenegger_0022.ppm,0.935370,0.935370,0.000e0,1.000000
lfw,all,rgb,rgb/Arnold_Schwarzenegger_0023.ppm,0.896617,0.896617,0.000e0,1.000000
lfw,all,rgb,rgb/Arnold_Schwarzenegger_0024.ppm,0.880788,0.880788,5.960e-8,1.000000
lfw,all,rgb,rgb/Arnold_Schwarzenegger_0025.ppm,0.860725,0.860725,0.000e0,1.000000
lfw,all,rgb,rgb/Arnold_Schwarzenegger_0026.ppm,0.970068,0.970068,0.000e0,1.000000
lfw,all,rgb,rgb/Arnold_Schwarzenegger_0027.ppm,0.917567,0.917567,0.000e0,1.000000
lfw,all,rgb,rgb/Arnold_Schwarzenegger_0028.ppm,0.907110,0.907110,2.384e-7,1.000000
lfw,all,rgb,rgb/Arnold_Schwarzenegger_0029.ppm,0.796602,0.796602,0.000e0,1.000000
lfw,all,rgb,rgb/Arnold_Schwarzenegger_0030.ppm,0.938356,0.938356,1.192e-7,0.999999
lfw,all,rgb,rgb/Arnold_Schwarzenegger_0031.ppm,0.923794,0.923793,1.192e-7,1.000000
lfw,all,rgb,rgb/Arnold_Schwarzenegger_0032.ppm,0.915894,0.915894,0.000e0,1.000000
lfw,all,rgb,rgb/Arnold_Schwarzenegger_0033.ppm,0.911900,0.911900,1.192e-7,1.000000
lfw,all,rgb,rgb/Arnold_Schwarzenegger_0034.ppm,0.928161,0.928161,0.000e0,1.000000
lfw,all,rgb,rgb/Arnold_Schwarzenegger_0035.ppm,0.944598,0.944598,2.384e-7,1.000000
lfw,all,rgb,rgb/Arnold_Schwarzenegger_0036.ppm,0.957536,0.957536,0.000e0,1.000000
lfw,all,rgb,rgb/Arnold_Schwarzenegger_0037.ppm,0.954111,0.954111,5.960e-8,1.000000
lfw,all,rgb,rgb/Arnold_Schwarzenegger_0038.ppm,0.940218,0.940218,0.000e0,1.000000
lfw,all,rgb,rgb/Arnold_Schwarzenegger_0039.ppm,0.937503,0.937503,0.000e0,1.000000
lfw,all,rgb,rgb/Arnold_Schwarzenegger_0040.ppm,0.963588,0.963588,0.000e0,1.000000
lfw,all,rgb,rgb/Arnold_Schwarzenegger_0041.ppm,0.921876,0.921876,1.192e-7,0.999999
lfw,all,rgb,rgb/Arnold_Schwarzenegger_0042.ppm,0.945824,0.945824,0.000e0,0.999999
lfw,all,rgb,rgb/Arnold_Scott_0001.ppm,0.931067,0.931067,1.192e-7,1.000000
lfw,all,rgb,rgb/Arnoldo_Aleman_0001.ppm,0.926781,0.926781,1.192e-7,1.000000
lfw,all,rgb,rgb/Arnoldo_Aleman_0002.ppm,0.890185,0.890185,0.000e0,1.000000
lfw,all,rgb,rgb/Arnoldo_Aleman_0003.ppm,0.945980,0.945980,0.000e0,1.000000
lfw,all,rgb,rgb/Arnoldo_Aleman_0004.ppm,0.943853,0.943852,1.192e-7,1.000000
lfw,all,rgb,rgb/Arnoldo_Aleman_0005.ppm,0.915745,0.915745,0.000e0,1.000000
lfw,all,rgb,rgb/Aron_Ralston_0001.ppm,0.920039,0.920039,0.000e0,1.000000
lfw,all,rgb,rgb/Aron_Ralston_0002.ppm,0.907715,0.907715,0.000e0,1.000000
lfw,all,rgb,rgb/Arsinee_Khanjian_0001.ppm,0.790260,0.790260,0.000e0,1.000000
lfw,all,rgb,rgb/Arsinee_Khanjian_0002.ppm,0.891026,0.891026,1.192e-7,1.000000
lfw,all,rgb,rgb/Art_Cooper_0001.ppm,0.966969,0.966969,0.000e0,1.000000
lfw,all,rgb,rgb/Art_Hoffmann_0001.ppm,0.931682,0.931682,1.192e-7,1.000000
lfw,all,rgb,rgb/Art_Hoffmann_0002.ppm,0.930670,0.930670,0.000e0,1.000000
lfw,all,rgb,rgb/Art_Howe_0001.ppm,0.924210,0.924210,0.000e0,1.000000
lfw,all,rgb,rgb/Art_Howe_0002.ppm,0.922902,0.922902,0.000e0,1.000000
lfw,all,rgb,rgb/Art_Howe_0003.ppm,0.920259,0.920259,1.192e-7,1.000000
lfw,all,rgb,rgb/Art_Howe_0004.ppm,0.891803,0.891803,0.000e0,1.000000
lfw,all,rgb,rgb/Art_Lopez_0001.ppm,0.892857,0.892857,1.192e-7,1.000000
lfw,all,rgb,rgb/Arthur_Johnson_0001.ppm,0.934502,0.934502,0.000e0,1.000000
lfw,all,rgb,rgb/Arthur_Martinez_0001.ppm,0.948054,0.948054,1.192e-7,1.000000
lfw,all,rgb,rgb/Artieas_Shanks_0001.ppm,0.924519,0.924519,0.000e0,1.000000
lfw,all,rgb,rgb/Arturo_Gatti_0001.ppm,0.978371,0.978371,1.192e-7,1.000000
lfw,all,rgb,rgb/Arturo_Gatti_0002.ppm,0.920192,0.920192,0.000e0,1.000000
lfw,all,rgb,rgb/Arturo_Gatti_0003.ppm,0.904813,0.904813,0.000e0,1.000000
lfw,all,rgb,rgb/Arye_Mekel_0001.ppm,0.938810,0.938810,0.000e0,1.000000
lfw,all,rgb,rgb/Arye_Mekel_0002.ppm,0.916540,0.916540,1.192e-7,0.999999
lfw,all,rgb,rgb/Asa_Hutchinson_0001.ppm,0.931915,0.931915,0.000e0,0.999999
lfw,all,rgb,rgb/Asa_Hutchinson_0002.ppm,0.954585,0.954586,1.192e-7,1.000000
lfw,all,rgb,rgb/Ascencion_Barajas_0001.ppm,0.958450,0.958450,0.000e0,1.000000
lfw,all,rgb,rgb/Ashanti_0001.ppm,0.971146,0.971146,0.000e0,0.999999
lfw,all,rgb,rgb/Ashanti_0002.ppm,0.938225,0.938225,1.192e-7,1.000000
lfw,all,rgb,rgb/Ashanti_0003.ppm,0.943676,0.943676,1.192e-7,1.000000
lfw,all,rgb,rgb/Ashanti_0004.ppm,0.927065,0.927065,0.000e0,1.000000
lfw,all,rgb,rgb/Ashanti_0005.ppm,0.957100,0.957100,0.000e0,1.000000
lfw,all,rgb,rgb/Ashlea_Talbot_0001.ppm,0.917817,0.917817,1.192e-7,1.000000
lfw,all,rgb,rgb/Ashley_Judd_0001.ppm,0.912973,0.912973,0.000e0,1.000000
lfw,all,rgb,rgb/Ashley_Olsen_0001.ppm,0.939580,0.939580,1.192e-7,1.000000
lfw,all,rgb,rgb/Ashley_Postell_0001.ppm,0.971002,0.971002,1.192e-7,1.000000
lfw,all,rgb,rgb/Ashraf_Alasmar_0001.ppm,0.946967,0.946967,0.000e0,0.999999
lfw,all,rgb,rgb/Ashraf_Ghani_0001.ppm,0.921539,0.921539,1.192e-7,1.000000
lfw,all,rgb,rgb/Ashton_Kutcher_0001.ppm,0.921916,0.921916,0.000e0,1.000000
lfw,all,rgb,rgb/Ashton_Kutcher_0002.ppm,0.937171,0.937171,0.000e0,1.000000
lfw,all,rgb,rgb/Ashton_Kutcher_0003.ppm,0.936038,0.936038,0.000e0,1.000000
lfw,all,rgb,rgb/Asif_Ali_Zardari_0001.ppm,0.919048,0.919048,0.000e0,1.000000
lfw,all,rgb,rgb/Asif_Hanif_0001.ppm,0.952809,0.952809,0.000e0,1.000000
lfw,all,rgb,rgb/Askar_Akayev_0001.ppm,0.988433,0.988433,0.000e0,1.000000
lfw,all,rgb,rgb/Asmaa_Assad_0001.ppm,0.908751,0.908751,1.192e-7,1.000000
lfw,all,rgb,rgb/Assad_Ahmadi_0001.ppm,0.948413,0.948413,0.000e0,0.999999
lfw,all,rgb,rgb/Astou_Ndiaye-Diatta_0001.ppm,0.938709,0.938709,0.000e0,1.000000
lfw,all,rgb,rgb/Astrid_Betancourt_0001.ppm,0.989711,0.989711,0.000e0,1.000000
lfw,all,rgb,rgb/Astrid_Eyzaguirre_0001.ppm,0.932232,0.932232,0.000e0,1.000000
lfw,all,rgb,rgb/Atal_Bihari_Vajpayee_0001.ppm,0.932408,0.932408,0.000e0,1.000000
lfw,all,rgb,rgb/Atal_Bihari_Vajpayee_0002.ppm,0.950264,0.950264,0.000e0,1.000000
lfw,all,rgb,rgb/Atal_Bihari_Vajpayee_0003.ppm,0.945551,0.945551,0.000e0,1.000000
lfw,all,rgb,rgb/Atal_Bihari_Vajpayee_0004.ppm,0.922578,0.922578,0.000e0,1.000000
lfw,all,rgb,rgb/Atal_Bihari_Vajpayee_0005.ppm,0.953232,0.953232,0.000e0,1.000000
lfw,all,rgb,rgb/Atal_Bihari_Vajpayee_0006.ppm,0.943564,0.943564,0.000e0,1.000000
lfw,all,rgb,rgb/Atal_Bihari_Vajpayee_0007.ppm,0.916082,0.916082,0.000e0,1.000000
lfw,all,rgb,rgb/Atal_Bihari_Vajpayee_0008.ppm,0.953194,0.953194,0.000e0,0.999999
lfw,all,rgb,rgb/Atal_Bihari_Vajpayee_0009.ppm,0.927643,0.927644,1.192e-7,1.000000
lfw,all,rgb,rgb/Atal_Bihari_Vajpayee_0010.ppm,0.875343,0.875343,0.000e0,1.000000
lfw,all,rgb,rgb/Atal_Bihari_Vajpayee_0011.ppm,0.900333,0.900333,0.000e0,1.000000
lfw,all,rgb,rgb/Atal_Bihari_Vajpayee_0012.ppm,0.950234,0.950234,1.192e-7,1.000000
lfw,all,rgb,rgb/Atal_Bihari_Vajpayee_0013.ppm,0.894431,0.894431,0.000e0,0.999999
lfw,all,rgb,rgb/Atal_Bihari_Vajpayee_0014.ppm,0.940547,0.940547,1.192e-7,0.999999
lfw,all,rgb,rgb/Atal_Bihari_Vajpayee_0015.ppm,0.879088,0.879088,1.192e-7,1.000000
lfw,all,rgb,rgb/Atal_Bihari_Vajpayee_0016.ppm,0.944355,0.944355,0.000e0,1.000000
lfw,all,rgb,rgb/Atal_Bihari_Vajpayee_0017.ppm,0.927992,0.927992,0.000e0,1.000000
lfw,all,rgb,rgb/Atal_Bihari_Vajpayee_0018.ppm,0.948146,0.948146,0.000e0,1.000000
lfw,all,rgb,rgb/Atal_Bihari_Vajpayee_0019.ppm,0.920986,0.920986,0.000e0,1.000000
lfw,all,rgb,rgb/Atal_Bihari_Vajpayee_0020.ppm,0.895572,0.895572,0.000e0,1.000000
lfw,all,rgb,rgb/Atal_Bihari_Vajpayee_0021.ppm,0.856637,0.856637,5.960e-8,1.000000
lfw,all,rgb,rgb/Atal_Bihari_Vajpayee_0022.ppm,0.944935,0.944935,0.000e0,1.000000
lfw,all,rgb,rgb/Atal_Bihari_Vajpayee_0023.ppm,0.871985,0.871985,1.788e-7,1.000000
lfw,all,rgb,rgb/Atal_Bihari_Vajpayee_0024.ppm,0.924547,0.924547,1.192e-7,1.000000
lfw,all,rgb,rgb/Ataollah_Mohajerani_0001.ppm,0.955132,0.955132,0.000e0,0.999999
lfw,all,rgb,rgb/Atiabet_Ijan_Amabel_0001.ppm,0.971838,0.971838,0.000e0,1.000000
lfw,all,rgb,rgb/Atom_Egoyan_0001.ppm,0.948244,0.948244,0.000e0,1.000000
lfw,all,rgb,rgb/Atsushi_Sato_0001.ppm,0.910508,0.910508,1.192e-7,1.000000
lfw,all,rgb,rgb/Audrey_Lacroix_0001.ppm,0.898709,0.898709,1.192e-7,1.000000
lfw,all,rgb,rgb/Audrey_Sauret_0001.ppm,0.900541,0.900541,5.960e-8,1.000000
lfw,all,rgb,rgb/Augustin_Calleri_0001.ppm,0.948716,0.948716,1.192e-7,1.000000
lfw,all,rgb,rgb/Augustin_Calleri_0002.ppm,0.928262,0.928262,0.000e0,1.000000
lfw,all,rgb,rgb/Augustin_Calleri_0003.ppm,0.921060,0.921060,1.192e-7,1.000000
lfw,all,rgb,rgb/Augustin_Calleri_0004.ppm,0.926832,0.926832,1.192e-7,0.999999
lfw,all,rgb,rgb/Augusto_Pinochet_0001.ppm,0.938208,0.938208,0.000e0,1.000000
lfw,all,rgb,rgb/Augusto_Pinochet_0002.ppm,0.937564,0.937564,0.000e0,1.000000
lfw,all,rgb,rgb/Augusto_Roa_Bastos_0001.ppm,0.921706,0.921706,1.192e-7,1.000000
lfw,all,rgb,rgb/Augusto_Roa_Bastos_0002.ppm,0.947633,0.947633,1.192e-7,1.000000
lfw,all,rgb,rgb/Aung_San_Suu_Kyi_0001.ppm,0.950390,0.950390,0.000e0,1.000000
lfw,all,rgb,rgb/Aung_San_Suu_Kyi_0002.ppm,0.956517,0.956517,0.000e0,1.000000
lfw,all,rgb,rgb/Austin_Kearns_0001.ppm,0.908866,0.908866,0.000e0,1.000000
lfw,all,rgb,rgb/Avril_Lavigne_0001.ppm,0.917042,0.917042,0.000e0,1.000000
lfw,all,rgb,rgb/Azmi_Bishara_0001.ppm,0.924453,0.924453,1.192e-7,1.000000
lfw,all,rgb,rgb/Azra_Akin_0001.ppm,0.948302,0.948302,0.000e0,1.000000
lfw,all,rgb,rgb/Azra_Akin_0002.ppm,0.943252,0.943252,0.000e0,1.000000
lfw,all,rgb,rgb/Azra_Akin_0003.ppm,0.959628,0.959628,0.000e0,1.000000
lfw,all,rgb,rgb/Azra_Akin_0004.ppm,0.959636,0.959636,0.000e0,1.000000
lfw,all,rgb,rgb/BB_King_0001.ppm,0.846335,0.846335,0.000e0,1.000000
lfw,all,rgb,rgb/BJ_Habibie_0001.ppm,0.929171,0.929171,0.000e0,1.000000
lfw,all,rgb,rgb/Babe_Ruth_0001.ppm,0.940151,0.940151,0.000e0,0.999999
lfw,all,rgb,rgb/Baburam_Bhattari_0001.ppm,0.965509,0.965509,0.000e0,1.000000
lfw,all,rgb,rgb/Bak_Chang-Ryun_0001.ppm,0.924063,0.924063,0.000e0,1.000000
lfw,all,rgb,rgb/Barbara_Bach_0001.ppm,0.916675,0.916675,0.000e0,1.000000
lfw,all,rgb,rgb/Barbara_Becker_0001.ppm,0.942696,0.942696,0.000e0,1.000000
lfw,all,rgb,rgb/Barbara_Bodine_0001.ppm,0.970346,0.970346,1.192e-7,1.000000
lfw,all,rgb,rgb/Barbara_Boxer_0001.ppm,0.929206,0.929206,0.000e0,1.000000
lfw,all,rgb,rgb/Barbara_Brezigar_0001.ppm,0.986933,0.986933,0.000e0,0.999999
lfw,all,rgb,rgb/Barbara_Brezigar_0002.ppm,0.924589,0.924589,0.000e0,1.000000
lfw,all,rgb,rgb/Barbara_De_Brun_0001.ppm,0.977855,0.977855,0.000e0,1.000000
lfw,all,rgb,rgb/Barbara_Esbin_0001.ppm,0.903564,0.903564,0.000e0,1.000000
lfw,all,rgb,rgb/Barbara_Felt-Miller_0001.ppm,0.945012,0.945012,0.000e0,1.000000
lfw,all,rgb,rgb/Barbara_Roberts_0001.ppm,0.926379,0.926379,0.000e0,1.000000
lfw,all,rgb,rgb/Barbara_Walters_0001.ppm,0.928434,0.928434,1.192e-7,1.000000
lfw,all,rgb,rgb/Barbara_Walters_0002.ppm,0.972037,0.972038,1.192e-7,1.000000
lfw,all,rgb,rgb/Barbara_Walters_0003.ppm,0.953190,0.953190,0.000e0,1.000000
lfw,all,rgb,rgb/Barbara_Walters_0004.ppm,0.914619,0.914619,0.000e0,1.000000
lfw,all,rgb,rgb/Barbora_Strycova_0001.ppm,0.927495,0.927495,0.000e0,1.000000
lfw,all,rgb,rgb/Barbra_Streisand_0001.ppm,0.922750,0.922750,1.192e-7,1.000000
lfw,all,rgb,rgb/Barbra_Streisand_0002.ppm,0.963401,0.963401,0.000e0,0.999999
lfw,all,rgb,rgb/Barbra_Streisand_0003.ppm,0.896849,0.896849,0.000e0,1.000000
lfw,all,rgb,rgb/Barrett_Jackman_0001.ppm,0.889202,0.889202,0.000e0,1.000000
lfw,all,rgb,rgb/Barrett_Jackman_0002.ppm,0.926188,0.926188,5.960e-8,1.000000
lfw,all,rgb,rgb/Barry_Alvarez_0001.ppm,0.951280,0.951280,0.000e0,0.999999
lfw,all,rgb,rgb/Barry_Alvarez_0002.ppm,0.945518,0.945518,0.000e0,1.000000
lfw,all,rgb,rgb/Barry_Bonds_0001.ppm,0.912507,0.912507,0.000e0,1.000000
lfw,all,rgb,rgb/Barry_Collier_0001.ppm,0.960288,0.960288,0.000e0,1.000000
lfw,all,rgb,rgb/Barry_Diller_0001.ppm,0.903487,0.903487,1.192e-7,1.000000
lfw,all,rgb,rgb/Barry_Ford_0001.ppm,0.940244,0.940244,0.000e0,1.000000
lfw,all,rgb,rgb/Barry_Hinson_0001.ppm,0.947230,0.947230,0.000e0,1.000000
lfw,all,rgb,rgb/Barry_Nakell_0001.ppm,0.938897,0.938897,0.000e0,1.000000
lfw,all,rgb,rgb/Barry_Switzer_0001.ppm,0.936298,0.936298,5.960e-8,1.000000
lfw,all,rgb,rgb/Barry_Williams_0001.ppm,0.923288,0.923288,0.000e0,1.000000
lfw,all,rgb,rgb/Barry_Zito_0001.ppm,0.955788,0.955789,1.192e-7,1.000000
lfw,all,rgb,rgb/Barry_Zito_0002.ppm,0.887263,0.887263,0.000e0,1.000000
lfw,all,rgb,rgb/Bart_Freundlich_0001.ppm,0.909670,0.909670,0.000e0,1.000000
lfw,all,rgb,rgb/Bart_Hendricks_0001.ppm,0.944450,0.944450,1.192e-7,1.000000
lfw,all,rgb,rgb/Bartosz_Kizierowski_0001.ppm,0.925390,0.925390,0.000e0,1.000000
lfw,all,rgb,rgb/Barzan_al-Tikriti_0001.ppm,0.928724,0.928724,1.192e-7,1.000000
lfw,all,rgb,rgb/Basdeo_Panday_0001.ppm,0.930082,0.930082,0.000e0,1.000000
lfw,all,rgb,rgb/Bashar_Assad_0001.ppm,0.967804,0.967804,0.000e0,1.000000
lfw,all,rgb,rgb/Bashar_Assad_0002.ppm,0.891521,0.891521,5.960e-8,1.000000
lfw,all,rgb,rgb/Bashar_Assad_0003.ppm,0.930099,0.930099,0.000e0,1.000000
lfw,all,rgb,rgb/Bashar_Assad_0004.ppm,0.894343,0.894342,1.192e-7,1.000000
lfw,all,rgb,rgb/Baz_Luhrmann_0001.ppm,0.939445,0.939445,0.000e0,1.000000
lfw,all,rgb,rgb/Beatrice_Dalle_0001.ppm,0.937627,0.937627,0.000e0,0.999999
lfw,all,rgb,rgb/Beatriz_Merino_0001.ppm,0.944027,0.944027,1.192e-7,1.000000
lfw,all,rgb,rgb/Beecher_Ray_Kirby_0001.ppm,0.896051,0.896051,1.192e-7,1.000000
lfw,all,rgb,rgb/Begum_Khaleda_Zia_0001.ppm,0.931185,0.931185,1.192e-7,1.000000
lfw,all,rgb,rgb/Begum_Khaleda_Zia_0002.ppm,0.923300,0.923300,5.960e-8,1.000000
lfw,all,rgb,rgb/Bela_Karolyi_0001.ppm,0.884774,0.884774,1.788e-7,1.000000
lfw,all,rgb,rgb/Ben_Affleck_0001.ppm,0.947764,0.947764,0.000e0,1.000000
lfw,all,rgb,rgb/Ben_Affleck_0002.ppm,0.916209,0.916209,1.192e-7,1.000000
lfw,all,rgb,rgb/Ben_Affleck_0003.ppm,0.961486,0.961486,0.000e0,1.000000
lfw,all,rgb,rgb/Ben_Affleck_0004.ppm,0.967071,0.967072,1.192e-7,1.000000
lfw,all,rgb,rgb/Ben_Affleck_0005.ppm,0.960388,0.960388,0.000e0,1.000000
lfw,all,rgb,rgb/Ben_Affleck_0006.ppm,0.944668,0.944668,0.000e0,1.000000
lfw,all,rgb,rgb/Ben_Affleck_0007.ppm,0.886790,0.886790,5.960e-8,1.000000
lfw,all,rgb,rgb/Ben_Betts_0001.ppm,0.955890,0.955890,0.000e0,1.000000
lfw,all,rgb,rgb/Ben_Braun_0001.ppm,0.962317,0.962317,0.000e0,1.000000
lfw,all,rgb,rgb/Ben_Broussard_0001.ppm,0.937968,0.937968,0.000e0,1.000000
lfw,all,rgb,rgb/Ben_Cahoon_0001.ppm,0.959961,0.959961,0.000e0,1.000000
lfw,all,rgb,rgb/Ben_Chandler_0001.ppm,0.887581,0.887581,5.960e-8,1.000000
lfw,all,rgb,rgb/Ben_Cohen_0001.ppm,0.955801,0.955801,0.000e0,1.000000
lfw,all,rgb,rgb/Ben_Curtis_0001.ppm,0.866545,0.866545,1.192e-7,1.000000
lfw,all,rgb,rgb/Ben_Curtis_0002.ppm,0.904975,0.904975,0.000e0,1.000000
lfw,all,rgb,rgb/Ben_Curtis_0003.ppm,0.889714,0.889714,1.192e-7,1.000000
lfw,all,rgb,rgb/Ben_Davis_0001.ppm,0.916768,0.916768,1.192e-7,1.000000
lfw,all,rgb,rgb/Ben_Glisan_0001.ppm,0.944420,0.944420,0.000e0,1.000000
lfw,all,rgb,rgb/Ben_Glisan_0002.ppm,0.929926,0.929926,1.192e-7,1.000000
lfw,all,rgb,rgb/Ben_Howland_0001.ppm,0.935381,0.935381,0.000e0,1.000000
lfw,all,rgb,rgb/Ben_Howland_0002.ppm,0.950131,0.950131,1.192e-7,0.999999
lfw,all,rgb,rgb/Ben_Howland_0003.ppm,0.937999,0.937999,1.192e-7,1.000000
lfw,all,rgb,rgb/Ben_Howland_0004.ppm,0.934266,0.934266,1.192e-7,0.999999
lfw,all,rgb,rgb/Ben_Kingsley_0001.ppm,0.945383,0.945383,0.000e0,1.000000
lfw,all,rgb,rgb/Ben_Lee_0001.ppm,0.937591,0.937591,0.000e0,1.000000
lfw,all,rgb,rgb/Ben_Stein_0001.ppm,0.944800,0.944800,1.192e-7,1.000000
lfw,all,rgb,rgb/Ben_Wallace_0001.ppm,0.928489,0.928489,1.192e-7,1.000000
lfw,all,rgb,rgb/Benazir_Bhutto_0001.ppm,0.971543,0.971543,1.192e-7,1.000000
lfw,all,rgb,rgb/Benazir_Bhutto_0002.ppm,0.960067,0.960067,0.000e0,1.000000
lfw,all,rgb,rgb/Benazir_Bhutto_0003.ppm,0.940715,0.940715,0.000e0,1.000000
lfw,all,rgb,rgb/Benazir_Bhutto_0004.ppm,0.924916,0.924916,0.000e0,1.000000
lfw,all,rgb,rgb/Benazir_Bhutto_0005.ppm,0.903073,0.903073,0.000e0,1.000000
lfw,all,rgb,rgb/Benedita_da_Silva_0001.ppm,0.907978,0.907978,0.000e0,1.000000
lfw,all,rgb,rgb/Benicio_Del_Toro_0001.ppm,0.950073,0.950073,1.192e-7,0.999999
lfw,all,rgb,rgb/Benito_Santiago_0001.ppm,0.912028,0.912028,0.000e0,1.000000
lfw,all,rgb,rgb/Benjamin_Bratt_0001.ppm,0.963227,0.963227,0.000e0,1.000000
lfw,all,rgb,rgb/Benjamin_Franklin_0001.ppm,0.918555,0.918555,1.192e-7,1.000000
lfw,all,rgb,rgb/Benjamin_Martinez_0001.ppm,0.920505,0.920505,0.000e0,1.000000
lfw,all,rgb,rgb/Benjamin_McKenzie_0001.ppm,0.926901,0.926901,0.000e0,1.000000
lfw,all,rgb,rgb/Benjamin_Netanyahu_0001.ppm,0.923254,0.923254,0.000e0,0.999999
lfw,all,rgb,rgb/Benjamin_Netanyahu_0002.ppm,0.933183,0.933183,0.000e0,1.000000
lfw,all,rgb,rgb/Benjamin_Netanyahu_0003.ppm,0.912453,0.912453,0.000e0,1.000000
lfw,all,rgb,rgb/Benjamin_Netanyahu_0004.ppm,0.934494,0.934494,0.000e0,1.000000
lfw,all,rgb,rgb/Benjamin_Netanyahu_0005.ppm,0.893464,0.893464,0.000e0,1.000000
lfw,all,rgb,rgb/Benjamin_Neulander_0001.ppm,0.948981,0.948981,0.000e0,1.000000
lfw,all,rgb,rgb/Bernadette_Peters_0001.ppm,0.939857,0.939857,0.000e0,1.000000
lfw,all,rgb,rgb/Bernard_Ebbers_0001.ppm,0.934946,0.934946,0.000e0,1.000000
lfw,all,rgb,rgb/Bernard_Giraudeau_0001.ppm,0.924065,0.924065,0.000e0,1.000000
lfw,all,rgb,rgb/Bernard_Kerik_0001.ppm,0.880000,0.880000,0.000e0,1.000000
lfw,all,rgb,rgb/Bernard_Landry_0001.ppm,0.900495,0.900495,1.192e-7,1.000000
lfw,all,rgb,rgb/Bernard_Landry_0002.ppm,0.946838,0.946838,0.000e0,1.000000
lfw,all,rgb,rgb/Bernard_Landry_0003.ppm,0.913779,0.913779,0.000e0,1.000000
lfw,all,rgb,rgb/Bernard_Landry_0004.ppm,0.960822,0.960822,0.000e0,1.000000
lfw,all,rgb,rgb/Bernard_Law_0001.ppm,0.931395,0.931395,0.000e0,1.000000
lfw,all,rgb,rgb/Bernard_Law_0002.ppm,0.959138,0.959138,5.960e-8,1.000000
lfw,all,rgb,rgb/Bernard_Law_0003.ppm,0.894173,0.894173,0.000e0,1.000000
lfw,all,rgb,rgb/Bernard_Law_0004.ppm,0.955010,0.955010,5.960e-8,1.000000
lfw,all,rgb,rgb/Bernard_Law_0005.ppm,0.942005,0.942005,1.788e-7,1.000000
lfw,all,rgb,rgb/Bernard_Lord_0001.ppm,0.940210,0.940210,0.000e0,1.000000
lfw,all,rgb,rgb/Bernard_Lord_0002.ppm,0.967215,0.967215,0.000e0,1.000000
lfw,all,rgb,rgb/Bernard_Siegel_0001.ppm,0.963168,0.963168,0.000e0,1.000000
lfw,all,rgb,rgb/Bernardo_Segura_0001.ppm,0.883762,0.883762,0.000e0,1.000000
lfw,all,rgb,rgb/Bernardo_Segura_0002.ppm,0.854329,0.854329,0.000e0,1.000000
lfw,all,rgb,rgb/Bernice_Wong_0001.ppm,0.984378,0.984378,0.000e0,1.000000
lfw,all,rgb,rgb/Bertie_Ahern_0001.ppm,0.928947,0.928947,0.000e0,1.000000
lfw,all,rgb,rgb/Bertie_Ahern_0002.ppm,0.930999,0.931000,2.384e-7,1.000000
lfw,all,rgb,rgb/Bertie_Ahern_0003.ppm,0.915609,0.915609,5.960e-8,1.000000
lfw,all,rgb,rgb/Bertie_Ahern_0004.ppm,0.963949,0.963949,0.000e0,1.000000
lfw,all,rgb,rgb/Bertie_Ahern_0005.ppm,0.934766,0.934766,1.192e-7,0.999999
lfw,all,rgb,rgb/Bertrand_Bonello_0001.ppm,0.872641,0.872641,0.000e0,1.000000
lfw,all,rgb,rgb/Bertrand_Bonello_0002.ppm,0.899912,0.899912,0.000e0,1.000000
lfw,all,rgb,rgb/Bertrand_Delanoe_0001.ppm,0.971614,0.971614,0.000e0,1.000000
lfw,all,rgb,rgb/Beth_Blough_0001.ppm,0.947508,0.947508,2.384e-7,1.000000
lfw,all,rgb,rgb/Beth_Jones_0001.ppm,0.937207,0.937207,0.000e0,1.000000
lfw,all,rgb,rgb/Beth_Jones_0002.ppm,0.867733,0.867733,0.000e0,1.000000
lfw,all,rgb,rgb/Betsy_Coffin_0001.ppm,0.915568,0.915568,0.000e0,1.000000
lfw,all,rgb,rgb/Betsy_Smith_0001.ppm,0.948639,0.948639,0.000e0,1.000000
lfw,all,rgb,rgb/Betsy_Smith_0002.ppm,0.968700,0.968700,0.000e0,1.000000
lfw,all,rgb,rgb/Bettina_Rheims_0001.ppm,0.927189,0.927189,1.192e-7,1.000000
lfw,all,rgb,rgb/Betty_Garrison_0001.ppm,0.926587,0.926587,1.192e-7,1.000000
lfw,all,rgb,rgb/Betty_Williams_0001.ppm,0.926786,0.926786,1.192e-7,1.000000
lfw,all,rgb,rgb/Beyonce_Knowles_0001.ppm,0.894013,0.894013,0.000e0,1.000000
lfw,all,rgb,rgb/Bianca_Jagger_0001.ppm,0.948931,0.948931,0.000e0,1.000000
lfw,all,rgb,rgb/Bijan_Darvish_0001.ppm,0.927310,0.927309,5.960e-8,0.999999
lfw,all,rgb,rgb/Bijan_Darvish_0002.ppm,0.926519,0.926519,0.000e0,1.000000
lfw,all,rgb,rgb/Bijan_Darvish_0003.ppm,0.953453,0.953453,0.000e0,1.000000
lfw,all,rgb,rgb/Bijan_Namdar_Zangeneh_0001.ppm,0.954978,0.954978,0.000e0,1.000000
lfw,all,rgb,rgb/Bijan_Namdar_Zangeneh_0002.ppm,0.945948,0.945948,0.000e0,0.999999
lfw,all,rgb,rgb/Bilal_Erdogan_0001.ppm,0.945903,0.945903,0.000e0,1.000000
lfw,all,rgb,rgb/Biljana_Plavsic_0001.ppm,0.930845,0.930845,0.000e0,0.999999
lfw,all,rgb,rgb/Biljana_Plavsic_0002.ppm,0.935475,0.935475,0.000e0,1.000000
lfw,all,rgb,rgb/Biljana_Plavsic_0003.ppm,0.930889,0.930889,0.000e0,1.000000
lfw,all,rgb,rgb/Bill_Belichick_0001.ppm,0.924375,0.924375,1.192e-7,0.999999
lfw,all,rgb,rgb/Bill_Belichick_0002.ppm,0.951323,0.951323,1.192e-7,1.000000
lfw,all,rgb,rgb/Bill_Bradley_0001.ppm,0.934979,0.934979,0.000e0,1.000000
lfw,all,rgb,rgb/Bill_Butler_0001.ppm,0.909620,0.909620,0.000e0,1.000000
lfw,all,rgb,rgb/Bill_Byrne_0001.ppm,0.949391,0.949391,0.000e0,1.000000
lfw,all,rgb,rgb/Bill_Callahan_0001.ppm,0.903232,0.903232,1.192e-7,0.999999
lfw,all,rgb,rgb/Bill_Callahan_0002.ppm,0.942278,0.942278,0.000e0,1.000000
lfw,all,rgb,rgb/Bill_Callahan_0003.ppm,0.944431,0.944431,0.000e0,1.000000
lfw,all,rgb,rgb/Bill_Carmody_0001.ppm,0.868596,0.868596,0.000e0,1.000000
lfw,all,rgb,rgb/Bill_Cartwright_0001.ppm,0.951168,0.951168,1.192e-7,0.999999
lfw,all,rgb,rgb/Bill_Clancy_0001.ppm,0.959032,0.959032,0.000e0,1.000000
lfw,all,rgb,rgb/Bill_Clinton_0001.ppm,0.931385,0.931385,0.000e0,1.000000
lfw,all,rgb,rgb/Bill_Clinton_0002.ppm,0.925222,0.925222,5.960e-8,1.000000
lfw,all,rgb,rgb/Bill_Clinton_0003.ppm,0.966893,0.966893,1.192e-7,1.000000
lfw,all,rgb,rgb/Bill_Clinton_0004.ppm,0.916403,0.916403,0.000e0,1.000000
lfw,all,rgb,rgb/Bill_Clinton_0005.ppm,0.923998,0.923998,5.960e-8,1.000000
lfw,all,rgb,rgb/Bill_Clinton_0006.ppm,0.926076,0.926076,0.000e0,1.000000
lfw,all,rgb,rgb/Bill_Clinton_0007.ppm,0.911566,0.911566,0.000e0,0.999999
lfw,all,rgb,rgb/Bill_Clinton_0008.ppm,0.897670,0.897670,1.192e-7,1.000000
lfw,all,rgb,rgb/Bill_Clinton_0009.ppm,0.901273,0.901273,5.960e-8,1.000000
lfw,all,rgb,rgb/Bill_Clinton_0010.ppm,0.943123,0.943123,1.192e-7,1.000000
lfw,all,rgb,rgb/Bill_Clinton_0011.ppm,0.920647,0.920647,0.000e0,1.000000
lfw,all,rgb,rgb/Bill_Clinton_0012.ppm,0.918859,0.918859,0.000e0,1.000000
lfw,all,rgb,rgb/Bill_Clinton_0013.ppm,0.937730,0.937730,1.192e-7,1.000000
lfw,all,rgb,rgb/Bill_Clinton_0014.ppm,0.919973,0.919973,0.000e0,1.000000
lfw,all,rgb,rgb/Bill_Clinton_0015.ppm,0.902902,0.902902,1.192e-7,1.000000
lfw,all,rgb,rgb/Bill_Clinton_0016.ppm,0.932532,0.932532,1.192e-7,1.000000
lfw,all,rgb,rgb/Bill_Clinton_0017.ppm,0.937467,0.937467,0.000e0,1.000000
lfw,all,rgb,rgb/Bill_Clinton_0018.ppm,0.942621,0.942621,0.000e0,1.000000
lfw,all,rgb,rgb/Bill_Clinton_0019.ppm,0.945899,0.945899,0.000e0,1.000000
lfw,all,rgb,rgb/Bill_Clinton_0020.ppm,0.917918,0.917918,0.000e0,1.000000
lfw,all,rgb,rgb/Bill_Clinton_0021.ppm,0.924664,0.924664,1.192e-7,1.000000
lfw,all,rgb,rgb/Bill_Clinton_0022.ppm,0.887833,0.887833,0.000e0,1.000000
lfw,all,rgb,rgb/Bill_Clinton_0023.ppm,0.928880,0.928880,5.960e-8,1.000000
lfw,all,rgb,rgb/Bill_Clinton_0024.ppm,0.936375,0.936375,1.192e-7,1.000000
lfw,all,rgb,rgb/Bill_Clinton_0025.ppm,0.951324,0.951324,0.000e0,1.000000
lfw,all,rgb,rgb/Bill_Clinton_0026.ppm,0.918360,0.918360,0.000e0,1.000000
lfw,all,rgb,rgb/Bill_Clinton_0027.ppm,0.940863,0.940863,0.000e0,1.000000
lfw,all,rgb,rgb/Bill_Clinton_0028.ppm,0.909179,0.909179,0.000e0,1.000000
lfw,all,rgb,rgb/Bill_Clinton_0029.ppm,0.950808,0.950808,0.000e0,1.000000
lfw,all,rgb,rgb/Bill_Curry_0001.ppm,0.930106,0.930106,0.000e0,1.000000
lfw,all,rgb,rgb/Bill_Doba_0001.ppm,0.976225,0.976225,0.000e0,1.000000
lfw,all,rgb,rgb/Bill_Duffey_0001.ppm,0.932151,0.932151,0.000e0,1.000000
lfw,all,rgb,rgb/Bill_Elliott_0001.ppm,0.945145,0.945145,0.000e0,1.000000
lfw,all,rgb,rgb/Bill_Fennelly_0001.ppm,0.969734,0.969734,0.000e0,1.000000
lfw,all,rgb,rgb/Bill_Frist_0001.ppm,0.939288,0.939288,0.000e0,1.000000
lfw,all,rgb,rgb/Bill_Frist_0002.ppm,0.904949,0.904949,5.960e-8,1.000000
lfw,all,rgb,rgb/Bill_Frist_0003.ppm,0.861837,0.861837,5.960e-8,1.000000
lfw,all,rgb,rgb/Bill_Frist_0004.ppm,0.917351,0.917351,1.192e-7,1.000000
lfw,all,rgb,rgb/Bill_Frist_0005.ppm,0.907652,0.907653,1.192e-7,1.000000
lfw,all,rgb,rgb/Bill_Frist_0006.ppm,0.951971,0.951971,1.192e-7,1.000000
lfw,all,rgb,rgb/Bill_Frist_0007.ppm,0.928452,0.928452,0.000e0,1.000000
lfw,all,rgb,rgb/Bill_Frist_0008.ppm,0.942497,0.942497,0.000e0,1.000000
lfw,all,rgb,rgb/Bill_Frist_0009.ppm,0.916421,0.916421,2.384e-7,1.000000
lfw,all,rgb,rgb/Bill_Gates_0001.ppm,0.902356,0.902356,1.192e-7,1.000000
lfw,all,rgb,rgb/Bill_Gates_0002.ppm,0.943780,0.943780,0.000e0,1.000000
lfw,all,rgb,rgb/Bill_Gates_0003.ppm,0.947915,0.947915,0.000e0,1.000000
lfw,all,rgb,rgb/Bill_Gates_0004.ppm,0.913401,0.913401,0.000e0,1.000000
lfw,all,rgb,rgb/Bill_Gates_0005.ppm,0.926732,0.926732,5.960e-8,1.000000
lfw,all,rgb,rgb/Bill_Gates_0006.ppm,0.918063,0.918063,0.000e0,1.000000
lfw,all,rgb,rgb/Bill_Gates_0007.ppm,0.926866,0.926866,1.192e-7,1.000000
lfw,all,rgb,rgb/Bill_Gates_0008.ppm,0.939043,0.939043,0.000e0,1.000000
lfw,all,rgb,rgb/Bill_Gates_0009.ppm,0.915109,0.915109,1.192e-7,1.000000
lfw,all,rgb,rgb/Bill_Gates_0010.ppm,0.915535,0.915535,5.960e-8,1.000000
lfw,all,rgb,rgb/Bill_Gates_0011.ppm,0.915273,0.915273,1.192e-7,1.000000
lfw,all,rgb,rgb/Bill_Gates_0012.ppm,0.945945,0.945945,0.000e0,1.000000
lfw,all,rgb,rgb/Bill_Gates_0013.ppm,0.884358,0.884358,5.960e-8,1.000000
lfw,all,rgb,rgb/Bill_Gates_0014.ppm,0.934624,0.934624,0.000e0,1.000000
lfw,all,rgb,rgb/Bill_Gates_0015.ppm,0.949465,0.949465,0.000e0,1.000000
lfw,all,rgb,rgb/Bill_Gates_0016.ppm,0.925439,0.925439,0.000e0,1.000000
lfw,all,rgb,rgb/Bill_Gates_0017.ppm,0.919185,0.919185,0.000e0,1.000000
lfw,all,rgb,rgb/Bill_Graham_0001.ppm,0.936030,0.936030,1.192e-7,1.000000
lfw,all,rgb,rgb/Bill_Graham_0002.ppm,0.923271,0.923271,1.192e-7,1.000000
lfw,all,rgb,rgb/Bill_Graham_0003.ppm,0.881689,0.881689,0.000e0,1.000000
lfw,all,rgb,rgb/Bill_Graham_0004.ppm,0.951285,0.951285,0.000e0,1.000000
lfw,all,rgb,rgb/Bill_Graham_0005.ppm,0.972628,0.972628,0.000e0,1.000000
lfw,all,rgb,rgb/Bill_Graham_0006.ppm,0.938214,0.938214,1.192e-7,1.000000
lfw,all,rgb,rgb/Bill_Graham_0007.ppm,0.934659,0.934659,1.192e-7,1.000000
lfw,all,rgb,rgb/Bill_Graham_0008.ppm,0.957062,0.957062,0.000e0,1.000000
lfw,all,rgb,rgb/Bill_Graham_0009.ppm,0.934376,0.934376,1.788e-7,1.000000
lfw,all,rgb,rgb/Bill_Guerin_0001.ppm,0.955772,0.955772,0.000e0,0.999999
lfw,all,rgb,rgb/Bill_Herrion_0001.ppm,0.952331,0.952331,0.000e0,1.000000
lfw,all,rgb,rgb/Bill_Hughes_0001.ppm,0.945918,0.945918,1.788e-7,1.000000
lfw,all,rgb,rgb/Bill_King_0001.ppm,0.920156,0.920156,0.000e0,1.000000
lfw,all,rgb,rgb/Bill_Kollar_0001.ppm,0.941917,0.941917,0.000e0,1.000000
lfw,all,rgb,rgb/Bill_Kong_0001.ppm,0.987670,0.987670,0.000e0,1.000000
lfw,all,rgb,rgb/Bill_Lerach_0001.ppm,0.909523,0.909523,1.788e-7,1.000000
lfw,all,rgb,rgb/Bill_Maher_0001.ppm,0.899481,0.899481,0.000e0,1.000000
lfw,all,rgb,rgb/Bill_Mauldin_0001.ppm,0.893377,0.893377,0.000e0,1.000000
lfw,all,rgb,rgb/Bill_McBride_0001.ppm,0.929081,0.929081,5.960e-8,1.000000
lfw,all,rgb,rgb/Bill_McBride_0002.ppm,0.918996,0.918996,5.960e-8,1.000000
lfw,all,rgb,rgb/Bill_McBride_0003.ppm,0.890999,0.890999,0.000e0,1.000000
lfw,all,rgb,rgb/Bill_McBride_0004.ppm,0.904506,0.904506,1.192e-7,1.000000
lfw,all,rgb,rgb/Bill_McBride_0005.ppm,0.914234,0.914234,0.000e0,1.000000
lfw,all,rgb,rgb/Bill_McBride_0006.ppm,0.840856,0.840856,0.000e0,1.000000
lfw,all,rgb,rgb/Bill_McBride_0007.ppm,0.936020,0.936020,5.960e-8,1.000000
lfw,all,rgb,rgb/Bill_McBride_0008.ppm,0.912216,0.912216,0.000e0,1.000000
lfw,all,rgb,rgb/Bill_McBride_0009.ppm,0.950187,0.950187,1.192e-7,1.000000
lfw,all,rgb,rgb/Bill_McBride_0010.ppm,0.897584,0.897584,0.000e0,1.000000
lfw,all,rgb,rgb/Bill_Nelson_0001.ppm,0.937046,0.937046,0.000e0,1.000000
lfw,all,rgb,rgb/Bill_Nelson_0002.ppm,0.951030,0.951030,0.000e0,1.000000
lfw,all,rgb,rgb/Bill_OReilly_0001.ppm,0.906294,0.906294,5.960e-8,1.000000
lfw,all,rgb,rgb/Bill_Parcells_0001.ppm,0.905033,0.905032,5.960e-8,1.000000
lfw,all,rgb,rgb/Bill_Parcells_0002.ppm,0.928893,0.928893,0.000e0,1.000000
lfw,all,rgb,rgb/Bill_Parsons_0001.ppm,0.921344,0.921344,5.960e-8,0.999999
lfw,all,rgb,rgb/Bill_Paxton_0001.ppm,0.909633,0.909633,0.000e0,1.000000
lfw,all,rgb,rgb/Bill_Paxton_0002.ppm,0.908812,0.908812,0.000e0,0.999999
lfw,all,rgb,rgb/Bill_Paxton_0003.ppm,0.934830,0.934830,1.192e-7,1.000000
lfw,all,rgb,rgb/Bill_Paxton_0004.ppm,0.908391,0.908391,0.000e0,0.999999
lfw,all,rgb,rgb/Bill_Pryor_0001.ppm,0.938366,0.938366,0.000e0,0.999999
lfw,all,rgb,rgb/Bill_Rainer_0001.ppm,0.916213,0.916213,0.000e0,1.000000
lfw,all,rgb,rgb/Bill_Readdy_0001.ppm,0.905557,0.905557,0.000e0,1.000000
lfw,all,rgb,rgb/Bill_Richardson_0001.ppm,0.937487,0.937487,0.000e0,1.000000
lfw,all,rgb,rgb/Bill_Self_0001.ppm,0.887036,0.887036,1.192e-7,1.000000
lfw,all,rgb,rgb/Bill_Simon_0001.ppm,0.909982,0.909982,1.192e-7,1.000000
lfw,all,rgb,rgb/Bill_Simon_0002.ppm,0.901535,0.901535,1.192e-7,1.000000
lfw,all,rgb,rgb/Bill_Simon_0003.ppm,0.919791,0.919791,1.192e-7,1.000000
lfw,all,rgb,rgb/Bill_Simon_0004.ppm,0.903908,0.903908,0.000e0,0.999999
lfw,all,rgb,rgb/Bill_Simon_0005.ppm,0.898630,0.898630,1.192e-7,1.000000
lfw,all,rgb,rgb/Bill_Simon_0006.ppm,0.891757,0.891757,0.000e0,1.000000
lfw,all,rgb,rgb/Bill_Simon_0007.ppm,0.885467,0.885467,0.000e0,1.000000
lfw,all,rgb,rgb/Bill_Simon_0008.ppm,0.932814,0.932814,1.192e-7,1.000000
lfw,all,rgb,rgb/Bill_Simon_0009.ppm,0.921196,0.921196,0.000e0,1.000000
lfw,all,rgb,rgb/Bill_Simon_0010.ppm,0.905583,0.905583,0.000e0,1.000000
lfw,all,rgb,rgb/Bill_Simon_0011.ppm,0.936978,0.936978,0.000e0,1.000000
lfw,all,rgb,rgb/Bill_Simon_0012.ppm,0.937294,0.937294,1.192e-7,1.000000
lfw,all,rgb,rgb/Bill_Simon_0013.ppm,0.912552,0.912552,1.788e-7,0.999999
lfw,all,rgb,rgb/Bill_Simon_0014.ppm,0.934034,0.934034,1.192e-7,0.999999
lfw,all,rgb,rgb/Bill_Simon_0015.ppm,0.891993,0.891993,0.000e0,0.999999
lfw,all,rgb,rgb/Bill_Sizemore_0001.ppm,0.919884,0.919884,0.000e0,1.000000
lfw,all,rgb,rgb/Bill_Sizemore_0002.ppm,0.953044,0.953044,5.960e-8,1.000000
lfw,all,rgb,rgb/Bill_Stapleton_0001.ppm,0.955785,0.955785,0.000e0,1.000000
lfw,all,rgb,rgb/Bill_Stein_0001.ppm,0.945975,0.945975,0.000e0,1.000000
lfw,all,rgb,rgb/Bill_Walton_0001.ppm,0.916485,0.916485,1.192e-7,1.000000
lfw,all,rgb,rgb/Billy_Andrade_0001.ppm,0.926614,0.926614,5.960e-8,1.000000
lfw,all,rgb,rgb/Billy_Beane_0001.ppm,0.926409,0.926409,0.000e0,1.000000
lfw,all,rgb,rgb/Billy_Bob_Thornton_0001.ppm,0.946513,0.946513,5.960e-8,1.000000
lfw,all,rgb,rgb/Billy_Boyd_0001.ppm,0.941283,0.941283,0.000e0,1.000000
lfw,all,rgb,rgb/Billy_Crawford_0001.ppm,0.956646,0.956646,0.000e0,1.000000
lfw,all,rgb,rgb/Billy_Crystal_0001.ppm,0.937733,0.937733,0.000e0,1.000000
lfw,all,rgb,rgb/Billy_Crystal_0002.ppm,0.901562,0.901562,1.788e-7,1.000000
lfw,all,rgb,rgb/Billy_Crystal_0003.ppm,0.937188,0.937188,0.000e0,0.999999
lfw,all,rgb,rgb/Billy_Crystal_0004.ppm,0.966924,0.966924,0.000e0,1.000000
lfw,all,rgb,rgb/Billy_Crystal_0005.ppm,0.924989,0.924989,5.960e-8,1.000000
lfw,all,rgb,rgb/Billy_Crystal_0006.ppm,0.887272,0.887272,0.000e0,1.000000
lfw,all,rgb,rgb/Billy_Donovan_0001.ppm,0.880016,0.880016,0.000e0,1.000000
lfw,all,rgb,rgb/Billy_Edelin_0001.ppm,0.947260,0.947260,0.000e0,1.000000
lfw,all,rgb,rgb/Billy_Gilman_0001.ppm,0.924383,0.924383,1.192e-7,1.000000
lfw,all,rgb,rgb/Billy_Graham_0001.ppm,0.916107,0.916107,0.000e0,1.000000
lfw,all,rgb,rgb/Billy_Graham_0002.ppm,0.932242,0.932242,0.000e0,1.000000
lfw,all,rgb,rgb/Billy_Joel_0001.ppm,0.906530,0.906530,0.000e0,1.000000
lfw,all,rgb,rgb/Billy_Rork_0001.ppm,0.904308,0.904308,1.192e-7,1.000000
lfw,all,rgb,rgb/Billy_Sollie_0001.ppm,0.921089,0.921089,0.000e0,1.000000
lfw,all,rgb,rgb/Billy_Sollie_0002.ppm,0.827800,0.827800,5.960e-8,1.000000
lfw,all,rgb,rgb/Billy_Tibbets_0001.ppm,0.916929,0.916929,0.000e0,1.000000
lfw,all,rgb,rgb/Bing_Crosby_0001.ppm,0.924726,0.924726,0.000e0,1.000000
lfw,all,rgb,rgb/Binyamin_Ben-Eliezer_0001.ppm,0.935100,0.935100,0.000e0,1.000000
lfw,all,rgb,rgb/Binyamin_Ben-Eliezer_0002.ppm,0.910374,0.910374,0.000e0,1.000000
lfw,all,rgb,rgb/Binyamin_Ben-Eliezer_0003.ppm,0.957291,0.957291,0.000e0,1.000000
lfw,all,rgb,rgb/Binyamin_Ben-Eliezer_0004.ppm,0.934921,0.934921,1.192e-7,1.000000
lfw,all,rgb,rgb/Binyamin_Ben-Eliezer_0005.ppm,0.939022,0.939022,0.000e0,1.000000
lfw,all,rgb,rgb/Binyamin_Ben-Eliezer_0006.ppm,0.930961,0.930961,0.000e0,1.000000
lfw,all,rgb,rgb/Binyamin_Ben-Eliezer_0007.ppm,0.917091,0.917091,0.000e0,1.000000
lfw,all,rgb,rgb/Bison_Dele_0001.ppm,0.920761,0.920761,0.000e0,1.000000
lfw,all,rgb,rgb/Bixente_LIzarazu_0001.ppm,0.941302,0.941302,1.192e-7,1.000000
lfw,all,rgb,rgb/Blas_Ople_0001.ppm,0.923693,0.923693,0.000e0,1.000000
lfw,all,rgb,rgb/Blythe_Danner_0001.ppm,0.953117,0.953117,0.000e0,1.000000
lfw,all,rgb,rgb/Blythe_Danner_0002.ppm,0.917525,0.917524,1.192e-7,1.000000
lfw,all,rgb,rgb/Blythe_Hartley_0001.ppm,0.954362,0.954362,1.192e-7,1.000000
lfw,all,rgb,rgb/Blythe_Hartley_0002.ppm,0.901396,0.901395,1.788e-7,1.000000
lfw,all,rgb,rgb/Bo_Pelini_0001.ppm,0.907800,0.907800,0.000e0,0.999999
lfw,all,rgb,rgb/Bo_Pelini_0002.ppm,0.915301,0.915301,0.000e0,1.000000
lfw,all,rgb,rgb/Bo_Ryan_0001.ppm,0.841140,0.841140,5.960e-8,1.000000
lfw,all,rgb,rgb/Bo_Ryan_0002.ppm,0.947914,0.947914,1.192e-7,1.000000
lfw,all,rgb,rgb/Bob_Alper_0001.ppm,0.909666,0.909666,0.000e0,1.000000
lfw,all,rgb,rgb/Bob_Beauprez_0001.ppm,0.928169,0.928169,0.000e0,1.000000
lfw,all,rgb,rgb/Bob_Beauprez_0002.ppm,0.944393,0.944393,0.000e0,1.000000
lfw,all,rgb,rgb/Bob_Bowlsby_0001.ppm,0.934913,0.934913,0.000e0,1.000000
lfw,all,rgb,rgb/Bob_Cantrell_0001.ppm,0.947714,0.947714,1.192e-7,1.000000
lfw,all,rgb,rgb/Bob_Colvin_0001.ppm,0.939987,0.939987,0.000e0,1.000000
lfw,all,rgb,rgb/Bob_Colvin_0002.ppm,0.915123,0.915123,5.960e-8,1.000000
lfw,all,rgb,rgb/Bob_Crippen_0001.ppm,0.950321,0.950321,0.000e0,1.000000
lfw,all,rgb,rgb/Bob_Curtis_0001.ppm,0.887221,0.887221,0.000e0,1.000000
lfw,all,rgb,rgb/Bob_Dole_0001.ppm,0.929530,0.929530,0.000e0,1.000000
lfw,all,rgb,rgb/Bob_Dole_0002.ppm,0.934521,0.934521,0.000e0,0.999999
lfw,all,rgb,rgb/Bob_Dole_0003.ppm,0.957991,0.957991,1.192e-7,1.000000
lfw,all,rgb,rgb/Bob_Eskridge_0001.ppm,0.948473,0.948473,1.192e-7,1.000000
lfw,all,rgb,rgb/Bob_Ferguson_0001.ppm,0.907257,0.907257,1.192e-7,0.999999
lfw,all,rgb,rgb/Bob_Geldof_0001.ppm,0.907581,0.907581,0.000e0,1.000000
lfw,all,rgb,rgb/Bob_Geldof_0002.ppm,0.934470,0.934470,0.000e0,1.000000
lfw,all,rgb,rgb/Bob_Goldman_0001.ppm,0.942277,0.942277,0.000e0,1.000000
lfw,all,rgb,rgb/Bob_Graham_0001.ppm,0.917784,0.917784,0.000e0,1.000000
lfw,all,rgb,rgb/Bob_Graham_0002.ppm,0.949411,0.949411,0.000e0,1.000000
lfw,all,rgb,rgb/Bob_Graham_0003.ppm,0.932094,0.932094,0.000e0,1.000000
lfw,all,rgb,rgb/Bob_Graham_0004.ppm,0.928708,0.928708,0.000e0,1.000000
lfw,all,rgb,rgb/Bob_Graham_0005.ppm,0.947255,0.947255,1.192e-7,1.000000
lfw,all,rgb,rgb/Bob_Graham_0006.ppm,0.897311,0.897311,1.192e-7,1.000000
lfw,all,rgb,rgb/Bob_Guccione_0001.ppm,0.909123,0.909123,1.192e-7,1.000000
lfw,all,rgb,rgb/Bob_Hartley_0001.ppm,0.949547,0.949547,1.192e-7,1.000000
lfw,all,rgb,rgb/Bob_Hayes_0001.ppm,0.951682,0.951682,0.000e0,1.000000
lfw,all,rgb,rgb/Bob_Herz_0001.ppm,0.936390,0.936390,1.192e-7,1.000000
lfw,all,rgb,rgb/Bob_Holden_0001.ppm,0.923498,0.923497,1.192e-7,1.000000
lfw,all,rgb,rgb/Bob_Hope_0001.ppm,0.921158,0.921158,1.192e-7,1.000000
lfw,all,rgb,rgb/Bob_Hope_0002.ppm,0.928265,0.928265,0.000e0,1.000000
lfw,all,rgb,rgb/Bob_Hope_0003.ppm,0.947573,0.947573,5.960e-8,1.000000
lfw,all,rgb,rgb/Bob_Hope_0004.ppm,0.942783,0.942783,0.000e0,1.000000
lfw,all,rgb,rgb/Bob_Hope_0005.ppm,0.904849,0.904849,1.192e-7,1.000000
lfw,all,rgb,rgb/Bob_Hope_0006.ppm,0.902848,0.902848,0.000e0,1.000000
lfw,all,rgb,rgb/Bob_Hope_0007.ppm,0.942347,0.942347,0.000e0,1.000000
lfw,all,rgb,rgb/Bob_Hope_0008.ppm,0.937945,0.937945,0.000e0,0.999999
lfw,all,rgb,rgb/Bob_Huggins_0001.ppm,0.899638,0.899638,5.960e-8,1.000000
lfw,all,rgb,rgb/Bob_Huggins_0002.ppm,0.954668,0.954668,5.960e-8,1.000000
lfw,all,rgb,rgb/Bob_Huggins_0003.ppm,0.822912,0.822912,1.192e-7,1.000000
lfw,all,rgb,rgb/Bob_Huggins_0004.ppm,0.903348,0.903348,0.000e0,0.999999
lfw,all,rgb,rgb/Bob_Iger_0001.ppm,0.946394,0.946395,1.192e-7,0.999999
lfw,all,rgb,rgb/Bob_Krueger_0001.ppm,0.931315,0.931315,5.960e-8,1.000000
lfw,all,rgb,rgb/Bob_Melvin_0001.ppm,0.919947,0.919947,1.192e-7,1.000000
lfw,all,rgb,rgb/Bob_Menendez_0001.ppm,0.922462,0.922461,1.192e-7,1.000000
lfw,all,rgb,rgb/Bob_Newhart_0001.ppm,0.921476,0.921476,0.000e0,1.000000
lfw,all,rgb,rgb/Bob_Petrino_0001.ppm,0.940034,0.940034,0.000e0,1.000000
lfw,all,rgb,rgb/Bob_Riley_0001.ppm,0.923662,0.923662,1.192e-7,1.000000
lfw,all,rgb,rgb/Bob_Stoops_0001.ppm,0.961071,0.961071,0.000e0,0.999999
lfw,all,rgb,rgb/Bob_Stoops_0002.ppm,0.942172,0.942172,0.000e0,1.000000
lfw,all,rgb,rgb/Bob_Stoops_0003.ppm,0.881898,0.881898,0.000e0,1.000000
lfw,all,rgb,rgb/Bob_Stoops_0004.ppm,0.898492,0.898492,0.000e0,1.000000
lfw,all,rgb,rgb/Bob_Stoops_0005.ppm,0.952669,0.952669,0.000e0,1.000000
lfw,all,rgb,rgb/Bob_Stoops_0006.ppm,0.978923,0.978923,0.000e0,1.000000
lfw,all,rgb,rgb/Bob_Stoops_0007.ppm,0.926815,0.926815,0.000e0,0.999999
lfw,all,rgb,rgb/Bob_Sulkin_0001.ppm,0.947769,0.947769,0.000e0,1.000000
lfw,all,rgb,rgb/Bob_Taft_0001.ppm,0.959496,0.959496,1.192e-7,1.000000
lfw,all,rgb,rgb/Bob_Wright_0001.ppm,0.910298,0.910298,0.000e0,1.000000
lfw,all,rgb,rgb/Bobby_Bowden_0001.ppm,0.909943,0.909943,0.000e0,1.000000
lfw,all,rgb,rgb/Bobby_Goldwater_0001.ppm,0.952340,0.952340,0.000e0,1.000000
lfw,all,rgb,rgb/Bobby_Goldwater_0002.ppm,0.958338,0.958338,1.192e-7,1.000000
lfw,all,rgb,rgb/Bobby_Jackson_0001.ppm,0.942454,0.942454,1.192e-7,0.999999
lfw,all,rgb,rgb/Bobby_Kielty_0001.ppm,0.940118,0.940118,0.000e0,1.000000
lfw,all,rgb,rgb/Bobby_Robson_0001.ppm,0.933659,0.933659,1.192e-7,1.000000
lfw,all,rgb,rgb/Bobby_Robson_0002.ppm,0.953741,0.953741,0.000e0,1.000000
lfw,all,rgb,rgb/Bobo_Balde_0001.ppm,0.935710,0.935710,0.000e0,1.000000
lfw,all,rgb,rgb/Bode_Miller_0001.ppm,0.899478,0.899478,0.000e0,1.000000
lfw,all,rgb,rgb/Bode_Miller_0002.ppm,0.920379,0.920379,1.192e-7,1.000000
lfw,all,rgb,rgb/Bonnie_Fuller_0001.ppm,0.918193,0.918193,0.000e0,0.999999
lfw,all,rgb,rgb/Bonnie_Hunt_0001.ppm,0.925350,0.925350,0.000e0,1.000000
lfw,all,rgb,rgb/Bono_0001.ppm,0.930782,0.930782,0.000e0,1.000000
lfw,all,rgb,rgb/Bono_0002.ppm,0.872937,0.872938,1.788e-7,1.000000
lfw,all,rgb,rgb/Bono_0003.ppm,0.927484,0.927484,0.000e0,1.000000
lfw,all,rgb,rgb/Boris_Becker_0001.ppm,0.934935,0.934935,1.192e-7,1.000000
lfw,all,rgb,rgb/Boris_Becker_0002.ppm,0.962166,0.962166,0.000e0,1.000000
lfw,all,rgb,rgb/Boris_Becker_0003.ppm,0.925612,0.925612,0.000e0,1.000000
lfw,all,rgb,rgb/Boris_Becker_0004.ppm,0.915841,0.915841,1.192e-7,1.000000
lfw,all,rgb,rgb/Boris_Becker_0005.ppm,0.916122,0.916121,1.192e-7,1.000000
lfw,all,rgb,rgb/Boris_Becker_0006.ppm,0.916490,0.916490,0.000e0,0.999999
lfw,all,rgb,rgb/Boris_Berezovsky_0001.ppm,0.948154,0.948154,1.192e-7,1.000000
lfw,all,rgb,rgb/Boris_Berezovsky_0002.ppm,0.957364,0.957364,1.192e-7,1.000000
lfw,all,rgb,rgb/Boris_Henry_0001.ppm,0.933375,0.933375,0.000e0,1.000000
lfw,all,rgb,rgb/Boris_Jordan_0001.ppm,0.931483,0.931483,0.000e0,1.000000
lfw,all,rgb,rgb/Boris_Trajkovski_0001.ppm,0.944543,0.944543,0.000e0,1.000000
lfw,all,rgb,rgb/Boris_Yeltsin_0001.ppm,0.858198,0.858198,1.192e-7,1.000000
lfw,all,rgb,rgb/Boris_Yeltsin_0002.ppm,0.943437,0.943437,0.000e0,1.000000
lfw,all,rgb,rgb/Boutros_Boutros_Ghali_0001.ppm,0.925024,0.925024,0.000e0,1.000000
lfw,all,rgb,rgb/Brad_Alexander_Smith_0001.ppm,0.896430,0.896430,0.000e0,0.999999
lfw,all,rgb,rgb/Brad_Banks_0001.ppm,0.894207,0.894207,0.000e0,1.000000
lfw,all,rgb,rgb/Brad_Brownell_0001.ppm,0.923898,0.923898,5.960e-8,0.999999
lfw,all,rgb,rgb/Brad_Garrett_0001.ppm,0.878025,0.878025,1.192e-7,1.000000
lfw,all,rgb,rgb/Brad_Garrett_0002.ppm,0.919103,0.919103,5.960e-8,1.000000
lfw,all,rgb,rgb/Brad_Garrett_0003.ppm,0.913122,0.913122,0.000e0,1.000000
lfw,all,rgb,rgb/Brad_Garrett_0004.ppm,0.914822,0.914822,1.192e-7,1.000000
lfw,all,rgb,rgb/Brad_Gushue_0001.ppm,0.959566,0.959566,0.000e0,0.999999
lfw,all,rgb,rgb/Brad_Johnson_0001.ppm,0.962018,0.962018,0.000e0,1.000000
lfw,all,rgb,rgb/Brad_Johnson_0002.ppm,0.930987,0.930987,1.192e-7,1.000000
lfw,all,rgb,rgb/Brad_Johnson_0003.ppm,0.940001,0.940001,0.000e0,1.000000
lfw,all,rgb,rgb/Brad_Johnson_0004.ppm,0.892681,0.892681,1.192e-7,1.000000
lfw,all,rgb,rgb/Brad_Johnson_0005.ppm,0.950556,0.950556,1.192e-7,1.000000
lfw,all,rgb,rgb/Brad_Miller_0001.ppm,0.976740,0.976740,0.000e0,1.000000
lfw,all,rgb,rgb/Brad_Pitt_0001.ppm,0.927835,0.927835,1.192e-7,1.000000
lfw,all,rgb,rgb/Brad_Russ_0001.ppm,0.959197,0.959197,1.192e-7,1.000000
lfw,all,rgb,rgb/Brad_Smith_0001.ppm,0.964705,0.964705,0.000e0,1.000000
lfw,all,rgb,rgb/Brad_Wilk_0001.ppm,0.846211,0.846211,1.192e-7,1.000000
lfw,all,rgb,rgb/Brady_Rodgers_0001.ppm,0.986381,0.986381,0.000e0,1.000000
lfw,all,rgb,rgb/Brajesh_Mishra_0001.ppm,0.951848,0.951848,1.192e-7,1.000000
lfw,all,rgb,rgb/Brandon_Boyd_0001.ppm,0.915267,0.915267,0.000e0,1.000000
lfw,all,rgb,rgb/Brandon_Fails_0001.ppm,0.942978,0.942978,0.000e0,1.000000
lfw,all,rgb,rgb/Brandon_Hammond_0001.ppm,0.945430,0.945430,0.000e0,1.000000
lfw,all,rgb,rgb/Brandon_Inge_0001.ppm,0.952863,0.952863,5.960e-8,1.000000
lfw,all,rgb,rgb/Brandon_Jones_0001.ppm,0.930294,0.930294,1.192e-7,1.000000
lfw,all,rgb,rgb/Brandon_Knight_0001.ppm,0.895092,0.895092,0.000e0,0.999999
lfw,all,rgb,rgb/Brandon_Larson_0001.ppm,0.882749,0.882749,0.000e0,1.000000
lfw,all,rgb,rgb/Brandon_Lloyd_0001.ppm,0.914003,0.914003,1.192e-7,1.000000
lfw,all,rgb,rgb/Brandon_Robinson_0001.ppm,0.958543,0.958543,0.000e0,1.000000
lfw,all,rgb,rgb/Brandon_Spann_0001.ppm,0.782056,0.782056,1.192e-7,1.000000
lfw,all,rgb,rgb/Brandon_Webb_0001.ppm,0.928771,0.928770,1.192e-7,0.999999
lfw,all,rgb,rgb/Branko_Crvenkovski_0001.ppm,0.905835,0.905835,0.000e0,1.000000
lfw,all,rgb,rgb/Branko_Crvenkovski_0002.ppm,0.929379,0.929379,1.192e-7,1.000000
lfw,all,rgb,rgb/Branko_Crvenkovski_0003.ppm,0.957500,0.957500,0.000e0,1.000000
lfw,all,rgb,rgb/Brawley_King_0001.ppm,0.945478,0.945478,0.000e0,1.000000
lfw,all,rgb,rgb/Brenda_Magana_0001.ppm,0.909630,0.909630,0.000e0,1.000000
lfw,all,rgb,rgb/Brenda_Wilson_0001.ppm,0.920554,0.920554,0.000e0,1.000000
lfw,all,rgb,rgb/Brenda_van_Dam_0001.ppm,0.915314,0.915314,0.000e0,1.000000
lfw,all,rgb,rgb/Brendan_Fraser_0001.ppm,0.951338,0.951338,0.000e0,1.000000
lfw,all,rgb,rgb/Brendan_Gaughan_0001.ppm,0.901649,0.901649,0.000e0,1.000000
lfw,all,rgb,rgb/Brendan_Hansen_0001.ppm,0.921945,0.921945,5.960e-8,1.000000
lfw,all,rgb,rgb/Brendan_Hansen_0002.ppm,0.820892,0.820892,1.788e-7,1.000000
lfw,all,rgb,rgb/Brendan_Stai_0001.ppm,0.963682,0.963682,2.384e-7,1.000000
lfw,all,rgb,rgb/Brennon_Leighton_0001.ppm,0.928085,0.928085,5.960e-8,0.999999
lfw,all,rgb,rgb/Brent_Coles_0001.ppm,0.948714,0.948714,0.000e0,0.999999
lfw,all,rgb,rgb/Brett_Boone_0001.ppm,0.961490,0.961490,0.000e0,1.000000
lfw,all,rgb,rgb/Brett_Hawke_0001.ppm,0.943842,0.943842,5.960e-8,1.000000
lfw,all,rgb,rgb/Brett_Hull_0001.ppm,0.914389,0.914389,0.000e0,1.000000
lfw,all,rgb,rgb/Brett_Perry_0001.ppm,0.953534,0.953534,1.192e-7,1.000000
lfw,all,rgb,rgb/Brian_Billick_0001.ppm,0.915465,0.915465,5.960e-8,1.000000
lfw,all,rgb,rgb/Brian_Campbell_0001.ppm,0.922008,0.922008,0.000e0,1.000000
lfw,all,rgb,rgb/Brian_Cashman_0001.ppm,0.936671,0.936671,0.000e0,1.000000
lfw,all,rgb,rgb/Brian_Clemens_0001.ppm,0.943192,0.943192,1.192e-7,0.999999
lfw,all,rgb,rgb/Brian_Cook_0001.ppm,0.932172,0.932172,0.000e0,0.999999
lfw,all,rgb,rgb/Brian_Cowen_0001.ppm,0.969670,0.969670,1.192e-7,1.000000
lfw,all,rgb,rgb/Brian_Cowen_0002.ppm,0.947972,0.947972,5.960e-8,1.000000
lfw,all,rgb,rgb/Brian_De_Palma_0001.ppm,0.931220,0.931220,1.192e-7,1.000000
lfw,all,rgb,rgb/Brian_Florence_0001.ppm,0.925589,0.925589,0.000e0,1.000000
lfw,all,rgb,rgb/Brian_Grazier_0001.ppm,0.905560,0.905560,5.960e-8,1.000000
lfw,all,rgb,rgb/Brian_Gregory_0001.ppm,0.972692,0.972692,0.000e0,1.000000
lfw,all,rgb,rgb/Brian_Griese_0001.ppm,0.943930,0.943930,0.000e0,1.000000
lfw,all,rgb,rgb/Brian_Griese_0002.ppm,0.919570,0.919569,1.192e-7,1.000000
lfw,all,rgb,rgb/Brian_Heidik_0001.ppm,0.908719,0.908719,5.960e-8,1.000000
lfw,all,rgb,rgb/Brian_Heidik_0002.ppm,0.952539,0.952539,0.000e0,1.000000
lfw,all,rgb,rgb/Brian_Henson_0001.ppm,0.929904,0.929904,1.192e-7,1.000000
lfw,all,rgb,rgb/Brian_Jordan_0001.ppm,0.951838,0.951838,5.960e-8,1.000000
lfw,all,rgb,rgb/Brian_Kerr_0001.ppm,0.948610,0.948610,0.000e0,0.999999
lfw,all,rgb,rgb/Brian_Lara_0001.ppm,0.860876,0.860876,5.960e-8,1.000000
lfw,all,rgb,rgb/Brian_McIntyre_0001.ppm,0.933146,0.933146,0.000e0,1.000000
lfw,all,rgb,rgb/Brian_Meadors_0001.ppm,0.947685,0.947685,0.000e0,1.000000
lfw,all,rgb,rgb/Brian_Mulroney_0001.ppm,0.901282,0.901283,1.192e-7,1.000000
lfw,all,rgb,rgb/Brian_Mulroney_0002.ppm,0.931754,0.931754,0.000e0,1.000000
lfw,all,rgb,rgb/Brian_Olson_0001.ppm,0.959446,0.959446,0.000e0,1.000000
lfw,all,rgb,rgb/Brian_Pavlich_0001.ppm,0.906669,0.906669,5.960e-8,1.000000
lfw,all,rgb,rgb/Brian_Scalabrine_0001.ppm,0.857494,0.857495,1.192e-7,1.000000
lfw,all,rgb,rgb/Brian_Schneider_0001.ppm,0.891334,0.891334,0.000e0,1.000000
lfw,all,rgb,rgb/Brian_StPierre_0001.ppm,0.931540,0.931540,0.000e0,1.000000
lfw,all,rgb,rgb/Brian_Van_Dusen_0001.ppm,0.920873,0.920873,0.000e0,1.000000
lfw,all,rgb,rgb/Brian_Weaver_0001.ppm,0.963981,0.963981,0.000e0,0.999999
lfw,all,rgb,rgb/Brian_Wells_0001.ppm,0.920974,0.920974,0.000e0,1.000000
lfw,all,rgb,rgb/Brian_Wells_0002.ppm,0.937349,0.937349,5.960e-8,1.000000
lfw,all,rgb,rgb/Brian_Williams_0001.ppm,0.936598,0.936598,0.000e0,1.000000
lfw,all,rgb,rgb/Bridget_Fonda_0001.ppm,0.939172,0.939172,1.192e-7,1.000000
lfw,all,rgb,rgb/Bridget_Fonda_0002.ppm,0.914518,0.914518,0.000e0,1.000000
lfw,all,rgb,rgb/Bridget_Fonda_0003.ppm,0.959463,0.959463,0.000e0,0.999999
lfw,all,rgb,rgb/Bridgette_Wilson-Sampras_0001.ppm,0.932007,0.932007,5.960e-8,1.000000
lfw,all,rgb,rgb/Bridgette_Wilson-Sampras_0002.ppm,0.940165,0.940165,5.960e-8,1.000000
lfw,all,rgb,rgb/Bridgette_Wilson-Sampras_0003.ppm,0.894243,0.894243,0.000e0,1.000000
lfw,all,rgb,rgb/Brigitte_Boisselier_0001.ppm,0.907290,0.907290,0.000e0,1.000000
lfw,all,rgb,rgb/Brigitte_Boisselier_0002.ppm,0.947961,0.947961,1.192e-7,1.000000
lfw,all,rgb,rgb/Britney_Spears_0001.ppm,0.931900,0.931900,0.000e0,1.000000
lfw,all,rgb,rgb/Britney_Spears_0002.ppm,0.927937,0.927937,0.000e0,1.000000
lfw,all,rgb,rgb/Britney_Spears_0003.ppm,0.912050,0.912050,0.000e0,1.000000
lfw,all,rgb,rgb/Britney_Spears_0004.ppm,0.935107,0.935107,0.000e0,1.000000
lfw,all,rgb,rgb/Britney_Spears_0005.ppm,0.935349,0.935349,1.192e-7,1.000000
lfw,all,rgb,rgb/Britney_Spears_0006.ppm,0.901393,0.901393,5.960e-8,1.000000
lfw,all,rgb,rgb/Britney_Spears_0007.ppm,0.966637,0.966637,0.000e0,1.000000
lfw,all,rgb,rgb/Britney_Spears_0008.ppm,0.912945,0.912945,5.960e-8,0.999999
lfw,all,rgb,rgb/Britney_Spears_0009.ppm,0.902096,0.902096,0.000e0,1.000000
lfw,all,rgb,rgb/Britney_Spears_0010.ppm,0.900009,0.900009,0.000e0,1.000000
lfw,all,rgb,rgb/Britney_Spears_0011.ppm,0.956184,0.956184,1.192e-7,1.000000
lfw,all,rgb,rgb/Britney_Spears_0012.ppm,0.949503,0.949503,0.000e0,1.000000
lfw,all,rgb,rgb/Britney_Spears_0013.ppm,0.965271,0.965271,0.000e0,1.000000
lfw,all,rgb,rgb/Britney_Spears_0014.ppm,0.925689,0.925689,0.000e0,1.000000
lfw,all,rgb,rgb/Brittany_Snow_0001.ppm,0.922032,0.922032,1.192e-7,1.000000
lfw,all,rgb,rgb/Brock_Berlin_0001.ppm,0.938252,0.938252,1.192e-7,1.000000
lfw,all,rgb,rgb/Bronson_Arroyo_0001.ppm,0.891530,0.891530,0.000e0,1.000000
lfw,all,rgb,rgb/Brook_Robinson_0001.ppm,0.913076,0.913076,5.960e-8,1.000000
lfw,all,rgb,rgb/Brooke_Adams_0001.ppm,0.936446,0.936446,0.000e0,1.000000
lfw,all,rgb,rgb/Brooke_Gordon_0001.ppm,0.964668,0.964668,0.000e0,1.000000
lfw,all,rgb,rgb/Brooke_Shields_0001.ppm,0.923115,0.923115,1.192e-7,1.000000
lfw,all,rgb,rgb/Brooke_Shields_0002.ppm,0.954877,0.954877,0.000e0,0.999999
lfw,all,rgb,rgb/Bruce_Arena_0001.ppm,0.961406,0.961406,1.192e-7,1.000000
lfw,all,rgb,rgb/Bruce_Gebhardt_0001.ppm,0.957770,0.957770,5.960e-8,1.000000
lfw,all,rgb,rgb/Bruce_Lunsford_0001.ppm,0.921098,0.921098,5.960e-8,1.000000
lfw,all,rgb,rgb/Bruce_Paltrow_0001.ppm,0.937207,0.937207,0.000e0,1.000000
lfw,all,rgb,rgb/Bruce_Springsteen_0001.ppm,0.913507,0.913507,0.000e0,1.000000
lfw,all,rgb,rgb/Bruce_Springsteen_0002.ppm,0.890917,0.890917,0.000e0,1.000000
lfw,all,rgb,rgb/Bruce_Springsteen_0003.ppm,0.858313,0.858313,1.192e-7,1.000000
lfw,all,rgb,rgb/Bruce_Springsteen_0004.ppm,0.885554,0.885554,0.000e0,1.000000
lfw,all,rgb,rgb/Bruce_Van_De_Velde_0001.ppm,0.922857,0.922857,1.192e-7,1.000000
lfw,all,rgb,rgb/Bruce_Van_De_Velde_0002.ppm,0.965197,0.965197,0.000e0,1.000000
lfw,all,rgb,rgb/Bruce_Weber_0001.ppm,0.950539,0.950539,1.192e-7,1.000000
lfw,all,rgb,rgb/Bruce_Weber_0002.ppm,0.890455,0.890455,0.000e0,1.000000
lfw,all,rgb,rgb/Bruce_Willis_0001.ppm,0.924003,0.924003,0.000e0,1.000000
lfw,all,rgb,rgb/Bruna_Colosio_0001.ppm,0.943470,0.943470,0.000e0,1.000000
lfw,all,rgb,rgb/Bruno_Junquiera_0001.ppm,0.942739,0.942739,0.000e0,0.999999
lfw,all,rgb,rgb/Bryan_Adams_0001.ppm,0.877367,0.877367,5.960e-8,1.000000
lfw,all,rgb,rgb/Bryan_Chui_0001.ppm,0.910844,0.910844,0.000e0,1.000000
lfw,all,rgb,rgb/Bryan_Cooley_0001.ppm,0.951994,0.951994,1.192e-7,1.000000
lfw,all,rgb,rgb/Bryan_Murray_0001.ppm,0.934191,0.934191,1.192e-7,1.000000
lfw,all,rgb,rgb/Bryan_Thomas_0001.ppm,0.971386,0.971386,0.000e0,1.000000
lfw,all,rgb,rgb/Bryant_Young_0001.ppm,0.909928,0.909928,0.000e0,1.000000
lfw,all,rgb,rgb/Bryce_Carmine_0001.ppm,0.930535,0.930535,1.192e-7,1.000000
lfw,all,rgb,rgb/Buck_Rodgers_0001.ppm,0.939322,0.939321,1.192e-7,1.000000
lfw,all,rgb,rgb/Bud_Selig_0001.ppm,0.938234,0.938234,0.000e0,1.000000
lfw,all,rgb,rgb/Bud_Selig_0002.ppm,0.913903,0.913903,0.000e0,1.000000
lfw,all,rgb,rgb/Bud_Selig_0003.ppm,0.907136,0.907136,0.000e0,1.000000
lfw,all,rgb,rgb/Bud_Selig_0004.ppm,0.917113,0.917113,1.192e-7,1.000000
lfw,all,rgb,rgb/Budd_Schulberg_0001.ppm,0.909348,0.909348,5.960e-8,1.000000
lfw,all,rgb,rgb/Buddy_Ryan_0001.ppm,0.879442,0.879442,0.000e0,1.000000
lfw,all,rgb,rgb/Buford_Blount_0001.ppm,0.925498,0.925498,1.192e-7,1.000000
lfw,all,rgb,rgb/Bulent_Ecevit_0001.ppm,0.922883,0.922883,1.192e-7,0.999999
lfw,all,rgb,rgb/Bulent_Ecevit_0002.ppm,0.927597,0.927597,0.000e0,1.000000
lfw,all,rgb,rgb/Bulent_Ecevit_0003.ppm,0.936327,0.936327,5.960e-8,1.000000
lfw,all,rgb,rgb/Bulent_Ecevit_0004.ppm,0.940295,0.940295,0.000e0,1.000000
lfw,all,rgb,rgb/Bulent_Ecevit_0005.ppm,0.914713,0.914713,5.960e-8,1.000000
lfw,all,rgb,rgb/Bulent_Ecevit_0006.ppm,0.950111,0.950111,0.000e0,1.000000
lfw,all,rgb,rgb/Bustam_A_Zedan_Aljanabi_0001.ppm,0.917315,0.917315,0.000e0,1.000000
lfw,all,rgb,rgb/Butch_Davis_0001.ppm,0.944952,0.944952,0.000e0,1.000000
lfw,all,rgb,rgb/Butch_Davis_0002.ppm,0.933591,0.933591,0.000e0,1.000000
lfw,all,rgb,rgb/Buzz_Hargrove_0001.ppm,0.872242,0.872242,0.000e0,0.999999
lfw,all,rgb,rgb/Byron_Scott_0001.ppm,0.886968,0.886968,0.000e0,1.000000
lfw,all,rgb,rgb/Byron_Scott_0002.ppm,0.946091,0.946091,0.000e0,1.000000
lfw,all,rgb,rgb/Cabas_0001.ppm,0.939156,0.939156,5.960e-8,1.000000
lfw,all,rgb,rgb/Caio_Blat_0001.ppm,0.950421,0.950421,1.192e-7,1.000000
lfw,all,rgb,rgb/Calbert_Cheaney_0001.ppm,0.948603,0.948603,1.192e-7,1.000000
lfw,all,rgb,rgb/Calista_Flockhart_0001.ppm,0.933142,0.933141,1.192e-7,1.000000
lfw,all,rgb,rgb/Calista_Flockhart_0002.ppm,0.908748,0.908748,1.192e-7,1.000000
lfw,all,rgb,rgb/Calista_Flockhart_0003.ppm,0.936166,0.936166,0.000e0,1.000000
lfw,all,rgb,rgb/Calista_Flockhart_0004.ppm,0.942349,0.942349,0.000e0,1.000000
lfw,all,rgb,rgb/Calista_Flockhart_0005.ppm,0.970343,0.970343,0.000e0,1.000000
lfw,all,rgb,rgb/Calista_Flockhart_0006.ppm,0.942807,0.942807,1.192e-7,0.999999
lfw,all,rgb,rgb/Calvin_Harrison_0001.ppm,0.943800,0.943800,5.960e-8,0.999999
lfw,all,rgb,rgb/Calvin_Joseph_Coleman_0001.ppm,0.905938,0.905938,2.384e-7,1.000000
lfw,all,rgb,rgb/Cameron_Diaz_0001.ppm,0.930947,0.930947,0.000e0,1.000000
lfw,all,rgb,rgb/Cameron_Diaz_0002.ppm,0.929067,0.929067,0.000e0,1.000000
lfw,all,rgb,rgb/Cameron_Diaz_0003.ppm,0.941374,0.941374,1.788e-7,1.000000
lfw,all,rgb,rgb/Cameron_Diaz_0004.ppm,0.941345,0.941345,0.000e0,1.000000
lfw,all,rgb,rgb/Cameron_Diaz_0005.ppm,0.916422,0.916422,0.000e0,1.000000
lfw,all,rgb,rgb/Cameron_Diaz_0006.ppm,0.948981,0.948981,0.000e0,1.000000
lfw,all,rgb,rgb/Camilla_Parker_Bowles_0001.ppm,0.898988,0.898988,5.960e-8,0.999999
lfw,all,rgb,rgb/Camilla_Parker_Bowles_0002.ppm,0.915939,0.915939,0.000e0,1.000000
lfw,all,rgb,rgb/Camille_Colvin_0001.ppm,0.914252,0.914252,1.192e-7,0.999999
lfw,all,rgb,rgb/Camille_Lewis_0001.ppm,0.932522,0.932522,5.960e-8,1.000000
lfw,all,rgb,rgb/Camryn_Manheim_0001.ppm,0.917452,0.917452,0.000e0,1.000000
lfw,all,rgb,rgb/Candace_Sutton_0001.ppm,0.879272,0.879272,0.000e0,1.000000
lfw,all,rgb,rgb/Candice_Beatty_0001.ppm,0.856109,0.856109,0.000e0,0.999999
lfw,all,rgb,rgb/Candice_Bergen_0001.ppm,0.958842,0.958842,0.000e0,1.000000
lfw,all,rgb,rgb/Candice_Bergen_0002.ppm,0.951074,0.951074,0.000e0,1.000000
lfw,all,rgb,rgb/Candice_Bergen_0003.ppm,0.943812,0.943812,1.192e-7,1.000000
lfw,all,rgb,rgb/Candie_Kung_0001.ppm,0.901350,0.901350,1.192e-7,1.000000
lfw,all,rgb,rgb/Candie_Kung_0002.ppm,0.936302,0.936302,0.000e0,1.000000
lfw,all,rgb,rgb/Candie_Kung_0003.ppm,0.956557,0.956557,0.000e0,1.000000
lfw,all,rgb,rgb/Candie_Kung_0004.ppm,0.947257,0.947257,0.000e0,0.999999
lfw,all,rgb,rgb/Carey_Lowell_0001.ppm,0.898327,0.898327,0.000e0,1.000000
lfw,all,rgb,rgb/Cari_Davis_0001.ppm,0.922154,0.922155,1.192e-7,1.000000
lfw,all,rgb,rgb/Carin_Koch_0001.ppm,0.911395,0.911395,1.192e-7,1.000000
lfw,all,rgb,rgb/Carina_Lau_Ka-ling_0001.ppm,0.880766,0.880766,1.192e-7,1.000000
lfw,all,rgb,rgb/Carl_Levin_0001.ppm,0.887890,0.887890,0.000e0,1.000000
lfw,all,rgb,rgb/Carl_Pope_0001.ppm,0.904502,0.904502,0.000e0,1.000000
lfw,all,rgb,rgb/Carl_Reiner_0001.ppm,0.876338,0.876338,1.192e-7,0.999999
lfw,all,rgb,rgb/Carl_Reiner_0002.ppm,0.882599,0.882599,1.192e-7,1.000000
lfw,all,rgb,rgb/Carla_Del_Ponte_0001.ppm,0.941976,0.941976,1.192e-7,1.000000
lfw,all,rgb,rgb/Carla_Del_Ponte_0002.ppm,0.871878,0.871878,0.000e0,1.000000
lfw,all,rgb,rgb/Carla_Del_Ponte_0003.ppm,0.935315,0.935315,5.960e-8,1.000000
lfw,all,rgb,rgb/Carla_Del_Ponte_0004.ppm,0.917485,0.917485,0.000e0,1.000000
lfw,all,rgb,rgb/Carla_Del_Ponte_0005.ppm,0.939495,0.939495,0.000e0,1.000000
lfw,all,rgb,rgb/Carla_Gay_Balingit_0001.ppm,0.923606,0.923606,0.000e0,1.000000
lfw,all,rgb,rgb/Carla_Gugino_0001.ppm,0.898015,0.898016,1.192e-7,1.000000
lfw,all,rgb,rgb/Carla_Moreno_0001.ppm,0.946584,0.946584,1.192e-7,1.000000
lfw,all,rgb,rgb/Carla_Myers_0001.ppm,0.971816,0.971816,5.960e-8,1.000000
lfw,all,rgb,rgb/Carla_Myers_0002.ppm,0.945968,0.945968,0.000e0,1.000000
lfw,all,rgb,rgb/Carla_Sullivan_0001.ppm,0.883178,0.883178,0.000e0,1.000000
lfw,all,rgb,rgb/Carla_Tricoli_0001.ppm,0.911492,0.911492,5.960e-8,1.000000
lfw,all,rgb,rgb/Carlo_Ancelotti_0001.ppm,0.956333,0.956333,0.000e0,1.000000
lfw,all,rgb,rgb/Carlo_Ancelotti_0002.ppm,0.890576,0.890576,5.960e-8,1.000000
lfw,all,rgb,rgb/Carlo_Ancelotti_0003.ppm,0.933538,0.933538,0.000e0,0.999999
lfw,all,rgb,rgb/Carlo_Azeglio_Ciampi_0001.ppm,0.908144,0.908144,0.000e0,1.000000
lfw,all,rgb,rgb/Carlos_Alberto_0001.ppm,0.943671,0.943672,1.192e-7,1.000000
lfw,all,rgb,rgb/Carlos_Alberto_Parreira_0001.ppm,0.948904,0.948904,5.960e-8,1.000000
lfw,all,rgb,rgb/Carlos_Arroyo_0001.ppm,0.901649,0.901649,1.192e-7,0.999999
lfw,all,rgb,rgb/Carlos_Barra_0001.ppm,0.963304,0.963304,1.192e-7,1.000000
lfw,all,rgb,rgb/Carlos_Barragan_0001.ppm,0.890265,0.890265,0.000e0,1.000000
lfw,all,rgb,rgb/Carlos_Beltran_0001.ppm,0.900711,0.900711,0.000e0,1.000000
lfw,all,rgb,rgb/Carlos_Bianchi_0001.ppm,0.926271,0.926271,0.000e0,1.000000
lfw,all,rgb,rgb/Carlos_Bianchi_0002.ppm,0.906959,0.906959,1.192e-7,1.000000
lfw,all,rgb,rgb/Carlos_De_Abreu_0001.ppm,0.947510,0.947510,0.000e0,1.000000
lfw,all,rgb,rgb/Carlos_Fasciolo_0001.ppm,0.907173,0.907173,0.000e0,0.999999
lfw,all,rgb,rgb/Carlos_Ghosn_0001.ppm,0.987020,0.987020,0.000e0,1.000000
lfw,all,rgb,rgb/Carlos_Ghosn_0002.ppm,0.933522,0.933522,0.000e0,1.000000
lfw,all,rgb,rgb/Carlos_Iturgaitz_0001.ppm,0.930451,0.930451,0.000e0,1.000000
lfw,all,rgb,rgb/Carlos_Juarez_0001.ppm,0.961951,0.961951,1.192e-7,1.000000
lfw,all,rgb,rgb/Carlos_Lordkipanitse_0001.ppm,0.922792,0.922792,1.192e-7,0.999999
lfw,all,rgb,rgb/Carlos_Manuel_Pruneda_0001.ppm,0.933706,0.933706,0.000e0,1.000000
lfw,all,rgb,rgb/Carlos_Manuel_Pruneda_0002.ppm,0.931919,0.931919,0.000e0,1.000000
lfw,all,rgb,rgb/Carlos_Manuel_Pruneda_0003.ppm,0.977146,0.977146,0.000e0,1.000000
lfw,all,rgb,rgb/Carlos_Menem_0001.ppm,0.937326,0.937326,1.192e-7,1.000000
lfw,all,rgb,rgb/Carlos_Menem_0002.ppm,0.944700,0.944700,1.192e-7,1.000000
lfw,all,rgb,rgb/Carlos_Menem_0003.ppm,0.916388,0.916388,0.000e0,1.000000
lfw,all,rgb,rgb/Carlos_Menem_0004.ppm,0.895419,0.895419,0.000e0,1.000000
lfw,all,rgb,rgb/Carlos_Menem_0005.ppm,0.912200,0.912200,1.192e-7,1.000000
lfw,all,rgb,rgb/Carlos_Menem_0006.ppm,0.931620,0.931620,0.000e0,1.000000
lfw,all,rgb,rgb/Carlos_Menem_0007.ppm,0.903625,0.903625,0.000e0,1.000000
lfw,all,rgb,rgb/Carlos_Menem_0008.ppm,0.923734,0.923734,0.000e0,1.000000
lfw,all,rgb,rgb/Carlos_Menem_0009.ppm,0.929380,0.929380,1.192e-7,1.000000
lfw,all,rgb,rgb/Carlos_Menem_0010.ppm,0.950339,0.950339,1.192e-7,1.000000
lfw,all,rgb,rgb/Carlos_Menem_0011.ppm,0.940025,0.940025,1.192e-7,1.000000
lfw,all,rgb,rgb/Carlos_Menem_0012.ppm,0.942625,0.942625,0.000e0,1.000000
lfw,all,rgb,rgb/Carlos_Menem_0013.ppm,0.953294,0.953294,1.192e-7,1.000000
lfw,all,rgb,rgb/Carlos_Menem_0014.ppm,0.937171,0.937171,0.000e0,1.000000
lfw,all,rgb,rgb/Carlos_Menem_0015.ppm,0.920030,0.920030,0.000e0,1.000000
lfw,all,rgb,rgb/Carlos_Menem_0016.ppm,0.936714,0.936714,0.000e0,1.000000
lfw,all,rgb,rgb/Carlos_Menem_0017.ppm,0.939314,0.939314,0.000e0,1.000000
lfw,all,rgb,rgb/Carlos_Menem_0018.ppm,0.931682,0.931682,5.960e-8,1.000000
lfw,all,rgb,rgb/Carlos_Menem_0019.ppm,0.957234,0.957234,0.000e0,1.000000
lfw,all,rgb,rgb/Carlos_Menem_0020.ppm,0.958338,0.958338,1.192e-7,1.000000
lfw,all,rgb,rgb/Carlos_Menem_0021.ppm,0.929808,0.929808,0.000e0,1.000000
lfw,all,rgb,rgb/Carlos_Mesa_0001.ppm,0.919959,0.919959,0.000e0,1.000000
lfw,all,rgb,rgb/Carlos_Mesa_0002.ppm,0.845482,0.845482,0.000e0,1.000000
lfw,all,rgb,rgb/Carlos_Moya_0001.ppm,0.933262,0.933262,1.192e-7,1.000000
lfw,all,rgb,rgb/Carlos_Moya_0002.ppm,0.920179,0.920179,0.000e0,1.000000
lfw,all,rgb,rgb/Carlos_Moya_0003.ppm,0.964683,0.964683,0.000e0,1.000000
lfw,all,rgb,rgb/Carlos_Moya_0004.ppm,0.923825,0.923825,0.000e0,1.000000
lfw,all,rgb,rgb/Carlos_Moya_0005.ppm,0.910510,0.910510,0.000e0,1.000000
lfw,all,rgb,rgb/Carlos_Moya_0006.ppm,0.952456,0.952456,0.000e0,1.000000
lfw,all,rgb,rgb/Carlos_Moya_0007.ppm,0.939456,0.939456,1.192e-7,1.000000
lfw,all,rgb,rgb/Carlos_Moya_0008.ppm,0.942049,0.942049,0.000e0,1.000000
lfw,all,rgb,rgb/Carlos_Moya_0009.ppm,0.880263,0.880263,5.960e-8,1.000000
lfw,all,rgb,rgb/Carlos_Moya_0010.ppm,0.939570,0.939570,1.192e-7,1.000000
lfw,all,rgb,rgb/Carlos_Moya_0011.ppm,0.907300,0.907300,1.192e-7,1.000000
lfw,all,rgb,rgb/Carlos_Moya_0012.ppm,0.927284,0.927284,1.192e-7,1.000000
lfw,all,rgb,rgb/Carlos_Moya_0013.ppm,0.949759,0.949759,0.000e0,1.000000
lfw,all,rgb,rgb/Carlos_Moya_0014.ppm,0.951456,0.951456,1.192e-7,1.000000
lfw,all,rgb,rgb/Carlos_Moya_0015.ppm,0.951745,0.951745,0.000e0,1.000000
lfw,all,rgb,rgb/Carlos_Moya_0016.ppm,0.961868,0.961868,0.000e0,1.000000
lfw,all,rgb,rgb/Carlos_Moya_0017.ppm,0.917044,0.917044,0.000e0,1.000000
lfw,all,rgb,rgb/Carlos_Moya_0018.ppm,0.918050,0.918050,1.192e-7,1.000000
lfw,all,rgb,rgb/Carlos_Moya_0019.ppm,0.928834,0.928835,1.192e-7,1.000000
lfw,all,rgb,rgb/Carlos_Ortega_0001.ppm,0.935947,0.935947,0.000e0,1.000000
lfw,all,rgb,rgb/Carlos_Ortega_0002.ppm,0.933059,0.933059,0.000e0,1.000000
lfw,all,rgb,rgb/Carlos_Ortega_0003.ppm,0.914823,0.914823,0.000e0,1.000000
lfw,all,rgb,rgb/Carlos_Paternina_0001.ppm,0.953824,0.953824,1.192e-7,1.000000
lfw,all,rgb,rgb/Carlos_Queiroz_0001.ppm,0.916643,0.916643,0.000e0,1.000000
lfw,all,rgb,rgb/Carlos_Quintanilla_Schmidt_0001.ppm,0.932732,0.932732,1.192e-7,1.000000
lfw,all,rgb,rgb/Carlos_Quintanilla_Schmidt_0002.ppm,0.955083,0.955083,0.000e0,1.000000
lfw,all,rgb,rgb/Carlos_Ruckauf_0001.ppm,0.971605,0.971604,1.192e-7,1.000000
lfw,all,rgb,rgb/Carlos_Ruiz_0001.ppm,0.896006,0.896006,0.000e0,1.000000
lfw,all,rgb,rgb/Carlos_Ruiz_0002.ppm,0.941530,0.941530,0.000e0,1.000000
lfw,all,rgb,rgb/Carlos_Ruiz_0003.ppm,0.943543,0.943543,0.000e0,1.000000
lfw,all,rgb,rgb/Carlos_Salinas_0001.ppm,0.928836,0.928836,0.000e0,1.000000
lfw,all,rgb,rgb/Carlos_Savedra_0001.ppm,0.906919,0.906919,0.000e0,1.000000
lfw,all,rgb,rgb/Carlos_Vives_0001.ppm,0.903239,0.903239,0.000e0,1.000000
lfw,all,rgb,rgb/Carlos_Vives_0002.ppm,0.905787,0.905787,0.000e0,1.000000
lfw,all,rgb,rgb/Carlos_Vives_0003.ppm,0.919647,0.919647,1.192e-7,1.000000
lfw,all,rgb,rgb/Carlos_Vives_0004.ppm,0.916343,0.916343,0.000e0,1.000000
lfw,all,rgb,rgb/Carlton_Baugh_0001.ppm,0.951505,0.951505,0.000e0,1.000000
lfw,all,rgb,rgb/Carlton_Dotson_0001.ppm,0.940448,0.940448,1.192e-7,0.999999
lfw,all,rgb,rgb/Carly_Fiorina_0001.ppm,0.875136,0.875136,0.000e0,1.000000
lfw,all,rgb,rgb/Carly_Fiorina_0002.ppm,0.948656,0.948656,1.192e-7,1.000000
lfw,all,rgb,rgb/Carly_Fiorina_0003.ppm,0.960171,0.960171,0.000e0,1.000000
lfw,all,rgb,rgb/Carly_Gullickson_0001.ppm,0.912538,0.912538,1.192e-7,1.000000
lfw,all,rgb,rgb/Carmen_Electra_0001.ppm,0.935759,0.935759,0.000e0,1.000000
lfw,all,rgb,rgb/Carmen_Electra_0002.ppm,0.980474,0.980474,1.192e-7,1.000000
lfw,all,rgb,rgb/Carmen_Electra_0003.ppm,0.933013,0.933013,0.000e0,1.000000
lfw,all,rgb,rgb/Carmen_Electra_0004.ppm,0.960496,0.960496,0.000e0,0.999999
lfw,all,rgb,rgb/Carmen_Electra_0005.ppm,0.907915,0.907915,5.960e-8,0.999999
lfw,all,rgb,rgb/Carmen_Electra_0006.ppm,0.931435,0.931435,0.000e0,1.000000
lfw,all,rgb,rgb/Carol_Burnett_0001.ppm,0.917571,0.917571,0.000e0,1.000000
lfw,all,rgb,rgb/Carol_Burnett_0002.ppm,0.936347,0.936347,0.000e0,1.000000
lfw,all,rgb,rgb/Carol_Carmody_0001.ppm,0.968737,0.968737,0.000e0,1.000000
lfw,all,rgb,rgb/Carol_Moseley_Braun_0001.ppm,0.914934,0.914934,0.000e0,1.000000
lfw,all,rgb,rgb/Carol_Moseley_Braun_0002.ppm,0.898331,0.898331,0.000e0,1.000000
lfw,all,rgb,rgb/Carol_Niedermayer_0001.ppm,0.927932,0.927932,0.000e0,1.000000
lfw,all,rgb,rgb/Carol_Williams_0001.ppm,0.923767,0.923767,0.000e0,1.000000
lfw,all,rgb,rgb/Carolina_Barco_0001.ppm,0.943449,0.943449,1.192e-7,1.000000
lfw,all,rgb,rgb/Carolina_Kluft_0001.ppm,0.898100,0.898100,0.000e0,1.000000
lfw,all,rgb,rgb/Carolina_Kluft_0002.ppm,0.956459,0.956459,0.000e0,1.000000
lfw,all,rgb,rgb/Carolina_Kluft_0003.ppm,0.918869,0.918869,0.000e0,1.000000
lfw,all,rgb,rgb/Carolina_Moraes_0001.ppm,0.934080,0.934080,0.000e0,1.000000
lfw,all,rgb,rgb/Carolina_Moraes_0002.ppm,0.910373,0.910373,5.960e-8,1.000000
lfw,all,rgb,rgb/Caroline_Dhavernas_0001.ppm,0.929285,0.929285,0.000e0,1.000000
lfw,all,rgb,rgb/Caroline_Kennedy_0001.ppm,0.922188,0.922188,0.000e0,0.999999
lfw,all,rgb,rgb/Caroline_Kennedy_0002.ppm,0.940869,0.940869,0.000e0,1.000000
lfw,all,rgb,rgb/Caroline_Kennedy_0003.ppm,0.969117,0.969117,0.000e0,1.000000
lfw,all,rgb,rgb/Caroline_Link_0001.ppm,0.937040,0.937040,0.000e0,1.000000
lfw,all,rgb,rgb/Carolyn_Dawn_Johnson_0001.ppm,0.927036,0.927036,1.192e-7,1.000000
lfw,all,rgb,rgb/Carolyn_Dawn_Johnson_0002.ppm,0.922656,0.922656,0.000e0,1.000000
lfw,all,rgb,rgb/Carolyn_Dawn_Johnson_0003.ppm,0.955745,0.955745,0.000e0,1.000000
lfw,all,rgb,rgb/Carolyn_Kuhl_0001.ppm,0.939471,0.939471,5.960e-8,1.000000
lfw,all,rgb,rgb/Carrie-Anne_Moss_0001.ppm,0.958640,0.958640,1.192e-7,1.000000
lfw,all,rgb,rgb/Carrie-Anne_Moss_0002.ppm,0.946516,0.946516,1.192e-7,1.000000
lfw,all,rgb,rgb/Carrie-Anne_Moss_0003.ppm,0.899096,0.899096,1.192e-7,1.000000
lfw,all,rgb,rgb/Carrie-Anne_Moss_0004.ppm,0.964166,0.964166,0.000e0,1.000000
lfw,all,rgb,rgb/Carrie-Anne_Moss_0005.ppm,0.974962,0.974962,5.960e-8,1.000000
lfw,all,rgb,rgb/Carroll_Weimer_0001.ppm,0.865907,0.865907,1.192e-7,1.000000
lfw,all,rgb,rgb/Carson_Daly_0001.ppm,0.957377,0.957377,0.000e0,1.000000
lfw,all,rgb,rgb/Carson_Daly_0002.ppm,0.944436,0.944436,0.000e0,1.000000
lfw,all,rgb,rgb/Carson_Palmer_0001.ppm,0.921828,0.921828,1.788e-7,1.000000
lfw,all,rgb,rgb/Carson_Palmer_0002.ppm,0.937200,0.937200,0.000e0,1.000000
lfw,all,rgb,rgb/Carson_Palmer_0003.ppm,0.954616,0.954616,0.000e0,1.000000
lfw,all,rgb,rgb/Carson_Palmer_0004.ppm,0.975060,0.975059,1.192e-7,1.000000
lfw,all,rgb,rgb/Casey_Crowder_0001.ppm,0.934183,0.934183,0.000e0,1.000000
lfw,all,rgb,rgb/Casey_Mears_0001.ppm,0.919880,0.919879,1.192e-7,1.000000
lfw,all,rgb,rgb/Cass_Ballenger_0001.ppm,0.937965,0.937965,5.960e-8,1.000000
lfw,all,rgb,rgb/Cassandra_Heise_0001.ppm,0.924918,0.924918,0.000e0,1.000000
lfw,all,rgb,rgb/Casy_Preslar_0001.ppm,0.930884,0.930884,0.000e0,1.000000
lfw,all,rgb,rgb/Cate_Blanchett_0001.ppm,0.974035,0.974035,1.192e-7,1.000000
lfw,all,rgb,rgb/Cate_Blanchett_0002.ppm,0.954139,0.954139,0.000e0,1.000000
lfw,all,rgb,rgb/Cate_Blanchett_0003.ppm,0.956673,0.956673,5.960e-8,1.000000
lfw,all,rgb,rgb/Cate_Blanchett_0004.ppm,0.967553,0.967553,0.000e0,1.000000
lfw,all,rgb,rgb/Catherine_Bell_0001.ppm,0.907439,0.907439,5.960e-8,1.000000
lfw,all,rgb,rgb/Catherine_Deneuve_0001.ppm,0.944358,0.944358,1.192e-7,1.000000
lfw,all,rgb,rgb/Catherine_Deneuve_0002.ppm,0.947409,0.947409,1.192e-7,1.000000
lfw,all,rgb,rgb/Catherine_Deneuve_0003.ppm,0.950104,0.950104,0.000e0,1.000000
lfw,all,rgb,rgb/Catherine_Deneuve_0004.ppm,0.961270,0.961270,0.000e0,1.000000
lfw,all,rgb,rgb/Catherine_Deneuve_0005.ppm,0.945959,0.945959,0.000e0,1.000000
lfw,all,rgb,rgb/Catherine_Donkers_0001.ppm,0.841421,0.841421,5.960e-8,1.000000
lfw,all,rgb,rgb/Catherine_Ndereba_0001.ppm,0.915510,0.915510,1.192e-7,1.000000
lfw,all,rgb,rgb/Catherine_Woodard_0001.ppm,0.882091,0.882091,0.000e0,1.000000
lfw,all,rgb,rgb/Catherine_Zeta-Jones_0001.ppm,0.942863,0.942863,1.192e-7,1.000000
lfw,all,rgb,rgb/Catherine_Zeta-Jones_0002.ppm,0.936871,0.936871,0.000e0,1.000000
lfw,all,rgb,rgb/Catherine_Zeta-Jones_0003.ppm,0.937322,0.937322,1.192e-7,1.000000
lfw,all,rgb,rgb/Catherine_Zeta-Jones_0004.ppm,0.893009,0.893009,0.000e0,1.000000
lfw,all,rgb,rgb/Catherine_Zeta-Jones_0005.ppm,0.907552,0.907552,0.000e0,1.000000
lfw,all,rgb,rgb/Catherine_Zeta-Jones_0006.ppm,0.935396,0.935396,0.000e0,1.000000
lfw,all,rgb,rgb/Catherine_Zeta-Jones_0007.ppm,0.940137,0.940137,0.000e0,1.000000
lfw,all,rgb,rgb/Catherine_Zeta-Jones_0008.ppm,0.932423,0.932423,0.000e0,1.000000
lfw,all,rgb,rgb/Catherine_Zeta-Jones_0009.ppm,0.954743,0.954743,0.000e0,1.000000
lfw,all,rgb,rgb/Catherine_Zeta-Jones_0010.ppm,0.950999,0.950999,1.192e-7,1.000000
lfw,all,rgb,rgb/Catherine_Zeta-Jones_0011.ppm,0.922483,0.922483,0.000e0,1.000000
lfw,all,rgb,rgb/Cathryn_Crawford_0001.ppm,0.905582,0.905582,5.960e-8,1.000000
lfw,all,rgb,rgb/Cathy_Chisholm_0001.ppm,0.925031,0.925031,0.000e0,1.000000
lfw,all,rgb,rgb/Cathy_Cunningham_0001.ppm,0.944892,0.944893,1.192e-7,1.000000
lfw,all,rgb,rgb/Cathy_Freeman_0001.ppm,0.899948,0.899948,0.000e0,1.000000
lfw,all,rgb,rgb/Cathy_Freeman_0002.ppm,0.936196,0.936196,1.192e-7,1.000000
lfw,all,rgb,rgb/Catriona_Le_May_Doan_0001.ppm,0.923095,0.923095,0.000e0,1.000000
lfw,all,rgb,rgb/Cecile_de_France_0001.ppm,0.947594,0.947594,0.000e0,1.000000
lfw,all,rgb,rgb/Cecilia_Bolocco_0001.ppm,0.929729,0.929729,0.000e0,1.000000
lfw,all,rgb,rgb/Cecilia_Bolocco_0002.ppm,0.977072,0.977072,1.192e-7,1.000000
lfw,all,rgb,rgb/Cecilia_Bolocco_0003.ppm,0.905530,0.905530,0.000e0,1.000000
lfw,all,rgb,rgb/Cecilia_Chang_0001.ppm,0.924068,0.924068,0.000e0,1.000000
lfw,all,rgb,rgb/Cecilia_Cheung_0001.ppm,0.921545,0.921545,0.000e0,1.000000
lfw,all,rgb,rgb/Cedric_Benson_0001.ppm,0.891238,0.891238,5.960e-8,1.000000
lfw,all,rgb,rgb/Celia_Cruz_0001.ppm,0.928189,0.928189,0.000e0,1.000000
lfw,all,rgb,rgb/Celine_Dion_0001.ppm,0.951039,0.951039,0.000e0,1.000000
lfw,all,rgb,rgb/Celine_Dion_0002.ppm,0.940077,0.940077,5.960e-8,1.000000
lfw,all,rgb,rgb/Celine_Dion_0003.ppm,0.882877,0.882877,1.192e-7,1.000000
lfw,all,rgb,rgb/Celine_Dion_0004.ppm,0.932459,0.932459,5.960e-8,1.000000
lfw,all,rgb,rgb/Celine_Dion_0005.ppm,0.942049,0.942049,2.384e-7,1.000000
lfw,all,rgb,rgb/Celine_Dion_0006.ppm,0.942651,0.942651,0.000e0,1.000000
lfw,all,rgb,rgb/Celine_Dion_0007.ppm,0.910436,0.910436,1.192e-7,1.000000
lfw,all,rgb,rgb/Celine_Dion_0008.ppm,0.858606,0.858606,0.000e0,1.000000
lfw,all,rgb,rgb/Celso_Amorim_0001.ppm,0.913781,0.913781,0.000e0,1.000000
lfw,all,rgb,rgb/Celso_Amorim_0002.ppm,0.938923,0.938923,0.000e0,1.000000
lfw,all,rgb,rgb/Celso_Lafer_0001.ppm,0.896143,0.896143,0.000e0,1.000000
lfw,all,rgb,rgb/Cemil_Cicek_0001.ppm,0.943693,0.943693,0.000e0,1.000000
lfw,all,rgb,rgb/Cesar_Gaviria_0001.ppm,0.918100,0.918100,1.192e-7,1.000000
lfw,all,rgb,rgb/Cesar_Gaviria_0002.ppm,0.922209,0.922209,0.000e0,1.000000
lfw,all,rgb,rgb/Cesar_Gaviria_0003.ppm,0.955410,0.955410,0.000e0,1.000000
lfw,all,rgb,rgb/Cesar_Gaviria_0004.ppm,0.972833,0.972833,0.000e0,0.999999
lfw,all,rgb,rgb/Cesar_Gaviria_0005.ppm,0.930399,0.930399,0.000e0,1.000000
lfw,all,rgb,rgb/Cesar_Gaviria_0006.ppm,0.937415,0.937415,0.000e0,1.000000
lfw,all,rgb,rgb/Cesar_Gaviria_0007.ppm,0.940138,0.940138,0.000e0,1.000000
lfw,all,rgb,rgb/Cesar_Gaviria_0008.ppm,0.931667,0.931667,1.192e-7,1.000000
lfw,all,rgb,rgb/Cesar_Maia_0001.ppm,0.949051,0.949051,1.192e-7,1.000000
lfw,all,rgb,rgb/Cesar_Maia_0002.ppm,0.868979,0.868979,5.960e-8,1.000000
lfw,all,rgb,rgb/Cha_Yung-gu_0001.ppm,0.943124,0.943124,0.000e0,1.000000
lfw,all,rgb,rgb/Chadha_Gurinder_0001.ppm,0.930699,0.930699,0.000e0,1.000000
lfw,all,rgb,rgb/Chakib_Khelil_0001.ppm,0.896620,0.896620,1.192e-7,0.999999
lfw,all,rgb,rgb/Chakib_Khelil_0002.ppm,0.954013,0.954013,0.000e0,1.000000
lfw,all,rgb,rgb/Chan_Choi_0001.ppm,0.936909,0.936909,0.000e0,1.000000
lfw,all,rgb,rgb/Chan_Gailey_0001.ppm,0.923715,0.923715,5.960e-8,1.000000
lfw,all,rgb,rgb/Chan_Gailey_0002.ppm,0.904192,0.904192,0.000e0,1.000000
lfw,all,rgb,rgb/Chan_Gailey_0003.ppm,0.939445,0.939445,0.000e0,1.000000
lfw,all,rgb,rgb/Chan_Ho_Park_0001.ppm,0.938961,0.938961,0.000e0,1.000000
lfw,all,rgb,rgb/Chance_Mock_0001.ppm,0.941215,0.941215,0.000e0,1.000000
lfw,all,rgb,rgb/Chanda_Rubin_0001.ppm,0.942656,0.942656,5.960e-8,1.000000
lfw,all,rgb,rgb/Chanda_Rubin_0002.ppm,0.922549,0.922549,1.192e-7,1.000000
lfw,all,rgb,rgb/Chanda_Rubin_0003.ppm,0.966228,0.966228,5.960e-8,0.999999
lfw,all,rgb,rgb/Chanda_Rubin_0004.ppm,0.907372,0.907372,0.000e0,1.000000
lfw,all,rgb,rgb/Chanda_Rubin_0005.ppm,0.906388,0.906388,0.000e0,1.000000
lfw,all,rgb,rgb/Chandrika_Kumaratunga_0001.ppm,0.978295,0.978295,0.000e0,0.999999
lfw,all,rgb,rgb/Chang_Dae-whan_0001.ppm,0.978876,0.978876,1.192e-7,1.000000
lfw,all,rgb,rgb/Chang_Dae-whan_0002.ppm,0.950137,0.950137,0.000e0,1.000000
lfw,all,rgb,rgb/Chang_Jae_On_0001.ppm,0.944774,0.944774,1.192e-7,1.000000
lfw,all,rgb,rgb/Chang_Saio-yue_0001.ppm,0.983038,0.983038,0.000e0,1.000000
lfw,all,rgb,rgb/Chang_Sang_0001.ppm,0.936644,0.936644,1.192e-7,1.000000
lfw,all,rgb,rgb/Chang_Tso_0001.ppm,0.947335,0.947336,1.192e-7,1.000000
lfw,all,rgb,rgb/Chante_Jawan_Mallard_0001.ppm,0.920292,0.920292,0.000e0,0.999999
lfw,all,rgb,rgb/Charla_Moye_0001.ppm,0.917204,0.917204,1.192e-7,1.000000
lfw,all,rgb,rgb/Charlene_Barshefsky_0001.ppm,0.950791,0.950791,1.192e-7,1.000000
lfw,all,rgb,rgb/Charles_Bell_0001.ppm,0.913601,0.913601,5.960e-8,1.000000
lfw,all,rgb,rgb/Charles_Bronson_0001.ppm,0.946349,0.946349,1.192e-7,1.000000
lfw,all,rgb,rgb/Charles_Bronson_0002.ppm,0.895532,0.895532,0.000e0,1.000000
lfw,all,rgb,rgb/Charles_Bronson_0003.ppm,0.924014,0.924014,1.192e-7,1.000000
lfw,all,rgb,rgb/Charles_Chandler_IV_0001.ppm,0.901298,0.901298,0.000e0,1.000000
lfw,all,rgb,rgb/Charles_Cope_0001.ppm,0.946696,0.946696,0.000e0,1.000000
lfw,all,rgb,rgb/Charles_Grassley_0001.ppm,0.868988,0.868988,5.960e-8,1.000000
lfw,all,rgb,rgb/Charles_Grassley_0002.ppm,0.924716,0.924716,0.000e0,1.000000
lfw,all,rgb,rgb/Charles_Holzner_0001.ppm,0.821827,0.821828,1.192e-7,1.000000
lfw,all,rgb,rgb/Charles_Ingram_0001.ppm,0.928315,0.928315,0.000e0,1.000000
lfw,all,rgb,rgb/Charles_Kartman_0001.ppm,0.918560,0.918560,0.000e0,1.000000
lfw,all,rgb,rgb/Charles_Kartman_0002.ppm,0.917106,0.917106,0.000e0,1.000000
lfw,all,rgb,rgb/Charles_Lebois_0001.ppm,0.913763,0.913763,1.192e-7,1.000000
lfw,all,rgb,rgb/Charles_Mathews_0001.ppm,0.914670,0.914670,0.000e0,0.999999
lfw,all,rgb,rgb/Charles_Mathews_0002.ppm,0.892165,0.892165,0.000e0,1.000000
lfw,all,rgb,rgb/Charles_Moose_0001.ppm,0.982158,0.982158,0.000e0,1.000000
lfw,all,rgb,rgb/Charles_Moose_0002.ppm,0.950681,0.950681,1.192e-7,1.000000
lfw,all,rgb,rgb/Charles_Moose_0003.ppm,0.944506,0.944506,0.000e0,1.000000
lfw,all,rgb,rgb/Charles_Moose_0004.ppm,0.926439,0.926439,5.960e-8,1.000000
lfw,all,rgb,rgb/Charles_Moose_0005.ppm,0.888518,0.888519,1.788e-7,1.000000
lfw,all,rgb,rgb/Charles_Moose_0006.ppm,0.952916,0.952916,1.192e-7,1.000000
lfw,all,rgb,rgb/Charles_Moose_0007.ppm,0.969492,0.969492,0.000e0,1.000000
lfw,all,rgb,rgb/Charles_Moose_0008.ppm,0.953979,0.953979,0.000e0,1.000000
lfw,all,rgb,rgb/Charles_Moose_0009.ppm,0.933923,0.933923,0.000e0,1.000000
lfw,all,rgb,rgb/Charles_Moose_0010.ppm,0.958767,0.958767,0.000e0,1.000000
lfw,all,rgb,rgb/Charles_Moose_0011.ppm,0.853209,0.853209,5.960e-8,1.000000
lfw,all,rgb,rgb/Charles_Moose_0012.ppm,0.944367,0.944367,0.000e0,1.000000
lfw,all,rgb,rgb/Charles_Moose_0013.ppm,0.964696,0.964696,5.960e-8,1.000000
lfw,all,rgb,rgb/Charles_Pickering_0001.ppm,0.911463,0.911463,5.960e-8,1.000000
lfw,all,rgb,rgb/Charles_Pouty_0001.ppm,0.965177,0.965177,0.000e0,1.000000
lfw,all,rgb,rgb/Charles_Richardson_0001.ppm,0.906718,0.906718,1.192e-7,1.000000
lfw,all,rgb,rgb/Charles_Rogers_0001.ppm,0.944699,0.944699,0.000e0,1.000000
lfw,all,rgb,rgb/Charles_Schumer_0001.ppm,0.926783,0.926783,0.000e0,1.000000
lfw,all,rgb,rgb/Charles_Schumer_0002.ppm,0.825577,0.825577,1.192e-7,1.000000
lfw,all,rgb,rgb/Charles_Tannok_0001.ppm,0.964340,0.964340,0.000e0,1.000000
lfw,all,rgb,rgb/Charles_Taylor_0001.ppm,0.913087,0.913087,1.192e-7,1.000000
lfw,all,rgb,rgb/Charles_Taylor_0002.ppm,0.934575,0.934575,0.000e0,1.000000
lfw,all,rgb,rgb/Charles_Taylor_0003.ppm,0.951084,0.951084,0.000e0,1.000000
lfw,all,rgb,rgb/Charles_Taylor_0004.ppm,0.969643,0.969643,0.000e0,1.000000
lfw,all,rgb,rgb/Charles_Taylor_0005.ppm,0.910383,0.910382,1.192e-7,1.000000
lfw,all,rgb,rgb/Charles_Taylor_0006.ppm,0.924351,0.924351,1.192e-7,0.999999
lfw,all,rgb,rgb/Charles_Taylor_0007.ppm,0.924853,0.924853,0.000e0,1.000000
lfw,all,rgb,rgb/Charles_Taylor_0008.ppm,0.912350,0.912350,1.192e-7,1.000000
lfw,all,rgb,rgb/Charles_Taylor_0009.ppm,0.943615,0.943615,0.000e0,1.000000
lfw,all,rgb,rgb/Charley_Armey_0001.ppm,0.931196,0.931196,0.000e0,1.000000
lfw,all,rgb,rgb/Charlie_Coles_0001.ppm,0.904870,0.904870,1.192e-7,1.000000
lfw,all,rgb,rgb/Charlie_Deane_0001.ppm,0.954327,0.954327,0.000e0,1.000000
lfw,all,rgb,rgb/Charlie_Garner_0001.ppm,0.936931,0.936931,5.960e-8,0.999999
lfw,all,rgb,rgb/Charlie_Hunnam_0001.ppm,0.928103,0.928103,0.000e0,1.000000
lfw,all,rgb,rgb/Charlie_Sheen_0001.ppm,0.933816,0.933816,1.192e-7,1.000000
lfw,all,rgb,rgb/Charlie_Williams_0001.ppm,0.894187,0.894187,1.192e-7,1.000000
lfw,all,rgb,rgb/Charlie_Zaa_0001.ppm,0.931378,0.931378,1.192e-7,1.000000
lfw,all,rgb,rgb/Charlie_Zaa_0002.ppm,0.972225,0.972225,5.960e-8,1.000000
lfw,all,rgb,rgb/Charlize_Theron_0001.ppm,0.950436,0.950436,1.192e-7,1.000000
lfw,all,rgb,rgb/Charlotte_Casiraghi_0001.ppm,0.922027,0.922027,1.192e-7,1.000000
lfw,all,rgb,rgb/Charlotte_Chambers_0001.ppm,0.946865,0.946865,0.000e0,1.000000
lfw,all,rgb,rgb/Charlotte_Church_0001.ppm,0.968263,0.968263,0.000e0,1.000000
lfw,all,rgb,rgb/Charlotte_Rampling_0001.ppm,0.922520,0.922520,1.788e-7,1.000000
lfw,all,rgb,rgb/Charlotte_Rampling_0002.ppm,0.935730,0.935730,0.000e0,1.000000
lfw,all,rgb,rgb/Charlton_Heston_0001.ppm,0.961657,0.961657,0.000e0,1.000000
lfw,all,rgb,rgb/Charlton_Heston_0002.ppm,0.902726,0.902726,0.000e0,1.000000
lfw,all,rgb,rgb/Charlton_Heston_0003.ppm,0.916762,0.916762,1.192e-7,1.000000
lfw,all,rgb,rgb/Charlton_Heston_0004.ppm,0.918171,0.918171,1.192e-7,1.000000
lfw,all,rgb,rgb/Charlton_Heston_0005.ppm,0.932814,0.932814,5.960e-8,0.999999
lfw,all,rgb,rgb/Charlton_Heston_0006.ppm,0.922791,0.922791,0.000e0,1.000000
lfw,all,rgb,rgb/Charmaine_Crooks_0001.ppm,0.931276,0.931276,1.192e-7,1.000000
lfw,all,rgb,rgb/Chawki_Armali_0001.ppm,0.955102,0.955102,1.192e-7,1.000000
lfw,all,rgb,rgb/Chea_Sophara_0001.ppm,0.985895,0.985895,0.000e0,0.999999
lfw,all,rgb,rgb/Chelsea_Clinton_0001.ppm,0.935921,0.935921,1.192e-7,1.000000
lfw,all,rgb,rgb/Chen_Kaige_0001.ppm,0.973823,0.973823,0.000e0,1.000000
lfw,all,rgb,rgb/Chen_Liang_Yu_0001.ppm,0.954580,0.954580,0.000e0,1.000000
lfw,all,rgb,rgb/Chen_Liang_Yu_0002.ppm,0.943886,0.943886,1.192e-7,1.000000
lfw,all,rgb,rgb/Chen_Shui-bian_0001.ppm,0.910155,0.910155,0.000e0,1.000000
lfw,all,rgb,rgb/Chen_Shui-bian_0002.ppm,0.904505,0.904505,0.000e0,1.000000
lfw,all,rgb,rgb/Chen_Shui-bian_0003.ppm,0.951016,0.951016,1.192e-7,1.000000
lfw,all,rgb,rgb/Chen_Shui-bian_0004.ppm,0.951311,0.951311,0.000e0,1.000000
lfw,all,rgb,rgb/Chen_Shui-bian_0005.ppm,0.943065,0.943065,0.000e0,1.000000
lfw,all,rgb,rgb/Chen_Tsai-chin_0001.ppm,0.986630,0.986630,0.000e0,1.000000
lfw,all,rgb,rgb/Cherie_Blair_0001.ppm,0.965539,0.965539,0.000e0,1.000000
lfw,all,rgb,rgb/Cherie_Blair_0002.ppm,0.905070,0.905070,0.000e0,1.000000
lfw,all,rgb,rgb/Cherie_Blair_0003.ppm,0.941081,0.941080,1.192e-7,1.000000
lfw,all,rgb,rgb/Cherie_Blair_0004.ppm,0.963095,0.963095,0.000e0,1.000000
lfw,all,rgb,rgb/Cherry_Jones_0001.ppm,0.934769,0.934769,1.192e-7,1.000000
lfw,all,rgb,rgb/Cheryl_Ford_0001.ppm,0.902960,0.902961,1.192e-7,1.000000
lfw,all,rgb,rgb/Cheryl_Hines_0001.ppm,0.933262,0.933262,0.000e0,1.000000
lfw,all,rgb,rgb/Cheryl_James_0001.ppm,0.929940,0.929940,0.000e0,1.000000
lfw,all,rgb,rgb/Cheryl_Little_0001.ppm,0.931957,0.931957,0.000e0,0.999999
lfw,all,rgb,rgb/Cheryl_Tiegs_0001.ppm,0.904367,0.904367,0.000e0,0.999999
lfw,all,rgb,rgb/Chhouk_Rin_0001.ppm,0.958857,0.958857,5.960e-8,1.000000
lfw,all,rgb,rgb/Chick_Hearn_0001.ppm,0.950840,0.950840,0.000e0,1.000000
lfw,all,rgb,rgb/Chick_Hearn_0002.ppm,0.945128,0.945128,0.000e0,1.000000
lfw,all,rgb,rgb/Chick_Hearn_0003.ppm,0.925702,0.925702,0.000e0,1.000000
lfw,all,rgb,rgb/Chin-Feng_Chen_0001.ppm,0.934656,0.934656,0.000e0,1.000000
lfw,all,rgb,rgb/Chin-Hui_Tsao_0001.ppm,0.953264,0.953264,0.000e0,1.000000
lfw,all,rgb,rgb/Chip_Burrus_0001.ppm,0.919703,0.919703,1.192e-7,1.000000
lfw,all,rgb,rgb/Chip_Ganassi_0001.ppm,0.938828,0.938828,0.000e0,1.000000
lfw,all,rgb,rgb/Chip_Knight_0001.ppm,0.894694,0.894694,0.000e0,1.000000
lfw,all,rgb,rgb/Chistian_Stahl_0001.ppm,0.932909,0.932909,1.192e-7,0.999999
lfw,all,rgb,rgb/Chita_Rivera_0001.ppm,0.937459,0.937459,0.000e0,1.000000
lfw,all,rgb,rgb/Chita_Rivera_0002.ppm,0.916005,0.916005,0.000e0,1.000000
lfw,all,rgb,rgb/Chloe_Sevigny_0001.ppm,0.917747,0.917747,5.960e-8,1.000000
lfw,all,rgb,rgb/Cho_Myung-kyun_0001.ppm,0.945763,0.945763,1.192e-7,1.000000
lfw,all,rgb,rgb/Choi_Sung-hong_0001.ppm,0.811830,0.811830,5.960e-8,1.000000
lfw,all,rgb,rgb/Choi_Sung-hong_0002.ppm,0.912348,0.912348,1.192e-7,1.000000
lfw,all,rgb,rgb/Choi_Sung-hong_0003.ppm,0.915100,0.915101,1.192e-7,1.000000
lfw,all,rgb,rgb/Choi_Sung-hong_0004.ppm,0.938162,0.938162,1.192e-7,1.000000
lfw,all,rgb,rgb/Choi_Sung-hong_0005.ppm,0.949870,0.949870,0.000e0,1.000000
lfw,all,rgb,rgb/Choi_Yun-yong_0001.ppm,0.923402,0.923402,5.960e-8,1.000000
lfw,all,rgb,rgb/Chok_Tong_Goh_0001.ppm,0.934824,0.934824,0.000e0,1.000000
lfw,all,rgb,rgb/Chok_Tong_Goh_0002.ppm,0.935676,0.935676,1.192e-7,1.000000
lfw,all,rgb,rgb/Chris_Andrews_0001.ppm,0.933233,0.933233,0.000e0,0.999999
lfw,all,rgb,rgb/Chris_Bell_0001.ppm,0.970792,0.970792,0.000e0,1.000000
lfw,all,rgb,rgb/Chris_Bell_0002.ppm,0.933475,0.933475,1.192e-7,1.000000
lfw,all,rgb,rgb/Chris_Byrd_0001.ppm,0.939184,0.939184,0.000e0,1.000000
lfw,all,rgb,rgb/Chris_Byrd_0002.ppm,0.874427,0.874427,5.960e-8,0.999999
lfw,all,rgb,rgb/Chris_Cirino_0001.ppm,0.959131,0.959132,2.384e-7,1.000000
lfw,all,rgb,rgb/Chris_Claiborne_0001.ppm,0.953455,0.953455,0.000e0,1.000000
lfw,all,rgb,rgb/Chris_Columbus_0001.ppm,0.966921,0.966921,0.000e0,1.000000
lfw,all,rgb,rgb/Chris_Cookson_0001.ppm,0.922921,0.922921,1.192e-7,1.000000
lfw,all,rgb,rgb/Chris_Cooper_0001.ppm,0.918568,0.918568,0.000e0,1.000000
lfw,all,rgb,rgb/Chris_Cooper_0002.ppm,0.978962,0.978962,0.000e0,1.000000
lfw,all,rgb,rgb/Chris_Cornell_0001.ppm,0.947021,0.947022,1.192e-7,1.000000
lfw,all,rgb,rgb/Chris_Crocker_0001.ppm,0.968713,0.968713,0.000e0,1.000000
lfw,all,rgb,rgb/Chris_Dodd_0001.ppm,0.859137,0.859137,0.000e0,1.000000
lfw,all,rgb,rgb/Chris_Forsyth_0001.ppm,0.936917,0.936917,0.000e0,1.000000
lfw,all,rgb,rgb/Chris_Gratton_0001.ppm,0.916860,0.916860,1.192e-7,1.000000
lfw,all,rgb,rgb/Chris_Hernandez_0001.ppm,0.910486,0.910486,0.000e0,1.000000
lfw,all,rgb,rgb/Chris_Klein_0001.ppm,0.852600,0.852600,0.000e0,1.000000
lfw,all,rgb,rgb/Chris_Kolanas_0001.ppm,0.937117,0.937117,1.192e-7,1.000000
lfw,all,rgb,rgb/Chris_Matthews_0001.ppm,0.931529,0.931529,0.000e0,1.000000
lfw,all,rgb,rgb/Chris_Moore_0001.ppm,0.935703,0.935703,1.192e-7,1.000000
lfw,all,rgb,rgb/Chris_Neil_0001.ppm,0.880298,0.880298,5.960e-8,1.000000
lfw,all,rgb,rgb/Chris_Noth_0001.ppm,0.934348,0.934348,0.000e0,1.000000
lfw,all,rgb,rgb/Chris_Penn_0001.ppm,0.900972,0.900972,0.000e0,1.000000
lfw,all,rgb,rgb/Chris_Pronger_0001.ppm,0.921879,0.921879,0.000e0,1.000000
lfw,all,rgb,rgb/Chris_Reitsma_0001.ppm,0.947873,0.947873,1.192e-7,1.000000
lfw,all,rgb,rgb/Chris_Rock_0001.ppm,0.914048,0.914048,1.192e-7,1.000000
lfw,all,rgb,rgb/Chris_Rock_0002.ppm,0.946691,0.946691,1.192e-7,1.000000
lfw,all,rgb,rgb/Chris_Simon_0001.ppm,0.956710,0.956710,0.000e0,1.000000
lfw,all,rgb,rgb/Chris_Swecker_0001.ppm,0.968498,0.968498,0.000e0,1.000000
lfw,all,rgb,rgb/Chris_Terry_0001.ppm,0.924716,0.924716,0.000e0,1.000000
lfw,all,rgb,rgb/Chris_Thomas_0001.ppm,0.995226,0.995226,0.000e0,0.999999
lfw,all,rgb,rgb/Chris_Tucker_0001.ppm,0.897721,0.897721,0.000e0,1.000000
lfw,all,rgb,rgb/Chris_Tucker_0002.ppm,0.936452,0.936452,1.192e-7,1.000000
lfw,all,rgb,rgb/Chris_Whitney_0001.ppm,0.965930,0.965930,0.000e0,1.000000
lfw,all,rgb,rgb/Christian_Bale_0001.ppm,0.900721,0.900721,5.960e-8,1.000000
lfw,all,rgb,rgb/Christian_Fittipaldi_0001.ppm,0.975737,0.975737,5.960e-8,1.000000
lfw,all,rgb,rgb/Christian_Fittipaldi_0002.ppm,0.928098,0.928098,0.000e0,1.000000
lfw,all,rgb,rgb/Christian_Gimenez_0001.ppm,0.855643,0.855643,1.192e-7,1.000000
lfw,all,rgb,rgb/Christian_Lacroix_0001.ppm,0.934643,0.934643,0.000e0,1.000000
lfw,all,rgb,rgb/Christian_Lirette_0001.ppm,0.910766,0.910766,5.960e-8,1.000000
lfw,all,rgb,rgb/Christian_Longo_0001.ppm,0.947866,0.947866,2.384e-7,1.000000
lfw,all,rgb,rgb/Christian_Longo_0002.ppm,0.918941,0.918941,5.960e-8,0.999999
lfw,all,rgb,rgb/Christian_Longo_0003.ppm,0.916006,0.916006,1.192e-7,1.000000
lfw,all,rgb,rgb/Christian_Malcolm_0001.ppm,0.876602,0.876602,1.192e-7,1.000000
lfw,all,rgb,rgb/Christian_Olsson_0001.ppm,0.955045,0.955045,0.000e0,1.000000
lfw,all,rgb,rgb/Christian_Patino_0001.ppm,0.920286,0.920286,5.960e-8,1.000000
lfw,all,rgb,rgb/Christian_Von_Wernich_0001.ppm,0.885861,0.885861,0.000e0,1.000000
lfw,all,rgb,rgb/Christian_Wulff_0001.ppm,0.912483,0.912483,1.192e-7,1.000000
lfw,all,rgb,rgb/Christian_Wulff_0002.ppm,0.947497,0.947497,0.000e0,1.000000
lfw,all,rgb,rgb/Christiane_Wulff_0001.ppm,0.910193,0.910193,1.192e-7,0.999999
lfw,all,rgb,rgb/Christina_Aguilera_0001.ppm,0.929534,0.929534,0.000e0,1.000000
lfw,all,rgb,rgb/Christina_Aguilera_0002.ppm,0.948359,0.948359,1.192e-7,1.000000
lfw,all,rgb,rgb/Christina_Aguilera_0003.ppm,0.935831,0.935831,0.000e0,1.000000
lfw,all,rgb,rgb/Christina_Aguilera_0004.ppm,0.930791,0.930791,0.000e0,1.000000
lfw,all,rgb,rgb/Christina_Sawaya_0001.ppm,0.942601,0.942601,0.000e0,1.000000
lfw,all,rgb,rgb/Christine_Arron_0001.ppm,0.940252,0.940252,1.192e-7,1.000000
lfw,all,rgb,rgb/Christine_Baumgartner_0001.ppm,0.922150,0.922150,5.960e-8,1.000000
lfw,all,rgb,rgb/Christine_Baumgartner_0002.ppm,0.940973,0.940973,0.000e0,1.000000
lfw,all,rgb,rgb/Christine_Baumgartner_0003.ppm,0.900306,0.900305,1.192e-7,1.000000
lfw,all,rgb,rgb/Christine_Baumgartner_0004.ppm,0.963461,0.963461,0.000e0,1.000000
lfw,all,rgb,rgb/Christine_Baumgartner_0005.ppm,0.926728,0.926728,0.000e0,1.000000
lfw,all,rgb,rgb/Christine_Ebersole_0001.ppm,0.946327,0.946327,0.000e0,0.999999
lfw,all,rgb,rgb/Christine_Ebersole_0002.ppm,0.943324,0.943324,0.000e0,1.000000
lfw,all,rgb,rgb/Christine_Gregoire_0001.ppm,0.915423,0.915423,0.000e0,1.000000
lfw,all,rgb,rgb/Christine_Gregoire_0002.ppm,0.900047,0.900047,5.960e-8,1.000000
lfw,all,rgb,rgb/Christine_Gregoire_0003.ppm,0.959930,0.959930,5.960e-8,1.000000
lfw,all,rgb,rgb/Christine_Gregoire_0004.ppm,0.957849,0.957849,0.000e0,1.000000
lfw,all,rgb,rgb/Christine_Rau_0001.ppm,0.956839,0.956839,0.000e0,1.000000
lfw,all,rgb,rgb/Christine_Todd_Whitman_0001.ppm,0.925048,0.925048,0.000e0,1.000000
lfw,all,rgb,rgb/Christine_Todd_Whitman_0002.ppm,0.895812,0.895812,1.192e-7,1.000000
lfw,all,rgb,rgb/Christine_Todd_Whitman_0003.ppm,0.918592,0.918592,1.192e-7,1.000000
lfw,all,rgb,rgb/Christine_Todd_Whitman_0004.ppm,0.951098,0.951098,0.000e0,1.000000
lfw,all,rgb,rgb/Christine_Todd_Whitman_0005.ppm,0.923027,0.923027,1.192e-7,1.000000
lfw,all,rgb,rgb/Christine_Todd_Whitman_0006.ppm,0.940132,0.940132,1.192e-7,1.000000
lfw,all,rgb,rgb/Christoph_Daum_0001.ppm,0.938707,0.938707,0.000e0,0.999999
lfw,all,rgb,rgb/Christopher_Amolsch_0001.ppm,0.955785,0.955785,5.960e-8,1.000000
lfw,all,rgb,rgb/Christopher_Conyers_0001.ppm,0.927306,0.927306,1.192e-7,1.000000
lfw,all,rgb,rgb/Christopher_Matero_0001.ppm,0.939068,0.939068,0.000e0,1.000000
lfw,all,rgb,rgb/Christopher_Patten_0001.ppm,0.937558,0.937558,0.000e0,1.000000
lfw,all,rgb,rgb/Christopher_Patten_0002.ppm,0.955741,0.955741,1.192e-7,1.000000
lfw,all,rgb,rgb/Christopher_Reeve_0001.ppm,0.917576,0.917576,1.192e-7,1.000000
lfw,all,rgb,rgb/Christopher_Reeve_0002.ppm,0.939642,0.939642,5.960e-8,1.000000
lfw,all,rgb,rgb/Christopher_Reeve_0003.ppm,0.852441,0.852441,1.192e-7,1.000000
lfw,all,rgb,rgb/Christopher_Reeve_0004.ppm,0.893627,0.893627,0.000e0,1.000000
lfw,all,rgb,rgb/Christopher_Russell_0001.ppm,0.908245,0.908245,5.960e-8,1.000000
lfw,all,rgb,rgb/Christopher_Speer_0001.ppm,0.947152,0.947152,0.000e0,1.000000
lfw,all,rgb,rgb/Christopher_Walken_0001.ppm,0.924784,0.924784,0.000e0,1.000000
lfw,all,rgb,rgb/Christopher_Walken_0002.ppm,0.969676,0.969676,0.000e0,1.000000
lfw,all,rgb,rgb/Christopher_Walken_0003.ppm,0.947912,0.947912,0.000e0,1.000000
lfw,all,rgb,rgb/Christopher_Walken_0004.ppm,0.905504,0.905504,0.000e0,1.000000
lfw,all,rgb,rgb/Christopher_Whittle_0001.ppm,0.958264,0.958264,0.000e0,1.000000
lfw,all,rgb,rgb/Christy_Ferer_0001.ppm,0.953993,0.953993,0.000e0,1.000000
lfw,all,rgb,rgb/Christy_Turlington_0001.ppm,0.929224,0.929224,0.000e0,1.000000
lfw,all,rgb,rgb/Chuanyun_Li_0001.ppm,0.966940,0.966940,1.192e-7,1.000000
lfw,all,rgb,rgb/Chuck_Amato_0001.ppm,0.969722,0.969722,0.000e0,1.000000
lfw,all,rgb,rgb/Chuck_Amato_0002.ppm,0.937647,0.937647,0.000e0,1.000000
lfw,all,rgb,rgb/Chuck_Bednarik_0001.ppm,0.964406,0.964406,0.000e0,1.000000
lfw,all,rgb,rgb/Chuck_Eidson_0001.ppm,0.903095,0.903095,0.000e0,1.000000
lfw,all,rgb,rgb/Chuck_Finley_0001.ppm,0.936300,0.936300,0.000e0,1.000000
lfw,all,rgb,rgb/Chuck_Hagel_0001.ppm,0.946202,0.946202,0.000e0,1.000000
lfw,all,rgb,rgb/Chuck_Woolery_0001.ppm,0.916766,0.916766,0.000e0,1.000000
lfw,all,rgb,rgb/Chuck_Yeager_0001.ppm,0.908122,0.908122,1.192e-7,1.000000
lfw,all,rgb,rgb/Chuck_Yeager_0002.ppm,0.908339,0.908338,1.192e-7,1.000000
lfw,all,rgb,rgb/Chung_Mong-hun_0001.ppm,0.905464,0.905464,0.000e0,1.000000
lfw,all,rgb,rgb/Chung_Mong-hun_0002.ppm,0.979221,0.979221,0.000e0,1.000000
lfw,all,rgb,rgb/Chung_Mong-joon_0001.ppm,0.966039,0.966039,0.000e0,1.000000
lfw,all,rgb,rgb/Chung_Mong-joon_0002.ppm,0.954597,0.954597,0.000e0,1.000000
lfw,all,rgb,rgb/Chyung_Dai-chul_0001.ppm,0.925484,0.925484,0.000e0,1.000000
lfw,all,rgb,rgb/Ciaran_Hinds_0001.ppm,0.902015,0.902015,0.000e0,1.000000
lfw,all,rgb,rgb/Cindy_Crawford_0001.ppm,0.903141,0.903142,1.192e-7,0.999999
lfw,all,rgb,rgb/Cindy_Crawford_0002.ppm,0.936870,0.936870,0.000e0,1.000000
lfw,all,rgb,rgb/Cindy_Crawford_0003.ppm,0.873806,0.873806,1.192e-7,0.999999
lfw,all,rgb,rgb/Cindy_Klassen_0001.ppm,0.939484,0.939484,0.000e0,1.000000
lfw,all,rgb,rgb/Cindy_Margolis_0001.ppm,0.923232,0.923232,0.000e0,1.000000
lfw,all,rgb,rgb/Cindy_Margolis_0002.ppm,0.958584,0.958584,0.000e0,1.000000
lfw,all,rgb,rgb/Cindy_Moll_0001.ppm,0.945981,0.945981,1.192e-7,1.000000
lfw,all,rgb,rgb/Cindy_Taylor_0001.ppm,0.961616,0.961616,0.000e0,0.999999
lfw,all,rgb,rgb/Cindy_Zagorski_0001.ppm,0.865267,0.865267,0.000e0,1.000000
lfw,all,rgb,rgb/Ciro_Gomes_0001.ppm,0.956522,0.956522,0.000e0,1.000000
lfw,all,rgb,rgb/Ciro_Gomes_0002.ppm,0.927769,0.927769,0.000e0,0.999999
lfw,all,rgb,rgb/Ciro_Gomes_0003.ppm,0.952890,0.952890,0.000e0,1.000000
lfw,all,rgb,rgb/Ciro_Gomes_0004.ppm,0.945060,0.945060,1.192e-7,1.000000
lfw,all,rgb,rgb/Ciro_Gomes_0005.ppm,0.972581,0.972581,0.000e0,1.000000
lfw,all,rgb,rgb/Claire_Danes_0001.ppm,0.935907,0.935907,0.000e0,1.000000
lfw,all,rgb,rgb/Claire_Danes_0002.ppm,0.916023,0.916023,5.960e-8,0.999999
lfw,all,rgb,rgb/Claire_Danes_0003.ppm,0.932889,0.932889,5.960e-8,1.000000
lfw,all,rgb,rgb/Claire_De_Gryse_0001.ppm,0.923780,0.923779,1.192e-7,1.000000
lfw,all,rgb,rgb/Claire_Hentzen_0001.ppm,0.940843,0.940843,0.000e0,1.000000
lfw,all,rgb,rgb/Claire_Hentzen_0002.ppm,0.907176,0.907176,1.192e-7,1.000000
lfw,all,rgb,rgb/Claire_Leger_0001.ppm,0.943044,0.943044,0.000e0,1.000000
lfw,all,rgb,rgb/Claire_Leger_0002.ppm,0.985253,0.985253,1.192e-7,1.000000
lfw,all,rgb,rgb/Claire_Tomalin_0001.ppm,0.929553,0.929553,0.000e0,1.000000
lfw,all,rgb,rgb/Clara_Harris_0001.ppm,0.933861,0.933861,5.960e-8,1.000000
lfw,all,rgb,rgb/Clara_Harris_0002.ppm,0.959945,0.959945,0.000e0,1.000000
lfw,all,rgb,rgb/Clara_Harris_0003.ppm,0.974048,0.974048,1.192e-7,0.999999
lfw,all,rgb,rgb/Clara_Harris_0004.ppm,0.956053,0.956053,5.960e-8,1.000000
lfw,all,rgb,rgb/Clara_Harris_0005.ppm,0.954504,0.954504,0.000e0,1.000000
lfw,all,rgb,rgb/Clare_Latimer_0001.ppm,0.937868,0.937868,0.000e0,1.000000
lfw,all,rgb,rgb/Clare_Short_0001.ppm,0.963014,0.963014,1.192e-7,0.999999
lfw,all,rgb,rgb/Clare_Short_0002.ppm,0.914972,0.914972,1.192e-7,0.999999
lfw,all,rgb,rgb/Clare_Short_0003.ppm,0.917856,0.917856,5.960e-8,1.000000
lfw,all,rgb,rgb/Clare_Short_0004.ppm,0.944986,0.944986,1.788e-7,1.000000
lfw,all,rgb,rgb/Clark_Randt_0001.ppm,0.867838,0.867838,0.000e0,1.000000
lfw,all,rgb,rgb/Claude_Jorda_0001.ppm,0.921575,0.921575,1.192e-7,1.000000
lfw,all,rgb,rgb/Claudette_Robinson_0001.ppm,0.929334,0.929334,0.000e0,1.000000
lfw,all,rgb,rgb/Claudia_Cardinale_0001.ppm,0.952879,0.952878,1.192e-7,0.999999
lfw,all,rgb,rgb/Claudia_Coslovich_0001.ppm,0.903994,0.903994,1.192e-7,1.000000
lfw,all,rgb,rgb/Claudia_Pechstein_0001.ppm,0.945534,0.945534,0.000e0,1.000000
lfw,all,rgb,rgb/Claudia_Pechstein_0002.ppm,0.904870,0.904870,1.788e-7,1.000000
lfw,all,rgb,rgb/Claudia_Pechstein_0003.ppm,0.889647,0.889647,0.000e0,1.000000
lfw,all,rgb,rgb/Claudia_Pechstein_0004.ppm,0.938754,0.938754,5.960e-8,1.000000
lfw,all,rgb,rgb/Claudia_Pechstein_0005.ppm,0.893704,0.893704,0.000e0,1.000000
lfw,all,rgb,rgb/Claudia_Schiffer_0001.ppm,0.913870,0.913870,0.000e0,1.000000
lfw,all,rgb,rgb/Claudia_Schiffer_0002.ppm,0.891571,0.891571,0.000e0,1.000000
lfw,all,rgb,rgb/Claudia_Schiffer_0003.ppm,0.906234,0.906234,0.000e0,1.000000
lfw,all,rgb,rgb/Claudine_Farrell_0001.ppm,0.926926,0.926926,0.000e0,1.000000
lfw,all,rgb,rgb/Claudio_Abbado_0001.ppm,0.934792,0.934792,0.000e0,1.000000
lfw,all,rgb,rgb/Claudio_Lopez_0001.ppm,0.904067,0.904067,5.960e-8,1.000000
lfw,all,rgb,rgb/Claudio_Ranieri_0001.ppm,0.960403,0.960403,0.000e0,0.999999
lfw,all,rgb,rgb/Clay_Aiken_0001.ppm,0.926780,0.926780,0.000e0,1.000000
lfw,all,rgb,rgb/Clay_Aiken_0002.ppm,0.957496,0.957496,0.000e0,1.000000
lfw,all,rgb,rgb/Clay_Aiken_0003.ppm,0.954747,0.954747,0.000e0,1.000000
lfw,all,rgb,rgb/Clay_Aiken_0004.ppm,0.971955,0.971955,0.000e0,1.000000
lfw,all,rgb,rgb/Clay_Aiken_0005.ppm,0.946096,0.946096,1.192e-7,1.000000
lfw,all,rgb,rgb/Clay_Aiken_0006.ppm,0.957974,0.957974,0.000e0,1.000000
lfw,all,rgb,rgb/Clay_Campbell_0001.ppm,0.909860,0.909860,0.000e0,1.000000
lfw,all,rgb,rgb/Clemente_de_la_Vega_0001.ppm,0.871846,0.871846,0.000e0,1.000000
lfw,all,rgb,rgb/Cliff_Ellis_0001.ppm,0.915148,0.915149,1.192e-7,1.000000
lfw,all,rgb,rgb/Clifford_Etienne_0001.ppm,0.896696,0.896696,0.000e0,1.000000
lfw,all,rgb,rgb/Clifford_Robinson_0001.ppm,0.919016,0.919016,1.192e-7,1.000000
lfw,all,rgb,rgb/Clint_Eastwood_0001.ppm,0.919478,0.919478,1.192e-7,1.000000
lfw,all,rgb,rgb/Clint_Eastwood_0002.ppm,0.913252,0.913252,1.192e-7,1.000000
lfw,all,rgb,rgb/Clint_Eastwood_0003.ppm,0.916262,0.916262,0.000e0,0.999999
lfw,all,rgb,rgb/Clint_Eastwood_0004.ppm,0.943258,0.943258,0.000e0,1.000000
lfw,all,rgb,rgb/Clint_Eastwood_0005.ppm,0.903852,0.903852,1.192e-7,1.000000
lfw,all,rgb,rgb/Clint_Eastwood_0006.ppm,0.898598,0.898598,5.960e-8,1.000000
lfw,all,rgb,rgb/Clint_Howard_0001.ppm,0.967032,0.967032,1.192e-7,1.000000
lfw,all,rgb,rgb/Clint_Lamebear_0001.ppm,0.953715,0.953715,0.000e0,1.000000
lfw,all,rgb,rgb/Clive_Lloyd_0001.ppm,0.916075,0.916075,0.000e0,1.000000
lfw,all,rgb,rgb/Clive_Woodward_0001.ppm,0.931211,0.931211,0.000e0,1.000000
lfw,all,rgb,rgb/Coco_dEste_0001.ppm,0.863606,0.863606,0.000e0,1.000000
lfw,all,rgb,rgb/Cole_Chapman_0001.ppm,0.900598,0.900599,5.960e-8,1.000000
lfw,all,rgb,rgb/Coleen_Rowley_0001.ppm,0.945089,0.945089,1.192e-7,1.000000
lfw,all,rgb,rgb/Colin_Campbell_0001.ppm,0.907341,0.907341,0.000e0,1.000000
lfw,all,rgb,rgb/Colin_Cowie_0001.ppm,0.925985,0.925986,1.192e-7,0.999999
lfw,all,rgb,rgb/Colin_Farrell_0001.ppm,0.935959,0.935959,0.000e0,1.000000
lfw,all,rgb,rgb/Colin_Farrell_0002.ppm,0.936779,0.936779,0.000e0,0.999999
lfw,all,rgb,rgb/Colin_Farrell_0003.ppm,0.925983,0.925983,0.000e0,0.999999
lfw,all,rgb,rgb/Colin_Farrell_0004.ppm,0.946403,0.946403,0.000e0,1.000000
lfw,all,rgb,rgb/Colin_Farrell_0005.ppm,0.942078,0.942078,0.000e0,1.000000
lfw,all,rgb,rgb/Colin_Farrell_0006.ppm,0.929272,0.929272,0.000e0,1.000000
lfw,all,rgb,rgb/Colin_Farrell_0007.ppm,0.938722,0.938722,0.000e0,0.999999
lfw,all,rgb,rgb/Colin_Farrell_0008.ppm,0.962466,0.962466,0.000e0,1.000000
lfw,all,rgb,rgb/Colin_Farrell_0009.ppm,0.921168,0.921168,0.000e0,1.000000
lfw,all,rgb,rgb/Colin_Jackson_0001.ppm,0.912709,0.912709,0.000e0,1.000000
lfw,all,rgb,rgb/Colin_Jackson_0002.ppm,0.944296,0.944296,1.192e-7,1.000000
lfw,all,rgb,rgb/Colin_Montgomerie_0001.ppm,0.914340,0.914340,0.000e0,1.000000
lfw,all,rgb,rgb/Colin_Montgomerie_0002.ppm,0.931839,0.931839,1.192e-7,1.000000
lfw,all,rgb,rgb/Colin_Montgomerie_0003.ppm,0.915695,0.915695,0.000e0,1.000000
lfw,all,rgb,rgb/Colin_Montgomerie_0004.ppm,0.718433,0.718433,0.000e0,1.000000
lfw,all,rgb,rgb/Colin_Montgomerie_0005.ppm,0.914692,0.914692,1.192e-7,1.000000
lfw,all,rgb,rgb/Colin_Phillips_0001.ppm,0.930836,0.930836,0.000e0,0.999999
lfw,all,rgb,rgb/Colin_Powell_0001.ppm,0.937187,0.937187,1.192e-7,0.999999
lfw,all,rgb,rgb/Colin_Powell_0002.ppm,0.951446,0.951447,1.192e-7,1.000000
lfw,all,rgb,rgb/Colin_Powell_0003.ppm,0.940385,0.940385,1.192e-7,0.999999
lfw,all,rgb,rgb/Colin_Powell_0004.ppm,0.901341,0.901341,5.960e-8,1.000000
lfw,all,rgb,rgb/Colin_Powell_0005.ppm,0.961262,0.961262,1.192e-7,1.000000
lfw,all,rgb,rgb/Colin_Powell_0006.ppm,0.982084,0.982084,0.000e0,1.000000
lfw,all,rgb,rgb/Colin_Powell_0007.ppm,0.946044,0.946044,1.192e-7,1.000000
lfw,all,rgb,rgb/Colin_Powell_0008.ppm,0.935146,0.935146,0.000e0,1.000000
lfw,all,rgb,rgb/Colin_Powell_0009.ppm,0.905527,0.905527,0.000e0,0.999999
lfw,all,rgb,rgb/Colin_Powell_0010.ppm,0.917314,0.917315,2.384e-7,1.000000
lfw,all,rgb,rgb/Colin_Powell_0011.ppm,0.914610,0.914610,0.000e0,1.000000
lfw,all,rgb,rgb/Colin_Powell_0012.ppm,0.940825,0.940825,5.960e-8,1.000000
lfw,all,rgb,rgb/Colin_Powell_0013.ppm,0.930449,0.930449,0.000e0,1.000000
lfw,all,rgb,rgb/Colin_Powell_0014.ppm,0.930523,0.930523,0.000e0,1.000000
lfw,all,rgb,rgb/Colin_Powell_0015.ppm,0.925957,0.925957,0.000e0,1.000000
lfw,all,rgb,rgb/Colin_Powell_0016.ppm,0.921865,0.921865,5.960e-8,1.000000
lfw,all,rgb,rgb/Colin_Powell_0017.ppm,0.919666,0.919666,0.000e0,1.000000
lfw,all,rgb,rgb/Colin_Powell_0018.ppm,0.947144,0.947144,0.000e0,1.000000
lfw,all,rgb,rgb/Colin_Powell_0019.ppm,0.915223,0.915223,0.000e0,0.999999
lfw,all,rgb,rgb/Colin_Powell_0020.ppm,0.955649,0.955649,0.000e0,1.000000
lfw,all,rgb,rgb/Colin_Powell_0021.ppm,0.930906,0.930906,0.000e0,1.000000
lfw,all,rgb,rgb/Colin_Powell_0022.ppm,0.940484,0.940484,0.000e0,1.000000
lfw,all,rgb,rgb/Colin_Powell_0023.ppm,0.916757,0.916757,0.000e0,1.000000
lfw,all,rgb,rgb/Colin_Powell_0024.ppm,0.922540,0.922540,0.000e0,1.000000
lfw,all,rgb,rgb/Colin_Powell_0025.ppm,0.928099,0.928099,5.960e-8,1.000000
lfw,all,rgb,rgb/Colin_Powell_0026.ppm,0.925535,0.925535,0.000e0,1.000000
lfw,all,rgb,rgb/Colin_Powell_0027.ppm,0.903572,0.903571,1.192e-7,1.000000
lfw,all,rgb,rgb/Colin_Powell_0028.ppm,0.919292,0.919292,1.192e-7,1.000000
lfw,all,rgb,rgb/Colin_Powell_0029.ppm,0.953348,0.953348,1.192e-7,1.000000
lfw,all,rgb,rgb/Colin_Powell_0030.ppm,0.936983,0.936983,0.000e0,1.000000
lfw,all,rgb,rgb/Colin_Powell_0031.ppm,0.896776,0.896776,0.000e0,1.000000
lfw,all,rgb,rgb/Colin_Powell_0032.ppm,0.940536,0.940536,0.000e0,1.000000
lfw,all,rgb,rgb/Colin_Powell_0033.ppm,0.946417,0.946417,5.960e-8,1.000000
lfw,all,rgb,rgb/Colin_Powell_0034.ppm,0.859506,0.859506,0.000e0,1.000000
lfw,all,rgb,rgb/Colin_Powell_0035.ppm,0.931419,0.931419,1.192e-7,1.000000
lfw,all,rgb,rgb/Colin_Powell_0036.ppm,0.933844,0.933844,0.000e0,0.999999
lfw,all,rgb,rgb/Colin_Powell_0037.ppm,0.941276,0.941276,0.000e0,1.000000
lfw,all,rgb,rgb/Colin_Powell_0038.ppm,0.950216,0.950216,0.000e0,1.000000
lfw,all,rgb,rgb/Colin_Powell_0039.ppm,0.964499,0.964499,1.192e-7,1.000000
lfw,all,rgb,rgb/Colin_Powell_0040.ppm,0.930357,0.930357,5.960e-8,1.000000
lfw,all,rgb,rgb/Colin_Powell_0041.ppm,0.928165,0.928165,1.192e-7,1.000000
lfw,all,rgb,rgb/Colin_Powell_0042.ppm,0.968494,0.968494,0.000e0,1.000000
lfw,all,rgb,rgb/Colin_Powell_0043.ppm,0.929225,0.929225,0.000e0,1.000000
lfw,all,rgb,rgb/Colin_Powell_0044.ppm,0.935397,0.935397,0.000e0,1.000000
lfw,all,rgb,rgb/Colin_Powell_0045.ppm,0.917760,0.917761,1.192e-7,1.000000
lfw,all,rgb,rgb/Colin_Powell_0046.ppm,0.921234,0.921234,0.000e0,1.000000
lfw,all,rgb,rgb/Colin_Powell_0047.ppm,0.922651,0.922651,1.192e-7,0.999999
lfw,all,rgb,rgb/Colin_Powell_0048.ppm,0.779507,0.779507,0.000e0,1.000000
lfw,all,rgb,rgb/Colin_Powell_0049.ppm,0.900765,0.900765,1.192e-7,1.000000
lfw,all,rgb,rgb/Colin_Powell_0050.ppm,0.931258,0.931258,0.000e0,1.000000
lfw,all,rgb,rgb/Colin_Powell_0051.ppm,0.967986,0.967986,0.000e0,1.000000
lfw,all,rgb,rgb/Colin_Powell_0052.ppm,0.970854,0.970854,0.000e0,1.000000
lfw,all,rgb,rgb/Colin_Powell_0053.ppm,0.947733,0.947733,5.960e-8,1.000000
lfw,all,rgb,rgb/Colin_Powell_0054.ppm,0.915160,0.915160,1.192e-7,1.000000
lfw,all,rgb,rgb/Colin_Powell_0055.ppm,0.935447,0.935447,0.000e0,1.000000
lfw,all,rgb,rgb/Colin_Powell_0056.ppm,0.929372,0.929372,0.000e0,1.000000
lfw,all,rgb,rgb/Colin_Powell_0057.ppm,0.936931,0.936931,0.000e0,1.000000
lfw,all,rgb,rgb/Colin_Powell_0058.ppm,0.966041,0.966041,0.000e0,1.000000
lfw,all,rgb,rgb/Colin_Powell_0059.ppm,0.938170,0.938170,0.000e0,1.000000
lfw,all,rgb,rgb/Colin_Powell_0060.ppm,0.970240,0.970240,1.192e-7,1.000000
lfw,all,rgb,rgb/Colin_Powell_0061.ppm,0.944382,0.944382,0.000e0,0.999999
lfw,all,rgb,rgb/Colin_Powell_0062.ppm,0.920487,0.920487,1.192e-7,1.000000
lfw,all,rgb,rgb/Colin_Powell_0063.ppm,0.927903,0.927903,0.000e0,1.000000
lfw,all,rgb,rgb/Colin_Powell_0064.ppm,0.967649,0.967649,0.000e0,1.000000
lfw,all,rgb,rgb/Colin_Powell_0065.ppm,0.945730,0.945730,0.000e0,1.000000
lfw,all,rgb,rgb/Colin_Powell_0066.ppm,0.953062,0.953062,1.192e-7,1.000000
lfw,all,rgb,rgb/Colin_Powell_0067.ppm,0.956297,0.956297,0.000e0,1.000000
lfw,all,rgb,rgb/Colin_Powell_0068.ppm,0.956235,0.956235,0.000e0,1.000000
lfw,all,rgb,rgb/Colin_Powell_0069.ppm,0.932545,0.932545,0.000e0,1.000000
lfw,all,rgb,rgb/Colin_Powell_0070.ppm,0.932734,0.932734,0.000e0,1.000000
lfw,all,rgb,rgb/Colin_Powell_0071.ppm,0.908052,0.908052,0.000e0,1.000000
lfw,all,rgb,rgb/Colin_Powell_0072.ppm,0.910875,0.910875,0.000e0,1.000000
lfw,all,rgb,rgb/Colin_Powell_0073.ppm,0.960837,0.960837,0.000e0,1.000000
lfw,all,rgb,rgb/Colin_Powell_0074.ppm,0.950168,0.950168,0.000e0,1.000000
lfw,all,rgb,rgb/Colin_Powell_0075.ppm,0.968233,0.968233,0.000e0,1.000000
lfw,all,rgb,rgb/Colin_Powell_0076.ppm,0.932265,0.932265,0.000e0,1.000000
lfw,all,rgb,rgb/Colin_Powell_0077.ppm,0.920765,0.920765,5.960e-8,1.000000
lfw,all,rgb,rgb/Colin_Powell_0078.ppm,0.948418,0.948418,0.000e0,1.000000
lfw,all,rgb,rgb/Colin_Powell_0079.ppm,0.920265,0.920265,0.000e0,1.000000
lfw,all,rgb,rgb/Colin_Powell_0080.ppm,0.937019,0.937019,1.192e-7,1.000000
lfw,all,rgb,rgb/Colin_Powell_0081.ppm,0.943796,0.943796,1.192e-7,1.000000
lfw,all,rgb,rgb/Colin_Powell_0082.ppm,0.948207,0.948207,0.000e0,1.000000
lfw,all,rgb,rgb/Colin_Powell_0083.ppm,0.966743,0.966743,1.192e-7,1.000000
lfw,all,rgb,rgb/Colin_Powell_0084.ppm,0.934597,0.934597,1.192e-7,1.000000
lfw,all,rgb,rgb/Colin_Powell_0085.ppm,0.929953,0.929953,0.000e0,1.000000
lfw,all,rgb,rgb/Colin_Powell_0086.ppm,0.970171,0.970171,0.000e0,1.000000
lfw,all,rgb,rgb/Colin_Powell_0087.ppm,0.932021,0.932021,0.000e0,1.000000
lfw,all,rgb,rgb/Colin_Powell_0088.ppm,0.936847,0.936847,0.000e0,1.000000
lfw,all,rgb,rgb/Colin_Powell_0089.ppm,0.924446,0.924446,0.000e0,1.000000
lfw,all,rgb,rgb/Colin_Powell_0090.ppm,0.955133,0.955133,1.192e-7,1.000000
lfw,all,rgb,rgb/Colin_Powell_0091.ppm,0.947094,0.947094,1.192e-7,1.000000
lfw,all,rgb,rgb/Colin_Powell_0092.ppm,0.949838,0.949838,0.000e0,1.000000
lfw,all,rgb,rgb/Colin_Powell_0093.ppm,0.937289,0.937289,0.000e0,1.000000
lfw,all,rgb,rgb/Colin_Powell_0094.ppm,0.930351,0.930351,0.000e0,1.000000
lfw,all,rgb,rgb/Colin_Powell_0095.ppm,0.923844,0.923844,1.192e-7,0.999999
lfw,all,rgb,rgb/Colin_Powell_0096.ppm,0.931495,0.931495,0.000e0,1.000000
lfw,all,rgb,rgb/Colin_Powell_0097.ppm,0.935501,0.935501,0.000e0,1.000000
lfw,all,rgb,rgb/Colin_Powell_0098.ppm,0.949000,0.949000,1.192e-7,1.000000
lfw,all,rgb,rgb/Colin_Powell_0099.ppm,0.853716,0.853716,0.000e0,1.000000
lfw,all,rgb,rgb/Colin_Powell_0100.ppm,0.933848,0.933848,5.960e-8,1.000000
lfw,all,rgb,rgb/Colin_Powell_0101.ppm,0.955540,0.955540,0.000e0,1.000000
lfw,all,rgb,rgb/Colin_Powell_0102.ppm,0.977002,0.977002,1.192e-7,1.000000
lfw,all,rgb,rgb/Colin_Powell_0103.ppm,0.930783,0.930783,5.960e-8,1.000000
lfw,all,rgb,rgb/Colin_Powell_0104.ppm,0.917457,0.917457,1.192e-7,1.000000
lfw,all,rgb,rgb/Colin_Powell_0105.ppm,0.944211,0.944211,1.192e-7,1.000000
lfw,all,rgb,rgb/Colin_Powell_0106.ppm,0.931329,0.931329,0.000e0,1.000000
lfw,all,rgb,rgb/Colin_Powell_0107.ppm,0.974496,0.974496,0.000e0,1.000000
lfw,all,rgb,rgb/Colin_Powell_0108.ppm,0.925983,0.925983,0.000e0,1.000000
lfw,all,rgb,rgb/Colin_Powell_0109.ppm,0.962040,0.962040,0.000e0,0.999999
lfw,all,rgb,rgb/Colin_Powell_0110.ppm,0.948079,0.948079,1.192e-7,1.000000
lfw,all,rgb,rgb/Colin_Powell_0111.ppm,0.932094,0.932094,0.000e0,1.000000
lfw,all,rgb,rgb/Colin_Powell_0112.ppm,0.900108,0.900108,5.960e-8,1.000000
lfw,all,rgb,rgb/Colin_Powell_0113.ppm,0.944352,0.944352,0.000e0,0.999999
lfw,all,rgb,rgb/Colin_Powell_0114.ppm,0.896649,0.896649,0.000e0,1.000000
lfw,all,rgb,rgb/Colin_Powell_0115.ppm,0.954093,0.954093,0.000e0,0.999999
lfw,all,rgb,rgb/Colin_Powell_0116.ppm,0.927281,0.927281,5.960e-8,1.000000
lfw,all,rgb,rgb/Colin_Powell_0117.ppm,0.941075,0.941075,0.000e0,1.000000
lfw,all,rgb,rgb/Colin_Powell_0118.ppm,0.938592,0.938592,5.960e-8,1.000000
lfw,all,rgb,rgb/Colin_Powell_0119.ppm,0.943948,0.943948,5.960e-8,1.000000
lfw,all,rgb,rgb/Colin_Powell_0120.ppm,0.952129,0.952129,0.000e0,1.000000
lfw,all,rgb,rgb/Colin_Powell_0121.ppm,0.934550,0.934550,0.000e0,1.000000
lfw,all,rgb,rgb/Colin_Powell_0122.ppm,0.919307,0.919307,5.960e-8,1.000000
lfw,all,rgb,rgb/Colin_Powell_0123.ppm,0.944928,0.944928,0.000e0,1.000000
lfw,all,rgb,rgb/Colin_Powell_0124.ppm,0.940063,0.940063,1.192e-7,1.000000
lfw,all,rgb,rgb/Colin_Powell_0125.ppm,0.913758,0.913758,0.000e0,1.000000
lfw,all,rgb,rgb/Colin_Powell_0126.ppm,0.923608,0.923608,1.192e-7,1.000000
lfw,all,rgb,rgb/Colin_Powell_0127.ppm,0.923799,0.923799,0.000e0,1.000000
lfw,all,rgb,rgb/Colin_Powell_0128.ppm,0.914780,0.914780,1.192e-7,1.000000
lfw,all,rgb,rgb/Colin_Powell_0129.ppm,0.854924,0.854924,0.000e0,1.000000
lfw,all,rgb,rgb/Colin_Powell_0130.ppm,0.971141,0.971141,0.000e0,1.000000
lfw,all,rgb,rgb/Colin_Powell_0131.ppm,0.928985,0.928985,1.192e-7,1.000000
lfw,all,rgb,rgb/Colin_Powell_0132.ppm,0.972513,0.972513,0.000e0,1.000000
lfw,all,rgb,rgb/Colin_Powell_0133.ppm,0.928448,0.928448,0.000e0,1.000000
lfw,all,rgb,rgb/Colin_Powell_0134.ppm,0.949787,0.949787,0.000e0,1.000000
lfw,all,rgb,rgb/Colin_Powell_0135.ppm,0.925798,0.925798,0.000e0,1.000000
lfw,all,rgb,rgb/Colin_Powell_0136.ppm,0.972361,0.972361,0.000e0,1.000000
lfw,all,rgb,rgb/Colin_Powell_0137.ppm,0.940445,0.940445,1.192e-7,1.000000
lfw,all,rgb,rgb/Colin_Powell_0138.ppm,0.914865,0.914865,0.000e0,1.000000
lfw,all,rgb,rgb/Colin_Powell_0139.ppm,0.922448,0.922448,1.192e-7,0.999999
lfw,all,rgb,rgb/Colin_Powell_0140.ppm,0.924720,0.924720,0.000e0,1.000000
lfw,all,rgb,rgb/Colin_Powell_0141.ppm,0.940139,0.940139,1.192e-7,1.000000
lfw,all,rgb,rgb/Colin_Powell_0142.ppm,0.945624,0.945624,1.192e-7,1.000000
lfw,all,rgb,rgb/Colin_Powell_0143.ppm,0.956079,0.956079,1.192e-7,1.000000
lfw,all,rgb,rgb/Colin_Powell_0144.ppm,0.964438,0.964438,1.192e-7,1.000000
lfw,all,rgb,rgb/Colin_Powell_0145.ppm,0.928857,0.928857,0.000e0,1.000000
lfw,all,rgb,rgb/Colin_Powell_0146.ppm,0.932528,0.932528,0.000e0,1.000000
lfw,all,rgb,rgb/Colin_Powell_0147.ppm,0.966043,0.966043,0.000e0,0.999999
lfw,all,rgb,rgb/Colin_Powell_0148.ppm,0.929340,0.929340,0.000e0,1.000000
lfw,all,rgb,rgb/Colin_Powell_0149.ppm,0.936957,0.936957,0.000e0,1.000000
lfw,all,rgb,rgb/Colin_Powell_0150.ppm,0.943918,0.943918,0.000e0,1.000000
lfw,all,rgb,rgb/Colin_Powell_0151.ppm,0.948373,0.948373,0.000e0,1.000000
lfw,all,rgb,rgb/Colin_Powell_0152.ppm,0.942236,0.942236,0.000e0,1.000000
lfw,all,rgb,rgb/Colin_Powell_0153.ppm,0.941287,0.941287,0.000e0,1.000000
lfw,all,rgb,rgb/Colin_Powell_0154.ppm,0.920645,0.920645,0.000e0,1.000000
lfw,all,rgb,rgb/Colin_Powell_0155.ppm,0.927130,0.927130,1.192e-7,1.000000
lfw,all,rgb,rgb/Colin_Powell_0156.ppm,0.946691,0.946691,1.788e-7,1.000000
lfw,all,rgb,rgb/Colin_Powell_0157.ppm,0.960371,0.960371,0.000e0,1.000000
lfw,all,rgb,rgb/Colin_Powell_0158.ppm,0.961757,0.961757,1.192e-7,1.000000
lfw,all,rgb,rgb/Colin_Powell_0159.ppm,0.921976,0.921976,0.000e0,1.000000
lfw,all,rgb,rgb/Colin_Powell_0160.ppm,0.930304,0.930304,0.000e0,1.000000
lfw,all,rgb,rgb/Colin_Powell_0161.ppm,0.912051,0.912051,0.000e0,1.000000
lfw,all,rgb,rgb/Colin_Powell_0162.ppm,0.909942,0.909942,1.192e-7,1.000000
lfw,all,rgb,rgb/Colin_Powell_0163.ppm,0.930234,0.930234,1.192e-7,1.000000
lfw,all,rgb,rgb/Colin_Powell_0164.ppm,0.932007,0.932007,1.192e-7,0.999999
lfw,all,rgb,rgb/Colin_Powell_0165.ppm,0.945360,0.945360,0.000e0,1.000000
lfw,all,rgb,rgb/Colin_Powell_0166.ppm,0.902930,0.902930,1.192e-7,1.000000
lfw,all,rgb,rgb/Colin_Powell_0167.ppm,0.954218,0.954218,0.000e0,1.000000
lfw,all,rgb,rgb/Colin_Powell_0168.ppm,0.931018,0.931018,0.000e0,1.000000
lfw,all,rgb,rgb/Colin_Powell_0169.ppm,0.923510,0.923510,5.960e-8,1.000000
lfw,all,rgb,rgb/Colin_Powell_0170.ppm,0.937290,0.937290,0.000e0,1.000000
lfw,all,rgb,rgb/Colin_Powell_0171.ppm,0.949249,0.949249,0.000e0,1.000000
lfw,all,rgb,rgb/Colin_Powell_0172.ppm,0.926235,0.926235,0.000e0,1.000000
lfw,all,rgb,rgb/Colin_Powell_0173.ppm,0.908121,0.908121,0.000e0,1.000000
lfw,all,rgb,rgb/Colin_Powell_0174.ppm,0.934060,0.934060,1.192e-7,1.000000
lfw,all,rgb,rgb/Colin_Powell_0175.ppm,0.883773,0.883773,1.192e-7,0.999999
lfw,all,rgb,rgb/Colin_Powell_0176.ppm,0.896443,0.896443,0.000e0,1.000000
lfw,all,rgb,rgb/Colin_Powell_0177.ppm,0.937074,0.937074,1.192e-7,1.000000
lfw,all,rgb,rgb/Colin_Powell_0178.ppm,0.897579,0.897578,1.192e-7,1.000000
lfw,all,rgb,rgb/Colin_Powell_0179.ppm,0.952834,0.952834,0.000e0,1.000000
lfw,all,rgb,rgb/Colin_Powell_0180.ppm,0.892331,0.892331,1.192e-7,1.000000
lfw,all,rgb,rgb/Colin_Powell_0181.ppm,0.924620,0.924620,1.192e-7,1.000000
lfw,all,rgb,rgb/Colin_Powell_0182.ppm,0.929487,0.929487,0.000e0,1.000000
lfw,all,rgb,rgb/Colin_Powell_0183.ppm,0.941181,0.941181,0.000e0,1.000000
lfw,all,rgb,rgb/Colin_Powell_0184.ppm,0.958358,0.958358,1.192e-7,0.999999
lfw,all,rgb,rgb/Colin_Powell_0185.ppm,0.942001,0.942001,0.000e0,0.999999
lfw,all,rgb,rgb/Colin_Powell_0186.ppm,0.949756,0.949756,0.000e0,1.000000
lfw,all,rgb,rgb/Colin_Powell_0187.ppm,0.923047,0.923047,5.960e-8,1.000000
lfw,all,rgb,rgb/Colin_Powell_0188.ppm,0.959867,0.959867,1.192e-7,1.000000
lfw,all,rgb,rgb/Colin_Powell_0189.ppm,0.960606,0.960606,0.000e0,1.000000
lfw,all,rgb,rgb/Colin_Powell_0190.ppm,0.933695,0.933695,0.000e0,1.000000
lfw,all,rgb,rgb/Colin_Powell_0191.ppm,0.893363,0.893363,1.192e-7,1.000000
lfw,all,rgb,rgb/Colin_Powell_0192.ppm,0.967346,0.967346,0.000e0,1.000000
lfw,all,rgb,rgb/Colin_Powell_0193.ppm,0.957305,0.957305,0.000e0,1.000000
lfw,all,rgb,rgb/Colin_Powell_0194.ppm,0.934515,0.934515,1.192e-7,1.000000
lfw,all,rgb,rgb/Colin_Powell_0195.ppm,0.971069,0.971069,1.192e-7,1.000000
lfw,all,rgb,rgb/Colin_Powell_0196.ppm,0.913915,0.913915,0.000e0,1.000000
lfw,all,rgb,rgb/Colin_Powell_0197.ppm,0.947848,0.947848,0.000e0,1.000000
lfw,all,rgb,rgb/Colin_Powell_0198.ppm,0.951998,0.951998,0.000e0,1.000000
lfw,all,rgb,rgb/Colin_Powell_0199.ppm,0.912366,0.912366,1.192e-7,1.000000
lfw,all,rgb,rgb/Colin_Powell_0200.ppm,0.888171,0.888171,1.192e-7,1.000000
lfw,all,rgb,rgb/Colin_Powell_0201.ppm,0.921596,0.921596,0.000e0,1.000000
lfw,all,rgb,rgb/Colin_Powell_0202.ppm,0.950409,0.950409,0.000e0,0.999999
lfw,all,rgb,rgb/Colin_Powell_0203.ppm,0.909002,0.909001,5.960e-8,1.000000
lfw,all,rgb,rgb/Colin_Powell_0204.ppm,0.964313,0.964313,0.000e0,1.000000
lfw,all,rgb,rgb/Colin_Powell_0205.ppm,0.941498,0.941498,0.000e0,1.000000
lfw,all,rgb,rgb/Colin_Powell_0206.ppm,0.870198,0.870198,5.960e-8,1.000000
lfw,all,rgb,rgb/Colin_Powell_0207.ppm,0.939144,0.939144,0.000e0,1.000000
lfw,all,rgb,rgb/Colin_Powell_0208.ppm,0.923125,0.923125,1.192e-7,1.000000
lfw,all,rgb,rgb/Colin_Powell_0209.ppm,0.967379,0.967379,1.192e-7,1.000000
lfw,all,rgb,rgb/Colin_Powell_0210.ppm,0.964573,0.964574,1.192e-7,0.999999
lfw,all,rgb,rgb/Colin_Powell_0211.ppm,0.931017,0.931017,0.000e0,1.000000
lfw,all,rgb,rgb/Colin_Powell_0212.ppm,0.945072,0.945072,1.192e-7,0.999999
lfw,all,rgb,rgb/Colin_Powell_0213.ppm,0.937095,0.937095,0.000e0,1.000000
lfw,all,rgb,rgb/Colin_Powell_0214.ppm,0.926825,0.926825,0.000e0,1.000000
lfw,all,rgb,rgb/Colin_Powell_0215.ppm,0.897145,0.897145,0.000e0,1.000000
lfw,all,rgb,rgb/Colin_Powell_0216.ppm,0.930551,0.930551,0.000e0,1.000000
lfw,all,rgb,rgb/Colin_Powell_0217.ppm,0.932344,0.932344,5.960e-8,1.000000
lfw,all,rgb,rgb/Colin_Powell_0218.ppm,0.954016,0.954016,0.000e0,1.000000
lfw,all,rgb,rgb/Colin_Powell_0219.ppm,0.943051,0.943051,0.000e0,1.000000
lfw,all,rgb,rgb/Colin_Powell_0220.ppm,0.938404,0.938404,0.000e0,1.000000
lfw,all,rgb,rgb/Colin_Powell_0221.ppm,0.925413,0.925413,0.000e0,1.000000
lfw,all,rgb,rgb/Colin_Powell_0222.ppm,0.957272,0.957272,1.192e-7,1.000000
lfw,all,rgb,rgb/Colin_Powell_0223.ppm,0.926425,0.926425,1.192e-7,1.000000
lfw,all,rgb,rgb/Colin_Powell_0224.ppm,0.904833,0.904833,0.000e0,1.000000
lfw,all,rgb,rgb/Colin_Powell_0225.ppm,0.942125,0.942125,0.000e0,1.000000
lfw,all,rgb,rgb/Colin_Powell_0226.ppm,0.926528,0.926528,0.000e0,0.999999
lfw,all,rgb,rgb/Colin_Powell_0227.ppm,0.944991,0.944991,0.000e0,1.000000
lfw,all,rgb,rgb/Colin_Powell_0228.ppm,0.909034,0.909034,0.000e0,0.999999
lfw,all,rgb,rgb/Colin_Powell_0229.ppm,0.916992,0.916992,5.960e-8,1.000000
lfw,all,rgb,rgb/Colin_Powell_0230.ppm,0.961804,0.961804,5.960e-8,1.000000
lfw,all,rgb,rgb/Colin_Powell_0231.ppm,0.935431,0.935431,0.000e0,1.000000
lfw,all,rgb,rgb/Colin_Powell_0232.ppm,0.923780,0.923780,0.000e0,1.000000
lfw,all,rgb,rgb/Colin_Powell_0233.ppm,0.944592,0.944592,5.960e-8,1.000000
lfw,all,rgb,rgb/Colin_Powell_0234.ppm,0.927036,0.927036,1.192e-7,1.000000
lfw,all,rgb,rgb/Colin_Powell_0235.ppm,0.955931,0.955931,1.192e-7,1.000000
lfw,all,rgb,rgb/Colin_Powell_0236.ppm,0.951291,0.951291,0.000e0,1.000000
lfw,all,rgb,rgb/Colin_Prescot_0001.ppm,0.929084,0.929084,0.000e0,1.000000
lfw,all,rgb,rgb/Colleen_Atwood_0001.ppm,0.930298,0.930298,0.000e0,0.999999
lfw,all,rgb,rgb/Colleen_Donovan_0001.ppm,0.931346,0.931346,0.000e0,1.000000
lfw,all,rgb,rgb/Colleen_Jones_0001.ppm,0.894447,0.894447,5.960e-8,1.000000
lfw,all,rgb,rgb/Colleen_OClair_0001.ppm,0.918984,0.918984,0.000e0,1.000000
lfw,all,rgb,rgb/Colleen_Ryan_0001.ppm,0.963628,0.963628,0.000e0,1.000000
lfw,all,rgb,rgb/Collis_Temple_III_0001.ppm,0.935787,0.935787,0.000e0,1.000000
lfw,all,rgb,rgb/Columba_Bush_0001.ppm,0.905262,0.905262,1.192e-7,1.000000
lfw,all,rgb,rgb/Compay_Segundo_0001.ppm,0.936650,0.936650,0.000e0,1.000000
lfw,all,rgb,rgb/Conan_OBrien_0001.ppm,0.941579,0.941579,0.000e0,1.000000
lfw,all,rgb,rgb/Conan_OBrien_0002.ppm,0.947009,0.947009,0.000e0,1.000000
lfw,all,rgb,rgb/Conan_OBrien_0003.ppm,0.933230,0.933230,0.000e0,1.000000
lfw,all,rgb,rgb/Conan_OBrien_0004.ppm,0.935935,0.935935,1.192e-7,1.000000
lfw,all,rgb,rgb/Conchita_Martinez_0001.ppm,0.935462,0.935462,0.000e0,1.000000
lfw,all,rgb,rgb/Conchita_Martinez_0002.ppm,0.935681,0.935681,0.000e0,1.000000
lfw,all,rgb,rgb/Conchita_Martinez_0003.ppm,0.940480,0.940479,1.192e-7,1.000000
lfw,all,rgb,rgb/Condoleezza_Rice_0001.ppm,0.919014,0.919014,0.000e0,1.000000
lfw,all,rgb,rgb/Condoleezza_Rice_0002.ppm,0.963932,0.963932,1.192e-7,1.000000
lfw,all,rgb,rgb/Condoleezza_Rice_0003.ppm,0.936614,0.936614,5.960e-8,1.000000
lfw,all,rgb,rgb/Condoleezza_Rice_0004.ppm,0.930822,0.930822,5.960e-8,1.000000
lfw,all,rgb,rgb/Condoleezza_Rice_0005.ppm,0.864584,0.864584,5.960e-8,1.000000
lfw,all,rgb,rgb/Condoleezza_Rice_0006.ppm,0.938531,0.938531,0.000e0,1.000000
lfw,all,rgb,rgb/Condoleezza_Rice_0007.ppm,0.976539,0.976539,0.000e0,1.000000
lfw,all,rgb,rgb/Condoleezza_Rice_0008.ppm,0.953648,0.953648,0.000e0,1.000000
lfw,all,rgb,rgb/Condoleezza_Rice_0009.ppm,0.899531,0.899531,0.000e0,1.000000
lfw,all,rgb,rgb/Condoleezza_Rice_0010.ppm,0.978767,0.978767,0.000e0,1.000000
lfw,all,rgb,rgb/Condoleezza_Rice_0011.ppm,0.961359,0.961359,0.000e0,1.000000
lfw,all,rgb,rgb/Connie_Chung_0001.ppm,0.900470,0.900470,0.000e0,1.000000
lfw,all,rgb,rgb/Connie_Freydell_0001.ppm,0.906065,0.906065,1.192e-7,0.999999
lfw,all,rgb,rgb/Conrad_Black_0001.ppm,0.956121,0.956121,1.192e-7,1.000000
lfw,all,rgb,rgb/Constance_Marie_0001.ppm,0.950410,0.950410,0.000e0,1.000000
lfw,all,rgb,rgb/Constance_Marie_0002.ppm,0.956500,0.956500,0.000e0,1.000000
lfw,all,rgb,rgb/Constance_Marie_0003.ppm,0.924444,0.924444,0.000e0,1.000000
lfw,all,rgb,rgb/Cora_Cambell_0001.ppm,0.939424,0.939424,0.000e0,1.000000
lfw,all,rgb,rgb/Coretta_Scott_King_0001.ppm,0.957034,0.957034,1.192e-7,1.000000
lfw,all,rgb,rgb/Coretta_Scott_King_0002.ppm,0.950184,0.950184,1.192e-7,0.999999
lfw,all,rgb,rgb/Coretta_Scott_King_0003.ppm,0.971079,0.971078,1.192e-7,1.000000
lfw,all,rgb,rgb/Corey_Maggette_0001.ppm,0.937647,0.937647,0.000e0,1.000000
lfw,all,rgb,rgb/Cori_Enghusen_0001.ppm,0.860290,0.860290,0.000e0,1.000000
lfw,all,rgb,rgb/Corinna_Harfouch_0001.ppm,0.923365,0.923365,0.000e0,1.000000
lfw,all,rgb,rgb/Corinne_Coman_0001.ppm,0.941765,0.941765,5.960e-8,1.000000
lfw,all,rgb,rgb/Corinne_Coman_0002.ppm,0.911165,0.911165,0.000e0,1.000000
lfw,all,rgb,rgb/Corliss_Williamson_0001.ppm,0.939328,0.939328,0.000e0,1.000000
lfw,all,rgb,rgb/Cosmo_Iacavazzi_0001.ppm,0.935153,0.935153,1.192e-7,0.999999
lfw,all,rgb,rgb/Costas_Simitis_0001.ppm,0.923636,0.923636,1.192e-7,1.000000
lfw,all,rgb,rgb/Costas_Simitis_0002.ppm,0.920728,0.920728,0.000e0,1.000000
lfw,all,rgb,rgb/Costas_Simitis_0003.ppm,0.931989,0.931989,0.000e0,0.999999
lfw,all,rgb,rgb/Costas_Simitis_0004.ppm,0.918722,0.918722,0.000e0,1.000000
lfw,all,rgb,rgb/Costas_Simitis_0005.ppm,0.879150,0.879150,0.000e0,1.000000
lfw,all,rgb,rgb/Costas_Simitis_0006.ppm,0.894871,0.894871,5.960e-8,1.000000
lfw,all,rgb,rgb/Courtney_Cox_0001.ppm,0.951564,0.951564,0.000e0,1.000000
lfw,all,rgb,rgb/Courtney_Love_0001.ppm,0.917711,0.917711,0.000e0,1.000000
lfw,all,rgb,rgb/Courtney_Love_0002.ppm,0.884304,0.884304,0.000e0,1.000000
lfw,all,rgb,rgb/Craig_Burley_0001.ppm,0.889457,0.889457,0.000e0,1.000000
lfw,all,rgb,rgb/Craig_David_0001.ppm,0.909115,0.909115,5.960e-8,1.000000
lfw,all,rgb,rgb/Craig_Doblin_0001.ppm,0.934120,0.934120,0.000e0,1.000000
lfw,all,rgb,rgb/Craig_Fitzgibbon_0001.ppm,0.888093,0.888093,0.000e0,1.000000
lfw,all,rgb,rgb/Craig_MacTavish_0001.ppm,0.954074,0.954074,1.192e-7,1.000000
lfw,all,rgb,rgb/Craig_Morgan_0001.ppm,0.949754,0.949754,0.000e0,1.000000
lfw,all,rgb,rgb/Craig_OClair_0001.ppm,0.940731,0.940731,0.000e0,1.000000
lfw,all,rgb,rgb/Craig_Wilson_0001.ppm,0.910810,0.910810,0.000e0,0.999999
lfw,all,rgb,rgb/Crandall_Bowles_0001.ppm,0.901376,0.901376,1.192e-7,1.000000
lfw,all,rgb,rgb/Crispin_Glover_0001.ppm,0.916631,0.916631,5.960e-8,1.000000
lfw,all,rgb,rgb/Cristian_Barros_0001.ppm,0.936414,0.936414,1.192e-7,1.000000
lfw,all,rgb,rgb/Cristiano_da_Matta_0001.ppm,0.904726,0.904726,1.192e-7,1.000000
lfw,all,rgb,rgb/Cristina_Fernandez_0001.ppm,0.905064,0.905064,0.000e0,1.000000
lfw,all,rgb,rgb/Cristina_Fernandez_0002.ppm,0.899067,0.899067,0.000e0,1.000000
lfw,all,rgb,rgb/Cristina_Kirchner_0001.ppm,0.968578,0.968578,0.000e0,1.000000
lfw,all,rgb,rgb/Cristina_Saralegui_0001.ppm,0.900548,0.900547,1.192e-7,1.000000
lfw,all,rgb,rgb/Cristina_Saralegui_0002.ppm,0.931083,0.931083,5.960e-8,1.000000
lfw,all,rgb,rgb/Cristina_Torrens_Valero_0001.ppm,0.866075,0.866075,1.788e-7,1.000000
lfw,all,rgb,rgb/Cruz_Bustamante_0001.ppm,0.973007,0.973007,0.000e0,1.000000
lfw,all,rgb,rgb/Cruz_Bustamante_0002.ppm,0.977206,0.977206,0.000e0,1.000000
lfw,all,rgb,rgb/Cruz_Bustamante_0003.ppm,0.970815,0.970815,0.000e0,1.000000
lfw,all,rgb,rgb/Cruz_Bustamante_0004.ppm,0.970770,0.970770,1.192e-7,1.000000
lfw,all,rgb,rgb/Cruz_Bustamante_0005.ppm,0.939103,0.939103,1.788e-7,1.000000
lfw,all,rgb,rgb/Cuba_Gooding_Jr_0001.ppm,0.938662,0.938662,1.192e-7,1.000000
lfw,all,rgb,rgb/Curt_Weldon_0001.ppm,0.898019,0.898019,1.192e-7,1.000000
lfw,all,rgb,rgb/Curtis_Joseph_0001.ppm,0.940752,0.940752,1.192e-7,1.000000
lfw,all,rgb,rgb/Curtis_Rodriguez_0001.ppm,0.972368,0.972368,0.000e0,1.000000
lfw,all,rgb,rgb/Curtis_Strange_0001.ppm,0.850557,0.850557,0.000e0,1.000000
lfw,all,rgb,rgb/Cyndi_Thompson_0001.ppm,0.963087,0.963087,0.000e0,1.000000
lfw,all,rgb,rgb/Cyndi_Thompson_0002.ppm,0.919976,0.919976,1.192e-7,0.999999
lfw,all,rgb,rgb/Cynthia_Nixon_0001.ppm,0.982894,0.982894,0.000e0,1.000000
lfw,all,rgb,rgb/Cynthia_Rowley_0001.ppm,0.945424,0.945424,1.192e-7,0.999999
lfw,all,rgb,rgb/DAngelo_Jimenez_0001.ppm,0.922433,0.922433,0.000e0,1.000000
lfw,all,rgb,rgb/Dagmar_Dunlevy_0001.ppm,0.934527,0.934527,1.192e-7,1.000000
lfw,all,rgb,rgb/Dai_Bachtiar_0001.ppm,0.970899,0.970899,0.000e0,1.000000
lfw,all,rgb,rgb/Dai_Bachtiar_0002.ppm,0.927007,0.927007,0.000e0,1.000000
lfw,all,rgb,rgb/Dai_Chul_Chyung_0001.ppm,0.937259,0.937259,1.192e-7,1.000000
lfw,all,rgb,rgb/Daisy_Fuentes_0001.ppm,0.928715,0.928715,1.192e-7,1.000000
lfw,all,rgb,rgb/Daisy_Fuentes_0002.ppm,0.932100,0.932100,0.000e0,1.000000
lfw,all,rgb,rgb/Daisy_Fuentes_0003.ppm,0.901886,0.901886,1.192e-7,1.000000
lfw,all,rgb,rgb/Daisy_Fuentes_0004.ppm,0.939249,0.939249,1.192e-7,1.000000
lfw,all,rgb,rgb/Daja_Bedanova_0001.ppm,0.915200,0.915200,5.960e-8,1.000000
lfw,all,rgb,rgb/Dalai_Lama_0001.ppm,0.903771,0.903771,0.000e0,0.999999
lfw,all,rgb,rgb/Dalai_Lama_0002.ppm,0.918085,0.918085,0.000e0,1.000000
lfw,all,rgb,rgb/Dale_Bosworth_0001.ppm,0.910029,0.910029,0.000e0,1.000000
lfw,all,rgb,rgb/Dale_Earnhardt_0001.ppm,0.928797,0.928796,1.192e-7,1.000000
lfw,all,rgb,rgb/Dale_Earnhardt_Jr_0001.ppm,0.953834,0.953834,1.192e-7,0.999999
lfw,all,rgb,rgb/Dale_Earnhardt_Jr_0002.ppm,0.941521,0.941521,0.000e0,1.000000
lfw,all,rgb,rgb/Dale_Earnhardt_Jr_0003.ppm,0.886043,0.886043,0.000e0,1.000000
lfw,all,rgb,rgb/Dale_Earnhardt_Jr_0004.ppm,0.935995,0.935995,5.960e-8,1.000000
lfw,all,rgb,rgb/Dalia_Rabin-Pelosoff_0001.ppm,0.947083,0.947083,1.192e-7,1.000000
lfw,all,rgb,rgb/Damarius_Bilbo_0001.ppm,0.903255,0.903255,1.788e-7,1.000000
lfw,all,rgb,rgb/Damon_Dash_0001.ppm,0.928622,0.928622,0.000e0,1.000000
lfw,all,rgb,rgb/Damon_Stoudamire_0001.ppm,0.957120,0.957120,0.000e0,0.999999
lfw,all,rgb,rgb/Damon_van_Dam_0001.ppm,0.956765,0.956765,0.000e0,1.000000
lfw,all,rgb,rgb/Damon_van_Dam_0002.ppm,0.939713,0.939713,0.000e0,1.000000
lfw,all,rgb,rgb/Dan_Ackroyd_0001.ppm,0.904250,0.904250,0.000e0,1.000000
lfw,all,rgb,rgb/Dan_Bartlett_0001.ppm,0.960262,0.960261,1.192e-7,1.000000
lfw,all,rgb,rgb/Dan_Boyle_0001.ppm,0.914839,0.914839,0.000e0,1.000000
lfw,all,rgb,rgb/Dan_Bylsma_0001.ppm,0.950265,0.950265,0.000e0,1.000000
lfw,all,rgb,rgb/Dan_Dickau_0001.ppm,0.959102,0.959102,0.000e0,1.000000
lfw,all,rgb,rgb/Dan_Duquette_0001.ppm,0.934405,0.934405,0.000e0,0.999999
lfw,all,rgb,rgb/Dan_Guerrero_0001.ppm,0.973643,0.973643,0.000e0,0.999999
lfw,all,rgb,rgb/Dan_Kellner_0001.ppm,0.939135,0.939135,0.000e0,0.999999
lfw,all,rgb,rgb/Dan_LaCoutre_0001.ppm,0.913236,0.913236,0.000e0,1.000000
lfw,all,rgb,rgb/Dan_Monson_0001.ppm,0.908422,0.908421,5.960e-8,1.000000
lfw,all,rgb,rgb/Dan_Morales_0001.ppm,0.908020,0.908020,5.960e-8,1.000000
lfw,all,rgb,rgb/Dan_Morales_0002.ppm,0.908970,0.908970,0.000e0,1.000000
lfw,all,rgb,rgb/Dan_Morales_0003.ppm,0.974643,0.974643,0.000e0,1.000000
lfw,all,rgb,rgb/Dan_Prinster_0001.ppm,0.922477,0.922477,0.000e0,1.000000
lfw,all,rgb,rgb/Dan_Quayle_0001.ppm,0.898202,0.898202,0.000e0,1.000000
lfw,all,rgb,rgb/Dan_Reeves_0001.ppm,0.904736,0.904736,0.000e0,1.000000
lfw,all,rgb,rgb/Dan_Snyder_0001.ppm,0.927667,0.927667,0.000e0,1.000000
lfw,all,rgb,rgb/Dan_Wheldon_0001.ppm,0.920904,0.920904,5.960e-8,1.000000
lfw,all,rgb,rgb/Dan_Wheldon_0002.ppm,0.982488,0.982488,0.000e0,1.000000
lfw,all,rgb,rgb/Dana_Vollmer_0001.ppm,0.933630,0.933630,2.384e-7,1.000000
lfw,all,rgb,rgb/Daniel_Barenboim_0001.ppm,0.917452,0.917452,0.000e0,1.000000
lfw,all,rgb,rgb/Daniel_Bruehl_0001.ppm,0.903413,0.903413,0.000e0,0.999999
lfw,all,rgb,rgb/Daniel_Chin_0001.ppm,0.908470,0.908470,0.000e0,1.000000
lfw,all,rgb,rgb/Daniel_Coats_0001.ppm,0.946754,0.946754,0.000e0,1.000000
lfw,all,rgb,rgb/Daniel_Comisso_Urdaneta_0001.ppm,0.913281,0.913281,0.000e0,1.000000
lfw,all,rgb,rgb/Daniel_Darnell_0001.ppm,0.935640,0.935640,0.000e0,1.000000
lfw,all,rgb,rgb/Daniel_Day-Lewis_0001.ppm,0.904096,0.904096,1.192e-7,0.999999
lfw,all,rgb,rgb/Daniel_Day-Lewis_0002.ppm,0.935971,0.935971,0.000e0,1.000000
lfw,all,rgb,rgb/Daniel_Day-Lewis_0003.ppm,0.936569,0.936569,0.000e0,1.000000
lfw,all,rgb,rgb/Daniel_Kurtzer_0001.ppm,0.943570,0.943570,1.192e-7,1.000000
lfw,all,rgb,rgb/Daniel_Montenegro_0001.ppm,0.908296,0.908296,0.000e0,1.000000
lfw,all,rgb,rgb/Daniel_Montgomery_0001.ppm,0.935955,0.935955,0.000e0,1.000000
lfw,all,rgb,rgb/Daniel_Ortega_0001.ppm,0.926655,0.926655,0.000e0,1.000000
lfw,all,rgb,rgb/Daniel_Osorno_0001.ppm,0.970182,0.970182,1.192e-7,1.000000
lfw,all,rgb,rgb/Daniel_Patrick_Moynihan_0001.ppm,0.941574,0.941574,1.192e-7,1.000000
lfw,all,rgb,rgb/Daniel_Pearl_0001.ppm,0.919061,0.919061,0.000e0,1.000000
lfw,all,rgb,rgb/Daniel_Radcliffe_0001.ppm,0.941690,0.941690,0.000e0,1.000000
lfw,all,rgb,rgb/Daniel_Radcliffe_0002.ppm,0.921335,0.921335,1.192e-7,1.000000
lfw,all,rgb,rgb/Daniel_Radcliffe_0003.ppm,0.928595,0.928595,0.000e0,1.000000
lfw,all,rgb,rgb/Daniel_Radcliffe_0004.ppm,0.941916,0.941916,0.000e0,1.000000
lfw,all,rgb,rgb/Daniel_Rouse_0001.ppm,0.949395,0.949395,0.000e0,1.000000
lfw,all,rgb,rgb/Daniel_Scioli_0001.ppm,0.904696,0.904696,0.000e0,1.000000
lfw,all,rgb,rgb/Daniel_Zelman_0001.ppm,0.924784,0.924784,0.000e0,1.000000
lfw,all,rgb,rgb/Daniela_Cicarelli_0001.ppm,0.909674,0.909674,0.000e0,1.000000
lfw,all,rgb,rgb/Daniela_Hantuchova_0001.ppm,0.957684,0.957684,1.192e-7,1.000000
lfw,all,rgb,rgb/Daniela_Hantuchova_0002.ppm,0.903639,0.903639,0.000e0,1.000000
lfw,all,rgb,rgb/Daniele_Bergamin_0001.ppm,0.969466,0.969466,0.000e0,1.000000
lfw,all,rgb,rgb/Daniele_Hypolito_0001.ppm,0.933224,0.933224,0.000e0,1.000000
lfw,all,rgb,rgb/Daniele_Nardello_0001.ppm,0.927308,0.927308,5.960e-8,0.999999
lfw,all,rgb,rgb/Daniell_Sunjata_0001.ppm,0.939648,0.939648,5.960e-8,1.000000
lfw,all,rgb,rgb/Danielle_Spencer_0001.ppm,0.926751,0.926751,0.000e0,1.000000
lfw,all,rgb,rgb/Danis_Tanovic_0001.ppm,0.927748,0.927748,0.000e0,1.000000
lfw,all,rgb,rgb/Danny_Ainge_0001.ppm,0.920958,0.920958,0.000e0,1.000000
lfw,all,rgb,rgb/Danny_Avalon_0001.ppm,0.944097,0.944097,0.000e0,1.000000
lfw,all,rgb,rgb/Danny_Elfman_0001.ppm,0.926842,0.926842,0.000e0,1.000000
lfw,all,rgb,rgb/Danny_Glover_0001.ppm,0.895164,0.895164,5.960e-8,1.000000
lfw,all,rgb,rgb/Danny_Green_0001.ppm,0.984762,0.984762,1.192e-7,1.000000
lfw,all,rgb,rgb/Danny_Morgan_0001.ppm,0.898867,0.898867,1.192e-7,1.000000
lfw,all,rgb,rgb/Dany_Heatley_0001.ppm,0.936854,0.936854,0.000e0,1.000000
lfw,all,rgb,rgb/Darcy_Regier_0001.ppm,0.855801,0.855801,5.960e-8,0.999999
lfw,all,rgb,rgb/Darin_Erstad_0001.ppm,0.912791,0.912791,0.000e0,1.000000
lfw,all,rgb,rgb/Dario_Camuffo_0001.ppm,0.861152,0.861152,5.960e-8,1.000000
lfw,all,rgb,rgb/Dario_Franchitti_0001.ppm,0.896143,0.896143,0.000e0,1.000000
lfw,all,rgb,rgb/Dariusz_Michalczewski_0001.ppm,0.905046,0.905046,0.000e0,1.000000
lfw,all,rgb,rgb/Darko_Milicic_0001.ppm,0.872690,0.872690,1.192e-7,1.000000
lfw,all,rgb,rgb/Darla_Moore_0001.ppm,0.970447,0.970447,0.000e0,0.999999
lfw,all,rgb,rgb/Darlene_Garrettson_0001.ppm,0.941411,0.941411,0.000e0,1.000000
lfw,all,rgb,rgb/Darrell_Dickey_0001.ppm,0.883600,0.883600,0.000e0,1.000000
lfw,all,rgb,rgb/Darrell_Issa_0001.ppm,0.909271,0.909271,0.000e0,1.000000
lfw,all,rgb,rgb/Darrell_Issa_0002.ppm,0.955677,0.955677,0.000e0,1.000000
lfw,all,rgb,rgb/Darrell_Porter_0001.ppm,0.917167,0.917167,0.000e0,1.000000
lfw,all,rgb,rgb/Darrell_Porter_0002.ppm,0.911365,0.911365,0.000e0,1.000000
lfw,all,rgb,rgb/Darrell_Royal_0001.ppm,0.913600,0.913600,1.192e-7,1.000000
lfw,all,rgb,rgb/Darren_Campel_0001.ppm,0.896308,0.896308,1.192e-7,1.000000
lfw,all,rgb,rgb/Darren_Clarke_0001.ppm,0.944541,0.944541,1.192e-7,1.000000
lfw,all,rgb,rgb/Darren_Clarke_0002.ppm,0.878969,0.878969,0.000e0,0.999999
lfw,all,rgb,rgb/Darryl_McDaniels_0001.ppm,0.960487,0.960487,0.000e0,1.000000
lfw,all,rgb,rgb/Darryl_Stingley_0001.ppm,0.949505,0.949505,0.000e0,1.000000
lfw,all,rgb,rgb/Darvis_Patton_0001.ppm,0.917708,0.917708,0.000e0,1.000000
lfw,all,rgb,rgb/Daryl_Hannah_0001.ppm,0.876287,0.876287,1.192e-7,0.999999
lfw,all,rgb,rgb/Daryl_Hannah_0002.ppm,0.935135,0.935135,0.000e0,1.000000
lfw,all,rgb,rgb/Daryl_Jones_0001.ppm,0.955880,0.955880,0.000e0,1.000000
lfw,all,rgb,rgb/Daryl_Parks_0001.ppm,0.962384,0.962384,1.192e-7,0.999999
lfw,all,rgb,rgb/Daryl_Sabara_0001.ppm,0.962306,0.962306,0.000e0,1.000000
lfw,all,rgb,rgb/Daryl_Smith_0001.ppm,0.944163,0.944163,0.000e0,1.000000
lfw,all,rgb,rgb/Dave_Barr_0001.ppm,0.932331,0.932331,0.000e0,1.000000
lfw,all,rgb,rgb/Dave_Campo_0001.ppm,0.915836,0.915835,1.192e-7,1.000000
lfw,all,rgb,rgb/Dave_Campo_0002.ppm,0.884874,0.884874,5.960e-8,1.000000
lfw,all,rgb,rgb/Dave_Campo_0003.ppm,0.911497,0.911497,1.192e-7,1.000000
lfw,all,rgb,rgb/Dave_Johnson_0001.ppm,0.943349,0.943349,0.000e0,1.000000
lfw,all,rgb,rgb/Dave_Lewis_0001.ppm,0.938136,0.938136,1.192e-7,1.000000
lfw,all,rgb,rgb/Dave_Matthews_0001.ppm,0.944723,0.944724,1.192e-7,1.000000
lfw,all,rgb,rgb/Dave_McGinnis_0001.ppm,0.953238,0.953237,1.192e-7,1.000000
lfw,all,rgb,rgb/Dave_McNally_0001.ppm,0.837761,0.837761,1.788e-7,1.000000
lfw,all,rgb,rgb/Dave_McNealey_0001.ppm,0.934890,0.934890,2.384e-7,0.999999
lfw,all,rgb,rgb/Dave_Odom_0001.ppm,0.918725,0.918725,0.000e0,1.000000
lfw,all,rgb,rgb/Dave_Potter_0001.ppm,0.905464,0.905464,0.000e0,1.000000
lfw,all,rgb,rgb/Dave_Ragone_0001.ppm,0.884061,0.884061,0.000e0,1.000000
lfw,all,rgb,rgb/Dave_Robertson_0001.ppm,0.924307,0.924307,1.192e-7,0.999999
lfw,all,rgb,rgb/Dave_Tucker_0001.ppm,0.941133,0.941133,0.000e0,1.000000
lfw,all,rgb,rgb/Dave_Wannstedt_0001.ppm,0.953117,0.953117,0.000e0,0.999999
lfw,all,rgb,rgb/Dave_Williams_0001.ppm,0.903036,0.903035,1.192e-7,1.000000
lfw,all,rgb,rgb/Davey_Johnson_0001.ppm,0.925583,0.925583,1.192e-7,1.000000
lfw,all,rgb,rgb/David_Alpay_0001.ppm,0.914389,0.914389,1.192e-7,1.000000
lfw,all,rgb,rgb/David_Anderson_0001.ppm,0.920859,0.920859,0.000e0,1.000000
lfw,all,rgb,rgb/David_Anderson_0002.ppm,0.912704,0.912704,5.960e-8,1.000000
lfw,all,rgb,rgb/David_Anderson_0003.ppm,0.911436,0.911436,0.000e0,1.000000
lfw,all,rgb,rgb/David_Anderson_0004.ppm,0.926456,0.926456,1.788e-7,1.000000
lfw,all,rgb,rgb/David_Anderson_0005.ppm,0.913139,0.913139,1.192e-7,1.000000
lfw,all,rgb,rgb/David_Arquette_0001.ppm,0.920496,0.920496,0.000e0,1.000000
lfw,all,rgb,rgb/David_Ballantyne_0001.ppm,0.934769,0.934769,0.000e0,1.000000
lfw,all,rgb,rgb/David_Beckham_0001.ppm,0.895570,0.895570,0.000e0,1.000000
lfw,all,rgb,rgb/David_Beckham_0002.ppm,0.906304,0.906304,5.960e-8,1.000000
lfw,all,rgb,rgb/David_Beckham_0003.ppm,0.902931,0.902931,0.000e0,1.000000
lfw,all,rgb,rgb/David_Beckham_0004.ppm,0.934286,0.934286,5.960e-8,1.000000
lfw,all,rgb,rgb/David_Beckham_0005.ppm,0.935354,0.935354,0.000e0,1.000000
lfw,all,rgb,rgb/David_Beckham_0006.ppm,0.948598,0.948597,1.192e-7,1.000000
lfw,all,rgb,rgb/David_Beckham_0007.ppm,0.909900,0.909900,0.000e0,1.000000
lfw,all,rgb,rgb/David_Beckham_0008.ppm,0.932658,0.932658,0.000e0,1.000000
lfw,all,rgb,rgb/David_Beckham_0009.ppm,0.946775,0.946775,0.000e0,1.000000
lfw,all,rgb,rgb/David_Beckham_0010.ppm,0.926684,0.926684,0.000e0,1.000000
lfw,all,rgb,rgb/David_Beckham_0011.ppm,0.943557,0.943557,1.192e-7,1.000000
lfw,all,rgb,rgb/David_Beckham_0012.ppm,0.953270,0.953270,1.192e-7,1.000000
lfw,all,rgb,rgb/David_Beckham_0013.ppm,0.935969,0.935969,1.192e-7,1.000000
lfw,all,rgb,rgb/David_Beckham_0014.ppm,0.947967,0.947967,0.000e0,1.000000
lfw,all,rgb,rgb/David_Beckham_0015.ppm,0.894879,0.894879,0.000e0,1.000000
lfw,all,rgb,rgb/David_Beckham_0016.ppm,0.951520,0.951521,1.192e-7,1.000000
lfw,all,rgb,rgb/David_Beckham_0017.ppm,0.909613,0.909613,1.192e-7,0.999999
lfw,all,rgb,rgb/David_Beckham_0018.ppm,0.887525,0.887525,0.000e0,1.000000
lfw,all,rgb,rgb/David_Beckham_0019.ppm,0.962248,0.962248,0.000e0,1.000000
lfw,all,rgb,rgb/David_Beckham_0020.ppm,0.913240,0.913240,0.000e0,1.000000
lfw,all,rgb,rgb/David_Beckham_0021.ppm,0.952065,0.952065,0.000e0,1.000000
lfw,all,rgb,rgb/David_Beckham_0022.ppm,0.936653,0.936653,0.000e0,1.000000
lfw,all,rgb,rgb/David_Beckham_0023.ppm,0.939989,0.939989,1.192e-7,1.000000
lfw,all,rgb,rgb/David_Beckham_0024.ppm,0.904169,0.904169,1.192e-7,1.000000
lfw,all,rgb,rgb/David_Beckham_0025.ppm,0.954784,0.954784,1.192e-7,1.000000
lfw,all,rgb,rgb/David_Beckham_0026.ppm,0.962433,0.962433,1.192e-7,1.000000
lfw,all,rgb,rgb/David_Beckham_0027.ppm,0.955197,0.955197,1.192e-7,1.000000
lfw,all,rgb,rgb/David_Beckham_0028.ppm,0.924549,0.924549,0.000e0,1.000000
lfw,all,rgb,rgb/David_Beckham_0029.ppm,0.957251,0.957251,1.192e-7,1.000000
lfw,all,rgb,rgb/David_Beckham_0030.ppm,0.937530,0.937530,0.000e0,1.000000
lfw,all,rgb,rgb/David_Beckham_0031.ppm,0.951357,0.951357,1.192e-7,1.000000
lfw,all,rgb,rgb/David_Bell_0001.ppm,0.951574,0.951574,0.000e0,1.000000
lfw,all,rgb,rgb/David_Bell_0002.ppm,0.905398,0.905398,0.000e0,1.000000
lfw,all,rgb,rgb/David_Bisbal_0001.ppm,0.881869,0.881869,0.000e0,1.000000
lfw,all,rgb,rgb/David_Blaine_0001.ppm,0.954683,0.954683,1.192e-7,1.000000
lfw,all,rgb,rgb/David_Bowie_0001.ppm,0.941269,0.941269,0.000e0,0.999999
lfw,all,rgb,rgb/David_Braley_0001.ppm,0.928431,0.928431,0.000e0,1.000000
lfw,all,rgb,rgb/David_Brent_0001.ppm,0.933145,0.933145,0.000e0,1.000000
lfw,all,rgb,rgb/David_Brinkley_0001.ppm,0.946355,0.946355,0.000e0,1.000000
lfw,all,rgb,rgb/David_Brown_0001.ppm,0.946099,0.946099,0.000e0,0.999999
lfw,all,rgb,rgb/David_Canary_0001.ppm,0.909537,0.909537,0.000e0,1.000000
lfw,all,rgb,rgb/David_Caraway_0001.ppm,0.926743,0.926743,0.000e0,1.000000
lfw,all,rgb,rgb/David_Caraway_0002.ppm,0.901512,0.901512,5.960e-8,1.000000
lfw,all,rgb,rgb/David_Carradine_0001.ppm,0.925604,0.925604,0.000e0,1.000000
lfw,all,rgb,rgb/David_Caruso_0001.ppm,0.948812,0.948812,1.192e-7,1.000000
lfw,all,rgb,rgb/David_Caruso_0002.ppm,0.933081,0.933081,1.192e-7,1.000000
lfw,all,rgb,rgb/David_Caruso_0003.ppm,0.928744,0.928744,1.192e-7,1.000000
lfw,all,rgb,rgb/David_Chase_0001.ppm,0.946291,0.946291,0.000e0,1.000000
lfw,all,rgb,rgb/David_Collenette_0001.ppm,0.958665,0.958665,0.000e0,1.000000
lfw,all,rgb,rgb/David_Coulthard_0001.ppm,0.915722,0.915722,0.000e0,1.000000
lfw,all,rgb,rgb/David_Coulthard_0002.ppm,0.958027,0.958027,1.192e-7,1.000000
lfw,all,rgb,rgb/David_Dewayne_Williams_0001.ppm,0.865560,0.865561,1.192e-7,1.000000
lfw,all,rgb,rgb/David_Dewhurst_0001.ppm,0.938959,0.938959,0.000e0,1.000000
lfw,all,rgb,rgb/David_Dodge_0001.ppm,0.935749,0.935749,1.192e-7,1.000000
lfw,all,rgb,rgb/David_Dodge_0002.ppm,0.933207,0.933207,5.960e-8,1.000000
lfw,all,rgb,rgb/David_Donohue_0001.ppm,0.921126,0.921126,0.000e0,1.000000
lfw,all,rgb,rgb/David_Dorfman_0001.ppm,0.932090,0.932090,1.192e-7,1.000000
lfw,all,rgb,rgb/David_Duke_0001.ppm,0.952711,0.952711,1.192e-7,1.000000
lfw,all,rgb,rgb/David_Duval_0001.ppm,0.928820,0.928819,1.192e-7,1.000000
lfw,all,rgb,rgb/David_Eldon_0001.ppm,0.921759,0.921759,0.000e0,1.000000
lfw,all,rgb,rgb/David_Gest_0001.ppm,0.940184,0.940184,0.000e0,1.000000
lfw,all,rgb,rgb/David_Glenn_0001.ppm,0.956160,0.956160,1.192e-7,0.999999
lfw,all,rgb,rgb/David_Hannay_0001.ppm,0.935499,0.935499,5.960e-8,1.000000
lfw,all,rgb,rgb/David_Hanson_0001.ppm,0.955480,0.955480,0.000e0,1.000000
lfw,all,rgb,rgb/David_Hasselhoff_0001.ppm,0.902493,0.902493,0.000e0,1.000000
lfw,all,rgb,rgb/David_Heyman_0001.ppm,0.940242,0.940242,0.000e0,0.999999
lfw,all,rgb,rgb/David_Heyman_0002.ppm,0.945250,0.945250,0.000e0,1.000000
lfw,all,rgb,rgb/David_Heymann_0001.ppm,0.943793,0.943793,0.000e0,1.000000
lfw,all,rgb,rgb/David_Heymann_0002.ppm,0.947760,0.947760,1.192e-7,1.000000
lfw,all,rgb,rgb/David_Heymann_0003.ppm,0.842845,0.842845,0.000e0,1.000000
lfw,all,rgb,rgb/David_Heymann_0004.ppm,0.952243,0.952243,0.000e0,1.000000
lfw,all,rgb,rgb/David_Heymann_0005.ppm,0.932977,0.932977,1.192e-7,1.000000
lfw,all,rgb,rgb/David_Hilt_0001.ppm,0.954475,0.954475,5.960e-8,1.000000
lfw,all,rgb,rgb/David_Ho_0001.ppm,0.908506,0.908506,5.960e-8,1.000000
lfw,all,rgb,rgb/David_Howard_0001.ppm,0.915374,0.915374,1.192e-7,0.999999
lfw,all,rgb,rgb/David_Hyde_Pierce_0001.ppm,0.940300,0.940300,1.192e-7,1.000000
lfw,all,rgb,rgb/David_Hyde_Pierce_0002.ppm,0.954910,0.954910,0.000e0,0.999999
lfw,all,rgb,rgb/David_Hyde_Pierce_0003.ppm,0.913976,0.913976,5.960e-8,1.000000
lfw,all,rgb,rgb/David_Hyde_Pierce_0004.ppm,0.926445,0.926445,0.000e0,1.000000
lfw,all,rgb,rgb/David_Kelley_0001.ppm,0.885652,0.885652,5.960e-8,0.999999
lfw,all,rgb,rgb/David_Kelley_0002.ppm,0.920238,0.920238,5.960e-8,1.000000
lfw,all,rgb,rgb/David_Kelly_0001.ppm,0.880839,0.880839,1.192e-7,1.000000
lfw,all,rgb,rgb/David_Leahy_0001.ppm,0.893216,0.893216,5.960e-8,1.000000
lfw,all,rgb,rgb/David_Leahy_0002.ppm,0.945467,0.945467,0.000e0,1.000000
lfw,all,rgb,rgb/David_McCallum_0001.ppm,0.932126,0.932126,1.192e-7,1.000000
lfw,all,rgb,rgb/David_McCullough_0001.ppm,0.914437,0.914437,0.000e0,1.000000
lfw,all,rgb,rgb/David_McKiernan_0001.ppm,0.912798,0.912798,0.000e0,1.000000
lfw,all,rgb,rgb/David_Millar_0001.ppm,0.924774,0.924774,1.192e-7,1.000000
lfw,all,rgb,rgb/David_Modell_0001.ppm,0.948732,0.948732,1.192e-7,1.000000
lfw,all,rgb,rgb/David_Montoya_0001.ppm,0.959711,0.959711,1.192e-7,1.000000
lfw,all,rgb,rgb/David_Myers_0001.ppm,0.944489,0.944490,1.192e-7,1.000000
lfw,all,rgb,rgb/David_Myers_0002.ppm,0.919245,0.919245,1.192e-7,1.000000
lfw,all,rgb,rgb/David_Nalbandian_0001.ppm,0.919824,0.919824,1.192e-7,1.000000
lfw,all,rgb,rgb/David_Nalbandian_0002.ppm,0.907319,0.907319,0.000e0,0.999999
lfw,all,rgb,rgb/David_Nalbandian_0003.ppm,0.925137,0.925137,0.000e0,1.000000
lfw,all,rgb,rgb/David_Nalbandian_0004.ppm,0.946740,0.946740,1.192e-7,1.000000
lfw,all,rgb,rgb/David_Nalbandian_0005.ppm,0.903532,0.903532,0.000e0,1.000000
lfw,all,rgb,rgb/David_Nalbandian_0006.ppm,0.917065,0.917065,5.960e-8,0.999999
lfw,all,rgb,rgb/David_Nalbandian_0007.ppm,0.945821,0.945821,0.000e0,1.000000
lfw,all,rgb,rgb/David_Nalbandian_0008.ppm,0.906908,0.906908,0.000e0,1.000000
lfw,all,rgb,rgb/David_Nalbandian_0009.ppm,0.892182,0.892182,1.192e-7,0.999999
lfw,all,rgb,rgb/David_Nalbandian_0010.ppm,0.938406,0.938406,1.192e-7,1.000000
lfw,all,rgb,rgb/David_Nalbandian_0011.ppm,0.917801,0.917801,0.000e0,1.000000
lfw,all,rgb,rgb/David_Nalbandian_0012.ppm,0.931547,0.931547,1.192e-7,1.000000
lfw,all,rgb,rgb/David_Nalbandian_0013.ppm,0.937777,0.937777,0.000e0,1.000000
lfw,all,rgb,rgb/David_Nalbandian_0014.ppm,0.956882,0.956882,0.000e0,1.000000
lfw,all,rgb,rgb/David_Obey_0001.ppm,0.857931,0.857931,0.000e0,1.000000
lfw,all,rgb,rgb/David_Oh_0001.ppm,0.885637,0.885637,2.384e-7,1.000000
lfw,all,rgb,rgb/David_Provost_0001.ppm,0.961691,0.961691,0.000e0,1.000000
lfw,all,rgb,rgb/David_Przybyszewski_0001.ppm,0.933661,0.933661,5.960e-8,0.999999
lfw,all,rgb,rgb/David_Rivkin_Jr_0001.ppm,0.973251,0.973251,0.000e0,1.000000
lfw,all,rgb,rgb/David_Scott_Morris_0001.ppm,0.902278,0.902278,0.000e0,1.000000
lfw,all,rgb,rgb/David_Shayler_0001.ppm,0.952345,0.952345,0.000e0,1.000000
lfw,all,rgb,rgb/David_Sibleyk_0001.ppm,0.919765,0.919765,1.788e-7,1.000000
lfw,all,rgb,rgb/David_Siegel_0001.ppm,0.921889,0.921889,1.192e-7,1.000000
lfw,all,rgb,rgb/David_Sousa_0001.ppm,0.900439,0.900439,0.000e0,1.000000
lfw,all,rgb,rgb/David_Spade_0001.ppm,0.961839,0.961839,0.000e0,1.000000
lfw,all,rgb,rgb/David_Spade_0002.ppm,0.930307,0.930307,0.000e0,1.000000
lfw,all,rgb,rgb/David_Stern_0001.ppm,0.894615,0.894615,0.000e0,1.000000
lfw,all,rgb,rgb/David_Stern_0002.ppm,0.878130,0.878130,0.000e0,1.000000
lfw,all,rgb,rgb/David_Stern_0003.ppm,0.947455,0.947454,5.960e-8,1.000000
lfw,all,rgb,rgb/David_Stern_0004.ppm,0.893279,0.893279,0.000e0,1.000000
lfw,all,rgb,rgb/David_Suazo_0001.ppm,0.949475,0.949475,0.000e0,1.000000
lfw,all,rgb,rgb/David_Surrett_0001.ppm,0.863500,0.863500,5.960e-8,1.000000
lfw,all,rgb,rgb/David_Tornberg_0001.ppm,0.959261,0.959261,0.000e0,1.000000
lfw,all,rgb,rgb/David_Trimble_0001.ppm,0.938591,0.938591,0.000e0,1.000000
lfw,all,rgb,rgb/David_Trimble_0002.ppm,0.921061,0.921061,1.192e-7,1.000000
lfw,all,rgb,rgb/David_Trimble_0003.ppm,0.940896,0.940896,0.000e0,1.000000
lfw,all,rgb,rgb/David_Trimble_0004.ppm,0.930775,0.930775,0.000e0,1.000000
lfw,all,rgb,rgb/David_Trimble_0005.ppm,0.901564,0.901564,0.000e0,1.000000
lfw,all,rgb,rgb/David_Welch_0001.ppm,0.915805,0.915805,0.000e0,1.000000
lfw,all,rgb,rgb/David_Wells_0001.ppm,0.917156,0.917156,5.960e-8,1.000000
lfw,all,rgb,rgb/David_Wells_0002.ppm,0.966449,0.966449,0.000e0,1.000000
lfw,all,rgb,rgb/David_Wells_0003.ppm,0.877972,0.877972,5.960e-8,1.000000
lfw,all,rgb,rgb/David_Wells_0004.ppm,0.910541,0.910541,0.000e0,1.000000
lfw,all,rgb,rgb/David_Wells_0005.ppm,0.907462,0.907462,0.000e0,1.000000
lfw,all,rgb,rgb/David_Wells_0006.ppm,0.908877,0.908877,0.000e0,1.000000
lfw,all,rgb,rgb/David_Wells_0007.ppm,0.894103,0.894103,0.000e0,1.000000
lfw,all,rgb,rgb/David_Westerfield_0001.ppm,0.953630,0.953630,0.000e0,1.000000
lfw,all,rgb,rgb/David_Wolf_0001.ppm,0.880029,0.880029,0.000e0,1.000000
lfw,all,rgb,rgb/David_Wolf_0002.ppm,0.909611,0.909611,0.000e0,1.000000
lfw,all,rgb,rgb/David_Zeplowitz_0001.ppm,0.898229,0.898229,0.000e0,1.000000
lfw,all,rgb,rgb/Davis_Love_III_0001.ppm,0.900212,0.900212,0.000e0,1.000000
lfw,all,rgb,rgb/Dawn_Staley_0001.ppm,0.798365,0.798365,5.960e-8,1.000000
lfw,all,rgb,rgb/Dawna_LoPiccolo_0001.ppm,0.928275,0.928275,0.000e0,1.000000
lfw,all,rgb,rgb/Dean_Barker_0001.ppm,0.945949,0.945949,0.000e0,1.000000
lfw,all,rgb,rgb/Dean_Barkley_0001.ppm,0.923666,0.923666,0.000e0,1.000000
lfw,all,rgb,rgb/Dean_Barkley_0002.ppm,0.927651,0.927651,1.192e-7,1.000000
lfw,all,rgb,rgb/Dean_Barkley_0003.ppm,0.942742,0.942742,0.000e0,1.000000
lfw,all,rgb,rgb/Dean_Barkley_0004.ppm,0.934516,0.934516,0.000e0,0.999999
lfw,all,rgb,rgb/Dean_Jacek_0001.ppm,0.943435,0.943435,0.000e0,1.000000
lfw,all,rgb,rgb/Dean_Sheremet_0001.ppm,0.951919,0.951919,0.000e0,0.999999
lfw,all,rgb,rgb/Deb_Santos_0001.ppm,0.928369,0.928369,0.000e0,0.999999
lfw,all,rgb,rgb/Debbie_Allen_0001.ppm,0.921683,0.921683,5.960e-8,1.000000
lfw,all,rgb,rgb/Debbie_Reynolds_0001.ppm,0.937169,0.937169,0.000e0,1.000000
lfw,all,rgb,rgb/Debbie_Reynolds_0002.ppm,0.952067,0.952067,1.192e-7,1.000000
lfw,all,rgb,rgb/Debbie_Reynolds_0003.ppm,0.928726,0.928726,5.960e-8,1.000000
lfw,all,rgb,rgb/Debbie_Reynolds_0004.ppm,0.950008,0.950008,0.000e0,1.000000
lfw,all,rgb,rgb/Debra_Brown_0001.ppm,0.941777,0.941777,0.000e0,1.000000
lfw,all,rgb,rgb/Debra_Brown_0002.ppm,0.922584,0.922584,5.960e-8,1.000000
lfw,all,rgb,rgb/Debra_Messing_0001.ppm,0.946984,0.946984,0.000e0,1.000000
lfw,all,rgb,rgb/Debra_Messing_0002.ppm,0.920702,0.920702,1.192e-7,1.000000
lfw,all,rgb,rgb/Debra_Messing_0003.ppm,0.920220,0.920220,0.000e0,1.000000
lfw,all,rgb,rgb/Debra_Rose_0001.ppm,0.931752,0.931752,0.000e0,1.000000
lfw,all,rgb,rgb/Debra_Shank_0001.ppm,0.896322,0.896322,1.192e-7,1.000000
lfw,all,rgb,rgb/Debra_Yang_0001.ppm,0.952743,0.952743,5.960e-8,1.000000
lfw,all,rgb,rgb/Deece_Eckstein_0001.ppm,0.940174,0.940174,0.000e0,1.000000
lfw,all,rgb,rgb/Deena_Burnett_0001.ppm,0.939587,0.939587,0.000e0,1.000000
lfw,all,rgb,rgb/Deepa_Mehta_0001.ppm,0.895650,0.895650,0.000e0,1.000000
lfw,all,rgb,rgb/Della_Clara_0001.ppm,0.947024,0.947024,0.000e0,1.000000
lfw,all,rgb,rgb/Delphine_Chuillot_0001.ppm,0.931840,0.931840,0.000e0,1.000000
lfw,all,rgb,rgb/Demetrin_Veal_0001.ppm,0.963027,0.963027,0.000e0,1.000000
lfw,all,rgb,rgb/Demetrius_Ferraciu_0001.ppm,0.923138,0.923138,1.192e-7,0.999999
lfw,all,rgb,rgb/Demetrius_Ferraciu_0002.ppm,0.942261,0.942261,0.000e0,0.999999
lfw,all,rgb,rgb/Demi_Moore_0001.ppm,0.952136,0.952136,1.192e-7,1.000000
lfw,all,rgb,rgb/Demi_Moore_0002.ppm,0.942391,0.942391,0.000e0,1.000000
lfw,all,rgb,rgb/Demi_Moore_0003.ppm,0.908310,0.908310,0.000e0,1.000000
lfw,all,rgb,rgb/Demi_Moore_0004.ppm,0.966369,0.966369,0.000e0,1.000000
lfw,all,rgb,rgb/Denis_Coderre_0001.ppm,0.886250,0.886250,5.960e-8,0.999999
lfw,all,rgb,rgb/Denis_Fassou-Nguesso_0001.ppm,0.863669,0.863669,1.192e-7,1.000000
lfw,all,rgb,rgb/Denise_Johnson_0001.ppm,0.915717,0.915717,0.000e0,1.000000
lfw,all,rgb,rgb/Denise_Johnson_0002.ppm,0.949275,0.949275,0.000e0,1.000000
lfw,all,rgb,rgb/Denise_Locke_0001.ppm,0.935994,0.935994,5.960e-8,1.000000
lfw,all,rgb,rgb/Denise_van_Outen_0001.ppm,0.943437,0.943437,0.000e0,0.999999
lfw,all,rgb,rgb/Deniz_Baykal_0001.ppm,0.964084,0.964084,0.000e0,1.000000
lfw,all,rgb,rgb/Dennis_Archer_0001.ppm,0.902636,0.902636,0.000e0,1.000000
lfw,all,rgb,rgb/Dennis_Erickson_0001.ppm,0.928729,0.928729,0.000e0,0.999999
lfw,all,rgb,rgb/Dennis_Erickson_0002.ppm,0.926086,0.926086,0.000e0,1.000000
lfw,all,rgb,rgb/Dennis_Franchione_0001.ppm,0.917799,0.917799,0.000e0,1.000000
lfw,all,rgb,rgb/Dennis_Hastert_0001.ppm,0.929143,0.929143,1.192e-7,1.000000
lfw,all,rgb,rgb/Dennis_Hastert_0002.ppm,0.922251,0.922251,5.960e-8,1.000000
lfw,all,rgb,rgb/Dennis_Hastert_0003.ppm,0.943218,0.943218,5.960e-8,1.000000
lfw,all,rgb,rgb/Dennis_Hastert_0004.ppm,0.929179,0.929179,0.000e0,1.000000
lfw,all,rgb,rgb/Dennis_Hastert_0005.ppm,0.947444,0.947444,0.000e0,0.999999
lfw,all,rgb,rgb/Dennis_Hastert_0006.ppm,0.890997,0.890997,1.192e-7,1.000000
lfw,all,rgb,rgb/Dennis_Johnson_0001.ppm,0.883983,0.883983,1.788e-7,1.000000
lfw,all,rgb,rgb/Dennis_Kozlowski_0001.ppm,0.927397,0.927397,5.960e-8,0.999999
lfw,all,rgb,rgb/Dennis_Kozlowski_0002.ppm,0.927005,0.927006,1.192e-7,1.000000
lfw,all,rgb,rgb/Dennis_Kucinich_0001.ppm,0.926481,0.926481,5.960e-8,1.000000
lfw,all,rgb,rgb/Dennis_Kucinich_0002.ppm,0.883954,0.883953,1.192e-7,1.000000
lfw,all,rgb,rgb/Dennis_Kucinich_0003.ppm,0.943167,0.943167,0.000e0,1.000000
lfw,all,rgb,rgb/Dennis_Kucinich_0004.ppm,0.914100,0.914100,5.960e-8,1.000000
lfw,all,rgb,rgb/Dennis_Kucinich_0005.ppm,0.949788,0.949788,0.000e0,1.000000
lfw,all,rgb,rgb/Dennis_Kucinich_0006.ppm,0.921995,0.921995,0.000e0,0.999999
lfw,all,rgb,rgb/Dennis_Kucinich_0007.ppm,0.925891,0.925891,0.000e0,1.000000
lfw,all,rgb,rgb/Dennis_Miller_0001.ppm,0.913389,0.913389,0.000e0,1.000000
lfw,all,rgb,rgb/Dennis_Oswald_0001.ppm,0.913667,0.913667,0.000e0,1.000000
lfw,all,rgb,rgb/Dennis_Powell_0001.ppm,0.928345,0.928345,5.960e-8,1.000000
lfw,all,rgb,rgb/Dennis_Powell_0002.ppm,0.915538,0.915538,0.000e0,1.000000
lfw,all,rgb,rgb/Denys_Arcand_0001.ppm,0.909875,0.909875,1.192e-7,1.000000
lfw,all,rgb,rgb/Denzel_Washington_0001.ppm,0.922645,0.922644,1.788e-7,1.000000
lfw,all,rgb,rgb/Denzel_Washington_0002.ppm,0.967310,0.967310,0.000e0,1.000000
lfw,all,rgb,rgb/Denzel_Washington_0003.ppm,0.931033,0.931033,1.192e-7,1.000000
lfw,all,rgb,rgb/Denzel_Washington_0004.ppm,0.936432,0.936432,0.000e0,1.000000
lfw,all,rgb,rgb/Denzel_Washington_0005.ppm,0.916034,0.916034,5.960e-8,1.000000
lfw,all,rgb,rgb/Dereck_Whittenburg_0001.ppm,0.926243,0.926243,1.192e-7,1.000000
lfw,all,rgb,rgb/Derek_Abney_0001.ppm,0.959813,0.959813,0.000e0,1.000000
lfw,all,rgb,rgb/Derek_Bond_0001.ppm,0.896912,0.896912,1.192e-7,0.999999
lfw,all,rgb,rgb/Derek_Jeter_0001.ppm,0.952156,0.952156,0.000e0,1.000000
lfw,all,rgb,rgb/Derek_Jeter_0002.ppm,0.928523,0.928523,0.000e0,1.000000
lfw,all,rgb,rgb/Derek_Jeter_0003.ppm,0.920531,0.920532,1.192e-7,0.999999
lfw,all,rgb,rgb/Derek_Jeter_0004.ppm,0.927314,0.927314,0.000e0,1.000000
lfw,all,rgb,rgb/Derek_King_0001.ppm,0.941935,0.941935,0.000e0,1.000000
lfw,all,rgb,rgb/Derek_Lowe_0001.ppm,0.912889,0.912889,0.000e0,1.000000
lfw,all,rgb,rgb/Derek_Lowe_0002.ppm,0.947974,0.947974,0.000e0,1.000000
lfw,all,rgb,rgb/Derek_Parra_0001.ppm,0.916511,0.916511,0.000e0,1.000000
lfw,all,rgb,rgb/Derian_Hatcher_0001.ppm,0.918911,0.918911,1.192e-7,1.000000
lfw,all,rgb,rgb/Derrick_Battie_0001.ppm,0.933065,0.933065,1.788e-7,1.000000
lfw,all,rgb,rgb/Derrick_Rodgers_0001.ppm,0.917221,0.917221,1.192e-7,1.000000
lfw,all,rgb,rgb/Derrick_Taylor_0001.ppm,0.924310,0.924310,0.000e0,1.000000
lfw,all,rgb,rgb/Des_Brown_0001.ppm,0.913003,0.913003,0.000e0,1.000000
lfw,all,rgb,rgb/Desiree_Lemosi_0001.ppm,0.963135,0.963135,0.000e0,1.000000
lfw,all,rgb,rgb/Desiree_Lemosi_0002.ppm,0.934873,0.934873,0.000e0,1.000000
lfw,all,rgb,rgb/Desiree_McKenzie_0001.ppm,0.905906,0.905906,0.000e0,1.000000
lfw,all,rgb,rgb/Desmon_Farmer_0001.ppm,0.893438,0.893438,0.000e0,1.000000
lfw,all,rgb,rgb/Devin_Harris_0001.ppm,0.918421,0.918421,1.192e-7,1.000000
lfw,all,rgb,rgb/Dewayne_White_0001.ppm,0.916530,0.916530,0.000e0,1.000000
lfw,all,rgb,rgb/Dexter_Jackson_0001.ppm,0.948630,0.948630,1.192e-7,1.000000
lfw,all,rgb,rgb/Dexter_Jackson_0002.ppm,0.938441,0.938441,0.000e0,0.999999
lfw,all,rgb,rgb/Diana_Krall_0001.ppm,0.914819,0.914819,0.000e0,1.000000
lfw,all,rgb,rgb/Diana_Krall_0002.ppm,0.914094,0.914094,0.000e0,1.000000
lfw,all,rgb,rgb/Diana_Krall_0003.ppm,0.927477,0.927477,0.000e0,1.000000
lfw,all,rgb,rgb/Diana_Krall_0004.ppm,0.867389,0.867389,5.960e-8,1.000000
lfw,all,rgb,rgb/Diana_Krall_0005.ppm,0.912678,0.912678,1.192e-7,1.000000
lfw,all,rgb,rgb/Diana_Krall_0006.ppm,0.953391,0.953391,0.000e0,1.000000
lfw,all,rgb,rgb/Diana_Munz_0001.ppm,0.951431,0.951431,0.000e0,1.000000
lfw,all,rgb,rgb/Diana_Munz_0002.ppm,0.908532,0.908532,0.000e0,1.000000
lfw,all,rgb,rgb/Diana_Munz_0003.ppm,0.951490,0.951490,0.000e0,1.000000
lfw,all,rgb,rgb/Diana_Renee_Valdivieso_Dubon_0001.ppm,0.985081,0.985081,0.000e0,1.000000
lfw,all,rgb,rgb/Diana_Ross_0001.ppm,0.951827,0.951827,0.000e0,1.000000
lfw,all,rgb,rgb/Diana_Silvius_0001.ppm,0.953736,0.953737,1.192e-7,1.000000
lfw,all,rgb,rgb/Diana_Taurasi_0001.ppm,0.831841,0.831841,0.000e0,0.999999
lfw,all,rgb,rgb/Diana_Taurasi_0002.ppm,0.958787,0.958786,1.192e-7,1.000000
lfw,all,rgb,rgb/Diana_Taylor_0001.ppm,0.918815,0.918815,0.000e0,1.000000
lfw,all,rgb,rgb/Diane_Green_0001.ppm,0.942475,0.942475,1.192e-7,1.000000
lfw,all,rgb,rgb/Diane_Green_0002.ppm,0.916307,0.916307,0.000e0,1.000000
lfw,all,rgb,rgb/Diane_Ladd_0001.ppm,0.908827,0.908827,0.000e0,0.999999
lfw,all,rgb,rgb/Diane_Lane_0001.ppm,0.955048,0.955048,0.000e0,1.000000
lfw,all,rgb,rgb/Dianne_Feinstein_0001.ppm,0.940033,0.940033,1.192e-7,1.000000
lfw,all,rgb,rgb/Dianne_Feinstein_0002.ppm,0.956628,0.956628,0.000e0,1.000000
lfw,all,rgb,rgb/Dianne_Feinstein_0003.ppm,0.933310,0.933310,0.000e0,1.000000
lfw,all,rgb,rgb/Dianne_Reeves_0001.ppm,0.926452,0.926452,0.000e0,1.000000
lfw,all,rgb,rgb/Dick_Armey_0001.ppm,0.894297,0.894297,5.960e-8,1.000000
lfw,all,rgb,rgb/Dick_Bennett_0001.ppm,0.924046,0.924046,0.000e0,1.000000
lfw,all,rgb,rgb/Dick_Cheney_0001.ppm,0.914546,0.914546,0.000e0,1.000000
lfw,all,rgb,rgb/Dick_Cheney_0002.ppm,0.915058,0.915058,0.000e0,1.000000
lfw,all,rgb,rgb/Dick_Cheney_0003.ppm,0.927760,0.927760,0.000e0,1.000000
lfw,all,rgb,rgb/Dick_Cheney_0004.ppm,0.955213,0.955213,0.000e0,1.000000
lfw,all,rgb,rgb/Dick_Cheney_0005.ppm,0.901657,0.901657,5.960e-8,1.000000
lfw,all,rgb,rgb/Dick_Cheney_0006.ppm,0.922179,0.922179,1.192e-7,1.000000
lfw,all,rgb,rgb/Dick_Cheney_0007.ppm,0.924589,0.924588,1.192e-7,1.000000
lfw,all,rgb,rgb/Dick_Cheney_0008.ppm,0.932333,0.932333,1.192e-7,1.000000
lfw,all,rgb,rgb/Dick_Cheney_0009.ppm,0.908491,0.908491,0.000e0,1.000000
lfw,all,rgb,rgb/Dick_Cheney_0010.ppm,0.918660,0.918660,0.000e0,0.999999
lfw,all,rgb,rgb/Dick_Cheney_0011.ppm,0.938753,0.938753,5.960e-8,1.000000
lfw,all,rgb,rgb/Dick_Cheney_0012.ppm,0.916097,0.916097,0.000e0,1.000000
lfw,all,rgb,rgb/Dick_Cheney_0013.ppm,0.957847,0.957847,5.960e-8,1.000000
lfw,all,rgb,rgb/Dick_Cheney_0014.ppm,0.925628,0.925628,0.000e0,1.000000
lfw,all,rgb,rgb/Dick_Clark_0001.ppm,0.932869,0.932869,1.192e-7,0.999999
lfw,all,rgb,rgb/Dick_Clark_0002.ppm,0.951044,0.951044,0.000e0,1.000000
lfw,all,rgb,rgb/Dick_Clark_0003.ppm,0.940338,0.940338,5.960e-8,1.000000
lfw,all,rgb,rgb/Dick_Devine_0001.ppm,0.916684,0.916684,0.000e0,1.000000
lfw,all,rgb,rgb/Dick_Jauron_0001.ppm,0.949082,0.949082,5.960e-8,1.000000
lfw,all,rgb,rgb/Dick_Latessa_0001.ppm,0.919998,0.919998,0.000e0,1.000000
lfw,all,rgb,rgb/Dick_Latessa_0002.ppm,0.891978,0.891978,0.000e0,1.000000
lfw,all,rgb,rgb/Dick_Posthumus_0001.ppm,0.922249,0.922249,0.000e0,1.000000
lfw,all,rgb,rgb/Dick_Smothers_0001.ppm,0.932257,0.932257,0.000e0,1.000000
lfw,all,rgb,rgb/Dick_Vermeil_0001.ppm,0.855562,0.855562,5.960e-8,1.000000
lfw,all,rgb,rgb/Dick_Vermeil_0002.ppm,0.920087,0.920087,0.000e0,1.000000
lfw,all,rgb,rgb/Didier_Defago_0001.ppm,0.830122,0.830122,1.192e-7,1.000000
lfw,all,rgb,rgb/Diego_Armando_Maradona_0001.ppm,0.898941,0.898941,0.000e0,1.000000
lfw,all,rgb,rgb/Diego_Colorado_0001.ppm,0.983671,0.983671,1.192e-7,1.000000
lfw,all,rgb,rgb/Diego_Diego_Lerman_0001.ppm,0.948407,0.948407,0.000e0,1.000000
lfw,all,rgb,rgb/Dieter_Holzer_0001.ppm,0.948959,0.948960,1.192e-7,1.000000
lfw,all,rgb,rgb/Dieter_Zetsche_0001.ppm,0.902393,0.902393,0.000e0,0.999999
lfw,all,rgb,rgb/Dimitar_Berbatov_0001.ppm,0.964140,0.964140,1.192e-7,1.000000
lfw,all,rgb,rgb/Dimitri_Perricos_0001.ppm,0.945631,0.945631,1.192e-7,1.000000
lfw,all,rgb,rgb/Din_Samsudin_0001.ppm,0.963283,0.963283,0.000e0,0.999999
lfw,all,rgb,rgb/Dinah_Turner_0001.ppm,0.936438,0.936438,5.960e-8,1.000000
lfw,all,rgb,rgb/Dino_Risi_0001.ppm,0.928328,0.928327,5.960e-8,1.000000
lfw,all,rgb,rgb/Dino_de_Laurentis_0001.ppm,0.939142,0.939142,0.000e0,1.000000
lfw,all,rgb,rgb/Dino_de_Laurentis_0002.ppm,0.892470,0.892470,5.960e-8,1.000000
lfw,all,rgb,rgb/Dinora_Rosales_0001.ppm,0.934694,0.934694,0.000e0,1.000000
lfw,all,rgb,rgb/Dion_Glover_0001.ppm,0.852266,0.852265,1.192e-7,0.999999
lfw,all,rgb,rgb/Dionigi_Tettamanzi_0001.ppm,0.951344,0.951344,0.000e0,0.999999
lfw,all,rgb,rgb/Dionne_Warwick_0001.ppm,0.942487,0.942487,1.192e-7,0.999999
lfw,all,rgb,rgb/Dionyssis_Georgiadis_0001.ppm,0.940513,0.940513,0.000e0,1.000000
lfw,all,rgb,rgb/Dirk_Kempthorne_0001.ppm,0.940851,0.940851,0.000e0,0.999999
lfw,all,rgb,rgb/Dita_Von_Tesse_0001.ppm,0.905863,0.905863,1.192e-7,1.000000
lfw,all,rgb,rgb/Djabir_Said-Guerni_0001.ppm,0.964213,0.964213,0.000e0,1.000000
lfw,all,rgb,rgb/Doc_Rivers_0001.ppm,0.937411,0.937411,1.192e-7,1.000000
lfw,all,rgb,rgb/Dolly_Parton_0001.ppm,0.924338,0.924338,0.000e0,1.000000
lfw,all,rgb,rgb/Dolly_Parton_0002.ppm,0.926968,0.926968,0.000e0,1.000000
lfw,all,rgb,rgb/Dolma_Tsering_0001.ppm,0.901311,0.901311,5.960e-8,1.000000
lfw,all,rgb,rgb/Dolma_Tsering_0002.ppm,0.926345,0.926345,5.960e-8,1.000000
lfw,all,rgb,rgb/Dominic_Monaghan_0001.ppm,0.940290,0.940290,0.000e0,0.999999
lfw,all,rgb,rgb/Dominick_Dunne_0001.ppm,0.910511,0.910511,5.960e-8,1.000000
lfw,all,rgb,rgb/Dominik_Garcia-Lorido_0001.ppm,0.949739,0.949739,1.192e-7,0.999999
lfw,all,rgb,rgb/Dominik_Garcia-Lorido_0002.ppm,0.914944,0.914944,0.000e0,1.000000
lfw,all,rgb,rgb/Dominik_Hrbaty_0001.ppm,0.950757,0.950757,0.000e0,1.000000
lfw,all,rgb,rgb/Dominique_Perben_0001.ppm,0.936590,0.936590,1.192e-7,1.000000
lfw,all,rgb,rgb/Dominique_de_Villepin_0001.ppm,0.904326,0.904326,1.192e-7,1.000000
lfw,all,rgb,rgb/Dominique_de_Villepin_0002.ppm,0.928450,0.928450,0.000e0,1.000000
lfw,all,rgb,rgb/Dominique_de_Villepin_0003.ppm,0.935407,0.935407,0.000e0,1.000000
lfw,all,rgb,rgb/Dominique_de_Villepin_0004.ppm,0.927427,0.927427,1.192e-7,1.000000
lfw,all,rgb,rgb/Dominique_de_Villepin_0005.ppm,0.959912,0.959912,0.000e0,1.000000
lfw,all,rgb,rgb/Dominique_de_Villepin_0006.ppm,0.900732,0.900732,0.000e0,1.000000
lfw,all,rgb,rgb/Dominique_de_Villepin_0007.ppm,0.909691,0.909691,5.960e-8,1.000000
lfw,all,rgb,rgb/Dominique_de_Villepin_0008.ppm,0.959066,0.959066,0.000e0,1.000000
lfw,all,rgb,rgb/Dominique_de_Villepin_0009.ppm,0.920207,0.920207,0.000e0,1.000000
lfw,all,rgb,rgb/Dominique_de_Villepin_0010.ppm,0.942022,0.942022,0.000e0,1.000000
lfw,all,rgb,rgb/Dominique_de_Villepin_0011.ppm,0.912819,0.912819,0.000e0,1.000000
lfw,all,rgb,rgb/Dominique_de_Villepin_0012.ppm,0.917369,0.917369,1.192e-7,1.000000
lfw,all,rgb,rgb/Dominique_de_Villepin_0013.ppm,0.897565,0.897565,0.000e0,1.000000
lfw,all,rgb,rgb/Dominique_de_Villepin_0014.ppm,0.917780,0.917780,1.192e-7,1.000000
lfw,all,rgb,rgb/Dominique_de_Villepin_0015.ppm,0.928412,0.928412,0.000e0,1.000000
lfw,all,rgb,rgb/Don_Boudria_0001.ppm,0.935396,0.935396,0.000e0,1.000000
lfw,all,rgb,rgb/Don_Carcieri_0001.ppm,0.870723,0.870723,5.960e-8,1.000000
lfw,all,rgb,rgb/Don_Flanagan_0001.ppm,0.906259,0.906259,0.000e0,1.000000
lfw,all,rgb,rgb/Don_Henley_0001.ppm,0.888039,0.888039,0.000e0,1.000000
lfw,all,rgb,rgb/Don_Hewitt_0001.ppm,0.883937,0.883937,1.192e-7,1.000000
lfw,all,rgb,rgb/Don_King_0001.ppm,0.838041,0.838041,0.000e0,1.000000
lfw,all,rgb,rgb/Don_Lake_0001.ppm,0.904481,0.904481,5.960e-8,1.000000
lfw,all,rgb,rgb/Don_Matthews_0001.ppm,0.934490,0.934490,1.192e-7,1.000000
lfw,all,rgb,rgb/Don_Meredith_0001.ppm,0.916458,0.916458,0.000e0,1.000000
lfw,all,rgb,rgb/Don_Nickles_0001.ppm,0.909567,0.909567,0.000e0,0.999999
lfw,all,rgb,rgb/Don_Nickles_0002.ppm,0.937497,0.937497,0.000e0,1.000000
lfw,all,rgb,rgb/Don_Siegelman_0001.ppm,0.961335,0.961335,0.000e0,1.000000
lfw,all,rgb,rgb/Don_Siegelman_0002.ppm,0.984903,0.984903,0.000e0,1.000000
lfw,all,rgb,rgb/Don_Siegelman_0003.ppm,0.962561,0.962561,0.000e0,1.000000
lfw,all,rgb,rgb/Don_Siegelman_0004.ppm,0.935708,0.935708,0.000e0,1.000000
lfw,all,rgb,rgb/Donald_Anderson_0001.ppm,0.918627,0.918627,0.000e0,1.000000
lfw,all,rgb,rgb/Donald_Carty_0001.ppm,0.955088,0.955088,0.000e0,1.000000
lfw,all,rgb,rgb/Donald_Evans_0001.ppm,0.914245,0.914245,1.192e-7,1.000000
lfw,all,rgb,rgb/Donald_Evans_0002.ppm,0.932962,0.932962,1.192e-7,1.000000
lfw,all,rgb,rgb/Donald_Fehr_0001.ppm,0.966258,0.966258,1.192e-7,1.000000
lfw,all,rgb,rgb/Donald_Fehr_0002.ppm,0.939743,0.939743,0.000e0,1.000000
lfw,all,rgb,rgb/Donald_Fehr_0003.ppm,0.952741,0.952741,1.192e-7,1.000000
lfw,all,rgb,rgb/Donald_Fehr_0004.ppm,0.929943,0.929943,0.000e0,1.000000
lfw,all,rgb,rgb/Donald_Hays_0001.ppm,0.962863,0.962863,1.192e-7,1.000000
lfw,all,rgb,rgb/Donald_Keck_0001.ppm,0.925952,0.925952,0.000e0,1.000000
lfw,all,rgb,rgb/Donald_Keyser_0001.ppm,0.905597,0.905597,2.384e-7,1.000000
lfw,all,rgb,rgb/Donald_Pettit_0001.ppm,0.962716,0.962716,0.000e0,1.000000
lfw,all,rgb,rgb/Donald_Pettit_0002.ppm,0.904881,0.904881,0.000e0,1.000000
lfw,all,rgb,rgb/Donald_Pettit_0003.ppm,0.977945,0.977945,0.000e0,1.000000
lfw,all,rgb,rgb/Donald_Regan_0001.ppm,0.893461,0.893461,0.000e0,1.000000
lfw,all,rgb,rgb/Donald_Rumsfeld_0001.ppm,0.879078,0.879078,5.960e-8,1.000000
lfw,all,rgb,rgb/Donald_Rumsfeld_0002.ppm,0.922428,0.922428,5.960e-8,1.000000
lfw,all,rgb,rgb/Donald_Rumsfeld_0003.ppm,0.923481,0.923481,1.192e-7,1.000000
lfw,all,rgb,rgb/Donald_Rumsfeld_0004.ppm,0.934370,0.934370,0.000e0,1.000000
lfw,all,rgb,rgb/Donald_Rumsfeld_0005.ppm,0.909053,0.909053,0.000e0,1.000000
lfw,all,rgb,rgb/Donald_Rumsfeld_0006.ppm,0.895596,0.895596,5.960e-8,1.000000
lfw,all,rgb,rgb/Donald_Rumsfeld_0007.ppm,0.952883,0.952883,0.000e0,1.000000
lfw,all,rgb,rgb/Donald_Rumsfeld_0008.ppm,0.931159,0.931159,0.000e0,1.000000
lfw,all,rgb,rgb/Donald_Rumsfeld_0009.ppm,0.938291,0.938291,1.192e-7,1.000000
lfw,all,rgb,rgb/Donald_Rumsfeld_0010.ppm,0.911431,0.911431,0.000e0,1.000000
lfw,all,rgb,rgb/Donald_Rumsfeld_0011.ppm,0.933452,0.933452,5.960e-8,1.000000
lfw,all,rgb,rgb/Donald_Rumsfeld_0012.ppm,0.897236,0.897236,0.000e0,0.999999
lfw,all,rgb,rgb/Donald_Rumsfeld_0013.ppm,0.935229,0.935229,0.000e0,1.000000
lfw,all,rgb,rgb/Donald_Rumsfeld_0014.ppm,0.843096,0.843096,5.960e-8,1.000000
lfw,all,rgb,rgb/Donald_Rumsfeld_0015.ppm,0.948584,0.948583,1.192e-7,1.000000
lfw,all,rgb,rgb/Donald_Rumsfeld_0016.ppm,0.920708,0.920708,5.960e-8,1.000000
lfw,all,rgb,rgb/Donald_Rumsfeld_0017.ppm,0.878381,0.878381,1.192e-7,1.000000
lfw,all,rgb,rgb/Donald_Rumsfeld_0018.ppm,0.908935,0.908935,0.000e0,1.000000
lfw,all,rgb,rgb/Donald_Rumsfeld_0019.ppm,0.937565,0.937565,0.000e0,1.000000
lfw,all,rgb,rgb/Donald_Rumsfeld_0020.ppm,0.912274,0.912274,0.000e0,1.000000
lfw,all,rgb,rgb/Donald_Rumsfeld_0021.ppm,0.931058,0.931058,1.192e-7,1.000000
lfw,all,rgb,rgb/Donald_Rumsfeld_0022.ppm,0.938436,0.938436,0.000e0,1.000000
lfw,all,rgb,rgb/Donald_Rumsfeld_0023.ppm,0.860714,0.860714,5.960e-8,1.000000
lfw,all,rgb,rgb/Donald_Rumsfeld_0024.ppm,0.915352,0.915352,0.000e0,1.000000
lfw,all,rgb,rgb/Donald_Rumsfeld_0025.ppm,0.912699,0.912699,1.192e-7,1.000000
lfw,all,rgb,rgb/Donald_Rumsfeld_0026.ppm,0.930513,0.930513,1.192e-7,0.999999
lfw,all,rgb,rgb/Donald_Rumsfeld_0027.ppm,0.930891,0.930891,1.192e-7,1.000000
lfw,all,rgb,rgb/Donald_Rumsfeld_0028.ppm,0.888801,0.888801,1.192e-7,1.000000
lfw,all,rgb,rgb/Donald_Rumsfeld_0029.ppm,0.898649,0.898649,1.788e-7,1.000000
lfw,all,rgb,rgb/Donald_Rumsfeld_0030.ppm,0.945941,0.945941,0.000e0,0.999999
lfw,all,rgb,rgb/Donald_Rumsfeld_0031.ppm,0.933392,0.933392,0.000e0,1.000000
lfw,all,rgb,rgb/Donald_Rumsfeld_0032.ppm,0.923702,0.923702,0.000e0,1.000000
lfw,all,rgb,rgb/Donald_Rumsfeld_0033.ppm,0.894707,0.894707,1.192e-7,1.000000
lfw,all,rgb,rgb/Donald_Rumsfeld_0034.ppm,0.895488,0.895488,1.192e-7,1.000000
lfw,all,rgb,rgb/Donald_Rumsfeld_0035.ppm,0.911917,0.911917,0.000e0,1.000000
lfw,all,rgb,rgb/Donald_Rumsfeld_0036.ppm,0.923118,0.923118,1.192e-7,1.000000
lfw,all,rgb,rgb/Donald_Rumsfeld_0037.ppm,0.946907,0.946907,0.000e0,1.000000
lfw,all,rgb,rgb/Donald_Rumsfeld_0038.ppm,0.983286,0.983286,1.192e-7,1.000000
lfw,all,rgb,rgb/Donald_Rumsfeld_0039.ppm,0.921469,0.921468,1.192e-7,1.000000
lfw,all,rgb,rgb/Donald_Rumsfeld_0040.ppm,0.908952,0.908952,5.960e-8,1.000000
lfw,all,rgb,rgb/Donald_Rumsfeld_0041.ppm,0.748621,0.748621,5.960e-8,1.000000
lfw,all,rgb,rgb/Donald_Rumsfeld_0042.ppm,0.893026,0.893026,5.960e-8,1.000000
lfw,all,rgb,rgb/Donald_Rumsfeld_0043.ppm,0.922519,0.922519,0.000e0,1.000000
lfw,all,rgb,rgb/Donald_Rumsfeld_0044.ppm,0.949519,0.949519,0.000e0,1.000000
lfw,all,rgb,rgb/Donald_Rumsfeld_0045.ppm,0.903643,0.903643,0.000e0,1.000000
lfw,all,rgb,rgb/Donald_Rumsfeld_0046.ppm,0.903210,0.903210,5.960e-8,0.999999
lfw,all,rgb,rgb/Donald_Rumsfeld_0047.ppm,0.896798,0.896798,0.000e0,1.000000
lfw,all,rgb,rgb/Donald_Rumsfeld_0048.ppm,0.949767,0.949767,1.192e-7,1.000000
lfw,all,rgb,rgb/Donald_Rumsfeld_0049.ppm,0.920464,0.920464,0.000e0,1.000000
lfw,all,rgb,rgb/Donald_Rumsfeld_0050.ppm,0.901070,0.901070,0.000e0,1.000000
lfw,all,rgb,rgb/Donald_Rumsfeld_0051.ppm,0.884855,0.884855,1.788e-7,1.000000
lfw,all,rgb,rgb/Donald_Rumsfeld_0052.ppm,0.925777,0.925777,0.000e0,1.000000
lfw,all,rgb,rgb/Donald_Rumsfeld_0053.ppm,0.930975,0.930975,1.192e-7,1.000000
lfw,all,rgb,rgb/Donald_Rumsfeld_0054.ppm,0.921071,0.921071,0.000e0,1.000000
lfw,all,rgb,rgb/Donald_Rumsfeld_0055.ppm,0.923738,0.923738,0.000e0,1.000000
lfw,all,rgb,rgb/Donald_Rumsfeld_0056.ppm,0.878560,0.878560,0.000e0,1.000000
lfw,all,rgb,rgb/Donald_Rumsfeld_0057.ppm,0.886498,0.886498,0.000e0,1.000000
lfw,all,rgb,rgb/Donald_Rumsfeld_0058.ppm,0.910005,0.910005,0.000e0,1.000000
lfw,all,rgb,rgb/Donald_Rumsfeld_0059.ppm,0.925953,0.925953,0.000e0,1.000000
lfw,all,rgb,rgb/Donald_Rumsfeld_0060.ppm,0.920959,0.920959,0.000e0,1.000000
lfw,all,rgb,rgb/Donald_Rumsfeld_0061.ppm,0.912644,0.912644,0.000e0,0.999999
lfw,all,rgb,rgb/Donald_Rumsfeld_0062.ppm,0.909583,0.909583,0.000e0,0.999999
lfw,all,rgb,rgb/Donald_Rumsfeld_0063.ppm,0.924688,0.924688,1.192e-7,1.000000
lfw,all,rgb,rgb/Donald_Rumsfeld_0064.ppm,0.925173,0.925173,0.000e0,1.000000
lfw,all,rgb,rgb/Donald_Rumsfeld_0065.ppm,0.925286,0.925286,1.192e-7,1.000000
lfw,all,rgb,rgb/Donald_Rumsfeld_0066.ppm,0.909070,0.909070,1.192e-7,1.000000
lfw,all,rgb,rgb/Donald_Rumsfeld_0067.ppm,0.918769,0.918769,1.192e-7,1.000000
lfw,all,rgb,rgb/Donald_Rumsfeld_0068.ppm,0.874007,0.874007,0.000e0,1.000000
lfw,all,rgb,rgb/Donald_Rumsfeld_0069.ppm,0.895109,0.895109,0.000e0,1.000000
lfw,all,rgb,rgb/Donald_Rumsfeld_0070.ppm,0.905872,0.905872,5.960e-8,1.000000
lfw,all,rgb,rgb/Donald_Rumsfeld_0071.ppm,0.904316,0.904316,0.000e0,1.000000
lfw,all,rgb,rgb/Donald_Rumsfeld_0072.ppm,0.920683,0.920683,1.192e-7,1.000000
lfw,all,rgb,rgb/Donald_Rumsfeld_0073.ppm,0.924636,0.924636,0.000e0,0.999999
lfw,all,rgb,rgb/Donald_Rumsfeld_0074.ppm,0.934752,0.934752,1.192e-7,1.000000
lfw,all,rgb,rgb/Donald_Rumsfeld_0075.ppm,0.921556,0.921556,0.000e0,1.000000
lfw,all,rgb,rgb/Donald_Rumsfeld_0076.ppm,0.918818,0.918818,0.000e0,1.000000
lfw,all,rgb,rgb/Donald_Rumsfeld_0077.ppm,0.913868,0.913868,5.960e-8,1.000000
lfw,all,rgb,rgb/Donald_Rumsfeld_0078.ppm,0.938990,0.938990,1.192e-7,0.999999
lfw,all,rgb,rgb/Donald_Rumsfeld_0079.ppm,0.917726,0.917726,0.000e0,1.000000
lfw,all,rgb,rgb/Donald_Rumsfeld_0080.ppm,0.938762,0.938762,5.960e-8,0.999999
lfw,all,rgb,rgb/Donald_Rumsfeld_0081.ppm,0.919515,0.919515,1.192e-7,1.000000
lfw,all,rgb,rgb/Donald_Rumsfeld_0082.ppm,0.874531,0.874531,0.000e0,1.000000
lfw,all,rgb,rgb/Donald_Rumsfeld_0083.ppm,0.925568,0.925568,5.960e-8,1.000000
lfw,all,rgb,rgb/Donald_Rumsfeld_0084.ppm,0.908238,0.908238,0.000e0,1.000000
lfw,all,rgb,rgb/Donald_Rumsfeld_0085.ppm,0.953775,0.953775,0.000e0,1.000000
lfw,all,rgb,rgb/Donald_Rumsfeld_0086.ppm,0.907862,0.907862,0.000e0,1.000000
lfw,all,rgb,rgb/Donald_Rumsfeld_0087.ppm,0.867311,0.867311,1.192e-7,0.999999
lfw,all,rgb,rgb/Donald_Rumsfeld_0088.ppm,0.904543,0.904543,0.000e0,1.000000
lfw,all,rgb,rgb/Donald_Rumsfeld_0089.ppm,0.928847,0.928847,0.000e0,0.999999
lfw,all,rgb,rgb/Donald_Rumsfeld_0090.ppm,0.935300,0.935300,1.192e-7,1.000000
lfw,all,rgb,rgb/Donald_Rumsfeld_0091.ppm,0.903194,0.903194,5.960e-8,1.000000
lfw,all,rgb,rgb/Donald_Rumsfeld_0092.ppm,0.912469,0.912469,0.000e0,1.000000
lfw,all,rgb,rgb/Donald_Rumsfeld_0093.ppm,0.937770,0.937769,1.192e-7,1.000000
lfw,all,rgb,rgb/Donald_Rumsfeld_0094.ppm,0.940574,0.940574,0.000e0,1.000000
lfw,all,rgb,rgb/Donald_Rumsfeld_0095.ppm,0.911548,0.911548,5.960e-8,1.000000
lfw,all,rgb,rgb/Donald_Rumsfeld_0096.ppm,0.919670,0.919670,0.000e0,1.000000
lfw,all,rgb,rgb/Donald_Rumsfeld_0097.ppm,0.872308,0.872308,0.000e0,1.000000
lfw,all,rgb,rgb/Donald_Rumsfeld_0098.ppm,0.907737,0.907737,1.192e-7,1.000000
lfw,all,rgb,rgb/Donald_Rumsfeld_0099.ppm,0.929619,0.929619,0.000e0,1.000000
lfw,all,rgb,rgb/Donald_Rumsfeld_0100.ppm,0.925876,0.925876,0.000e0,1.000000
lfw,all,rgb,rgb/Donald_Rumsfeld_0101.ppm,0.896305,0.896305,0.000e0,1.000000
lfw,all,rgb,rgb/Donald_Rumsfeld_0102.ppm,0.911485,0.911485,5.960e-8,1.000000
lfw,all,rgb,rgb/Donald_Rumsfeld_0103.ppm,0.909961,0.909961,5.960e-8,1.000000
lfw,all,rgb,rgb/Donald_Rumsfeld_0104.ppm,0.862230,0.862230,5.960e-8,1.000000
lfw,all,rgb,rgb/Donald_Rumsfeld_0105.ppm,0.887255,0.887255,1.192e-7,0.999999
lfw,all,rgb,rgb/Donald_Rumsfeld_0106.ppm,0.930023,0.930023,1.192e-7,1.000000
lfw,all,rgb,rgb/Donald_Rumsfeld_0107.ppm,0.952231,0.952231,1.192e-7,1.000000
lfw,all,rgb,rgb/Donald_Rumsfeld_0108.ppm,0.917808,0.917808,1.192e-7,1.000000
lfw,all,rgb,rgb/Donald_Rumsfeld_0109.ppm,0.916891,0.916891,0.000e0,1.000000
lfw,all,rgb,rgb/Donald_Rumsfeld_0110.ppm,0.872853,0.872853,0.000e0,1.000000
lfw,all,rgb,rgb/Donald_Rumsfeld_0111.ppm,0.904689,0.904689,0.000e0,1.000000
lfw,all,rgb,rgb/Donald_Rumsfeld_0112.ppm,0.893476,0.893476,1.192e-7,1.000000
lfw,all,rgb,rgb/Donald_Rumsfeld_0113.ppm,0.948128,0.948128,5.960e-8,1.000000
lfw,all,rgb,rgb/Donald_Rumsfeld_0114.ppm,0.898987,0.898987,0.000e0,1.000000
lfw,all,rgb,rgb/Donald_Rumsfeld_0115.ppm,0.895079,0.895079,1.192e-7,1.000000
lfw,all,rgb,rgb/Donald_Rumsfeld_0116.ppm,0.832439,0.832439,0.000e0,1.000000
lfw,all,rgb,rgb/Donald_Rumsfeld_0117.ppm,0.841435,0.841435,5.960e-8,1.000000
lfw,all,rgb,rgb/Donald_Rumsfeld_0118.ppm,0.933428,0.933427,1.192e-7,1.000000
lfw,all,rgb,rgb/Donald_Rumsfeld_0119.ppm,0.906052,0.906052,5.960e-8,1.000000
lfw,all,rgb,rgb/Donald_Rumsfeld_0120.ppm,0.913531,0.913531,0.000e0,1.000000
lfw,all,rgb,rgb/Donald_Rumsfeld_0121.ppm,0.902683,0.902683,5.960e-8,1.000000
lfw,all,rgb,rgb/Donald_Trump_0001.ppm,0.939043,0.939043,5.960e-8,1.000000
lfw,all,rgb,rgb/Donatella_Versace_0001.ppm,0.907987,0.907987,0.000e0,0.999999
lfw,all,rgb,rgb/Donatella_Versace_0002.ppm,0.940859,0.940859,0.000e0,1.000000
lfw,all,rgb,rgb/Donatella_Versace_0003.ppm,0.929982,0.929982,0.000e0,0.999999
lfw,all,rgb,rgb/Donna_Barrera_0001.ppm,0.898546,0.898546,0.000e0,0.999999
lfw,all,rgb,rgb/Donna_Brazile_0001.ppm,0.984178,0.984178,0.000e0,1.000000
lfw,all,rgb,rgb/Donna_Morrissey_0001.ppm,0.973272,0.973272,1.192e-7,1.000000
lfw,all,rgb,rgb/Donna_Ralston_0001.ppm,0.939777,0.939777,0.000e0,1.000000
lfw,all,rgb,rgb/Donna_Shalala_0001.ppm,0.949093,0.949093,0.000e0,1.000000
lfw,all,rgb,rgb/Donna_Shalala_0002.ppm,0.931021,0.931021,0.000e0,0.999999
lfw,all,rgb,rgb/Donna_Walker_0001.ppm,0.875955,0.875955,0.000e0,1.000000
lfw,all,rgb,rgb/Donnie_Brennan_0001.ppm,0.864144,0.864144,5.960e-8,1.000000
lfw,all,rgb,rgb/Donny_Osmond_0001.ppm,0.935848,0.935848,0.000e0,1.000000
lfw,all,rgb,rgb/Dora_Bakoyianni_0001.ppm,0.922827,0.922827,5.960e-8,1.000000
lfw,all,rgb,rgb/Doris_Roberts_0001.ppm,0.920438,0.920439,1.192e-7,1.000000
lfw,all,rgb,rgb/Doris_Roberts_0002.ppm,0.923460,0.923460,0.000e0,0.999999
lfw,all,rgb,rgb/Doris_Roberts_0003.ppm,0.947279,0.947279,0.000e0,0.999999
lfw,all,rgb,rgb/Doris_Schroeder_0001.ppm,0.788913,0.788913,0.000e0,1.000000
lfw,all,rgb,rgb/Doris_Schroeder_0002.ppm,0.850398,0.850398,1.788e-7,1.000000
lfw,all,rgb,rgb/Doris_Schroeder_0003.ppm,0.949743,0.949743,0.000e0,1.000000
lfw,all,rgb,rgb/Doris_Schroeder_0004.ppm,0.963211,0.963211,0.000e0,1.000000
lfw,all,rgb,rgb/Dorothy_Lamour_0001.ppm,0.953470,0.953470,0.000e0,1.000000
lfw,all,rgb,rgb/Dorothy_Loudon_0001.ppm,0.901381,0.901381,1.192e-7,1.000000
lfw,all,rgb,rgb/Dorothy_Wilson_0001.ppm,0.897982,0.897982,0.000e0,0.999999
lfw,all,rgb,rgb/Dorthy_Moxley_0001.ppm,0.946934,0.946934,0.000e0,1.000000
lfw,all,rgb,rgb/Dorthy_Moxley_0002.ppm,0.966646,0.966646,1.192e-7,1.000000
lfw,all,rgb,rgb/Dot_Helms_0001.ppm,0.968203,0.968203,0.000e0,1.000000
lfw,all,rgb,rgb/Doug_Christie_0001.ppm,0.885825,0.885825,0.000e0,1.000000
lfw,all,rgb,rgb/Doug_Collins_0001.ppm,0.897897,0.897897,0.000e0,1.000000
lfw,all,rgb,rgb/Doug_Collins_0002.ppm,0.883526,0.883526,0.000e0,1.000000
lfw,all,rgb,rgb/Doug_Duncan_0001.ppm,0.885834,0.885834,0.000e0,1.000000
lfw,all,rgb,rgb/Doug_Duncan_0002.ppm,0.936275,0.936275,0.000e0,1.000000
lfw,all,rgb,rgb/Doug_Melvin_0001.ppm,0.938417,0.938417,0.000e0,1.000000
lfw,all,rgb,rgb/Doug_Melvin_0002.ppm,0.940227,0.940227,0.000e0,1.000000
lfw,all,rgb,rgb/Doug_Melvin_0003.ppm,0.938699,0.938699,0.000e0,1.000000
lfw,all,rgb,rgb/Doug_Moe_0001.ppm,0.924259,0.924259,1.192e-7,1.000000
lfw,all,rgb,rgb/Doug_Racine_0001.ppm,0.939794,0.939794,0.000e0,1.000000
lfw,all,rgb,rgb/Doug_Wilson_0001.ppm,0.952348,0.952348,1.192e-7,1.000000
lfw,all,rgb,rgb/Douglas_Faneuil_0001.ppm,0.895720,0.895720,0.000e0,1.000000
lfw,all,rgb,rgb/Douglas_Gansler_0001.ppm,0.901393,0.901393,0.000e0,1.000000
lfw,all,rgb,rgb/Douglas_Meester_0001.ppm,0.957218,0.957218,0.000e0,1.000000
lfw,all,rgb,rgb/Douglas_Paal_0001.ppm,0.884004,0.884004,0.000e0,1.000000
lfw,all,rgb,rgb/Dragan_Covic_0001.ppm,0.963928,0.963928,0.000e0,1.000000
lfw,all,rgb,rgb/Drew_Barrymore_0001.ppm,0.878009,0.878009,0.000e0,1.000000
lfw,all,rgb,rgb/Drew_Barrymore_0002.ppm,0.969927,0.969927,0.000e0,0.999999
lfw,all,rgb,rgb/Drew_Bledsoe_0001.ppm,0.911214,0.911214,0.000e0,1.000000
lfw,all,rgb,rgb/Drew_Gooden_0001.ppm,0.933878,0.933878,1.192e-7,1.000000
lfw,all,rgb,rgb/Du_Qinglin_0001.ppm,0.929379,0.929379,1.192e-7,1.000000
lfw,all,rgb,rgb/Duane_Barber_0001.ppm,0.929236,0.929236,0.000e0,1.000000
lfw,all,rgb,rgb/Duane_Lee_Chapman_0001.ppm,0.927019,0.927019,0.000e0,1.000000
lfw,all,rgb,rgb/Duane_Lee_Chapman_0002.ppm,0.884851,0.884851,0.000e0,0.999999
lfw,all,rgb,rgb/Dudley_Rogers_0001.ppm,0.897618,0.897618,0.000e0,1.000000
lfw,all,rgb,rgb/Dule_Hill_0001.ppm,0.920073,0.920073,0.000e0,1.000000
lfw,all,rgb,rgb/Duncan_Fletcher_0001.ppm,0.911160,0.911160,0.000e0,1.000000
lfw,all,rgb,rgb/Dunn_Lampton_0001.ppm,0.923270,0.923270,0.000e0,1.000000
lfw,all,rgb,rgb/Dustan_Mohr_0001.ppm,0.909008,0.909008,0.000e0,1.000000
lfw,all,rgb,rgb/Dustin_Brown_0001.ppm,0.942056,0.942056,0.000e0,1.000000
lfw,all,rgb,rgb/Dustin_Hoffman_0001.ppm,0.951319,0.951319,0.000e0,1.000000
lfw,all,rgb,rgb/Dusty_Baker_0001.ppm,0.882363,0.882363,0.000e0,1.000000
lfw,all,rgb,rgb/Dwain_Kyles_0001.ppm,0.934947,0.934948,1.192e-7,1.000000
lfw,all,rgb,rgb/Dwayne_Johnson_0001.ppm,0.929948,0.929948,1.788e-7,1.000000
lfw,all,rgb,rgb/Dwayne_Johnson_0002.ppm,0.912645,0.912645,0.000e0,1.000000
lfw,all,rgb,rgb/Dwayne_Wade_0001.ppm,0.962270,0.962270,1.192e-7,1.000000
lfw,all,rgb,rgb/Dwayne_Williams_0001.ppm,0.904303,0.904303,1.192e-7,1.000000
lfw,all,rgb,rgb/Dyab_Abou_Jahjah_0001.ppm,0.954771,0.954771,0.000e0,1.000000
lfw,all,rgb,rgb/Dyana_Calub_0001.ppm,0.920391,0.920391,1.788e-7,1.000000
lfw,all,rgb,rgb/E_Clay_Shaw_0001.ppm,0.911934,0.911934,0.000e0,1.000000
lfw,all,rgb,rgb/Earl_Campbell_0001.ppm,0.900439,0.900439,0.000e0,1.000000
lfw,all,rgb,rgb/Earl_Counter_0001.ppm,0.859719,0.859719,5.960e-8,1.000000
lfw,all,rgb,rgb/Earl_Fritts_0001.ppm,0.929638,0.929638,0.000e0,1.000000
lfw,all,rgb,rgb/Earl_Scruggs_0001.ppm,0.941989,0.941989,0.000e0,1.000000
lfw,all,rgb,rgb/Ed_Book_0001.ppm,0.889576,0.889576,0.000e0,1.000000
lfw,all,rgb,rgb/Ed_Case_0001.ppm,0.926128,0.926128,1.192e-7,1.000000
lfw,all,rgb,rgb/Ed_Mekertichian_0001.ppm,0.871030,0.871030,0.000e0,1.000000
lfw,all,rgb,rgb/Ed_Rendell_0001.ppm,0.925067,0.925067,0.000e0,1.000000
lfw,all,rgb,rgb/Ed_Rosenthal_0001.ppm,0.936415,0.936415,0.000e0,0.999999
lfw,all,rgb,rgb/Ed_Rosenthal_0002.ppm,0.948476,0.948476,1.192e-7,1.000000
lfw,all,rgb,rgb/Ed_Rosenthal_0003.ppm,0.844603,0.844603,0.000e0,1.000000
lfw,all,rgb,rgb/Ed_Smart_0001.ppm,0.912270,0.912270,0.000e0,1.000000
lfw,all,rgb,rgb/Ed_Smart_0002.ppm,0.934716,0.934716,1.192e-7,1.000000
lfw,all,rgb,rgb/Ed_Smart_0003.ppm,0.910135,0.910135,0.000e0,1.000000
lfw,all,rgb,rgb/Ed_Sullivan_0001.ppm,0.932726,0.932726,0.000e0,1.000000
lfw,all,rgb,rgb/Ed_Wade_0001.ppm,0.912035,0.912035,0.000e0,1.000000
lfw,all,rgb,rgb/Eddie_Compass_0001.ppm,0.919499,0.919499,0.000e0,1.000000
lfw,all,rgb,rgb/Eddie_Fenech_Adami_0001.ppm,0.944942,0.944942,0.000e0,1.000000
lfw,all,rgb,rgb/Eddie_Jordan_0001.ppm,0.939593,0.939593,0.000e0,1.000000
lfw,all,rgb,rgb/Eddie_Lewis_0001.ppm,0.974829,0.974829,0.000e0,1.000000
lfw,all,rgb,rgb/Eddie_Lucio_0001.ppm,0.945536,0.945536,0.000e0,1.000000
lfw,all,rgb,rgb/Eddie_Murray_0001.ppm,0.941972,0.941972,1.192e-7,0.999999
lfw,all,rgb,rgb/Eddie_Sutton_0001.ppm,0.910592,0.910592,5.960e-8,1.000000
lfw,all,rgb,rgb/Eddie_Sutton_0002.ppm,0.893663,0.893663,1.788e-7,1.000000
lfw,all,rgb,rgb/Eddy_Hartenstein_0001.ppm,0.914680,0.914680,0.000e0,1.000000
lfw,all,rgb,rgb/Eddy_Merckx_0001.ppm,0.925362,0.925362,1.192e-7,1.000000
lfw,all,rgb,rgb/Eddy_Merckx_0002.ppm,0.904474,0.904474,5.960e-8,1.000000
lfw,all,rgb,rgb/Edgar_Savisaar_0001.ppm,0.921901,0.921901,0.000e0,1.000000
lfw,all,rgb,rgb/Edie_Falco_0001.ppm,0.934391,0.934391,0.000e0,1.000000
lfw,all,rgb,rgb/Edie_Falco_0002.ppm,0.921228,0.921228,5.960e-8,1.000000
lfw,all,rgb,rgb/Edina_Batar_0001.ppm,0.942880,0.942880,0.000e0,1.000000
lfw,all,rgb,rgb/Edith_Masai_0001.ppm,0.962263,0.962263,0.000e0,1.000000
lfw,all,rgb,rgb/Edmund_Hillary_0001.ppm,0.920905,0.920905,0.000e0,1.000000
lfw,all,rgb,rgb/Edmund_Hillary_0002.ppm,0.867583,0.867583,1.788e-7,1.000000
lfw,all,rgb,rgb/Edmund_Hillary_0003.ppm,0.937056,0.937056,1.192e-7,1.000000
lfw,all,rgb,rgb/Edmund_Stoiber_0001.ppm,0.931121,0.931121,0.000e0,1.000000
lfw,all,rgb,rgb/Edmund_Stoiber_0002.ppm,0.929273,0.929273,0.000e0,1.000000
lfw,all,rgb,rgb/Edmund_Stoiber_0003.ppm,0.922776,0.922776,0.000e0,1.000000
lfw,all,rgb,rgb/Edmund_Stoiber_0004.ppm,0.924596,0.924596,1.192e-7,1.000000
lfw,all,rgb,rgb/Edmund_Stoiber_0005.ppm,0.903574,0.903574,0.000e0,1.000000
lfw,all,rgb,rgb/Edmund_Stoiber_0006.ppm,0.906291,0.906291,0.000e0,1.000000
lfw,all,rgb,rgb/Edmund_Stoiber_0007.ppm,0.925266,0.925266,1.192e-7,1.000000
lfw,all,rgb,rgb/Edmund_Stoiber_0008.ppm,0.932596,0.932596,0.000e0,1.000000
lfw,all,rgb,rgb/Edmund_Stoiber_0009.ppm,0.922770,0.922770,5.960e-8,1.000000
lfw,all,rgb,rgb/Edmund_Stoiber_0010.ppm,0.933081,0.933081,0.000e0,1.000000
lfw,all,rgb,rgb/Edmund_Stoiber_0011.ppm,0.905800,0.905800,0.000e0,1.000000
lfw,all,rgb,rgb/Edmund_Stoiber_0012.ppm,0.909925,0.909925,5.960e-8,1.000000
lfw,all,rgb,rgb/Edmund_Stoiber_0013.ppm,0.926184,0.926183,1.192e-7,1.000000
lfw,all,rgb,rgb/Edouard_Michelin_0001.ppm,0.937228,0.937228,0.000e0,1.000000
lfw,all,rgb,rgb/Eduard_Limonov_0001.ppm,0.927321,0.927321,0.000e0,1.000000
lfw,all,rgb,rgb/Eduard_Shevardnadze_0001.ppm,0.925219,0.925219,1.192e-7,1.000000
lfw,all,rgb,rgb/Eduard_Shevardnadze_0002.ppm,0.929744,0.929744,0.000e0,1.000000
lfw,all,rgb,rgb/Eduard_Shevardnadze_0003.ppm,0.909958,0.909958,5.960e-8,1.000000
lfw,all,rgb,rgb/Eduard_Shevardnadze_0004.ppm,0.962944,0.962944,0.000e0,1.000000
lfw,all,rgb,rgb/Eduard_Shevardnadze_0005.ppm,0.942923,0.942923,2.384e-7,0.999999
lfw,all,rgb,rgb/Eduardo_Chillida_0001.ppm,0.930761,0.930761,0.000e0,1.000000
lfw,all,rgb,rgb/Eduardo_Duhalde_0001.ppm,0.913557,0.913557,0.000e0,1.000000
lfw,all,rgb,rgb/Eduardo_Duhalde_0002.ppm,0.946934,0.946934,0.000e0,1.000000
lfw,all,rgb,rgb/Eduardo_Duhalde_0003.ppm,0.939711,0.939711,0.000e0,1.000000
lfw,all,rgb,rgb/Eduardo_Duhalde_0004.ppm,0.965021,0.965021,0.000e0,1.000000
lfw,all,rgb,rgb/Eduardo_Duhalde_0005.ppm,0.964061,0.964061,1.192e-7,1.000000
lfw,all,rgb,rgb/Eduardo_Duhalde_0006.ppm,0.862049,0.862049,1.192e-7,1.000000
lfw,all,rgb,rgb/Eduardo_Duhalde_0007.ppm,0.923131,0.923131,1.192e-7,1.000000
lfw,all,rgb,rgb/Eduardo_Duhalde_0008.ppm,0.946804,0.946804,1.192e-7,1.000000
lfw,all,rgb,rgb/Eduardo_Duhalde_0009.ppm,0.914149,0.914149,1.192e-7,1.000000
lfw,all,rgb,rgb/Eduardo_Duhalde_0010.ppm,0.932013,0.932013,0.000e0,1.000000
lfw,all,rgb,rgb/Eduardo_Duhalde_0011.ppm,0.940315,0.940315,2.384e-7,1.000000
lfw,all,rgb,rgb/Eduardo_Duhalde_0012.ppm,0.944249,0.944249,1.192e-7,0.999999
lfw,all,rgb,rgb/Eduardo_Duhalde_0013.ppm,0.946460,0.946460,0.000e0,1.000000
lfw,all,rgb,rgb/Eduardo_Duhalde_0014.ppm,0.953055,0.953055,1.192e-7,1.000000
lfw,all,rgb,rgb/Eduardo_Fischer_0001.ppm,0.895916,0.895916,1.192e-7,1.000000
lfw,all,rgb,rgb/Eduardo_Romero_0001.ppm,0.964883,0.964883,0.000e0,1.000000
lfw,all,rgb,rgb/Edward_Albee_0001.ppm,0.915139,0.915139,0.000e0,1.000000
lfw,all,rgb,rgb/Edward_Arsenault_0001.ppm,0.915829,0.915829,0.000e0,1.000000
lfw,all,rgb,rgb/Edward_Belvin_0001.ppm,0.930720,0.930720,0.000e0,1.000000
lfw,all,rgb,rgb/Edward_Burns_0001.ppm,0.936471,0.936471,0.000e0,1.000000
lfw,all,rgb,rgb/Edward_Egan_0001.ppm,0.903916,0.903916,5.960e-8,1.000000
lfw,all,rgb,rgb/Edward_Flynn_0001.ppm,0.928999,0.928998,5.960e-8,0.999999
lfw,all,rgb,rgb/Edward_Greenspan_0001.ppm,0.943148,0.943148,0.000e0,1.000000
lfw,all,rgb,rgb/Edward_James_Olmos_0001.ppm,0.932049,0.932049,0.000e0,0.999999
lfw,all,rgb,rgb/Edward_James_Olmos_0002.ppm,0.928309,0.928309,1.192e-7,1.000000
lfw,all,rgb,rgb/Edward_Johnson_0001.ppm,0.859710,0.859710,0.000e0,1.000000
lfw,all,rgb,rgb/Edward_Kennedy_0001.ppm,0.892132,0.892132,1.192e-7,1.000000
lfw,all,rgb,rgb/Edward_Kennedy_0002.ppm,0.927538,0.927538,1.192e-7,0.999999
lfw,all,rgb,rgb/Edward_Kennedy_0003.ppm,0.941688,0.941688,1.192e-7,1.000000
lfw,all,rgb,rgb/Edward_Lohn_0001.ppm,0.928747,0.928747,0.000e0,1.000000
lfw,all,rgb,rgb/Edward_Lu_0001.ppm,0.942884,0.942884,1.192e-7,1.000000
lfw,all,rgb,rgb/Edward_Lu_0002.ppm,0.904965,0.904965,0.000e0,0.999999
lfw,all,rgb,rgb/Edward_Lu_0003.ppm,0.979036,0.979036,0.000e0,1.000000
lfw,all,rgb,rgb/Edward_Lu_0004.ppm,0.962736,0.962736,1.192e-7,1.000000
lfw,all,rgb,rgb/Edward_Lu_0005.ppm,0.944792,0.944792,1.192e-7,0.999999
lfw,all,rgb,rgb/Edward_Lu_0006.ppm,0.938182,0.938182,5.960e-8,1.000000
lfw,all,rgb,rgb/Edward_Norton_0001.ppm,0.952717,0.952717,0.000e0,1.000000
lfw,all,rgb,rgb/Edward_Norton_0002.ppm,0.939824,0.939824,0.000e0,1.000000
lfw,all,rgb,rgb/Edward_Said_0001.ppm,0.889956,0.889956,5.960e-8,1.000000
lfw,all,rgb,rgb/Edward_Said_0002.ppm,0.928924,0.928924,1.192e-7,1.000000
lfw,all,rgb,rgb/Edward_Seaga_0001.ppm,0.932925,0.932925,0.000e0,1.000000
lfw,all,rgb,rgb/Edwin_Edwards_0001.ppm,0.950361,0.950361,0.000e0,1.000000
lfw,all,rgb,rgb/Edwin_Edwards_0002.ppm,0.908390,0.908390,0.000e0,1.000000
lfw,all,rgb,rgb/Edwin_Edwards_0003.ppm,0.977907,0.977907,0.000e0,1.000000
lfw,all,rgb,rgb/Edwina_Currie_0001.ppm,0.935714,0.935714,0.000e0,1.000000
lfw,all,rgb,rgb/Edwina_Currie_0002.ppm,0.961045,0.961045,0.000e0,1.000000
lfw,all,rgb,rgb/Edwina_Currie_0003.ppm,0.944322,0.944322,0.000e0,1.000000
lfw,all,rgb,rgb/Edwina_Currie_0004.ppm,0.907359,0.907359,1.192e-7,1.000000
lfw,all,rgb,rgb/Efrain_Rios_Montt_0001.ppm,0.956286,0.956286,0.000e0,1.000000
lfw,all,rgb,rgb/Eglis_Yaima_Cruz_0001.ppm,0.907418,0.907418,5.960e-8,1.000000
lfw,all,rgb,rgb/Eileen_Coparropa_0001.ppm,0.932715,0.932715,0.000e0,1.000000
lfw,all,rgb,rgb/Eileen_Coparropa_0002.ppm,0.912952,0.912952,1.192e-7,1.000000
lfw,all,rgb,rgb/Eileen_Coparropa_0003.ppm,0.940536,0.940536,5.960e-8,1.000000
lfw,all,rgb,rgb/Eileen_Spina_0001.ppm,0.969959,0.969959,0.000e0,1.000000
lfw,all,rgb,rgb/Einars_Repse_0001.ppm,0.956426,0.956426,0.000e0,1.000000
lfw,all,rgb,rgb/Ekaterina_Dmitriev_0001.ppm,0.907230,0.907230,5.960e-8,1.000000
lfw,all,rgb,rgb/Ekke_Hard_Forberg_0001.ppm,0.948850,0.948850,1.192e-7,1.000000
lfw,all,rgb,rgb/El_Hadji_Diouf_0001.ppm,0.961793,0.961793,0.000e0,1.000000
lfw,all,rgb,rgb/Eladio_Larez_0001.ppm,0.915248,0.915248,0.000e0,1.000000
lfw,all,rgb,rgb/Elaine_Chao_0001.ppm,0.939400,0.939400,1.192e-7,1.000000
lfw,all,rgb,rgb/Elaine_Stritch_0001.ppm,0.914839,0.914839,1.192e-7,1.000000
lfw,all,rgb,rgb/Elena_Bereznaya_0001.ppm,0.912511,0.912511,0.000e0,1.000000
lfw,all,rgb,rgb/Elena_Bovina_0001.ppm,0.921973,0.921973,0.000e0,1.000000
lfw,all,rgb,rgb/Elena_Bovina_0002.ppm,0.905999,0.905999,0.000e0,1.000000
lfw,all,rgb,rgb/Elena_Bovina_0003.ppm,0.904338,0.904338,1.192e-7,1.000000
lfw,all,rgb,rgb/Elena_Dementieva_0001.ppm,0.888378,0.888378,0.000e0,1.000000
lfw,all,rgb,rgb/Elena_Likhovtseva_0001.ppm,0.933945,0.933945,0.000e0,0.999999
lfw,all,rgb,rgb/Elena_Tihomirova_0001.ppm,0.943816,0.943816,0.000e0,1.000000
lfw,all,rgb,rgb/Elena_de_Chavez_0001.ppm,0.895485,0.895485,0.000e0,1.000000
lfw,all,rgb,rgb/Elgin_Baylor_0001.ppm,0.931717,0.931718,5.960e-8,1.000000
lfw,all,rgb,rgb/Eli_Broad_0001.ppm,0.923097,0.923097,0.000e0,1.000000
lfw,all,rgb,rgb/Eli_Rosenbaum_0001.ppm,0.922654,0.922654,1.192e-7,1.000000
lfw,all,rgb,rgb/Eli_Stutsman_0001.ppm,0.889349,0.889349,0.000e0,1.000000
lfw,all,rgb,rgb/Eliane_Karp_0001.ppm,0.918935,0.918935,0.000e0,1.000000
lfw,all,rgb,rgb/Eliane_Karp_0002.ppm,0.904405,0.904405,1.192e-7,1.000000
lfw,all,rgb,rgb/Eliane_Karp_0003.ppm,0.932712,0.932712,0.000e0,1.000000
lfw,all,rgb,rgb/Eliane_Karp_0004.ppm,0.949665,0.949665,1.192e-7,0.999999
lfw,all,rgb,rgb/Elias_Attallah_0001.ppm,0.908310,0.908310,0.000e0,1.000000
lfw,all,rgb,rgb/Elijah_Wood_0001.ppm,0.953937,0.953937,5.960e-8,1.000000
lfw,all,rgb,rgb/Elijah_Wood_0002.ppm,0.930103,0.930103,0.000e0,1.000000
lfw,all,rgb,rgb/Elijah_Wood_0003.ppm,0.932360,0.932360,5.960e-8,0.999999
lfw,all,rgb,rgb/Elijan_Ingram_0001.ppm,0.951065,0.951065,5.960e-8,1.000000
lfw,all,rgb,rgb/Elin_Nordegren_0001.ppm,0.909203,0.909203,0.000e0,1.000000
lfw,all,rgb,rgb/Elin_Nordegren_0002.ppm,0.954555,0.954555,0.000e0,1.000000
lfw,all,rgb,rgb/Elinor_Caplan_0001.ppm,0.899090,0.899090,1.192e-7,0.999999
lfw,all,rgb,rgb/Elinor_Caplan_0002.ppm,0.921202,0.921202,5.960e-8,1.000000
lfw,all,rgb,rgb/Eliott_Spitzer_0001.ppm,0.982611,0.982611,1.192e-7,1.000000
lfw,all,rgb,rgb/Elisabeth_Schumacher_0001.ppm,0.892582,0.892582,0.000e0,1.000000
lfw,all,rgb,rgb/Elisabeth_Schumacher_0002.ppm,0.961927,0.961927,0.000e0,1.000000
lfw,all,rgb,rgb/Elisabeth_Welch_0001.ppm,0.930778,0.930778,0.000e0,1.000000
lfw,all,rgb,rgb/Elisha_Cuthbert_0001.ppm,0.940820,0.940820,0.000e0,1.000000
lfw,all,rgb,rgb/Eliza_Dushku_0001.ppm,0.969191,0.969191,0.000e0,1.000000
lfw,all,rgb,rgb/Eliza_Manningham-Buller_0001.ppm,0.917812,0.917812,0.000e0,1.000000
lfw,all,rgb,rgb/Elizabeth_Berkeley_0001.ppm,0.972430,0.972430,0.000e0,0.999999
lfw,all,rgb,rgb/Elizabeth_Dole_0001.ppm,0.930892,0.930892,5.960e-8,1.000000
lfw,all,rgb,rgb/Elizabeth_Dole_0002.ppm,0.944374,0.944374,0.000e0,0.999999
lfw,all,rgb,rgb/Elizabeth_Dole_0003.ppm,0.927087,0.927087,0.000e0,1.000000
lfw,all,rgb,rgb/Elizabeth_Dole_0004.ppm,0.922288,0.922288,0.000e0,1.000000
lfw,all,rgb,rgb/Elizabeth_Hill_0001.ppm,0.935742,0.935742,0.000e0,1.000000
lfw,all,rgb,rgb/Elizabeth_Hurley_0001.ppm,0.931128,0.931128,0.000e0,1.000000
lfw,all,rgb,rgb/Elizabeth_Hurley_0002.ppm,0.891853,0.891853,1.192e-7,1.000000
lfw,all,rgb,rgb/Elizabeth_Hurley_0003.ppm,0.896419,0.896419,0.000e0,1.000000
lfw,all,rgb,rgb/Elizabeth_Hurley_0004.ppm,0.918451,0.918451,0.000e0,1.000000
lfw,all,rgb,rgb/Elizabeth_Hurley_0005.ppm,0.919645,0.919645,0.000e0,1.000000
lfw,all,rgb,rgb/Elizabeth_Pena_0001.ppm,0.916967,0.916967,0.000e0,1.000000
lfw,all,rgb,rgb/Elizabeth_Regan_0001.ppm,0.905225,0.905225,0.000e0,1.000000
lfw,all,rgb,rgb/Elizabeth_Shue_0001.ppm,0.940791,0.940791,0.000e0,1.000000
lfw,all,rgb,rgb/Elizabeth_Shue_0002.ppm,0.932684,0.932684,0.000e0,1.000000
lfw,all,rgb,rgb/Elizabeth_Smart_0001.ppm,0.932365,0.932365,0.000e0,1.000000
lfw,all,rgb,rgb/Elizabeth_Smart_0002.ppm,0.930629,0.930629,1.192e-7,1.000000
lfw,all,rgb,rgb/Elizabeth_Smart_0003.ppm,0.914284,0.914284,0.000e0,1.000000
lfw,all,rgb,rgb/Elizabeth_Smart_0004.ppm,0.890601,0.890601,0.000e0,1.000000
lfw,all,rgb,rgb/Elizabeth_Smart_0005.ppm,0.922091,0.922091,5.960e-8,0.999999
lfw,all,rgb,rgb/Elizabeth_Taylor_0001.ppm,0.929869,0.929869,1.192e-7,1.000000
lfw,all,rgb,rgb/Elizabeth_Taylor_0002.ppm,0.868151,0.868151,1.192e-7,1.000000
lfw,all,rgb,rgb/Ellen_Barkin_0001.ppm,0.956672,0.956672,0.000e0,1.000000
lfw,all,rgb,rgb/Ellen_DeGeneres_0001.ppm,0.927155,0.927155,0.000e0,1.000000
lfw,all,rgb,rgb/Ellen_DeGeneres_0002.ppm,0.859770,0.859770,1.192e-7,1.000000
lfw,all,rgb,rgb/Ellen_Engleman_0001.ppm,0.920278,0.920278,0.000e0,1.000000
lfw,all,rgb,rgb/Ellen_Engleman_0002.ppm,0.926882,0.926882,1.192e-7,1.000000
lfw,all,rgb,rgb/Ellen_MacArthur_0001.ppm,0.915399,0.915399,0.000e0,1.000000
lfw,all,rgb,rgb/Ellen_Martin_0001.ppm,0.932321,0.932321,0.000e0,1.000000
lfw,all,rgb,rgb/Ellen_Pompeo_0001.ppm,0.952908,0.952908,0.000e0,1.000000
lfw,all,rgb,rgb/Ellen_Saracini_0001.ppm,0.946075,0.946075,0.000e0,1.000000
lfw,all,rgb,rgb/Elliott_Mincberg_0001.ppm,0.897099,0.897099,0.000e0,1.000000
lfw,all,rgb,rgb/Elmar_Brok_0001.ppm,0.880407,0.880407,0.000e0,1.000000
lfw,all,rgb,rgb/Elodie_Bouchez_0001.ppm,0.898218,0.898218,5.960e-8,1.000000
lfw,all,rgb,rgb/Eloy_Gutierrez_0001.ppm,0.916792,0.916792,0.000e0,1.000000
lfw,all,rgb,rgb/Elsa_Zylberstein_0001.ppm,0.930320,0.930320,0.000e0,1.000000
lfw,all,rgb,rgb/Elsa_Zylberstein_0002.ppm,0.945558,0.945558,0.000e0,1.000000
lfw,all,rgb,rgb/Elsa_Zylberstein_0003.ppm,0.909341,0.909341,0.000e0,1.000000
lfw,all,rgb,rgb/Elsa_Zylberstein_0004.ppm,0.913304,0.913304,0.000e0,1.000000
lfw,all,rgb,rgb/Elsa_Zylberstein_0005.ppm,0.934862,0.934862,0.000e0,1.000000
lfw,all,rgb,rgb/Elsa_Zylberstein_0006.ppm,0.918902,0.918902,5.960e-8,1.000000
lfw,all,rgb,rgb/Elton_John_0001.ppm,0.882781,0.882781,1.192e-7,1.000000
lfw,all,rgb,rgb/Elton_John_0002.ppm,0.929880,0.929880,0.000e0,1.000000
lfw,all,rgb,rgb/Elton_John_0003.ppm,0.941010,0.941010,5.960e-8,1.000000
lfw,all,rgb,rgb/Elton_John_0004.ppm,0.939551,0.939551,5.960e-8,1.000000
lfw,all,rgb,rgb/Elton_John_0005.ppm,0.945603,0.945604,1.192e-7,1.000000
lfw,all,rgb,rgb/Elton_John_0006.ppm,0.961011,0.961011,0.000e0,1.000000
lfw,all,rgb,rgb/Elton_John_0007.ppm,0.923273,0.923273,0.000e0,1.000000
lfw,all,rgb,rgb/Elva_Hsiao_0001.ppm,0.894563,0.894563,0.000e0,1.000000
lfw,all,rgb,rgb/Elvis_Costello_0001.ppm,0.937453,0.937453,0.000e0,1.000000
lfw,all,rgb,rgb/Elvis_Presley_0001.ppm,0.950815,0.950815,0.000e0,1.000000
lfw,all,rgb,rgb/Elvis_Presley_0002.ppm,0.953957,0.953957,1.192e-7,1.000000
lfw,all,rgb,rgb/Elvis_Stojko_0001.ppm,0.879228,0.879228,0.000e0,1.000000
lfw,all,rgb,rgb/Emanuel_Ginobili_0001.ppm,0.943987,0.943987,1.192e-7,1.000000
lfw,all,rgb,rgb/Emanuel_Ginobili_0002.ppm,0.917008,0.917008,1.192e-7,1.000000
lfw,all,rgb,rgb/Emanuel_Ginobili_0003.ppm,0.915109,0.915109,1.192e-7,1.000000
lfw,all,rgb,rgb/Emanuel_Ginobili_0004.ppm,0.915258,0.915258,0.000e0,1.000000
lfw,all,rgb,rgb/Emanuel_Ginobili_0005.ppm,0.861374,0.861374,0.000e0,1.000000
lfw,all,rgb,rgb/Emelie_Loit_0001.ppm,0.962420,0.962420,1.192e-7,1.000000
lfw,all,rgb,rgb/Emile_Lahoud_0001.ppm,0.939822,0.939822,0.000e0,1.000000
lfw,all,rgb,rgb/Emile_Lahoud_0002.ppm,0.935742,0.935742,1.192e-7,1.000000
lfw,all,rgb,rgb/Emilio_Azcarraga_Jean_0001.ppm,0.918188,0.918188,1.192e-7,1.000000
lfw,all,rgb,rgb/Emilio_Botin_0001.ppm,0.937751,0.937751,1.192e-7,1.000000
lfw,all,rgb,rgb/Emily_Mason_0001.ppm,0.917440,0.917440,0.000e0,1.000000
lfw,all,rgb,rgb/Emily_Mortimer_0001.ppm,0.907075,0.907075,1.192e-7,1.000000
lfw,all,rgb,rgb/Emily_Robison_0001.ppm,0.918611,0.918610,1.192e-7,1.000000
lfw,all,rgb,rgb/Emily_Robison_0002.ppm,0.927448,0.927448,0.000e0,1.000000
lfw,all,rgb,rgb/Emily_Stevens_0001.ppm,0.894248,0.894248,0.000e0,1.000000
lfw,all,rgb,rgb/Eminem_0001.ppm,0.918321,0.918321,0.000e0,1.000000
lfw,all,rgb,rgb/Emma_Nicholson_0001.ppm,0.915425,0.915425,0.000e0,1.000000
lfw,all,rgb,rgb/Emma_Thompson_0001.ppm,0.958345,0.958345,0.000e0,1.000000
lfw,all,rgb,rgb/Emma_Thompson_0002.ppm,0.947430,0.947430,0.000e0,1.000000
lfw,all,rgb,rgb/Emma_Thompson_0003.ppm,0.930077,0.930076,2.384e-7,1.000000
lfw,all,rgb,rgb/Emma_Watson_0001.ppm,0.914142,0.914142,0.000e0,1.000000
lfw,all,rgb,rgb/Emma_Watson_0002.ppm,0.940040,0.940040,5.960e-8,1.000000
lfw,all,rgb,rgb/Emma_Watson_0003.ppm,0.927920,0.927920,0.000e0,1.000000
lfw,all,rgb,rgb/Emma_Watson_0004.ppm,0.953412,0.953412,1.192e-7,1.000000
lfw,all,rgb,rgb/Emma_Watson_0005.ppm,0.938004,0.938004,1.192e-7,1.000000
lfw,all,rgb,rgb/Emmanuel_Filiberto_0001.ppm,0.939012,0.939012,0.000e0,1.000000
lfw,all,rgb,rgb/Emmanuel_Milingo_0001.ppm,0.911516,0.911516,5.960e-8,1.000000
lfw,all,rgb,rgb/Emmanuelle_Beart_0001.ppm,0.940096,0.940096,1.192e-7,1.000000
lfw,all,rgb,rgb/Emmanuelle_Beart_0002.ppm,0.942815,0.942815,0.000e0,1.000000
lfw,all,rgb,rgb/Emmanuelle_Beart_0003.ppm,0.974999,0.974999,0.000e0,1.000000
lfw,all,rgb,rgb/Emmanuelle_Jagodsinski_0001.ppm,0.945780,0.945780,0.000e0,1.000000
lfw,all,rgb,rgb/Emmit_Smith_0001.ppm,0.942886,0.942886,0.000e0,1.000000
lfw,all,rgb,rgb/Emmit_Smith_0002.ppm,0.942586,0.942586,0.000e0,0.999999
lfw,all,rgb,rgb/Emmy_Rossum_0001.ppm,0.954150,0.954150,0.000e0,0.999999
lfw,all,rgb,rgb/Emyr_Jones_Parry_0001.ppm,0.928062,0.928062,5.960e-8,1.000000
lfw,all,rgb,rgb/Enola_Rice_0001.ppm,0.842827,0.842827,1.788e-7,0.999999
lfw,all,rgb,rgb/Enos_Slaughter_0001.ppm,0.903770,0.903770,5.960e-8,1.000000
lfw,all,rgb,rgb/Enrica_Fico_0001.ppm,0.826915,0.826914,1.192e-7,1.000000
lfw,all,rgb,rgb/Enrik_Vendt_0001.ppm,0.886844,0.886844,0.000e0,1.000000
lfw,all,rgb,rgb/Enrique_Bolanos_0001.ppm,0.886799,0.886799,0.000e0,1.000000
lfw,all,rgb,rgb/Enrique_Bolanos_0002.ppm,0.931318,0.931318,0.000e0,1.000000
lfw,all,rgb,rgb/Enrique_Bolanos_0003.ppm,0.881846,0.881846,0.000e0,1.000000
lfw,all,rgb,rgb/Enrique_Bolanos_0004.ppm,0.876261,0.876261,1.192e-7,0.999999
lfw,all,rgb,rgb/Enrique_Bolanos_0005.ppm,0.844168,0.844168,0.000e0,1.000000
lfw,all,rgb,rgb/Enrique_Haroldo_Gorriaran_Merlo_0001.ppm,0.917758,0.917758,5.960e-8,1.000000
lfw,all,rgb,rgb/Enrique_Iglesias_0001.ppm,0.941514,0.941514,1.192e-7,1.000000
lfw,all,rgb,rgb/Enrique_Medina_Gomez_0001.ppm,0.927012,0.927012,0.000e0,1.000000
lfw,all,rgb,rgb/Enrique_Oliu_0001.ppm,0.922698,0.922698,1.192e-7,1.000000
lfw,all,rgb,rgb/Eric_Bana_0001.ppm,0.933919,0.933919,0.000e0,1.000000
lfw,all,rgb,rgb/Eric_Benet_0001.ppm,0.909730,0.909730,0.000e0,1.000000
lfw,all,rgb,rgb/Eric_Christian_Olsen_0001.ppm,0.912475,0.912475,1.192e-7,1.000000
lfw,all,rgb,rgb/Eric_Clapton_0001.ppm,0.859210,0.859210,0.000e0,1.000000
lfw,all,rgb,rgb/Eric_Clapton_0002.ppm,0.912801,0.912801,0.000e0,1.000000
lfw,all,rgb,rgb/Eric_Daze_0001.ppm,0.908863,0.908863,0.000e0,1.000000
lfw,all,rgb,rgb/Eric_Dubin_0001.ppm,0.959132,0.959132,0.000e0,1.000000
lfw,all,rgb,rgb/Eric_Fehr_0001.ppm,0.952443,0.952443,1.192e-7,1.000000
lfw,all,rgb,rgb/Eric_Hinske_0001.ppm,0.923572,0.923572,1.192e-7,1.000000
lfw,all,rgb,rgb/Eric_Hinske_0002.ppm,0.904428,0.904428,0.000e0,1.000000
lfw,all,rgb,rgb/Eric_Idle_0001.ppm,0.863586,0.863586,1.788e-7,0.999999
lfw,all,rgb,rgb/Eric_Lindros_0001.ppm,0.905284,0.905284,5.960e-8,1.000000
lfw,all,rgb,rgb/Eric_Lloyd_0001.ppm,0.955502,0.955502,0.000e0,1.000000
lfw,all,rgb,rgb/Eric_Robert_Rudolph_0001.ppm,0.958149,0.958149,0.000e0,1.000000
lfw,all,rgb,rgb/Eric_Robert_Rudolph_0002.ppm,0.947948,0.947948,0.000e0,1.000000
lfw,all,rgb,rgb/Eric_Robert_Rudolph_0003.ppm,0.930223,0.930223,1.192e-7,1.000000
lfw,all,rgb,rgb/Eric_Rosser_0001.ppm,0.916664,0.916664,0.000e0,1.000000
lfw,all,rgb,rgb/Eric_Rosser_0002.ppm,0.890379,0.890379,1.192e-7,1.000000
lfw,all,rgb,rgb/Eric_Ryan_Donnelly_0001.ppm,0.933793,0.933793,0.000e0,0.999999
lfw,all,rgb,rgb/Eric_Schacht_0001.ppm,0.959565,0.959565,0.000e0,1.000000
lfw,all,rgb,rgb/Eric_Shinseki_0001.ppm,0.941075,0.941074,1.192e-7,0.999999
lfw,all,rgb,rgb/Eric_Snow_0001.ppm,0.959935,0.959935,0.000e0,1.000000
lfw,all,rgb,rgb/Eric_Staal_0001.ppm,0.948614,0.948614,0.000e0,1.000000
lfw,all,rgb,rgb/Eric_Taino_0001.ppm,0.925803,0.925803,1.192e-7,1.000000
lfw,all,rgb,rgb/Eric_Vigouroux_0001.ppm,0.919132,0.919132,0.000e0,0.999999
lfw,all,rgb,rgb/Eric_Wedge_0001.ppm,0.961136,0.961136,1.192e-7,1.000000
lfw,all,rgb,rgb/Erick_Barkley_0001.ppm,0.923241,0.923241,0.000e0,0.999999
lfw,all,rgb,rgb/Erik_Morales_0001.ppm,0.945178,0.945178,0.000e0,1.000000
lfw,all,rgb,rgb/Erik_Morales_0002.ppm,0.915475,0.915475,0.000e0,0.999999
lfw,all,rgb,rgb/Erik_Morales_0003.ppm,0.922055,0.922055,1.192e-7,0.999999
lfw,all,rgb,rgb/Erika_Christensen_0001.ppm,0.919320,0.919320,1.192e-7,0.999999
lfw,all,rgb,rgb/Erika_Christensen_0002.ppm,0.922738,0.922738,0.000e0,1.000000
lfw,all,rgb,rgb/Erika_Harold_0001.ppm,0.885584,0.885584,0.000e0,1.000000
lfw,all,rgb,rgb/Erika_Harold_0002.ppm,0.943946,0.943946,1.192e-7,1.000000
lfw,all,rgb,rgb/Erika_Harold_0003.ppm,0.928575,0.928575,0.000e0,1.000000
lfw,all,rgb,rgb/Erika_Harold_0004.ppm,0.881200,0.881200,0.000e0,1.000000
lfw,all,rgb,rgb/Erika_Harold_0005.ppm,0.915873,0.915873,0.000e0,1.000000
lfw,all,rgb,rgb/Erika_Reyes_0001.ppm,0.918648,0.918648,5.960e-8,1.000000
lfw,all,rgb,rgb/Eriko_Tamura_0001.ppm,0.957843,0.957843,1.192e-7,1.000000
lfw,all,rgb,rgb/Erin_Brockovich_0001.ppm,0.914969,0.914969,1.192e-7,1.000000
lfw,all,rgb,rgb/Erin_Hershey_Presley_0001.ppm,0.949847,0.949847,0.000e0,1.000000
lfw,all,rgb,rgb/Erin_Runnion_0001.ppm,0.935194,0.935194,2.384e-7,1.000000
lfw,all,rgb,rgb/Erin_Runnion_0002.ppm,0.917921,0.917921,0.000e0,1.000000
lfw,all,rgb,rgb/Erin_Runnion_0003.ppm,0.934184,0.934184,5.960e-8,1.000000
lfw,all,rgb,rgb/Erin_Runnion_0004.ppm,0.934015,0.934015,5.960e-8,1.000000
lfw,all,rgb,rgb/Ernest_Hollings_0001.ppm,0.923379,0.923379,5.960e-8,1.000000
lfw,all,rgb,rgb/Ernesto_Zedillo_0001.ppm,0.930717,0.930717,1.192e-7,1.000000
lfw,all,rgb,rgb/Ernesto_Zedillo_0002.ppm,0.895323,0.895323,0.000e0,1.000000
lfw,all,rgb,rgb/Ernie_Els_0001.ppm,0.874751,0.874751,0.000e0,1.000000
lfw,all,rgb,rgb/Ernie_Els_0002.ppm,0.939726,0.939727,1.192e-7,1.000000
lfw,all,rgb,rgb/Ernie_Els_0003.ppm,0.937514,0.937514,0.000e0,1.000000
lfw,all,rgb,rgb/Ernie_Els_0004.ppm,0.913253,0.913254,1.192e-7,1.000000
lfw,all,rgb,rgb/Ernie_Eves_0001.ppm,0.910078,0.910078,0.000e0,1.000000
lfw,all,rgb,rgb/Ernie_Eves_0002.ppm,0.920981,0.920981,0.000e0,1.000000
lfw,all,rgb,rgb/Ernie_Fletcher_0001.ppm,0.971846,0.971846,0.000e0,1.000000
lfw,all,rgb,rgb/Ernie_Fletcher_0002.ppm,0.925454,0.925454,0.000e0,1.000000
lfw,all,rgb,rgb/Ernie_Grunfeld_0001.ppm,0.948102,0.948102,1.192e-7,1.000000
lfw,all,rgb,rgb/Ernie_Harwell_0001.ppm,0.897655,0.897655,0.000e0,1.000000
lfw,all,rgb,rgb/Ernie_Preate_0001.ppm,0.959184,0.959184,0.000e0,1.000000
lfw,all,rgb,rgb/Ernie_Stewart_0001.ppm,0.940007,0.940007,0.000e0,1.000000
lfw,all,rgb,rgb/Erskine_Bowles_0001.ppm,0.923978,0.923978,0.000e0,1.000000
lfw,all,rgb,rgb/Erwin_Abdullah_0001.ppm,0.975497,0.975497,0.000e0,1.000000
lfw,all,rgb,rgb/Erwin_Mapasseng_0001.ppm,0.902700,0.902700,1.192e-7,1.000000
lfw,all,rgb,rgb/Esad_Landzo_0001.ppm,0.932045,0.932045,0.000e0,1.000000
lfw,all,rgb,rgb/Esteban_Cordoba-Velazquez_0001.ppm,0.914978,0.914978,0.000e0,1.000000
lfw,all,rgb,rgb/Estella_Warren_0001.ppm,0.936151,0.936151,1.192e-7,1.000000
lfw,all,rgb,rgb/Estelle_Morris_0001.ppm,0.866617,0.866617,0.000e0,1.000000
lfw,all,rgb,rgb/Ester_Canadas_0001.ppm,0.875682,0.875682,0.000e0,1.000000
lfw,all,rgb,rgb/Esther_Macklin_0001.ppm,0.938858,0.938858,0.000e0,1.000000
lfw,all,rgb,rgb/Ethan_Hawke_0001.ppm,0.977601,0.977601,1.192e-7,1.000000
lfw,all,rgb,rgb/Ethan_Hawke_0002.ppm,0.938775,0.938775,0.000e0,1.000000
lfw,all,rgb,rgb/Ethan_Hawke_0003.ppm,0.932935,0.932935,0.000e0,1.000000
lfw,all,rgb,rgb/Ethan_Hawke_0004.ppm,0.895495,0.895495,0.000e0,1.000000
lfw,all,rgb,rgb/Etta_James_0001.ppm,0.934255,0.934255,0.000e0,1.000000
lfw,all,rgb,rgb/Eugene_Melnyk_0001.ppm,0.947782,0.947782,1.192e-7,1.000000
lfw,all,rgb,rgb/Eugene_Teslovic_0001.ppm,0.911378,0.911378,0.000e0,1.000000
lfw,all,rgb,rgb/Eunice_Barber_0001.ppm,0.873188,0.873187,5.364e-7,1.000000
lfw,all,rgb,rgb/Eunice_Barber_0002.ppm,0.902370,0.902370,5.960e-8,1.000000
lfw,all,rgb,rgb/Eurico_Guterres_0001.ppm,0.919553,0.919553,0.000e0,1.000000
lfw,all,rgb,rgb/Eva_Amurri_0001.ppm,0.964874,0.964874,0.000e0,1.000000
lfw,all,rgb,rgb/Eva_Dimas_0001.ppm,0.895949,0.895949,0.000e0,1.000000
lfw,all,rgb,rgb/Eva_Dimas_0002.ppm,0.797509,0.797509,5.960e-8,1.000000
lfw,all,rgb,rgb/Eva_Herzigova_0001.ppm,0.930975,0.930975,0.000e0,1.000000
lfw,all,rgb,rgb/Eva_Marie_Saint_0001.ppm,0.902968,0.902968,0.000e0,1.000000
lfw,all,rgb,rgb/Eva_Mendes_0001.ppm,0.928722,0.928722,0.000e0,1.000000
lfw,all,rgb,rgb/Evan_Marriott_0001.ppm,0.938771,0.938771,0.000e0,1.000000
lfw,all,rgb,rgb/Evan_Rachel_Wood_0001.ppm,0.941876,0.941876,0.000e0,1.000000
lfw,all,rgb,rgb/Evan_Rachel_Wood_0002.ppm,0.921034,0.921034,1.192e-7,1.000000
lfw,all,rgb,rgb/Evan_Rachel_Wood_0003.ppm,0.924887,0.924887,0.000e0,1.000000
lfw,all,rgb,rgb/Evander_Holyfield_0001.ppm,0.909274,0.909274,0.000e0,1.000000
lfw,all,rgb,rgb/Evander_Holyfield_0002.ppm,0.919071,0.919071,1.192e-7,1.000000
lfw,all,rgb,rgb/Eve_Ensler_0001.ppm,0.943210,0.943210,0.000e0,1.000000
lfw,all,rgb,rgb/Eve_Pelletier_0001.ppm,0.919554,0.919554,1.192e-7,0.999999
lfw,all,rgb,rgb/Eve_Pelletier_0002.ppm,0.895764,0.895764,0.000e0,0.999999
lfw,all,rgb,rgb/Evelyn_Lauder_0001.ppm,0.914849,0.914849,0.000e0,1.000000
lfw,all,rgb,rgb/Evgeni_Plushenko_0001.ppm,0.944441,0.944441,0.000e0,1.000000
lfw,all,rgb,rgb/Evie_Lazarou_0001.ppm,0.937337,0.937337,1.192e-7,1.000000
lfw,all,rgb,rgb/Evo_Morales_0001.ppm,0.942015,0.942015,5.960e-8,1.000000
lfw,all,rgb,rgb/Ewan_McGregor_0001.ppm,0.937797,0.937797,0.000e0,1.000000
lfw,all,rgb,rgb/Fabian_Vargas_0001.ppm,0.933867,0.933867,5.960e-8,1.000000
lfw,all,rgb,rgb/Fabiola_Zuluaga_0001.ppm,0.865666,0.865666,5.960e-8,1.000000
lfw,all,rgb,rgb/Fabiola_Zuluaga_0002.ppm,0.969148,0.969148,0.000e0,1.000000
lfw,all,rgb,rgb/Fabrice_Santoro_0001.ppm,0.918868,0.918868,0.000e0,1.000000
lfw,all,rgb,rgb/Fabrice_Santoro_0002.ppm,0.936774,0.936774,1.192e-7,1.000000
lfw,all,rgb,rgb/Fabrice_Santoro_0003.ppm,0.917004,0.917004,0.000e0,1.000000
lfw,all,rgb,rgb/Fabricio_Oberto_0001.ppm,0.919138,0.919138,0.000e0,1.000000
lfw,all,rgb,rgb/Faisal_Iqbal_0001.ppm,0.894820,0.894820,5.960e-8,1.000000
lfw,all,rgb,rgb/Faisal_Saleh_Hayat_0001.ppm,0.955553,0.955553,0.000e0,1.000000
lfw,all,rgb,rgb/Fann_Wong_0001.ppm,0.885814,0.885814,1.192e-7,1.000000
lfw,all,rgb,rgb/Farida_Ragoonanan_0001.ppm,0.953187,0.953187,0.000e0,1.000000
lfw,all,rgb,rgb/Farouk_Kaddoumi_0001.ppm,0.837710,0.837710,1.192e-7,1.000000
lfw,all,rgb,rgb/Farouk_al-Sharaa_0001.ppm,0.951023,0.951023,1.192e-7,1.000000
lfw,all,rgb,rgb/Farouk_al-Sharaa_0002.ppm,0.925240,0.925240,0.000e0,1.000000
lfw,all,rgb,rgb/Farouk_al-Sharaa_0003.ppm,0.893931,0.893932,1.192e-7,1.000000
lfw,all,rgb,rgb/Fatma_Kusibeh_0001.ppm,0.878951,0.878951,0.000e0,1.000000
lfw,all,rgb,rgb/Fatmir_Limaj_0001.ppm,0.917480,0.917480,0.000e0,1.000000
lfw,all,rgb,rgb/Faye_Alibocus_0001.ppm,0.948153,0.948153,0.000e0,1.000000
lfw,all,rgb,rgb/Faye_Dunaway_0001.ppm,0.886501,0.886501,5.960e-8,1.000000
lfw,all,rgb,rgb/Faye_Dunaway_0002.ppm,0.955403,0.955403,0.000e0,1.000000
lfw,all,rgb,rgb/Faye_Dunaway_0003.ppm,0.892401,0.892401,0.000e0,1.000000
lfw,all,rgb,rgb/Faye_Wong_0001.ppm,0.900856,0.900856,5.960e-8,1.000000
lfw,all,rgb,rgb/Fayssal_Mekdad_0001.ppm,0.918763,0.918763,0.000e0,1.000000
lfw,all,rgb,rgb/Fayssal_Mekdad_0002.ppm,0.912458,0.912458,1.192e-7,0.999999
lfw,all,rgb,rgb/Fayssal_Mekdad_0003.ppm,0.905903,0.905903,5.960e-8,1.000000
lfw,all,rgb,rgb/Fayssal_Mekdad_0004.ppm,0.945356,0.945356,0.000e0,1.000000
lfw,all,rgb,rgb/Fazal-ur-Rehman_0001.ppm,0.871543,0.871543,0.000e0,1.000000
lfw,all,rgb,rgb/Federico_Castelan_Sayre_0001.ppm,0.917593,0.917593,0.000e0,1.000000
lfw,all,rgb,rgb/Federico_Fellini_0001.ppm,0.925159,0.925159,0.000e0,1.000000
lfw,all,rgb,rgb/Federico_Trillo_0001.ppm,0.895239,0.895239,1.192e-7,1.000000
lfw,all,rgb,rgb/Federico_Trillo_0002.ppm,0.935879,0.935879,1.192e-7,1.000000
lfw,all,rgb,rgb/Federico_Trillo_0003.ppm,0.931804,0.931804,1.192e-7,1.000000
lfw,all,rgb,rgb/Feliciano_Lopez_0001.ppm,0.959784,0.959784,0.000e0,1.000000
lfw,all,rgb,rgb/Felicity_Huffman_0001.ppm,0.924973,0.924973,0.000e0,1.000000
lfw,all,rgb,rgb/Felipe_De_Borbon_0001.ppm,0.933719,0.933719,0.000e0,1.000000
lfw,all,rgb,rgb/Felipe_Fernandez_0001.ppm,0.916192,0.916192,0.000e0,1.000000
lfw,all,rgb,rgb/Felipe_Perez_Roque_0001.ppm,0.932891,0.932891,0.000e0,0.999999
lfw,all,rgb,rgb/Felipe_Perez_Roque_0002.ppm,0.985434,0.985434,1.192e-7,1.000000
lfw,all,rgb,rgb/Felipe_Perez_Roque_0003.ppm,0.941448,0.941448,1.192e-7,1.000000
lfw,all,rgb,rgb/Felipe_Perez_Roque_0004.ppm,0.951982,0.951982,0.000e0,1.000000
lfw,all,rgb,rgb/Felix_Doh_0001.ppm,0.930645,0.930645,0.000e0,0.999999
lfw,all,rgb,rgb/Felix_Mantilla_0001.ppm,0.907375,0.907375,0.000e0,1.000000
lfw,all,rgb,rgb/Felix_Mantilla_0002.ppm,0.865274,0.865274,0.000e0,1.000000
lfw,all,rgb,rgb/Felix_Sanchez_0001.ppm,0.981145,0.981145,0.000e0,1.000000
lfw,all,rgb,rgb/Felix_Trinidad_0001.ppm,0.950538,0.950538,0.000e0,0.999999
lfw,all,rgb,rgb/Ferenc_Madl_0001.ppm,0.950301,0.950301,5.960e-8,1.000000
lfw,all,rgb,rgb/Ferenc_Madl_0002.ppm,0.934932,0.934932,0.000e0,1.000000
lfw,all,rgb,rgb/Fernando_Alonso_0001.ppm,0.925690,0.925690,0.000e0,1.000000
lfw,all,rgb,rgb/Fernando_Gonzalez_0001.ppm,0.939007,0.939007,1.192e-7,1.000000
lfw,all,rgb,rgb/Fernando_Gonzalez_0002.ppm,0.950649,0.950649,0.000e0,1.000000
lfw,all,rgb,rgb/Fernando_Gonzalez_0003.ppm,0.904086,0.904086,0.000e0,0.999999
lfw,all,rgb,rgb/Fernando_Gonzalez_0004.ppm,0.898506,0.898506,2.384e-7,1.000000
lfw,all,rgb,rgb/Fernando_Gonzalez_0005.ppm,0.898404,0.898404,0.000e0,1.000000
lfw,all,rgb,rgb/Fernando_Gonzalez_0006.ppm,0.899917,0.899917,0.000e0,1.000000
lfw,all,rgb,rgb/Fernando_Gonzalez_0007.ppm,0.940618,0.940618,0.000e0,1.000000
lfw,all,rgb,rgb/Fernando_Gonzalez_0008.ppm,0.936095,0.936095,0.000e0,1.000000
lfw,all,rgb,rgb/Fernando_Gonzalez_0009.ppm,0.912737,0.912737,0.000e0,1.000000
lfw,all,rgb,rgb/Fernando_Henrique_Cardoso_0001.ppm,0.895293,0.895292,1.192e-7,1.000000
lfw,all,rgb,rgb/Fernando_Henrique_Cardoso_0002.ppm,0.866776,0.866776,5.960e-8,1.000000
lfw,all,rgb,rgb/Fernando_Henrique_Cardoso_0003.ppm,0.954623,0.954623,0.000e0,0.999999
lfw,all,rgb,rgb/Fernando_Henrique_Cardoso_0004.ppm,0.910671,0.910671,0.000e0,0.999999
lfw,all,rgb,rgb/Fernando_Henrique_Cardoso_0005.ppm,0.927641,0.927641,0.000e0,1.000000
lfw,all,rgb,rgb/Fernando_Henrique_Cardoso_0006.ppm,0.914964,0.914964,5.960e-8,1.000000
lfw,all,rgb,rgb/Fernando_Henrique_Cardoso_0007.ppm,0.931676,0.931676,0.000e0,0.999999
lfw,all,rgb,rgb/Fernando_Henrique_Cardoso_0008.ppm,0.926605,0.926605,0.000e0,1.000000
lfw,all,rgb,rgb/Fernando_Hierro_0001.ppm,0.956865,0.956865,0.000e0,1.000000
lfw,all,rgb,rgb/Fernando_Leon_de_Aranoa_0001.ppm,0.947807,0.947807,0.000e0,1.000000
lfw,all,rgb,rgb/Fernando_Sanz_0001.ppm,0.930919,0.930919,0.000e0,1.000000
lfw,all,rgb,rgb/Fernando_Valenzuela_0001.ppm,0.948048,0.948048,0.000e0,1.000000
lfw,all,rgb,rgb/Fernando_Vargas_0001.ppm,0.939285,0.939285,0.000e0,1.000000
lfw,all,rgb,rgb/Fernando_Vargas_0002.ppm,0.881027,0.881027,1.192e-7,1.000000
lfw,all,rgb,rgb/Fernando_Vargas_0003.ppm,0.902344,0.902344,5.960e-8,1.000000
lfw,all,rgb,rgb/Fernando_Vargas_0004.ppm,0.836803,0.836803,0.000e0,1.000000
lfw,all,rgb,rgb/Fernando_Velardez_0001.ppm,0.951709,0.951709,5.960e-8,1.000000
lfw,all,rgb,rgb/Festus_Mogae_0001.ppm,0.936878,0.936878,0.000e0,1.000000
lfw,all,rgb,rgb/Fidel_Castro_0001.ppm,0.905920,0.905920,0.000e0,1.000000
lfw,all,rgb,rgb/Fidel_Castro_0002.ppm,0.959864,0.959864,0.000e0,1.000000
lfw,all,rgb,rgb/Fidel_Castro_0003.ppm,0.896368,0.896369,1.192e-7,1.000000
lfw,all,rgb,rgb/Fidel_Castro_0004.ppm,0.887417,0.887418,1.192e-7,0.999999
lfw,all,rgb,rgb/Fidel_Castro_0005.ppm,0.905218,0.905218,0.000e0,1.000000
lfw,all,rgb,rgb/Fidel_Castro_0006.ppm,0.848025,0.848025,0.000e0,1.000000
lfw,all,rgb,rgb/Fidel_Castro_0007.ppm,0.924319,0.924319,0.000e0,1.000000
lfw,all,rgb,rgb/Fidel_Castro_0008.ppm,0.922387,0.922387,0.000e0,1.000000
lfw,all,rgb,rgb/Fidel_Castro_0009.ppm,0.931488,0.931488,0.000e0,1.000000
lfw,all,rgb,rgb/Fidel_Castro_0010.ppm,0.926423,0.926423,1.192e-7,1.000000
lfw,all,rgb,rgb/Fidel_Castro_0011.ppm,0.888545,0.888545,1.192e-7,1.000000
lfw,all,rgb,rgb/Fidel_Castro_0012.ppm,0.888700,0.888700,0.000e0,1.000000
lfw,all,rgb,rgb/Fidel_Castro_0013.ppm,0.928118,0.928118,0.000e0,1.000000
lfw,all,rgb,rgb/Fidel_Castro_0014.ppm,0.913938,0.913938,1.192e-7,1.000000
lfw,all,rgb,rgb/Fidel_Castro_0015.ppm,0.888804,0.888804,0.000e0,1.000000
lfw,all,rgb,rgb/Fidel_Castro_0016.ppm,0.893252,0.893252,0.000e0,1.000000
lfw,all,rgb,rgb/Fidel_Castro_0017.ppm,0.919705,0.919705,0.000e0,1.000000
lfw,all,rgb,rgb/Fidel_Castro_0018.ppm,0.910723,0.910723,0.000e0,1.000000
lfw,all,rgb,rgb/Fidel_Castro_Daiz-Balart_0001.ppm,0.925400,0.925400,0.000e0,1.000000
lfw,all,rgb,rgb/Filip_De_Winter_0001.ppm,0.860779,0.860779,1.192e-7,1.000000
lfw,all,rgb,rgb/Filippo_Inzaghi_0001.ppm,0.854183,0.854183,0.000e0,1.000000
lfw,all,rgb,rgb/Filippo_Inzaghi_0002.ppm,0.950658,0.950659,5.960e-8,1.000000
lfw,all,rgb,rgb/Filippo_Inzaghi_0003.ppm,0.923129,0.923129,1.192e-7,1.000000
lfw,all,rgb,rgb/Filippo_Volandri_0001.ppm,0.912021,0.912021,1.192e-7,1.000000
lfw,all,rgb,rgb/Fiona_Milne_0001.ppm,0.932241,0.932241,0.000e0,1.000000
lfw,all,rgb,rgb/Flavia_Delaroli_0001.ppm,0.947609,0.947609,5.960e-8,1.000000
lfw,all,rgb,rgb/Flavia_Delaroli_0002.ppm,0.926558,0.926558,1.192e-7,1.000000
lfw,all,rgb,rgb/Flavia_Pennetta_0001.ppm,0.924261,0.924261,1.192e-7,1.000000
lfw,all,rgb,rgb/Flor_Montulo_0001.ppm,0.925379,0.925379,0.000e0,1.000000
lfw,all,rgb,rgb/Flor_Montulo_0002.ppm,0.961959,0.961959,1.192e-7,1.000000
lfw,all,rgb,rgb/Florecita_Cobian_0001.ppm,0.927485,0.927485,0.000e0,1.000000
lfw,all,rgb,rgb/Florencia_Kirchner_0001.ppm,0.890718,0.890718,5.960e-8,1.000000
lfw,all,rgb,rgb/Florencia_Macri_0001.ppm,0.935085,0.935085,0.000e0,1.000000
lfw,all,rgb,rgb/Floyd_Keith_0001.ppm,0.916003,0.916003,0.000e0,1.000000
lfw,all,rgb,rgb/Floyd_Mayweather_0001.ppm,0.953524,0.953524,0.000e0,1.000000
lfw,all,rgb,rgb/Fran_Drescher_0001.ppm,0.903503,0.903503,1.192e-7,1.000000
lfw,all,rgb,rgb/Fran_Drescher_0002.ppm,0.955315,0.955315,5.960e-8,1.000000
lfw,all,rgb,rgb/Frances_Fisher_0001.ppm,0.930292,0.930292,0.000e0,1.000000
lfw,all,rgb,rgb/Frances_Fisher_0002.ppm,0.897605,0.897605,0.000e0,1.000000
lfw,all,rgb,rgb/Francesco_Totti_0001.ppm,0.884707,0.884707,1.192e-7,1.000000
lfw,all,rgb,rgb/Francis_Collins_0001.ppm,0.925042,0.925042,0.000e0,1.000000
lfw,all,rgb,rgb/Francis_Crick_0001.ppm,0.936992,0.936992,0.000e0,1.000000
lfw,all,rgb,rgb/Francis_Ford_Coppola_0001.ppm,0.892087,0.892087,5.960e-8,1.000000
lfw,all,rgb,rgb/Francis_Ford_Coppola_0002.ppm,0.914872,0.914872,0.000e0,1.000000
lfw,all,rgb,rgb/Francis_George_0001.ppm,0.906811,0.906811,0.000e0,1.000000
lfw,all,rgb,rgb/Francis_George_0002.ppm,0.905956,0.905956,0.000e0,1.000000
lfw,all,rgb,rgb/Francis_Mer_0001.ppm,0.952636,0.952636,0.000e0,1.000000
lfw,all,rgb,rgb/Francis_Mer_0002.ppm,0.932974,0.932974,0.000e0,1.000000
lfw,all,rgb,rgb/Francis_Ricciardone_0001.ppm,0.953028,0.953028,1.192e-7,1.000000
lfw,all,rgb,rgb/Francisco_Flores_0001.ppm,0.936120,0.936120,0.000e0,0.999999
lfw,all,rgb,rgb/Francisco_Flores_0002.ppm,0.957578,0.957578,0.000e0,1.000000
lfw,all,rgb,rgb/Francisco_Flores_0003.ppm,0.924728,0.924728,0.000e0,1.000000
lfw,all,rgb,rgb/Francisco_Flores_0004.ppm,0.926802,0.926802,0.000e0,1.000000
lfw,all,rgb,rgb/Francisco_Garcia_0001.ppm,0.921741,0.921741,0.000e0,1.000000
lfw,all,rgb,rgb/Francisco_Maturana_0001.ppm,0.915847,0.915847,1.192e-7,1.000000
lfw,all,rgb,rgb/Francisco_Santos_0001.ppm,0.950838,0.950838,0.000e0,1.000000
lfw,all,rgb,rgb/Francisco_Urenda_0001.ppm,0.913974,0.913974,0.000e0,1.000000
lfw,all,rgb,rgb/Franck_Cerutti_0001.ppm,0.913307,0.913307,0.000e0,0.999999
lfw,all,rgb,rgb/Franco_Cangele_0001.ppm,0.923039,0.923039,0.000e0,1.000000
lfw,all,rgb,rgb/Franco_Dragone_0001.ppm,0.929363,0.929363,0.000e0,1.000000
lfw,all,rgb,rgb/Franco_Dragone_0002.ppm,0.938463,0.938463,5.960e-8,1.000000
lfw,all,rgb,rgb/Franco_Frattini_0001.ppm,0.928449,0.928449,1.192e-7,1.000000
lfw,all,rgb,rgb/Francois_Botha_0001.ppm,0.909027,0.909027,1.192e-7,1.000000
lfw,all,rgb,rgb/Francois_Ozon_0001.ppm,0.894089,0.894089,0.000e0,1.000000
lfw,all,rgb,rgb/Francois_Pienaar_0001.ppm,0.929294,0.929294,1.192e-7,1.000000
lfw,all,rgb,rgb/Frank_Abagnale_Jr_0001.ppm,0.943067,0.943067,0.000e0,1.000000
lfw,all,rgb,rgb/Frank_Beamer_0001.ppm,0.936097,0.936097,0.000e0,1.000000
lfw,all,rgb,rgb/Frank_Bell_0001.ppm,0.845360,0.845360,1.192e-7,1.000000
lfw,all,rgb,rgb/Frank_Cassell_0001.ppm,0.924443,0.924443,0.000e0,1.000000
lfw,all,rgb,rgb/Frank_Cassell_0002.ppm,0.933882,0.933882,0.000e0,1.000000
lfw,all,rgb,rgb/Frank_Cassell_0003.ppm,0.896123,0.896123,5.960e-8,1.000000
lfw,all,rgb,rgb/Frank_Coraci_0001.ppm,0.908081,0.908081,0.000e0,1.000000
lfw,all,rgb,rgb/Frank_Dunham_Jr_0001.ppm,0.930286,0.930286,0.000e0,1.000000
lfw,all,rgb,rgb/Frank_Dunham_Jr_0002.ppm,0.920640,0.920640,0.000e0,1.000000
lfw,all,rgb,rgb/Frank_Griswold_0001.ppm,0.928293,0.928293,0.000e0,1.000000
lfw,all,rgb,rgb/Frank_Griswold_0002.ppm,0.929112,0.929112,1.192e-7,1.000000
lfw,all,rgb,rgb/Frank_Hilldrup_0001.ppm,0.935506,0.935506,0.000e0,1.000000
lfw,all,rgb,rgb/Frank_Hsieh_0001.ppm,0.929048,0.929048,0.000e0,1.000000
lfw,all,rgb,rgb/Frank_Keating_0001.ppm,0.910206,0.910206,0.000e0,1.000000
lfw,all,rgb,rgb/Frank_Lautenberg_0001.ppm,0.890990,0.890990,1.192e-7,1.000000
lfw,all,rgb,rgb/Frank_Lautenberg_0002.ppm,0.874578,0.874578,5.960e-8,1.000000
lfw,all,rgb,rgb/Frank_Marshall_0001.ppm,0.961602,0.961602,0.000e0,1.000000
lfw,all,rgb,rgb/Frank_Murkowski_0001.ppm,0.917433,0.917433,1.192e-7,1.000000
lfw,all,rgb,rgb/Frank_Pallone_0001.ppm,0.955410,0.955410,0.000e0,1.000000
lfw,all,rgb,rgb/Frank_Schmoekel_0001.ppm,0.940138,0.940138,0.000e0,1.000000
lfw,all,rgb,rgb/Frank_Shea_0001.ppm,0.930883,0.930883,0.000e0,0.999999
lfw,all,rgb,rgb/Frank_Sinatra_0001.ppm,0.933778,0.933778,0.000e0,1.000000
lfw,all,rgb,rgb/Frank_Solich_0001.ppm,0.918872,0.918872,0.000e0,1.000000
lfw,all,rgb,rgb/Frank_Solich_0002.ppm,0.938245,0.938245,1.192e-7,1.000000
lfw,all,rgb,rgb/Frank_Solich_0003.ppm,0.936793,0.936793,5.960e-8,1.000000
lfw,all,rgb,rgb/Frank_Solich_0004.ppm,0.905164,0.905164,0.000e0,1.000000
lfw,all,rgb,rgb/Frank_Solich_0005.ppm,0.889583,0.889583,0.000e0,1.000000
lfw,all,rgb,rgb/Frank_Stallone_0001.ppm,0.958993,0.958993,0.000e0,1.000000
lfw,all,rgb,rgb/Frank_Stallone_0002.ppm,0.940806,0.940806,1.192e-7,1.000000
lfw,all,rgb,rgb/Frank_Taylor_0001.ppm,0.902969,0.902969,5.960e-8,1.000000
lfw,all,rgb,rgb/Frank_Van_Ecke_0001.ppm,0.948282,0.948282,0.000e0,1.000000
lfw,all,rgb,rgb/Frank_Wycheck_0001.ppm,0.965082,0.965082,0.000e0,1.000000
lfw,all,rgb,rgb/Frank_Zappa_0001.ppm,0.949565,0.949565,0.000e0,1.000000
lfw,all,rgb,rgb/Franklin_Brown_0001.ppm,0.927687,0.927687,0.000e0,1.000000
lfw,all,rgb,rgb/Franklin_Damann_0001.ppm,0.935882,0.935882,0.000e0,1.000000
lfw,all,rgb,rgb/Franko_Simatovic_0001.ppm,0.894277,0.894277,0.000e0,1.000000
lfw,all,rgb,rgb/Franko_Simatovic_0002.ppm,0.901447,0.901447,0.000e0,0.999999
lfw,all,rgb,rgb/Franz_Beckenbauer_0001.ppm,0.909077,0.909077,0.000e0,0.999999
lfw,all,rgb,rgb/Franz_Beckenbauer_0002.ppm,0.940293,0.940293,0.000e0,1.000000
lfw,all,rgb,rgb/Franz_Fischler_0001.ppm,0.796451,0.796451,1.192e-7,1.000000
lfw,all,rgb,rgb/Franz_Fischler_0002.ppm,0.897559,0.897559,2.384e-7,1.000000
lfw,all,rgb,rgb/Franz_Fischler_0003.ppm,0.916288,0.916288,0.000e0,1.000000
lfw,all,rgb,rgb/Franz_Fischler_0004.ppm,0.922146,0.922146,5.960e-8,1.000000
lfw,all,rgb,rgb/Franz_Gsell_0001.ppm,0.948010,0.948010,0.000e0,1.000000
lfw,all,rgb,rgb/Franz_Muentefering_0001.ppm,0.938185,0.938185,0.000e0,1.000000
lfw,all,rgb,rgb/Franz_Muentefering_0002.ppm,0.951968,0.951968,0.000e0,0.999999
lfw,all,rgb,rgb/Franz_Muentefering_0003.ppm,0.877522,0.877522,5.960e-8,1.000000
lfw,all,rgb,rgb/Franz_Muentefering_0004.ppm,0.816397,0.816397,1.192e-7,1.000000
lfw,all,rgb,rgb/Fred_Durst_0001.ppm,0.922463,0.922463,0.000e0,1.000000
lfw,all,rgb,rgb/Fred_Eckhard_0001.ppm,0.963934,0.963934,0.000e0,1.000000
lfw,all,rgb,rgb/Fred_Eckhard_0002.ppm,0.956705,0.956705,0.000e0,1.000000
lfw,all,rgb,rgb/Fred_Eckhard_0003.ppm,0.944540,0.944540,0.000e0,1.000000
lfw,all,rgb,rgb/Fred_Funk_0001.ppm,0.930027,0.930027,0.000e0,1.000000
lfw,all,rgb,rgb/Fred_Funk_0002.ppm,0.962161,0.962161,0.000e0,0.999999
lfw,all,rgb,rgb/Fred_Huff_0001.ppm,0.930116,0.930116,0.000e0,1.000000
lfw,all,rgb,rgb/Fred_Rogers_0001.ppm,0.917314,0.917314,0.000e0,1.000000
lfw,all,rgb,rgb/Fred_Swan_0001.ppm,0.925996,0.925996,0.000e0,1.000000
lfw,all,rgb,rgb/Fred_Thompson_0001.ppm,0.818291,0.818291,5.960e-8,1.000000
lfw,all,rgb,rgb/Fred_Thompson_0002.ppm,0.915655,0.915655,1.192e-7,0.999999
lfw,all,rgb,rgb/Fred_Thompson_0003.ppm,0.920437,0.920437,0.000e0,1.000000
lfw,all,rgb,rgb/Fred_Wilpon_0001.ppm,0.923710,0.923709,1.788e-7,1.000000
lfw,all,rgb,rgb/Freda_Black_0001.ppm,0.949769,0.949769,0.000e0,1.000000
lfw,all,rgb,rgb/Freddy_Garcia_0001.ppm,0.942600,0.942599,1.192e-7,1.000000
lfw,all,rgb,rgb/Freddy_Garcia_0002.ppm,0.913044,0.913044,0.000e0,1.000000
lfw,all,rgb,rgb/Freddy_Vasques_Kinchokpe_0001.ppm,0.930290,0.930290,1.192e-7,1.000000
lfw,all,rgb,rgb/Frederick_Madden_0001.ppm,0.906571,0.906571,0.000e0,1.000000
lfw,all,rgb,rgb/Frederique_van_der_Wal_0001.ppm,0.932833,0.932833,5.960e-8,1.000000
lfw,all,rgb,rgb/Fredric_Seaman_0001.ppm,0.937974,0.937974,1.192e-7,1.000000
lfw,all,rgb,rgb/Fruit_Chan_0001.ppm,0.971194,0.971194,0.000e0,1.000000
lfw,all,rgb,rgb/Fujio_Cho_0001.ppm,0.939522,0.939522,5.960e-8,1.000000
lfw,all,rgb,rgb/Fujio_Cho_0002.ppm,0.924616,0.924615,1.192e-7,1.000000
lfw,all,rgb,rgb/Fujio_Cho_0003.ppm,0.917029,0.917029,1.192e-7,0.999999
lfw,all,rgb,rgb/Fujio_Cho_0004.ppm,0.931966,0.931966,2.384e-7,0.999999
lfw,all,rgb,rgb/Fujio_Cho_0005.ppm,0.921198,0.921198,0.000e0,1.000000
lfw,all,rgb,rgb/Fujio_Cho_0006.ppm,0.911403,0.911403,1.192e-7,1.000000
lfw,all,rgb,rgb/Fujio_Mitarai_0001.ppm,0.941966,0.941966,0.000e0,1.000000
lfw,all,rgb,rgb/GL_Peiris_0001.ppm,0.937700,0.937700,0.000e0,1.000000
lfw,all,rgb,rgb/GL_Peiris_0002.ppm,0.916058,0.916058,0.000e0,1.000000
lfw,all,rgb,rgb/GL_Peiris_0003.ppm,0.910631,0.910631,0.000e0,1.000000
lfw,all,rgb,rgb/GL_Peiris_0004.ppm,0.913242,0.913242,0.000e0,1.000000
lfw,all,rgb,rgb/Gabi_Zimmer_0001.ppm,0.964349,0.964349,0.000e0,1.000000
lfw,all,rgb,rgb/Gabriel_Batistuta_0001.ppm,0.903029,0.903029,0.000e0,1.000000
lfw,all,rgb,rgb/Gabriel_Batistuta_0002.ppm,0.892200,0.892200,0.000e0,1.000000
lfw,all,rgb,rgb/Gabriel_Farhi_0001.ppm,0.947376,0.947376,1.192e-7,1.000000
lfw,all,rgb,rgb/Gabriel_Hughes_0001.ppm,0.907487,0.907487,0.000e0,1.000000
lfw,all,rgb,rgb/Gabriel_Jorge_Ferreia_0001.ppm,0.844464,0.844464,1.788e-7,0.999999
lfw,all,rgb,rgb/Gabriel_Valdes_0001.ppm,0.856084,0.856084,0.000e0,1.000000
lfw,all,rgb,rgb/Gabriel_Valdes_0002.ppm,0.930414,0.930414,0.000e0,1.000000
lfw,all,rgb,rgb/Gabriella_Bo_0001.ppm,0.959494,0.959494,1.192e-7,1.000000
lfw,all,rgb,rgb/Gabrielle_Rose_0001.ppm,0.927363,0.927363,0.000e0,1.000000
lfw,all,rgb,rgb/Gabrielle_Union_0001.ppm,0.944625,0.944625,0.000e0,1.000000
lfw,all,rgb,rgb/Gael_Garcia_Bermal_0001.ppm,0.931204,0.931204,1.192e-7,1.000000
lfw,all,rgb,rgb/Gala_Leon_Garcia_0001.ppm,0.915005,0.915005,0.000e0,1.000000
lfw,all,rgb,rgb/Galen_Rowell_0001.ppm,0.912483,0.912483,1.192e-7,1.000000
lfw,all,rgb,rgb/Gao_Qiang_0001.ppm,0.915973,0.915973,0.000e0,1.000000
lfw,all,rgb,rgb/Gao_Qiang_0002.ppm,0.953026,0.953026,0.000e0,1.000000
lfw,all,rgb,rgb/Garry_Alejano_0001.ppm,0.985085,0.985085,0.000e0,1.000000
lfw,all,rgb,rgb/Garry_Kasparov_0001.ppm,0.961146,0.961146,0.000e0,0.999999
lfw,all,rgb,rgb/Garry_Kasparov_0002.ppm,0.951466,0.951466,5.960e-8,0.999999
lfw,all,rgb,rgb/Garry_McCoy_0001.ppm,0.908901,0.908901,0.000e0,1.000000
lfw,all,rgb,rgb/Garry_Trudeau_0001.ppm,0.891343,0.891343,0.000e0,1.000000
lfw,all,rgb,rgb/Garry_Trudeau_0002.ppm,0.906317,0.906317,1.192e-7,1.000000
lfw,all,rgb,rgb/Garry_Witherall_0001.ppm,0.922309,0.922309,0.000e0,1.000000
lfw,all,rgb,rgb/Garth_Drabinsky_0001.ppm,0.916692,0.916692,5.960e-8,1.000000
lfw,all,rgb,rgb/Gary_Bald_0001.ppm,0.774110,0.774111,5.960e-8,1.000000
lfw,all,rgb,rgb/Gary_Barnett_0001.ppm,0.956941,0.956941,0.000e0,1.000000
lfw,all,rgb,rgb/Gary_Bauer_0001.ppm,0.978027,0.978027,0.000e0,1.000000
lfw,all,rgb,rgb/Gary_Bergeron_0001.ppm,0.867969,0.867969,0.000e0,0.999999
lfw,all,rgb,rgb/Gary_Bergeron_0002.ppm,0.947683,0.947683,0.000e0,1.000000
lfw,all,rgb,rgb/Gary_Bettman_0001.ppm,0.952262,0.952262,0.000e0,1.000000
lfw,all,rgb,rgb/Gary_Carter_0001.ppm,0.923333,0.923333,0.000e0,1.000000
lfw,all,rgb,rgb/Gary_Carter_0002.ppm,0.933049,0.933049,2.384e-7,1.000000
lfw,all,rgb,rgb/Gary_Carter_0003.ppm,0.869919,0.869919,0.000e0,1.000000
lfw,all,rgb,rgb/Gary_Coleman_0001.ppm,0.903775,0.903775,0.000e0,1.000000
lfw,all,rgb,rgb/Gary_Condit_0001.ppm,0.956595,0.956595,0.000e0,0.999999
lfw,all,rgb,rgb/Gary_Dellaverson_0001.ppm,0.940269,0.940269,0.000e0,1.000000
lfw,all,rgb,rgb/Gary_Doer_0001.ppm,0.935879,0.935879,1.192e-7,1.000000
lfw,all,rgb,rgb/Gary_Doer_0002.ppm,0.913657,0.913657,0.000e0,1.000000
lfw,all,rgb,rgb/Gary_Doer_0003.ppm,0.913481,0.913481,0.000e0,1.000000
lfw,all,rgb,rgb/Gary_Forsee_0001.ppm,0.933541,0.933541,0.000e0,1.000000
lfw,all,rgb,rgb/Gary_Forsee_0002.ppm,0.950100,0.950100,0.000e0,1.000000
lfw,all,rgb,rgb/Gary_Gero_0001.ppm,0.925282,0.925282,0.000e0,1.000000
lfw,all,rgb,rgb/Gary_Gitnick_0001.ppm,0.943475,0.943475,0.000e0,1.000000
lfw,all,rgb,rgb/Gary_Leon_Ridgway_0001.ppm,0.939688,0.939688,1.192e-7,0.999999
lfw,all,rgb,rgb/Gary_Locke_0001.ppm,0.968243,0.968243,1.192e-7,1.000000
lfw,all,rgb,rgb/Gary_Locke_0002.ppm,0.939599,0.939599,0.000e0,1.000000
lfw,all,rgb,rgb/Gary_Marshall_0001.ppm,0.948467,0.948467,0.000e0,1.000000
lfw,all,rgb,rgb/Gary_Paer_0001.ppm,0.955335,0.955335,0.000e0,1.000000
lfw,all,rgb,rgb/Gary_Sayler_0001.ppm,0.912880,0.912880,0.000e0,1.000000
lfw,all,rgb,rgb/Gary_Sinise_0001.ppm,0.932508,0.932508,0.000e0,1.000000
lfw,all,rgb,rgb/Gary_Stevens_0001.ppm,0.911698,0.911698,5.960e-8,1.000000
lfw,all,rgb,rgb/Gary_Williams_0001.ppm,0.907183,0.907183,0.000e0,1.000000
lfw,all,rgb,rgb/Gary_Williams_0002.ppm,0.968012,0.968012,5.960e-8,1.000000
lfw,all,rgb,rgb/Gary_Winnick_0001.ppm,0.918325,0.918325,5.960e-8,1.000000
lfw,all,rgb,rgb/Gary_Winnick_0002.ppm,0.939683,0.939683,0.000e0,1.000000
lfw,all,rgb,rgb/Gaston_Gaudio_0001.ppm,0.967901,0.967901,1.192e-7,1.000000
lfw,all,rgb,rgb/Gavin_Degraw_0001.ppm,0.917951,0.917951,0.000e0,1.000000
lfw,all,rgb,rgb/Gavyn_Arthur_0001.ppm,0.946412,0.946412,0.000e0,1.000000
lfw,all,rgb,rgb/Gavyn_Davies_0001.ppm,0.928037,0.928037,1.192e-7,1.000000
lfw,all,rgb,rgb/Gen_Meredith_0001.ppm,0.946292,0.946292,1.192e-7,1.000000
lfw,all,rgb,rgb/Gene_Autry_0001.ppm,0.921976,0.921976,0.000e0,1.000000
lfw,all,rgb,rgb/Gene_Hackman_0001.ppm,0.936689,0.936689,0.000e0,1.000000
lfw,all,rgb,rgb/Gene_Keady_0001.ppm,0.933920,0.933920,1.192e-7,1.000000
lfw,all,rgb,rgb/Gene_Orza_0001.ppm,0.844307,0.844307,1.192e-7,0.999999
lfw,all,rgb,rgb/Gene_Robinson_0001.ppm,0.920517,0.920517,1.192e-7,1.000000
lfw,all,rgb,rgb/Gene_Robinson_0002.ppm,0.946325,0.946325,0.000e0,1.000000
lfw,all,rgb,rgb/Gene_Robinson_0003.ppm,0.810391,0.810391,1.192e-7,1.000000
lfw,all,rgb,rgb/Gene_Robinson_0004.ppm,0.904800,0.904800,1.192e-7,1.000000
lfw,all,rgb,rgb/Gene_Robinson_0005.ppm,0.930579,0.930579,0.000e0,0.999999
lfw,all,rgb,rgb/Gene_Sauers_0001.ppm,0.893486,0.893486,0.000e0,1.000000
lfw,all,rgb,rgb/Gennifer_Flowers_0001.ppm,0.903563,0.903563,0.000e0,1.000000
lfw,all,rgb,rgb/Geno_Auriemma_0001.ppm,0.908043,0.908043,1.192e-7,1.000000
lfw,all,rgb,rgb/Geno_Auriemma_0002.ppm,0.910958,0.910958,0.000e0,1.000000
lfw,all,rgb,rgb/Geoff_Dixon_0001.ppm,0.891701,0.891701,0.000e0,1.000000
lfw,all,rgb,rgb/Geoff_Hoon_0001.ppm,0.920653,0.920653,1.192e-7,1.000000
lfw,all,rgb,rgb/Geoff_Hoon_0002.ppm,0.943411,0.943411,1.192e-7,1.000000
lfw,all,rgb,rgb/Geoff_Hoon_0003.ppm,0.932822,0.932822,0.000e0,0.999999
lfw,all,rgb,rgb/Geoff_Hoon_0004.ppm,0.965117,0.965117,0.000e0,1.000000
lfw,all,rgb,rgb/Geoff_Hoon_0005.ppm,0.945995,0.945995,0.000e0,1.000000
lfw,all,rgb,rgb/Geoff_Hoon_0006.ppm,0.930140,0.930140,0.000e0,0.999999
lfw,all,rgb,rgb/Geoff_Hoon_0007.ppm,0.958652,0.958652,0.000e0,1.000000
lfw,all,rgb,rgb/Geoffrey_Davis_0001.ppm,0.960008,0.960008,5.960e-8,0.999999
lfw,all,rgb,rgb/Geoffrey_Rush_0001.ppm,0.889044,0.889044,0.000e0,0.999999
lfw,all,rgb,rgb/George_Allen_0001.ppm,0.867124,0.867124,0.000e0,1.000000
lfw,all,rgb,rgb/George_Blaney_0001.ppm,0.886429,0.886429,1.192e-7,1.000000
lfw,all,rgb,rgb/George_Bovell_0001.ppm,0.924727,0.924727,5.960e-8,1.000000
lfw,all,rgb,rgb/George_Brumley_0001.ppm,0.943641,0.943641,0.000e0,1.000000
lfw,all,rgb,rgb/George_Brumley_0002.ppm,0.949939,0.949939,0.000e0,1.000000
lfw,all,rgb,rgb/George_Brumley_III_0001.ppm,0.972546,0.972546,0.000e0,1.000000
lfw,all,rgb,rgb/George_Clooney_0001.ppm,0.920959,0.920959,1.192e-7,0.999999
lfw,all,rgb,rgb/George_Clooney_0002.ppm,0.889836,0.889836,0.000e0,1.000000
lfw,all,rgb,rgb/George_Clooney_0003.ppm,0.949733,0.949733,0.000e0,1.000000
lfw,all,rgb,rgb/George_Clooney_0004.ppm,0.925725,0.925725,1.192e-7,1.000000
lfw,all,rgb,rgb/George_Clooney_0005.ppm,0.948567,0.948567,0.000e0,0.999999
lfw,all,rgb,rgb/George_Clooney_0006.ppm,0.926107,0.926107,5.960e-8,1.000000
lfw,all,rgb,rgb/George_Clooney_0007.ppm,0.911689,0.911690,1.192e-7,1.000000
lfw,all,rgb,rgb/George_Clooney_0008.ppm,0.952921,0.952921,0.000e0,1.000000
lfw,all,rgb,rgb/George_Clooney_0009.ppm,0.957818,0.957818,0.000e0,0.999999
lfw,all,rgb,rgb/George_Foreman_0001.ppm,0.893660,0.893660,1.788e-7,1.000000
lfw,all,rgb,rgb/George_Foreman_0002.ppm,0.918133,0.918133,1.192e-7,1.000000
lfw,all,rgb,rgb/George_Galloway_0001.ppm,0.949207,0.949207,0.000e0,1.000000
lfw,all,rgb,rgb/George_Galloway_0002.ppm,0.916388,0.916388,0.000e0,1.000000
lfw,all,rgb,rgb/George_Galloway_0003.ppm,0.918451,0.918451,0.000e0,1.000000
lfw,all,rgb,rgb/George_Galloway_0004.ppm,0.901904,0.901904,0.000e0,1.000000
lfw,all,rgb,rgb/George_Gregan_0001.ppm,0.931972,0.931972,0.000e0,1.000000
lfw,all,rgb,rgb/George_HW_Bush_0001.ppm,0.909213,0.909213,1.192e-7,1.000000
lfw,all,rgb,rgb/George_HW_Bush_0002.ppm,0.869618,0.869618,1.788e-7,1.000000
lfw,all,rgb,rgb/George_HW_Bush_0003.ppm,0.916490,0.916491,5.960e-8,1.000000
lfw,all,rgb,rgb/George_HW_Bush_0004.ppm,0.922838,0.922837,1.192e-7,1.000000
lfw,all,rgb,rgb/George_HW_Bush_0005.ppm,0.863315,0.863315,1.192e-7,1.000000
lfw,all,rgb,rgb/George_HW_Bush_0006.ppm,0.910294,0.910294,0.000e0,1.000000
lfw,all,rgb,rgb/George_HW_Bush_0007.ppm,0.927378,0.927378,0.000e0,1.000000
lfw,all,rgb,rgb/George_HW_Bush_0008.ppm,0.856169,0.856169,5.960e-8,0.999999
lfw,all,rgb,rgb/George_HW_Bush_0009.ppm,0.909264,0.909264,0.000e0,0.999999
lfw,all,rgb,rgb/George_HW_Bush_0010.ppm,0.921352,0.921352,1.192e-7,1.000000
lfw,all,rgb,rgb/George_HW_Bush_0011.ppm,0.913071,0.913071,0.000e0,1.000000
lfw,all,rgb,rgb/George_HW_Bush_0012.ppm,0.883394,0.883394,0.000e0,1.000000
lfw,all,rgb,rgb/George_HW_Bush_0013.ppm,0.925094,0.925094,5.960e-8,1.000000
lfw,all,rgb,rgb/George_Harrison_0001.ppm,0.937065,0.937065,1.192e-7,1.000000
lfw,all,rgb,rgb/George_Karl_0001.ppm,0.933241,0.933241,0.000e0,1.000000
lfw,all,rgb,rgb/George_Karl_0002.ppm,0.952859,0.952859,0.000e0,1.000000
lfw,all,rgb,rgb/George_Lopez_0001.ppm,0.981432,0.981432,1.192e-7,1.000000
lfw,all,rgb,rgb/George_Lopez_0002.ppm,0.929563,0.929563,5.960e-8,1.000000
lfw,all,rgb,rgb/George_Lopez_0003.ppm,0.933686,0.933686,0.000e0,1.000000
lfw,all,rgb,rgb/George_Lopez_0004.ppm,0.939389,0.939389,1.192e-7,1.000000
lfw,all,rgb,rgb/George_Lopez_0005.ppm,0.954716,0.954716,0.000e0,1.000000
lfw,all,rgb,rgb/George_Lucas_0001.ppm,0.914719,0.914719,0.000e0,1.000000
lfw,all,rgb,rgb/George_Maxwell_Richards_0001.ppm,0.907198,0.907198,0.000e0,0.999999
lfw,all,rgb,rgb/George_McCloud_0001.ppm,0.944437,0.944437,0.000e0,0.999999
lfw,all,rgb,rgb/George_Murphy_0001.ppm,0.952603,0.952603,0.000e0,0.999999
lfw,all,rgb,rgb/George_P_Bush_0001.ppm,0.954921,0.954921,0.000e0,1.000000
lfw,all,rgb,rgb/George_P_Bush_0002.ppm,0.943354,0.943354,0.000e0,1.000000
lfw,all,rgb,rgb/George_Papandreou_0001.ppm,0.949447,0.949447,0.000e0,1.000000
lfw,all,rgb,rgb/George_Papandreou_0002.ppm,0.882194,0.882194,0.000e0,1.000000
lfw,all,rgb,rgb/George_Papandreou_0003.ppm,0.940203,0.940203,0.000e0,1.000000
lfw,all,rgb,rgb/George_Papandreou_0004.ppm,0.917237,0.917237,0.000e0,1.000000
lfw,all,rgb,rgb/George_Pataki_0001.ppm,0.931252,0.931252,5.960e-8,1.000000
lfw,all,rgb,rgb/George_Pataki_0002.ppm,0.921613,0.921613,0.000e0,1.000000
lfw,all,rgb,rgb/George_Pataki_0003.ppm,0.944481,0.944481,1.192e-7,1.000000
lfw,all,rgb,rgb/George_Pataki_0004.ppm,0.933681,0.933681,0.000e0,1.000000
lfw,all,rgb,rgb/George_Pataki_0005.ppm,0.956472,0.956472,0.000e0,0.999999
lfw,all,rgb,rgb/George_Plimpton_0001.ppm,0.883350,0.883350,0.000e0,1.000000
lfw,all,rgb,rgb/George_Robertson_0001.ppm,0.924468,0.924468,0.000e0,0.999999
lfw,all,rgb,rgb/George_Robertson_0002.ppm,0.947773,0.947773,0.000e0,1.000000
lfw,all,rgb,rgb/George_Robertson_0003.ppm,0.869938,0.869938,1.192e-7,1.000000
lfw,all,rgb,rgb/George_Robertson_0004.ppm,0.907637,0.907636,1.192e-7,1.000000
lfw,all,rgb,rgb/George_Robertson_0005.ppm,0.897907,0.897907,1.192e-7,1.000000
lfw,all,rgb,rgb/George_Robertson_0006.ppm,0.927832,0.927832,1.192e-7,1.000000
lfw,all,rgb,rgb/George_Robertson_0007.ppm,0.935843,0.935843,0.000e0,1.000000
lfw,all,rgb,rgb/George_Robertson_0008.ppm,0.936020,0.936020,0.000e0,0.999999
lfw,all,rgb,rgb/George_Robertson_0009.ppm,0.941390,0.941390,0.000e0,1.000000
lfw,all,rgb,rgb/George_Robertson_0010.ppm,0.921081,0.921081,1.192e-7,1.000000
lfw,all,rgb,rgb/George_Robertson_0011.ppm,0.927957,0.927957,0.000e0,1.000000
lfw,all,rgb,rgb/George_Robertson_0012.ppm,0.874338,0.874338,2.384e-7,1.000000
lfw,all,rgb,rgb/George_Robertson_0013.ppm,0.955737,0.955737,0.000e0,1.000000
lfw,all,rgb,rgb/George_Robertson_0014.ppm,0.910745,0.910745,0.000e0,1.000000
lfw,all,rgb,rgb/George_Robertson_0015.ppm,0.934822,0.934822,0.000e0,1.000000
lfw,all,rgb,rgb/George_Robertson_0016.ppm,0.959271,0.959271,0.000e0,1.000000
lfw,all,rgb,rgb/George_Robertson_0017.ppm,0.876224,0.876224,1.192e-7,1.000000
lfw,all,rgb,rgb/George_Robertson_0018.ppm,0.910523,0.910523,0.000e0,0.999999
lfw,all,rgb,rgb/George_Robertson_0019.ppm,0.951242,0.951242,1.192e-7,1.000000
lfw,all,rgb,rgb/George_Robertson_0020.ppm,0.907079,0.907079,0.000e0,0.999999
lfw,all,rgb,rgb/George_Robertson_0021.ppm,0.909490,0.909490,0.000e0,0.999999
lfw,all,rgb,rgb/George_Robertson_0022.ppm,0.895390,0.895390,0.000e0,0.999999
lfw,all,rgb,rgb/George_Roy_Hill_0001.ppm,0.918747,0.918747,0.000e0,1.000000
lfw,all,rgb,rgb/George_Roy_Hill_0002.ppm,0.938987,0.938987,0.000e0,1.000000
lfw,all,rgb,rgb/George_Ryan_0001.ppm,0.926207,0.926207,1.192e-7,1.000000
lfw,all,rgb,rgb/George_Ryan_0002.ppm,0.937239,0.937239,1.192e-7,1.000000
lfw,all,rgb,rgb/George_Ryan_0003.ppm,0.929486,0.929486,2.384e-7,1.000000
lfw,all,rgb,rgb/George_Ryan_0004.ppm,0.944637,0.944637,0.000e0,1.000000
lfw,all,rgb,rgb/George_Tenet_0001.ppm,0.963239,0.963239,1.192e-7,1.000000
lfw,all,rgb,rgb/George_Tenet_0002.ppm,0.937396,0.937396,1.192e-7,1.000000
lfw,all,rgb,rgb/George_Voinovich_0001.ppm,0.940577,0.940577,0.000e0,1.000000
lfw,all,rgb,rgb/George_Voinovich_0002.ppm,0.912857,0.912857,5.960e-8,1.000000
lfw,all,rgb,rgb/George_Voinovich_0003.ppm,0.945133,0.945133,0.000e0,1.000000
lfw,all,rgb,rgb/George_W_Bush_0001.ppm,0.962139,0.962139,1.192e-7,1.000000
lfw,all,rgb,rgb/George_W_Bush_0002.ppm,0.932086,0.932086,0.000e0,1.000000
lfw,all,rgb,rgb/George_W_Bush_0003.ppm,0.913865,0.913865,1.192e-7,1.000000
lfw,all,rgb,rgb/George_W_Bush_0004.ppm,0.881934,0.881934,5.960e-8,1.000000
lfw,all,rgb,rgb/George_W_Bush_0005.ppm,0.932064,0.932064,5.960e-8,1.000000
lfw,all,rgb,rgb/George_W_Bush_0006.ppm,0.931433,0.931433,0.000e0,1.000000
lfw,all,rgb,rgb/George_W_Bush_0007.ppm,0.908697,0.908697,0.000e0,1.000000
lfw,all,rgb,rgb/George_W_Bush_0008.ppm,0.942601,0.942601,1.192e-7,0.999999
lfw,all,rgb,rgb/George_W_Bush_0009.ppm,0.885348,0.885348,0.000e0,0.999999
lfw,all,rgb,rgb/George_W_Bush_0010.ppm,0.919860,0.919860,0.000e0,1.000000
lfw,all,rgb,rgb/George_W_Bush_0011.ppm,0.939327,0.939327,0.000e0,0.999999
lfw,all,rgb,rgb/George_W_Bush_0012.ppm,0.911257,0.911257,0.000e0,1.000000
lfw,all,rgb,rgb/George_W_Bush_0013.ppm,0.919400,0.919400,0.000e0,1.000000
lfw,all,rgb,rgb/George_W_Bush_0014.ppm,0.929485,0.929485,5.960e-8,0.999999
lfw,all,rgb,rgb/George_W_Bush_0015.ppm,0.941293,0.941293,5.960e-8,1.000000
lfw,all,rgb,rgb/George_W_Bush_0016.ppm,0.917625,0.917625,1.192e-7,1.000000
lfw,all,rgb,rgb/George_W_Bush_0017.ppm,0.915305,0.915305,0.000e0,1.000000
lfw,all,rgb,rgb/George_W_Bush_0018.ppm,0.971512,0.971512,0.000e0,1.000000
lfw,all,rgb,rgb/George_W_Bush_0019.ppm,0.926748,0.926748,0.000e0,1.000000
lfw,all,rgb,rgb/George_W_Bush_0020.ppm,0.919866,0.919866,0.000e0,1.000000
lfw,all,rgb,rgb/George_W_Bush_0021.ppm,0.865734,0.865734,0.000e0,1.000000
lfw,all,rgb,rgb/George_W_Bush_0022.ppm,0.919583,0.919583,0.000e0,1.000000
lfw,all,rgb,rgb/George_W_Bush_0023.ppm,0.839678,0.839677,1.788e-7,1.000000
lfw,all,rgb,rgb/George_W_Bush_0024.ppm,0.894967,0.894967,5.960e-8,0.999999
lfw,all,rgb,rgb/George_W_Bush_0025.ppm,0.940943,0.940943,0.000e0,1.000000
lfw,all,rgb,rgb/George_W_Bush_0026.ppm,0.908055,0.908055,0.000e0,1.000000
lfw,all,rgb,rgb/George_W_Bush_0027.ppm,0.946326,0.946326,1.192e-7,1.000000
lfw,all,rgb,rgb/George_W_Bush_0028.ppm,0.881341,0.881341,0.000e0,1.000000
lfw,all,rgb,rgb/George_W_Bush_0029.ppm,0.900688,0.900688,0.000e0,1.000000
lfw,all,rgb,rgb/George_W_Bush_0030.ppm,0.917151,0.917152,1.192e-7,1.000000
lfw,all,rgb,rgb/George_W_Bush_0031.ppm,0.918212,0.918212,1.192e-7,1.000000
lfw,all,rgb,rgb/George_W_Bush_0032.ppm,0.939558,0.939558,0.000e0,1.000000
lfw,all,rgb,rgb/George_W_Bush_0033.ppm,0.910690,0.910691,1.192e-7,1.000000
lfw,all,rgb,rgb/George_W_Bush_0034.ppm,0.901106,0.901106,0.000e0,1.000000
lfw,all,rgb,rgb/George_W_Bush_0035.ppm,0.920810,0.920809,5.960e-8,1.000000
lfw,all,rgb,rgb/George_W_Bush_0036.ppm,0.954165,0.954165,0.000e0,0.999999
lfw,all,rgb,rgb/George_W_Bush_0037.ppm,0.949476,0.949476,0.000e0,1.000000
lfw,all,rgb,rgb/George_W_Bush_0038.ppm,0.922361,0.922361,0.000e0,1.000000
lfw,all,rgb,rgb/George_W_Bush_0039.ppm,0.935154,0.935154,0.000e0,1.000000
lfw,all,rgb,rgb/George_W_Bush_0040.ppm,0.935580,0.935580,0.000e0,1.000000
lfw,all,rgb,rgb/George_W_Bush_0041.ppm,0.917933,0.917933,0.000e0,0.999999
lfw,all,rgb,rgb/George_W_Bush_0042.ppm,0.923324,0.923324,5.960e-8,1.000000
lfw,all,rgb,rgb/George_W_Bush_0043.ppm,0.924315,0.924315,0.000e0,1.000000
lfw,all,rgb,rgb/George_W_Bush_0044.ppm,0.922441,0.922441,0.000e0,1.000000
lfw,all,rgb,rgb/George_W_Bush_0045.ppm,0.905575,0.905575,0.000e0,1.000000
lfw,all,rgb,rgb/George_W_Bush_0046.ppm,0.928607,0.928607,0.000e0,1.000000
lfw,all,rgb,rgb/George_W_Bush_0047.ppm,0.944971,0.944971,0.000e0,1.000000
lfw,all,rgb,rgb/George_W_Bush_0048.ppm,0.926716,0.926716,0.000e0,1.000000
lfw,all,rgb,rgb/George_W_Bush_0049.ppm,0.934810,0.934810,1.192e-7,1.000000
lfw,all,rgb,rgb/George_W_Bush_0050.ppm,0.924203,0.924203,5.960e-8,1.000000
lfw,all,rgb,rgb/George_W_Bush_0051.ppm,0.865917,0.865917,1.192e-7,1.000000
lfw,all,rgb,rgb/George_W_Bush_0052.ppm,0.911807,0.911807,0.000e0,1.000000
lfw,all,rgb,rgb/George_W_Bush_0053.ppm,0.958990,0.958990,0.000e0,1.000000
lfw,all,rgb,rgb/George_W_Bush_0054.ppm,0.940557,0.940557,0.000e0,1.000000
lfw,all,rgb,rgb/George_W_Bush_0055.ppm,0.903593,0.903593,0.000e0,1.000000
lfw,all,rgb,rgb/George_W_Bush_0056.ppm,0.869530,0.869530,1.192e-7,1.000000
lfw,all,rgb,rgb/George_W_Bush_0057.ppm,0.942552,0.942552,0.000e0,1.000000
lfw,all,rgb,rgb/George_W_Bush_0058.ppm,0.733814,0.733814,0.000e0,1.000000
lfw,all,rgb,rgb/George_W_Bush_0059.ppm,0.947626,0.947626,0.000e0,1.000000
lfw,all,rgb,rgb/George_W_Bush_0060.ppm,0.913444,0.913444,0.000e0,1.000000
lfw,all,rgb,rgb/George_W_Bush_0061.ppm,0.976154,0.976154,0.000e0,1.000000
lfw,all,rgb,rgb/George_W_Bush_0062.ppm,0.889968,0.889968,1.192e-7,0.999999
lfw,all,rgb,rgb/George_W_Bush_0063.ppm,0.927163,0.927163,0.000e0,1.000000
lfw,all,rgb,rgb/George_W_Bush_0064.ppm,0.961133,0.961133,0.000e0,1.000000
lfw,all,rgb,rgb/George_W_Bush_0065.ppm,0.941294,0.941294,1.192e-7,1.000000
lfw,all,rgb,rgb/George_W_Bush_0066.ppm,0.928019,0.928019,5.960e-8,1.000000
lfw,all,rgb,rgb/George_W_Bush_0067.ppm,0.928541,0.928541,0.000e0,1.000000
lfw,all,rgb,rgb/George_W_Bush_0068.ppm,0.941379,0.941379,1.192e-7,1.000000
lfw,all,rgb,rgb/George_W_Bush_0069.ppm,0.941313,0.941313,5.960e-8,1.000000
lfw,all,rgb,rgb/George_W_Bush_0070.ppm,0.936644,0.936644,0.000e0,1.000000
lfw,all,rgb,rgb/George_W_Bush_0071.ppm,0.904086,0.904086,0.000e0,1.000000
lfw,all,rgb,rgb/George_W_Bush_0072.ppm,0.952307,0.952307,5.960e-8,0.999999
lfw,all,rgb,rgb/George_W_Bush_0073.ppm,0.915302,0.915302,5.960e-8,1.000000
lfw,all,rgb,rgb/George_W_Bush_0074.ppm,0.931588,0.931588,0.000e0,1.000000
lfw,all,rgb,rgb/George_W_Bush_0075.ppm,0.949600,0.949600,0.000e0,0.999999
lfw,all,rgb,rgb/George_W_Bush_0076.ppm,0.897771,0.897771,0.000e0,1.000000
lfw,all,rgb,rgb/George_W_Bush_0077.ppm,0.928555,0.928555,1.192e-7,1.000000
lfw,all,rgb,rgb/George_W_Bush_0078.ppm,0.937540,0.937540,2.384e-7,1.000000
lfw,all,rgb,rgb/George_W_Bush_0079.ppm,0.933224,0.933224,5.960e-8,1.000000
lfw,all,rgb,rgb/George_W_Bush_0080.ppm,0.904276,0.904276,0.000e0,1.000000
lfw,all,rgb,rgb/George_W_Bush_0081.ppm,0.924290,0.924290,0.000e0,0.999999
lfw,all,rgb,rgb/George_W_Bush_0082.ppm,0.932137,0.932137,0.000e0,1.000000
lfw,all,rgb,rgb/George_W_Bush_0083.ppm,0.926384,0.926384,0.000e0,1.000000
lfw,all,rgb,rgb/George_W_Bush_0084.ppm,0.943280,0.943280,0.000e0,1.000000
lfw,all,rgb,rgb/George_W_Bush_0085.ppm,0.895638,0.895639,5.960e-8,1.000000
lfw,all,rgb,rgb/George_W_Bush_0086.ppm,0.928953,0.928953,1.192e-7,1.000000
lfw,all,rgb,rgb/George_W_Bush_0087.ppm,0.969773,0.969773,1.192e-7,1.000000
lfw,all,rgb,rgb/George_W_Bush_0088.ppm,0.945904,0.945904,1.192e-7,1.000000
lfw,all,rgb,rgb/George_W_Bush_0089.ppm,0.967856,0.967856,0.000e0,0.999999
lfw,all,rgb,rgb/George_W_Bush_0090.ppm,0.933529,0.933529,0.000e0,1.000000
lfw,all,rgb,rgb/George_W_Bush_0091.ppm,0.927704,0.927704,0.000e0,1.000000
lfw,all,rgb,rgb/George_W_Bush_0092.ppm,0.914084,0.914084,1.192e-7,1.000000
lfw,all,rgb,rgb/George_W_Bush_0093.ppm,0.924718,0.924718,1.192e-7,1.000000
lfw,all,rgb,rgb/George_W_Bush_0094.ppm,0.900865,0.900865,0.000e0,1.000000
lfw,all,rgb,rgb/George_W_Bush_0095.ppm,0.952544,0.952544,0.000e0,1.000000
lfw,all,rgb,rgb/George_W_Bush_0096.ppm,0.941945,0.941945,0.000e0,1.000000
lfw,all,rgb,rgb/George_W_Bush_0097.ppm,0.892194,0.892194,1.192e-7,1.000000
lfw,all,rgb,rgb/George_W_Bush_0098.ppm,0.974254,0.974254,0.000e0,0.999999
lfw,all,rgb,rgb/George_W_Bush_0099.ppm,0.960103,0.960103,1.192e-7,1.000000
lfw,all,rgb,rgb/George_W_Bush_0100.ppm,0.925738,0.925738,0.000e0,1.000000
lfw,all,rgb,rgb/George_W_Bush_0101.ppm,0.965941,0.965941,0.000e0,1.000000
lfw,all,rgb,rgb/George_W_Bush_0102.ppm,0.894521,0.894521,0.000e0,1.000000
lfw,all,rgb,rgb/George_W_Bush_0103.ppm,0.914373,0.914373,5.960e-8,0.999999
lfw,all,rgb,rgb/George_W_Bush_0104.ppm,0.939957,0.939957,0.000e0,1.000000
lfw,all,rgb,rgb/George_W_Bush_0105.ppm,0.902899,0.902899,0.000e0,1.000000
lfw,all,rgb,rgb/George_W_Bush_0106.ppm,0.969618,0.969618,0.000e0,1.000000
lfw,all,rgb,rgb/George_W_Bush_0107.ppm,0.901549,0.901549,0.000e0,1.000000
lfw,all,rgb,rgb/George_W_Bush_0108.ppm,0.907993,0.907993,0.000e0,1.000000
lfw,all,rgb,rgb/George_W_Bush_0109.ppm,0.914228,0.914228,0.000e0,1.000000
lfw,all,rgb,rgb/George_W_Bush_0110.ppm,0.906455,0.906454,1.192e-7,1.000000
lfw,all,rgb,rgb/George_W_Bush_0111.ppm,0.902983,0.902983,0.000e0,1.000000
lfw,all,rgb,rgb/George_W_Bush_0112.ppm,0.886671,0.886671,5.960e-8,1.000000
lfw,all,rgb,rgb/George_W_Bush_0113.ppm,0.956143,0.956143,0.000e0,1.000000
lfw,all,rgb,rgb/George_W_Bush_0114.ppm,0.950720,0.950720,0.000e0,1.000000
lfw,all,rgb,rgb/George_W_Bush_0115.ppm,0.901627,0.901627,1.192e-7,1.000000
lfw,all,rgb,rgb/George_W_Bush_0116.ppm,0.894395,0.894395,1.192e-7,1.000000
lfw,all,rgb,rgb/George_W_Bush_0117.ppm,0.940972,0.940972,1.192e-7,1.000000
lfw,all,rgb,rgb/George_W_Bush_0118.ppm,0.924107,0.924107,1.192e-7,1.000000
lfw,all,rgb,rgb/George_W_Bush_0119.ppm,0.936828,0.936828,5.960e-8,1.000000
lfw,all,rgb,rgb/George_W_Bush_0120.ppm,0.958323,0.958322,1.192e-7,0.999999
lfw,all,rgb,rgb/George_W_Bush_0121.ppm,0.879396,0.879396,0.000e0,1.000000
lfw,all,rgb,rgb/George_W_Bush_0122.ppm,0.923588,0.923588,5.960e-8,1.000000
lfw,all,rgb,rgb/George_W_Bush_0123.ppm,0.929298,0.929298,0.000e0,1.000000
lfw,all,rgb,rgb/George_W_Bush_0124.ppm,0.922899,0.922899,0.000e0,1.000000
lfw,all,rgb,rgb/George_W_Bush_0125.ppm,0.965941,0.965941,0.000e0,1.000000
lfw,all,rgb,rgb/George_W_Bush_0126.ppm,0.905350,0.905350,1.192e-7,1.000000
lfw,all,rgb,rgb/George_W_Bush_0127.ppm,0.920584,0.920584,0.000e0,1.000000
lfw,all,rgb,rgb/George_W_Bush_0128.ppm,0.955066,0.955066,1.192e-7,1.000000
lfw,all,rgb,rgb/George_W_Bush_0129.ppm,0.926742,0.926742,1.192e-7,1.000000
lfw,all,rgb,rgb/George_W_Bush_0130.ppm,0.907578,0.907578,1.192e-7,1.000000
lfw,all,rgb,rgb/George_W_Bush_0131.ppm,0.936195,0.936195,0.000e0,1.000000
lfw,all,rgb,rgb/George_W_Bush_0132.ppm,0.962466,0.962466,0.000e0,0.999999
lfw,all,rgb,rgb/George_W_Bush_0133.ppm,0.907638,0.907638,5.960e-8,1.000000
lfw,all,rgb,rgb/George_W_Bush_0134.ppm,0.941344,0.941344,1.192e-7,1.000000
lfw,all,rgb,rgb/George_W_Bush_0135.ppm,0.911191,0.911191,0.000e0,1.000000
lfw,all,rgb,rgb/George_W_Bush_0136.ppm,0.954386,0.954386,0.000e0,1.000000
lfw,all,rgb,rgb/George_W_Bush_0137.ppm,0.949903,0.949903,0.000e0,1.000000
lfw,all,rgb,rgb/George_W_Bush_0138.ppm,0.969383,0.969383,0.000e0,0.999999
lfw,all,rgb,rgb/George_W_Bush_0139.ppm,0.952398,0.952398,1.192e-7,1.000000
lfw,all,rgb,rgb/George_W_Bush_0140.ppm,0.944089,0.944089,0.000e0,1.000000
lfw,all,rgb,rgb/George_W_Bush_0141.ppm,0.946454,0.946454,1.192e-7,1.000000
lfw,all,rgb,rgb/George_W_Bush_0142.ppm,0.919703,0.919703,0.000e0,1.000000
lfw,all,rgb,rgb/George_W_Bush_0143.ppm,0.938098,0.938098,1.192e-7,1.000000
lfw,all,rgb,rgb/George_W_Bush_0144.ppm,0.923652,0.923651,1.192e-7,1.000000
lfw,all,rgb,rgb/George_W_Bush_0145.ppm,0.904737,0.904737,1.192e-7,1.000000
lfw,all,rgb,rgb/George_W_Bush_0146.ppm,0.980126,0.980126,0.000e0,1.000000
lfw,all,rgb,rgb/George_W_Bush_0147.ppm,0.937523,0.937523,5.960e-8,0.999999
lfw,all,rgb,rgb/George_W_Bush_0148.ppm,0.913205,0.913205,0.000e0,1.000000
lfw,all,rgb,rgb/George_W_Bush_0149.ppm,0.964821,0.964821,0.000e0,1.000000
lfw,all,rgb,rgb/George_W_Bush_0150.ppm,0.905612,0.905612,0.000e0,1.000000
lfw,all,rgb,rgb/George_W_Bush_0151.ppm,0.912856,0.912855,2.384e-7,1.000000
lfw,all,rgb,rgb/George_W_Bush_0152.ppm,0.958319,0.958319,0.000e0,1.000000
lfw,all,rgb,rgb/George_W_Bush_0153.ppm,0.863651,0.863651,0.000e0,1.000000
lfw,all,rgb,rgb/George_W_Bush_0154.ppm,0.927847,0.927847,0.000e0,1.000000
lfw,all,rgb,rgb/George_W_Bush_0155.ppm,0.927651,0.927651,1.192e-7,1.000000
lfw,all,rgb,rgb/George_W_Bush_0156.ppm,0.920464,0.920464,1.192e-7,1.000000
lfw,all,rgb,rgb/George_W_Bush_0157.ppm,0.849560,0.849560,5.960e-8,1.000000
lfw,all,rgb,rgb/George_W_Bush_0158.ppm,0.908698,0.908698,1.192e-7,1.000000
lfw,all,rgb,rgb/George_W_Bush_0159.ppm,0.943757,0.943757,0.000e0,1.000000
lfw,all,rgb,rgb/George_W_Bush_0160.ppm,0.920300,0.920300,0.000e0,1.000000
lfw,all,rgb,rgb/George_W_Bush_0161.ppm,0.913322,0.913322,1.192e-7,1.000000
lfw,all,rgb,rgb/George_W_Bush_0162.ppm,0.921098,0.921098,0.000e0,1.000000
lfw,all,rgb,rgb/George_W_Bush_0163.ppm,0.901591,0.901591,0.000e0,1.000000
lfw,all,rgb,rgb/George_W_Bush_0164.ppm,0.935734,0.935734,0.000e0,1.000000
lfw,all,rgb,rgb/George_W_Bush_0165.ppm,0.903163,0.903164,1.192e-7,1.000000
lfw,all,rgb,rgb/George_W_Bush_0166.ppm,0.902867,0.902867,1.192e-7,0.999999
lfw,all,rgb,rgb/George_W_Bush_0167.ppm,0.882251,0.882251,1.192e-7,1.000000
lfw,all,rgb,rgb/George_W_Bush_0168.ppm,0.941419,0.941419,1.192e-7,1.000000
lfw,all,rgb,rgb/George_W_Bush_0169.ppm,0.961938,0.961938,0.000e0,1.000000
lfw,all,rgb,rgb/George_W_Bush_0170.ppm,0.915618,0.915619,1.192e-7,1.000000
lfw,all,rgb,rgb/George_W_Bush_0171.ppm,0.946617,0.946617,0.000e0,1.000000
lfw,all,rgb,rgb/George_W_Bush_0172.ppm,0.909758,0.909758,1.192e-7,0.999999
lfw,all,rgb,rgb/George_W_Bush_0173.ppm,0.928078,0.928078,5.960e-8,1.000000
lfw,all,rgb,rgb/George_W_Bush_0174.ppm,0.929884,0.929884,0.000e0,1.000000
lfw,all,rgb,rgb/George_W_Bush_0175.ppm,0.989026,0.989026,1.192e-7,1.000000
lfw,all,rgb,rgb/George_W_Bush_0176.ppm,0.923238,0.923238,1.192e-7,1.000000
lfw,all,rgb,rgb/George_W_Bush_0177.ppm,0.932748,0.932748,1.192e-7,1.000000
lfw,all,rgb,rgb/George_W_Bush_0178.ppm,0.955635,0.955635,1.192e-7,1.000000
lfw,all,rgb,rgb/George_W_Bush_0179.ppm,0.936348,0.936348,0.000e0,0.999999
lfw,all,rgb,rgb/George_W_Bush_0180.ppm,0.919411,0.919411,1.788e-7,1.000000
lfw,all,rgb,rgb/George_W_Bush_0181.ppm,0.927993,0.927993,1.192e-7,1.000000
lfw,all,rgb,rgb/George_W_Bush_0182.ppm,0.898426,0.898426,1.192e-7,1.000000
lfw,all,rgb,rgb/George_W_Bush_0183.ppm,0.886424,0.886424,0.000e0,1.000000
lfw,all,rgb,rgb/George_W_Bush_0184.ppm,0.897451,0.897451,0.000e0,1.000000
lfw,all,rgb,rgb/George_W_Bush_0185.ppm,0.933334,0.933334,0.000e0,1.000000
lfw,all,rgb,rgb/George_W_Bush_0186.ppm,0.987872,0.987872,0.000e0,1.000000
lfw,all,rgb,rgb/George_W_Bush_0187.ppm,0.924066,0.924065,5.960e-8,1.000000
lfw,all,rgb,rgb/George_W_Bush_0188.ppm,0.928859,0.928859,0.000e0,1.000000
lfw,all,rgb,rgb/George_W_Bush_0189.ppm,0.908173,0.908173,1.192e-7,1.000000
lfw,all,rgb,rgb/George_W_Bush_0190.ppm,0.970466,0.970466,0.000e0,1.000000
lfw,all,rgb,rgb/George_W_Bush_0191.ppm,0.932941,0.932941,0.000e0,1.000000
lfw,all,rgb,rgb/George_W_Bush_0192.ppm,0.953975,0.953975,0.000e0,1.000000
lfw,all,rgb,rgb/George_W_Bush_0193.ppm,0.921818,0.921818,1.192e-7,1.000000
lfw,all,rgb,rgb/George_W_Bush_0194.ppm,0.920422,0.920422,1.788e-7,1.000000
lfw,all,rgb,rgb/George_W_Bush_0195.ppm,0.951493,0.951493,0.000e0,1.000000
lfw,all,rgb,rgb/George_W_Bush_0196.ppm,0.941269,0.941269,1.192e-7,1.000000
lfw,all,rgb,rgb/George_W_Bush_0197.ppm,0.937165,0.937165,1.192e-7,1.000000
lfw,all,rgb,rgb/George_W_Bush_0198.ppm,0.942136,0.942136,0.000e0,1.000000
lfw,all,rgb,rgb/George_W_Bush_0199.ppm,0.916246,0.916246,5.960e-8,0.999999
lfw,all,rgb,rgb/George_W_Bush_0200.ppm,0.914238,0.914238,1.192e-7,1.000000
lfw,all,rgb,rgb/George_W_Bush_0201.ppm,0.893852,0.893852,0.000e0,1.000000
lfw,all,rgb,rgb/George_W_Bush_0202.ppm,0.902995,0.902995,0.000e0,1.000000
lfw,all,rgb,rgb/George_W_Bush_0203.ppm,0.910232,0.910232,0.000e0,1.000000
lfw,all,rgb,rgb/George_W_Bush_0204.ppm,0.942295,0.942295,0.000e0,1.000000
lfw,all,rgb,rgb/George_W_Bush_0205.ppm,0.857862,0.857862,5.960e-8,0.999999
lfw,all,rgb,rgb/George_W_Bush_0206.ppm,0.912328,0.912328,1.192e-7,1.000000
lfw,all,rgb,rgb/George_W_Bush_0207.ppm,0.920041,0.920041,0.000e0,1.000000
lfw,all,rgb,rgb/George_W_Bush_0208.ppm,0.925184,0.925184,0.000e0,1.000000
lfw,all,rgb,rgb/George_W_Bush_0209.ppm,0.942449,0.942449,0.000e0,1.000000
lfw,all,rgb,rgb/George_W_Bush_0210.ppm,0.939328,0.939328,1.192e-7,1.000000
lfw,all,rgb,rgb/George_W_Bush_0211.ppm,0.932739,0.932739,0.000e0,1.000000
lfw,all,rgb,rgb/George_W_Bush_0212.ppm,0.901765,0.901765,0.000e0,1.000000
lfw,all,rgb,rgb/George_W_Bush_0213.ppm,0.901421,0.901421,1.192e-7,1.000000
lfw,all,rgb,rgb/George_W_Bush_0214.ppm,0.928584,0.928584,0.000e0,0.999999
lfw,all,rgb,rgb/George_W_Bush_0215.ppm,0.892871,0.892871,1.788e-7,1.000000
lfw,all,rgb,rgb/George_W_Bush_0216.ppm,0.945851,0.945851,0.000e0,1.000000
lfw,all,rgb,rgb/George_W_Bush_0217.ppm,0.900746,0.900746,5.960e-8,1.000000
lfw,all,rgb,rgb/George_W_Bush_0218.ppm,0.943353,0.943352,1.192e-7,1.000000
lfw,all,rgb,rgb/George_W_Bush_0219.ppm,0.849013,0.849013,0.000e0,1.000000
lfw,all,rgb,rgb/George_W_Bush_0220.ppm,0.908976,0.908976,0.000e0,1.000000
lfw,all,rgb,rgb/George_W_Bush_0221.ppm,0.923274,0.923274,0.000e0,1.000000
lfw,all,rgb,rgb/George_W_Bush_0222.ppm,0.948879,0.948879,1.192e-7,1.000000
lfw,all,rgb,rgb/George_W_Bush_0223.ppm,0.959277,0.959277,1.192e-7,0.999999
lfw,all,rgb,rgb/George_W_Bush_0224.ppm,0.910090,0.910090,0.000e0,1.000000
lfw,all,rgb,rgb/George_W_Bush_0225.ppm,0.941236,0.941236,0.000e0,0.999999
lfw,all,rgb,rgb/George_W_Bush_0226.ppm,0.910361,0.910361,0.000e0,1.000000
lfw,all,rgb,rgb/George_W_Bush_0227.ppm,0.928554,0.928554,0.000e0,0.999999
lfw,all,rgb,rgb/George_W_Bush_0228.ppm,0.941619,0.941619,1.192e-7,1.000000
lfw,all,rgb,rgb/George_W_Bush_0229.ppm,0.931569,0.931569,1.192e-7,1.000000
lfw,all,rgb,rgb/George_W_Bush_0230.ppm,0.953643,0.953643,0.000e0,1.000000
lfw,all,rgb,rgb/George_W_Bush_0231.ppm,0.928625,0.928625,1.192e-7,1.000000
lfw,all,rgb,rgb/George_W_Bush_0232.ppm,0.916311,0.916311,0.000e0,1.000000
lfw,all,rgb,rgb/George_W_Bush_0233.ppm,0.948751,0.948751,1.192e-7,1.000000
lfw,all,rgb,rgb/George_W_Bush_0234.ppm,0.943181,0.943181,0.000e0,1.000000
lfw,all,rgb,rgb/George_W_Bush_0235.ppm,0.961055,0.961055,1.192e-7,1.000000
lfw,all,rgb,rgb/George_W_Bush_0236.ppm,0.953175,0.953175,0.000e0,1.000000
lfw,all,rgb,rgb/George_W_Bush_0237.ppm,0.962936,0.962936,0.000e0,1.000000
lfw,all,rgb,rgb/George_W_Bush_0238.ppm,0.949001,0.949001,0.000e0,1.000000
lfw,all,rgb,rgb/George_W_Bush_0239.ppm,0.965091,0.965091,0.000e0,1.000000
lfw,all,rgb,rgb/George_W_Bush_0240.ppm,0.950855,0.950855,0.000e0,1.000000
lfw,all,rgb,rgb/George_W_Bush_0241.ppm,0.978256,0.978256,0.000e0,1.000000
lfw,all,rgb,rgb/George_W_Bush_0242.ppm,0.923840,0.923840,0.000e0,1.000000
lfw,all,rgb,rgb/George_W_Bush_0243.ppm,0.916036,0.916036,0.000e0,1.000000
lfw,all,rgb,rgb/George_W_Bush_0244.ppm,0.931128,0.931128,0.000e0,0.999999
lfw,all,rgb,rgb/George_W_Bush_0245.ppm,0.926856,0.926856,1.192e-7,0.999999
lfw,all,rgb,rgb/George_W_Bush_0246.ppm,0.942498,0.942498,1.192e-7,1.000000
lfw,all,rgb,rgb/George_W_Bush_0247.ppm,0.944768,0.944768,1.192e-7,0.999999
lfw,all,rgb,rgb/George_W_Bush_0248.ppm,0.901294,0.901294,0.000e0,1.000000
lfw,all,rgb,rgb/George_W_Bush_0249.ppm,0.966288,0.966288,0.000e0,1.000000
lfw,all,rgb,rgb/George_W_Bush_0250.ppm,0.961606,0.961606,0.000e0,0.999999
lfw,all,rgb,rgb/George_W_Bush_0251.ppm,0.948456,0.948456,1.192e-7,1.000000
lfw,all,rgb,rgb/George_W_Bush_0252.ppm,0.915969,0.915969,1.192e-7,1.000000
lfw,all,rgb,rgb/George_W_Bush_0253.ppm,0.828013,0.828013,5.960e-8,1.000000
lfw,all,rgb,rgb/George_W_Bush_0254.ppm,0.946920,0.946920,0.000e0,1.000000
lfw,all,rgb,rgb/George_W_Bush_0255.ppm,0.894785,0.894785,5.960e-8,1.000000
lfw,all,rgb,rgb/George_W_Bush_0256.ppm,0.912635,0.912636,5.960e-8,1.000000
lfw,all,rgb,rgb/George_W_Bush_0257.ppm,0.940292,0.940292,0.000e0,1.000000
lfw,all,rgb,rgb/George_W_Bush_0258.ppm,0.927747,0.927747,1.192e-7,1.000000
lfw,all,rgb,rgb/George_W_Bush_0259.ppm,0.911991,0.911991,1.192e-7,1.000000
lfw,all,rgb,rgb/George_W_Bush_0260.ppm,0.932702,0.932702,0.000e0,1.000000
lfw,all,rgb,rgb/George_W_Bush_0261.ppm,0.954651,0.954651,0.000e0,1.000000
lfw,all,rgb,rgb/George_W_Bush_0262.ppm,0.825354,0.825354,0.000e0,1.000000
lfw,all,rgb,rgb/George_W_Bush_0263.ppm,0.912981,0.912981,0.000e0,0.999999
lfw,all,rgb,rgb/George_W_Bush_0264.ppm,0.928144,0.928144,1.192e-7,1.000000
lfw,all,rgb,rgb/George_W_Bush_0265.ppm,0.942731,0.942731,0.000e0,1.000000
lfw,all,rgb,rgb/George_W_Bush_0266.ppm,0.923068,0.923068,0.000e0,1.000000
lfw,all,rgb,rgb/George_W_Bush_0267.ppm,0.953483,0.953484,1.192e-7,1.000000
lfw,all,rgb,rgb/George_W_Bush_0268.ppm,0.941611,0.941611,1.192e-7,1.000000
lfw,all,rgb,rgb/George_W_Bush_0269.ppm,0.946142,0.946142,0.000e0,1.000000
lfw,all,rgb,rgb/George_W_Bush_0270.ppm,0.930169,0.930169,1.192e-7,1.000000
lfw,all,rgb,rgb/George_W_Bush_0271.ppm,0.916251,0.916251,0.000e0,1.000000
lfw,all,rgb,rgb/George_W_Bush_0272.ppm,0.934014,0.934014,2.384e-7,1.000000
lfw,all,rgb,rgb/George_W_Bush_0273.ppm,0.923372,0.923372,5.960e-8,1.000000
lfw,all,rgb,rgb/George_W_Bush_0274.ppm,0.911639,0.911639,1.192e-7,0.999999
lfw,all,rgb,rgb/George_W_Bush_0275.ppm,0.944918,0.944918,1.192e-7,1.000000
lfw,all,rgb,rgb/George_W_Bush_0276.ppm,0.946496,0.946496,1.192e-7,1.000000
lfw,all,rgb,rgb/George_W_Bush_0277.ppm,0.933859,0.933859,1.192e-7,1.000000
lfw,all,rgb,rgb/George_W_Bush_0278.ppm,0.921715,0.921715,0.000e0,1.000000
lfw,all,rgb,rgb/George_W_Bush_0279.ppm,0.947586,0.947586,1.192e-7,1.000000
lfw,all,rgb,rgb/George_W_Bush_0280.ppm,0.933735,0.933735,0.000e0,1.000000
lfw,all,rgb,rgb/George_W_Bush_0281.ppm,0.913623,0.913623,0.000e0,1.000000
lfw,all,rgb,rgb/George_W_Bush_0282.ppm,0.922978,0.922978,0.000e0,1.000000
lfw,all,rgb,rgb/George_W_Bush_0283.ppm,0.886731,0.886731,0.000e0,0.999999
lfw,all,rgb,rgb/George_W_Bush_0284.ppm,0.952412,0.952412,1.192e-7,1.000000
lfw,all,rgb,rgb/George_W_Bush_0285.ppm,0.950523,0.950523,0.000e0,1.000000
lfw,all,rgb,rgb/George_W_Bush_0286.ppm,0.913128,0.913128,1.192e-7,1.000000
lfw,all,rgb,rgb/George_W_Bush_0287.ppm,0.933419,0.933419,0.000e0,1.000000
lfw,all,rgb,rgb/George_W_Bush_0288.ppm,0.946832,0.946832,1.192e-7,0.999999
lfw,all,rgb,rgb/George_W_Bush_0289.ppm,0.911892,0.911892,0.000e0,1.000000
lfw,all,rgb,rgb/George_W_Bush_0290.ppm,0.889450,0.889450,5.960e-8,1.000000
lfw,all,rgb,rgb/George_W_Bush_0291.ppm,0.911968,0.911968,1.192e-7,1.000000
lfw,all,rgb,rgb/George_W_Bush_0292.ppm,0.886028,0.886027,1.192e-7,1.000000
lfw,all,rgb,rgb/George_W_Bush_0293.ppm,0.907612,0.907612,0.000e0,1.000000
lfw,all,rgb,rgb/George_W_Bush_0294.ppm,0.898794,0.898794,0.000e0,1.000000
lfw,all,rgb,rgb/George_W_Bush_0295.ppm,0.935339,0.935339,0.000e0,1.000000
lfw,all,rgb,rgb/George_W_Bush_0296.ppm,0.897227,0.897227,0.000e0,0.999999
lfw,all,rgb,rgb/George_W_Bush_0297.ppm,0.952752,0.952752,1.192e-7,0.999999
lfw,all,rgb,rgb/George_W_Bush_0298.ppm,0.937320,0.937320,0.000e0,1.000000
lfw,all,rgb,rgb/George_W_Bush_0299.ppm,0.902511,0.902511,0.000e0,1.000000
lfw,all,rgb,rgb/George_W_Bush_0300.ppm,0.929180,0.929180,1.192e-7,1.000000
lfw,all,rgb,rgb/George_W_Bush_0301.ppm,0.939146,0.939146,1.192e-7,1.000000
lfw,all,rgb,rgb/George_W_Bush_0302.ppm,0.935769,0.935769,0.000e0,1.000000
lfw,all,rgb,rgb/George_W_Bush_0303.ppm,0.933777,0.933777,0.000e0,1.000000
lfw,all,rgb,rgb/George_W_Bush_0304.ppm,0.940269,0.940268,1.192e-7,1.000000
lfw,all,rgb,rgb/George_W_Bush_0305.ppm,0.940943,0.940943,1.192e-7,1.000000
lfw,all,rgb,rgb/George_W_Bush_0306.ppm,0.942225,0.942225,0.000e0,1.000000
lfw,all,rgb,rgb/George_W_Bush_0307.ppm,0.920452,0.920452,1.192e-7,1.000000
lfw,all,rgb,rgb/George_W_Bush_0308.ppm,0.908240,0.908240,0.000e0,1.000000
lfw,all,rgb,rgb/George_W_Bush_0309.ppm,0.976468,0.976468,1.192e-7,1.000000
lfw,all,rgb,rgb/George_W_Bush_0310.ppm,0.982017,0.982017,0.000e0,1.000000
lfw,all,rgb,rgb/George_W_Bush_0311.ppm,0.915700,0.915700,0.000e0,1.000000
lfw,all,rgb,rgb/George_W_Bush_0312.ppm,0.907934,0.907934,1.192e-7,1.000000
lfw,all,rgb,rgb/George_W_Bush_0313.ppm,0.922768,0.922768,1.192e-7,0.999999
lfw,all,rgb,rgb/George_W_Bush_0314.ppm,0.936675,0.936675,5.960e-8,0.999999
lfw,all,rgb,rgb/George_W_Bush_0315.ppm,0.948689,0.948689,1.192e-7,0.999999
lfw,all,rgb,rgb/George_W_Bush_0316.ppm,0.929313,0.929313,0.000e0,1.000000
lfw,all,rgb,rgb/George_W_Bush_0317.ppm,0.919490,0.919490,0.000e0,1.000000
lfw,all,rgb,rgb/George_W_Bush_0318.ppm,0.947662,0.947662,0.000e0,1.000000
lfw,all,rgb,rgb/George_W_Bush_0319.ppm,0.947460,0.947460,1.192e-7,1.000000
lfw,all,rgb,rgb/George_W_Bush_0320.ppm,0.894394,0.894394,0.000e0,1.000000
lfw,all,rgb,rgb/George_W_Bush_0321.ppm,0.896684,0.896684,0.000e0,1.000000
lfw,all,rgb,rgb/George_W_Bush_0322.ppm,0.889289,0.889289,1.192e-7,1.000000
lfw,all,rgb,rgb/George_W_Bush_0323.ppm,0.915560,0.915560,0.000e0,1.000000
lfw,all,rgb,rgb/George_W_Bush_0324.ppm,0.944990,0.944990,0.000e0,1.000000
lfw,all,rgb,rgb/George_W_Bush_0325.ppm,0.962894,0.962894,5.960e-8,1.000000
lfw,all,rgb,rgb/George_W_Bush_0326.ppm,0.956281,0.956281,1.192e-7,1.000000
lfw,all,rgb,rgb/George_W_Bush_0327.ppm,0.955936,0.955936,1.192e-7,1.000000
lfw,all,rgb,rgb/George_W_Bush_0328.ppm,0.930779,0.930780,1.192e-7,1.000000
lfw,all,rgb,rgb/George_W_Bush_0329.ppm,0.955902,0.955902,0.000e0,0.999999
lfw,all,rgb,rgb/George_W_Bush_0330.ppm,0.935683,0.935683,0.000e0,1.000000
lfw,all,rgb,rgb/George_W_Bush_0331.ppm,0.949556,0.949556,1.192e-7,1.000000
lfw,all,rgb,rgb/George_W_Bush_0332.ppm,0.887012,0.887012,1.192e-7,1.000000
lfw,all,rgb,rgb/George_W_Bush_0333.ppm,0.940846,0.940846,1.192e-7,1.000000
lfw,all,rgb,rgb/George_W_Bush_0334.ppm,0.907885,0.907885,0.000e0,1.000000
lfw,all,rgb,rgb/George_W_Bush_0335.ppm,0.928734,0.928734,0.000e0,0.999999
lfw,all,rgb,rgb/George_W_Bush_0336.ppm,0.945496,0.945496,0.000e0,1.000000
lfw,all,rgb,rgb/George_W_Bush_0337.ppm,0.925738,0.925738,0.000e0,1.000000
lfw,all,rgb,rgb/George_W_Bush_0338.ppm,0.935443,0.935443,5.960e-8,1.000000
lfw,all,rgb,rgb/George_W_Bush_0339.ppm,0.920493,0.920493,0.000e0,1.000000
lfw,all,rgb,rgb/George_W_Bush_0340.ppm,0.934879,0.934879,0.000e0,1.000000
lfw,all,rgb,rgb/George_W_Bush_0341.ppm,0.962829,0.962829,0.000e0,1.000000
lfw,all,rgb,rgb/George_W_Bush_0342.ppm,0.971953,0.971953,0.000e0,1.000000
lfw,all,rgb,rgb/George_W_Bush_0343.ppm,0.907071,0.907071,0.000e0,1.000000
lfw,all,rgb,rgb/George_W_Bush_0344.ppm,0.949144,0.949144,0.000e0,1.000000
lfw,all,rgb,rgb/George_W_Bush_0345.ppm,0.956573,0.956573,0.000e0,1.000000
lfw,all,rgb,rgb/George_W_Bush_0346.ppm,0.941231,0.941231,1.192e-7,1.000000
lfw,all,rgb,rgb/George_W_Bush_0347.ppm,0.942546,0.942546,0.000e0,1.000000
lfw,all,rgb,rgb/George_W_Bush_0348.ppm,0.954019,0.954019,1.192e-7,0.999999
lfw,all,rgb,rgb/George_W_Bush_0349.ppm,0.868304,0.868304,3.576e-7,1.000000
lfw,all,rgb,rgb/George_W_Bush_0350.ppm,0.868357,0.868357,1.192e-7,0.999999
lfw,all,rgb,rgb/George_W_Bush_0351.ppm,0.938356,0.938356,0.000e0,0.999999
lfw,all,rgb,rgb/George_W_Bush_0352.ppm,0.879802,0.879803,1.192e-7,1.000000
lfw,all,rgb,rgb/George_W_Bush_0353.ppm,0.947551,0.947551,0.000e0,1.000000
lfw,all,rgb,rgb/George_W_Bush_0354.ppm,0.934914,0.934914,1.192e-7,1.000000
lfw,all,rgb,rgb/George_W_Bush_0355.ppm,0.944922,0.944922,5.960e-8,0.999999
lfw,all,rgb,rgb/George_W_Bush_0356.ppm,0.942931,0.942931,0.000e0,1.000000
lfw,all,rgb,rgb/George_W_Bush_0357.ppm,0.900957,0.900957,0.000e0,1.000000
lfw,all,rgb,rgb/George_W_Bush_0358.ppm,0.911908,0.911908,0.000e0,0.999999
lfw,all,rgb,rgb/George_W_Bush_0359.ppm,0.893323,0.893323,1.192e-7,1.000000
lfw,all,rgb,rgb/George_W_Bush_0360.ppm,0.912580,0.912580,0.000e0,1.000000
lfw,all,rgb,rgb/George_W_Bush_0361.ppm,0.963647,0.963647,1.192e-7,1.000000
lfw,all,rgb,rgb/George_W_Bush_0362.ppm,0.965589,0.965589,0.000e0,1.000000
lfw,all,rgb,rgb/George_W_Bush_0363.ppm,0.961868,0.961868,1.192e-7,1.000000
lfw,all,rgb,rgb/George_W_Bush_0364.ppm,0.935969,0.935969,0.000e0,1.000000
lfw,all,rgb,rgb/George_W_Bush_0365.ppm,0.956908,0.956908,5.960e-8,1.000000
lfw,all,rgb,rgb/George_W_Bush_0366.ppm,0.960096,0.960096,0.000e0,1.000000
lfw,all,rgb,rgb/George_W_Bush_0367.ppm,0.953715,0.953716,1.192e-7,1.000000
lfw,all,rgb,rgb/George_W_Bush_0368.ppm,0.915156,0.915156,1.192e-7,1.000000
lfw,all,rgb,rgb/George_W_Bush_0369.ppm,0.964856,0.964856,0.000e0,1.000000
lfw,all,rgb,rgb/George_W_Bush_0370.ppm,0.929414,0.929414,1.192e-7,1.000000
lfw,all,rgb,rgb/George_W_Bush_0371.ppm,0.940751,0.940751,1.192e-7,1.000000
lfw,all,rgb,rgb/George_W_Bush_0372.ppm,0.933630,0.933630,1.192e-7,1.000000
lfw,all,rgb,rgb/George_W_Bush_0373.ppm,0.936379,0.936379,1.192e-7,1.000000
lfw,all,rgb,rgb/George_W_Bush_0374.ppm,0.930781,0.930781,0.000e0,1.000000
lfw,all,rgb,rgb/George_W_Bush_0375.ppm,0.930033,0.930033,0.000e0,1.000000
lfw,all,rgb,rgb/George_W_Bush_0376.ppm,0.936447,0.936447,0.000e0,0.999999
lfw,all,rgb,rgb/George_W_Bush_0377.ppm,0.918794,0.918794,0.000e0,1.000000
lfw,all,rgb,rgb/George_W_Bush_0378.ppm,0.965761,0.965760,1.192e-7,0.999999
lfw,all,rgb,rgb/George_W_Bush_0379.ppm,0.955963,0.955963,0.000e0,1.000000
lfw,all,rgb,rgb/George_W_Bush_0380.ppm,0.964719,0.964719,0.000e0,1.000000
lfw,all,rgb,rgb/George_W_Bush_0381.ppm,0.930106,0.930107,1.192e-7,1.000000
lfw,all,rgb,rgb/George_W_Bush_0382.ppm,0.939572,0.939572,0.000e0,1.000000
lfw,all,rgb,rgb/George_W_Bush_0383.ppm,0.909869,0.909869,0.000e0,1.000000
lfw,all,rgb,rgb/George_W_Bush_0384.ppm,0.947544,0.947544,0.000e0,1.000000
lfw,all,rgb,rgb/George_W_Bush_0385.ppm,0.918173,0.918173,0.000e0,1.000000
lfw,all,rgb,rgb/George_W_Bush_0386.ppm,0.947530,0.947530,0.000e0,1.000000
lfw,all,rgb,rgb/George_W_Bush_0387.ppm,0.921218,0.921218,1.192e-7,1.000000
lfw,all,rgb,rgb/George_W_Bush_0388.ppm,0.869020,0.869020,1.192e-7,1.000000
lfw,all,rgb,rgb/George_W_Bush_0389.ppm,0.917494,0.917494,0.000e0,1.000000
lfw,all,rgb,rgb/George_W_Bush_0390.ppm,0.939681,0.939681,1.192e-7,1.000000
lfw,all,rgb,rgb/George_W_Bush_0391.ppm,0.946315,0.946315,1.192e-7,1.000000
lfw,all,rgb,rgb/George_W_Bush_0392.ppm,0.910730,0.910730,1.192e-7,1.000000
lfw,all,rgb,rgb/George_W_Bush_0393.ppm,0.935254,0.935254,0.000e0,1.000000
lfw,all,rgb,rgb/George_W_Bush_0394.ppm,0.912994,0.912994,5.960e-8,1.000000
lfw,all,rgb,rgb/George_W_Bush_0395.ppm,0.925067,0.925067,5.960e-8,1.000000
lfw,all,rgb,rgb/George_W_Bush_0396.ppm,0.889719,0.889719,0.000e0,1.000000
lfw,all,rgb,rgb/George_W_Bush_0397.ppm,0.936220,0.936220,0.000e0,1.000000
lfw,all,rgb,rgb/George_W_Bush_0398.ppm,0.930766,0.930766,5.960e-8,1.000000
lfw,all,rgb,rgb/George_W_Bush_0399.ppm,0.931159,0.931159,0.000e0,1.000000
lfw,all,rgb,rgb/George_W_Bush_0400.ppm,0.937700,0.937700,1.192e-7,1.000000
lfw,all,rgb,rgb/George_W_Bush_0401.ppm,0.935953,0.935953,0.000e0,1.000000
lfw,all,rgb,rgb/George_W_Bush_0402.ppm,0.950181,0.950181,0.000e0,1.000000
lfw,all,rgb,rgb/George_W_Bush_0403.ppm,0.920291,0.920291,0.000e0,0.999999
lfw,all,rgb,rgb/George_W_Bush_0404.ppm,0.903220,0.903220,2.384e-7,1.000000
lfw,all,rgb,rgb/George_W_Bush_0405.ppm,0.907154,0.907154,0.000e0,0.999999
lfw,all,rgb,rgb/George_W_Bush_0406.ppm,0.948910,0.948910,0.000e0,1.000000
lfw,all,rgb,rgb/George_W_Bush_0407.ppm,0.967465,0.967465,1.192e-7,1.000000
lfw,all,rgb,rgb/George_W_Bush_0408.ppm,0.955673,0.955673,1.192e-7,0.999999
lfw,all,rgb,rgb/George_W_Bush_0409.ppm,0.980588,0.980588,5.960e-8,1.000000
lfw,all,rgb,rgb/George_W_Bush_0410.ppm,0.959641,0.959641,0.000e0,1.000000
lfw,all,rgb,rgb/George_W_Bush_0411.ppm,0.965661,0.965661,0.000e0,1.000000
lfw,all,rgb,rgb/George_W_Bush_0412.ppm,0.959233,0.959233,0.000e0,1.000000
lfw,all,rgb,rgb/George_W_Bush_0413.ppm,0.970141,0.970141,0.000e0,1.000000
lfw,all,rgb,rgb/George_W_Bush_0414.ppm,0.914157,0.914157,1.192e-7,1.000000
lfw,all,rgb,rgb/George_W_Bush_0415.ppm,0.895800,0.895800,0.000e0,1.000000
lfw,all,rgb,rgb/George_W_Bush_0416.ppm,0.901115,0.901115,0.000e0,1.000000
lfw,all,rgb,rgb/George_W_Bush_0417.ppm,0.895503,0.895503,5.960e-8,1.000000
lfw,all,rgb,rgb/George_W_Bush_0418.ppm,0.903139,0.903139,1.192e-7,1.000000
lfw,all,rgb,rgb/George_W_Bush_0419.ppm,0.925493,0.925493,0.000e0,1.000000
lfw,all,rgb,rgb/George_W_Bush_0420.ppm,0.923759,0.923759,0.000e0,1.000000
lfw,all,rgb,rgb/George_W_Bush_0421.ppm,0.924713,0.924713,1.788e-7,1.000000
lfw,all,rgb,rgb/George_W_Bush_0422.ppm,0.901880,0.901880,1.192e-7,1.000000
lfw,all,rgb,rgb/George_W_Bush_0423.ppm,0.905289,0.905289,5.960e-8,1.000000
lfw,all,rgb,rgb/George_W_Bush_0424.ppm,0.974738,0.974738,0.000e0,1.000000
lfw,all,rgb,rgb/George_W_Bush_0425.ppm,0.962054,0.962054,1.192e-7,1.000000
lfw,all,rgb,rgb/George_W_Bush_0426.ppm,0.929324,0.929324,0.000e0,1.000000
lfw,all,rgb,rgb/George_W_Bush_0427.ppm,0.955999,0.955999,0.000e0,1.000000
lfw,all,rgb,rgb/George_W_Bush_0428.ppm,0.926917,0.926917,0.000e0,1.000000
lfw,all,rgb,rgb/George_W_Bush_0429.ppm,0.917674,0.917674,0.000e0,1.000000
lfw,all,rgb,rgb/George_W_Bush_0430.ppm,0.892648,0.892648,1.788e-7,1.000000
lfw,all,rgb,rgb/George_W_Bush_0431.ppm,0.899232,0.899232,0.000e0,1.000000
lfw,all,rgb,rgb/George_W_Bush_0432.ppm,0.957174,0.957174,1.192e-7,1.000000
lfw,all,rgb,rgb/George_W_Bush_0433.ppm,0.951570,0.951570,0.000e0,0.999999
lfw,all,rgb,rgb/George_W_Bush_0434.ppm,0.917540,0.917540,1.192e-7,1.000000
lfw,all,rgb,rgb/George_W_Bush_0435.ppm,0.961739,0.961739,0.000e0,1.000000
lfw,all,rgb,rgb/George_W_Bush_0436.ppm,0.928831,0.928831,1.192e-7,1.000000
lfw,all,rgb,rgb/George_W_Bush_0437.ppm,0.893567,0.893567,0.000e0,1.000000
lfw,all,rgb,rgb/George_W_Bush_0438.ppm,0.930015,0.930015,0.000e0,1.000000
lfw,all,rgb,rgb/George_W_Bush_0439.ppm,0.934947,0.934947,1.192e-7,0.999999
lfw,all,rgb,rgb/George_W_Bush_0440.ppm,0.885460,0.885460,0.000e0,1.000000
lfw,all,rgb,rgb/George_W_Bush_0441.ppm,0.858248,0.858248,0.000e0,1.000000
lfw,all,rgb,rgb/George_W_Bush_0442.ppm,0.908174,0.908174,0.000e0,1.000000
lfw,all,rgb,rgb/George_W_Bush_0443.ppm,0.949889,0.949889,0.000e0,0.999999
lfw,all,rgb,rgb/George_W_Bush_0444.ppm,0.918458,0.918458,1.192e-7,1.000000
lfw,all,rgb,rgb/George_W_Bush_0445.ppm,0.959932,0.959932,0.000e0,1.000000
lfw,all,rgb,rgb/George_W_Bush_0446.ppm,0.945328,0.945328,1.192e-7,1.000000
lfw,all,rgb,rgb/George_W_Bush_0447.ppm,0.890190,0.890190,0.000e0,1.000000
lfw,all,rgb,rgb/George_W_Bush_0448.ppm,0.898135,0.898135,1.192e-7,1.000000
lfw,all,rgb,rgb/George_W_Bush_0449.ppm,0.910999,0.910999,0.000e0,1.000000
lfw,all,rgb,rgb/George_W_Bush_0450.ppm,0.929933,0.929933,5.960e-8,1.000000
lfw,all,rgb,rgb/George_W_Bush_0451.ppm,0.928522,0.928522,1.192e-7,1.000000
lfw,all,rgb,rgb/George_W_Bush_0452.ppm,0.923353,0.923353,0.000e0,1.000000
lfw,all,rgb,rgb/George_W_Bush_0453.ppm,0.935212,0.935212,0.000e0,1.000000
lfw,all,rgb,rgb/George_W_Bush_0454.ppm,0.928952,0.928952,0.000e0,1.000000
lfw,all,rgb,rgb/George_W_Bush_0455.ppm,0.953813,0.953813,0.000e0,1.000000
lfw,all,rgb,rgb/George_W_Bush_0456.ppm,0.970183,0.970183,0.000e0,1.000000
lfw,all,rgb,rgb/George_W_Bush_0457.ppm,0.903839,0.903839,0.000e0,1.000000
lfw,all,rgb,rgb/George_W_Bush_0458.ppm,0.944183,0.944183,2.384e-7,1.000000
lfw,all,rgb,rgb/George_W_Bush_0459.ppm,0.899831,0.899831,0.000e0,1.000000
lfw,all,rgb,rgb/George_W_Bush_0460.ppm,0.955643,0.955643,0.000e0,1.000000
lfw,all,rgb,rgb/George_W_Bush_0461.ppm,0.882170,0.882170,0.000e0,1.000000
lfw,all,rgb,rgb/George_W_Bush_0462.ppm,0.931920,0.931920,0.000e0,0.999999
lfw,all,rgb,rgb/George_W_Bush_0463.ppm,0.965642,0.965642,0.000e0,1.000000
lfw,all,rgb,rgb/George_W_Bush_0464.ppm,0.936024,0.936024,0.000e0,1.000000
lfw,all,rgb,rgb/George_W_Bush_0465.ppm,0.954872,0.954872,1.192e-7,1.000000
lfw,all,rgb,rgb/George_W_Bush_0466.ppm,0.951939,0.951939,1.192e-7,1.000000
lfw,all,rgb,rgb/George_W_Bush_0467.ppm,0.958449,0.958449,0.000e0,1.000000
lfw,all,rgb,rgb/George_W_Bush_0468.ppm,0.943347,0.943347,0.000e0,1.000000
lfw,all,rgb,rgb/George_W_Bush_0469.ppm,0.951725,0.951725,0.000e0,0.999999
lfw,all,rgb,rgb/George_W_Bush_0470.ppm,0.941742,0.941742,1.192e-7,1.000000
lfw,all,rgb,rgb/George_W_Bush_0471.ppm,0.943053,0.943053,0.000e0,1.000000
lfw,all,rgb,rgb/George_W_Bush_0472.ppm,0.915942,0.915942,0.000e0,1.000000
lfw,all,rgb,rgb/George_W_Bush_0473.ppm,0.905969,0.905969,0.000e0,1.000000
lfw,all,rgb,rgb/George_W_Bush_0474.ppm,0.947172,0.947172,1.192e-7,0.999999
lfw,all,rgb,rgb/George_W_Bush_0475.ppm,0.917508,0.917508,0.000e0,1.000000
lfw,all,rgb,rgb/George_W_Bush_0476.ppm,0.970049,0.970048,1.192e-7,1.000000
lfw,all,rgb,rgb/George_W_Bush_0477.ppm,0.919116,0.919116,1.192e-7,1.000000
lfw,all,rgb,rgb/George_W_Bush_0478.ppm,0.936012,0.936012,2.384e-7,0.999999
lfw,all,rgb,rgb/George_W_Bush_0479.ppm,0.875673,0.875672,1.192e-7,1.000000
lfw,all,rgb,rgb/George_W_Bush_0480.ppm,0.903656,0.903656,1.192e-7,1.000000
lfw,all,rgb,rgb/George_W_Bush_0481.ppm,0.926933,0.926934,1.192e-7,1.000000
lfw,all,rgb,rgb/George_W_Bush_0482.ppm,0.948317,0.948317,0.000e0,1.000000
lfw,all,rgb,rgb/George_W_Bush_0483.ppm,0.954705,0.954705,0.000e0,1.000000
lfw,all,rgb,rgb/George_W_Bush_0484.ppm,0.950293,0.950293,0.000e0,1.000000
lfw,all,rgb,rgb/George_W_Bush_0485.ppm,0.971727,0.971727,1.192e-7,1.000000
lfw,all,rgb,rgb/George_W_Bush_0486.ppm,0.889782,0.889782,1.192e-7,0.999999
lfw,all,rgb,rgb/George_W_Bush_0487.ppm,0.916466,0.916466,1.192e-7,1.000000
lfw,all,rgb,rgb/George_W_Bush_0488.ppm,0.941945,0.941945,1.192e-7,0.999999
lfw,all,rgb,rgb/George_W_Bush_0489.ppm,0.919277,0.919277,5.960e-8,1.000000
lfw,all,rgb,rgb/George_W_Bush_0490.ppm,0.953124,0.953124,0.000e0,0.999999
lfw,all,rgb,rgb/George_W_Bush_0491.ppm,0.939743,0.939743,0.000e0,1.000000
lfw,all,rgb,rgb/George_W_Bush_0492.ppm,0.873796,0.873796,1.192e-7,1.000000
lfw,all,rgb,rgb/George_W_Bush_0493.ppm,0.950231,0.950231,0.000e0,1.000000
lfw,all,rgb,rgb/George_W_Bush_0494.ppm,0.902394,0.902394,1.192e-7,1.000000
lfw,all,rgb,rgb/George_W_Bush_0495.ppm,0.898975,0.898975,0.000e0,0.999999
lfw,all,rgb,rgb/George_W_Bush_0496.ppm,0.977056,0.977056,1.192e-7,1.000000
lfw,all,rgb,rgb/George_W_Bush_0497.ppm,0.949744,0.949744,1.192e-7,1.000000
lfw,all,rgb,rgb/George_W_Bush_0498.ppm,0.912776,0.912776,1.192e-7,1.000000
lfw,all,rgb,rgb/George_W_Bush_0499.ppm,0.950777,0.950777,0.000e0,1.000000
lfw,all,rgb,rgb/George_W_Bush_0500.ppm,0.935742,0.935742,1.192e-7,0.999999
lfw,all,rgb,rgb/George_W_Bush_0501.ppm,0.940435,0.940435,0.000e0,1.000000
lfw,all,rgb,rgb/George_W_Bush_0502.ppm,0.924485,0.924485,0.000e0,1.000000
lfw,all,rgb,rgb/George_W_Bush_0503.ppm,0.881640,0.881640,0.000e0,1.000000
lfw,all,rgb,rgb/George_W_Bush_0504.ppm,0.976342,0.976342,0.000e0,1.000000
lfw,all,rgb,rgb/George_W_Bush_0505.ppm,0.958919,0.958919,1.192e-7,0.999999
lfw,all,rgb,rgb/George_W_Bush_0506.ppm,0.920503,0.920503,1.192e-7,1.000000
lfw,all,rgb,rgb/George_W_Bush_0507.ppm,0.907922,0.907922,0.000e0,1.000000
lfw,all,rgb,rgb/George_W_Bush_0508.ppm,0.978293,0.978293,0.000e0,1.000000
lfw,all,rgb,rgb/George_W_Bush_0509.ppm,0.885225,0.885225,0.000e0,1.000000
lfw,all,rgb,rgb/George_W_Bush_0510.ppm,0.904373,0.904373,0.000e0,1.000000
lfw,all,rgb,rgb/George_W_Bush_0511.ppm,0.937184,0.937184,0.000e0,1.000000
lfw,all,rgb,rgb/George_W_Bush_0512.ppm,0.953332,0.953332,1.192e-7,1.000000
lfw,all,rgb,rgb/George_W_Bush_0513.ppm,0.894908,0.894907,3.576e-7,1.000000
lfw,all,rgb,rgb/George_W_Bush_0514.ppm,0.889765,0.889765,5.960e-8,1.000000
lfw,all,rgb,rgb/George_W_Bush_0515.ppm,0.928699,0.928699,0.000e0,1.000000
lfw,all,rgb,rgb/George_W_Bush_0516.ppm,0.918224,0.918224,0.000e0,1.000000
lfw,all,rgb,rgb/George_W_Bush_0517.ppm,0.918304,0.918304,0.000e0,1.000000
lfw,all,rgb,rgb/George_W_Bush_0518.ppm,0.936069,0.936069,1.192e-7,1.000000
lfw,all,rgb,rgb/George_W_Bush_0519.ppm,0.926485,0.926485,1.192e-7,1.000000
lfw,all,rgb,rgb/George_W_Bush_0520.ppm,0.918734,0.918734,5.960e-8,1.000000
lfw,all,rgb,rgb/George_W_Bush_0521.ppm,0.892963,0.892963,0.000e0,1.000000
lfw,all,rgb,rgb/George_W_Bush_0522.ppm,0.923408,0.923408,0.000e0,1.000000
lfw,all,rgb,rgb/George_W_Bush_0523.ppm,0.942500,0.942500,0.000e0,1.000000
lfw,all,rgb,rgb/George_W_Bush_0524.ppm,0.980881,0.980881,0.000e0,1.000000
lfw,all,rgb,rgb/George_W_Bush_0525.ppm,0.905136,0.905136,1.192e-7,1.000000
lfw,all,rgb,rgb/George_W_Bush_0526.ppm,0.935790,0.935790,0.000e0,1.000000
lfw,all,rgb,rgb/George_W_Bush_0527.ppm,0.932677,0.932677,1.192e-7,1.000000
lfw,all,rgb,rgb/George_W_Bush_0528.ppm,0.919620,0.919620,0.000e0,1.000000
lfw,all,rgb,rgb/George_W_Bush_0529.ppm,0.922721,0.922721,1.192e-7,1.000000
lfw,all,rgb,rgb/George_W_Bush_0530.ppm,0.898879,0.898879,0.000e0,1.000000
lfw,all,rgb,rgb/Georgi_Parvanov_0001.ppm,0.914694,0.914694,0.000e0,1.000000
lfw,all,rgb,rgb/Georgi_Parvanov_0002.ppm,0.910836,0.910836,1.192e-7,1.000000
lfw,all,rgb,rgb/Georgia_Giddings_0001.ppm,0.934647,0.934647,0.000e0,1.000000
lfw,all,rgb,rgb/Georgina_Bardach_0001.ppm,0.918014,0.918014,1.192e-7,0.999999
lfw,all,rgb,rgb/Georgina_Papin_0001.ppm,0.948556,0.948556,0.000e0,1.000000
lfw,all,rgb,rgb/Geovani_Lapentti_0001.ppm,0.921497,0.921497,1.192e-7,1.000000
lfw,all,rgb,rgb/Gerald_Barbarito_0001.ppm,0.917479,0.917479,1.192e-7,1.000000
lfw,all,rgb,rgb/Gerald_Calabrese_0001.ppm,0.875937,0.875937,0.000e0,1.000000
lfw,all,rgb,rgb/Gerald_Fitch_0001.ppm,0.915936,0.915936,0.000e0,1.000000
lfw,all,rgb,rgb/Gerald_Ford_0001.ppm,0.928250,0.928250,1.192e-7,0.999999
lfw,all,rgb,rgb/Gerald_Riley_0001.ppm,0.953299,0.953299,0.000e0,0.999999
lfw,all,rgb,rgb/Geraldine_Chaplin_0001.ppm,0.928283,0.928283,1.192e-7,1.000000
lfw,all,rgb,rgb/Geraldine_Chaplin_0002.ppm,0.936680,0.936680,0.000e0,1.000000
lfw,all,rgb,rgb/Geraldine_Chaplin_0003.ppm,0.901496,0.901496,0.000e0,1.000000
lfw,all,rgb,rgb/Geraldine_Chaplin_0004.ppm,0.895976,0.895976,0.000e0,1.000000
lfw,all,rgb,rgb/Geraldo_Rivera_0001.ppm,0.923286,0.923286,0.000e0,1.000000
lfw,all,rgb,rgb/Gerard_Butler_0001.ppm,0.934666,0.934666,0.000e0,0.999999
lfw,all,rgb,rgb/Gerard_Depardieu_0001.ppm,0.944670,0.944670,0.000e0,1.000000
lfw,all,rgb,rgb/Gerard_Depardieu_0002.ppm,0.961976,0.961976,0.000e0,1.000000
lfw,all,rgb,rgb/Gerard_Kleisterlee_0001.ppm,0.961285,0.961285,0.000e0,1.000000
lfw,all,rgb,rgb/Gerard_Tronche_0001.ppm,0.945381,0.945381,0.000e0,1.000000
lfw,all,rgb,rgb/Gerard_de_Cortanze_0001.ppm,0.939587,0.939587,0.000e0,1.000000
lfw,all,rgb,rgb/Gerardo_Gambala_0001.ppm,0.948542,0.948542,0.000e0,1.000000
lfw,all,rgb,rgb/Gerardo_Gambala_0002.ppm,0.918461,0.918461,0.000e0,1.000000
lfw,all,rgb,rgb/Gerhard_Boekel_0001.ppm,0.933602,0.933602,0.000e0,1.000000
lfw,all,rgb,rgb/Gerhard_Schmid_0001.ppm,0.940505,0.940505,0.000e0,1.000000
lfw,all,rgb,rgb/Gerhard_Schroeder_0001.ppm,0.941167,0.941167,1.192e-7,1.000000
lfw,all,rgb,rgb/Gerhard_Schroeder_0002.ppm,0.948666,0.948666,0.000e0,1.000000
lfw,all,rgb,rgb/Gerhard_Schroeder_0003.ppm,0.935158,0.935158,0.000e0,1.000000
lfw,all,rgb,rgb/Gerhard_Schroeder_0004.ppm,0.910669,0.910669,0.000e0,1.000000
lfw,all,rgb,rgb/Gerhard_Schroeder_0005.ppm,0.942633,0.942633,0.000e0,1.000000
lfw,all,rgb,rgb/Gerhard_Schroeder_0006.ppm,0.917843,0.917843,1.192e-7,1.000000
lfw,all,rgb,rgb/Gerhard_Schroeder_0007.ppm,0.951134,0.951134,1.192e-7,1.000000
lfw,all,rgb,rgb/Gerhard_Schroeder_0008.ppm,0.944121,0.944121,0.000e0,1.000000
lfw,all,rgb,rgb/Gerhard_Schroeder_0009.ppm,0.905216,0.905216,1.192e-7,1.000000
lfw,all,rgb,rgb/Gerhard_Schroeder_0010.ppm,0.932310,0.932310,0.000e0,1.000000
lfw,all,rgb,rgb/Gerhard_Schroeder_0011.ppm,0.904423,0.904423,0.000e0,1.000000
lfw,all,rgb,rgb/Gerhard_Schroeder_0012.ppm,0.938002,0.938002,0.000e0,1.000000
lfw,all,rgb,rgb/Gerhard_Schroeder_0013.ppm,0.948837,0.948837,0.000e0,1.000000
lfw,all,rgb,rgb/Gerhard_Schroeder_0014.ppm,0.935027,0.935027,1.192e-7,1.000000
lfw,all,rgb,rgb/Gerhard_Schroeder_0015.ppm,0.950989,0.950989,0.000e0,1.000000
lfw,all,rgb,rgb/Gerhard_Schroeder_0016.ppm,0.938408,0.938408,0.000e0,1.000000
lfw,all,rgb,rgb/Gerhard_Schroeder_0017.ppm,0.920251,0.920251,5.960e-8,1.000000
lfw,all,rgb,rgb/Gerhard_Schroeder_0018.ppm,0.949486,0.949486,0.000e0,1.000000
lfw,all,rgb,rgb/Gerhard_Schroeder_0019.ppm,0.921944,0.921944,0.000e0,1.000000
lfw,all,rgb,rgb/Gerhard_Schroeder_0020.ppm,0.904235,0.904235,0.000e0,1.000000
lfw,all,rgb,rgb/Gerhard_Schroeder_0021.ppm,0.911534,0.911534,0.000e0,1.000000
lfw,all,rgb,rgb/Gerhard_Schroeder_0022.ppm,0.964333,0.964333,0.000e0,1.000000
lfw,all,rgb,rgb/Gerhard_Schroeder_0023.ppm,0.951729,0.951729,0.000e0,1.000000
lfw,all,rgb,rgb/Gerhard_Schroeder_0024.ppm,0.935693,0.935693,0.000e0,0.999999
lfw,all,rgb,rgb/Gerhard_Schroeder_0025.ppm,0.915089,0.915089,0.000e0,1.000000
lfw,all,rgb,rgb/Gerhard_Schroeder_0026.ppm,0.941307,0.941307,0.000e0,0.999999
lfw,all,rgb,rgb/Gerhard_Schroeder_0027.ppm,0.968293,0.968293,0.000e0,1.000000
lfw,all,rgb,rgb/Gerhard_Schroeder_0028.ppm,0.921741,0.921741,5.960e-8,1.000000
lfw,all,rgb,rgb/Gerhard_Schroeder_0029.ppm,0.921044,0.921044,0.000e0,1.000000
lfw,all,rgb,rgb/Gerhard_Schroeder_0030.ppm,0.951207,0.951207,5.960e-8,1.000000
lfw,all,rgb,rgb/Gerhard_Schroeder_0031.ppm,0.957333,0.957333,2.384e-7,0.999999
lfw,all,rgb,rgb/Gerhard_Schroeder_0032.ppm,0.887606,0.887606,1.788e-7,1.000000
lfw,all,rgb,rgb/Gerhard_Schroeder_0033.ppm,0.946085,0.946085,0.000e0,1.000000
lfw,all,rgb,rgb/Gerhard_Schroeder_0034.ppm,0.944760,0.944760,5.960e-8,1.000000
lfw,all,rgb,rgb/Gerhard_Schroeder_0035.ppm,0.925743,0.925743,1.192e-7,1.000000
lfw,all,rgb,rgb/Gerhard_Schroeder_0036.ppm,0.919469,0.919469,1.192e-7,1.000000
lfw,all,rgb,rgb/Gerhard_Schroeder_0037.ppm,0.915157,0.915157,0.000e0,1.000000
lfw,all,rgb,rgb/Gerhard_Schroeder_0038.ppm,0.975578,0.975578,0.000e0,1.000000
lfw,all,rgb,rgb/Gerhard_Schroeder_0039.ppm,0.944429,0.944429,5.960e-8,1.000000
lfw,all,rgb,rgb/Gerhard_Schroeder_0040.ppm,0.937302,0.937302,0.000e0,1.000000
lfw,all,rgb,rgb/Gerhard_Schroeder_0041.ppm,0.940323,0.940323,1.192e-7,1.000000
lfw,all,rgb,rgb/Gerhard_Schroeder_0042.ppm,0.895772,0.895772,0.000e0,1.000000
lfw,all,rgb,rgb/Gerhard_Schroeder_0043.ppm,0.921436,0.921436,0.000e0,1.000000
lfw,all,rgb,rgb/Gerhard_Schroeder_0044.ppm,0.979156,0.979156,0.000e0,1.000000
lfw,all,rgb,rgb/Gerhard_Schroeder_0045.ppm,0.935338,0.935338,1.192e-7,0.999999
lfw,all,rgb,rgb/Gerhard_Schroeder_0046.ppm,0.933332,0.933332,0.000e0,1.000000
lfw,all,rgb,rgb/Gerhard_Schroeder_0047.ppm,0.948073,0.948073,5.960e-8,1.000000
lfw,all,rgb,rgb/Gerhard_Schroeder_0048.ppm,0.911922,0.911922,0.000e0,1.000000
lfw,all,rgb,rgb/Gerhard_Schroeder_0049.ppm,0.914499,0.914499,0.000e0,1.000000
lfw,all,rgb,rgb/Gerhard_Schroeder_0050.ppm,0.933836,0.933836,0.000e0,1.000000
lfw,all,rgb,rgb/Gerhard_Schroeder_0051.ppm,0.914901,0.914901,1.192e-7,1.000000
lfw,all,rgb,rgb/Gerhard_Schroeder_0052.ppm,0.959259,0.959260,1.192e-7,0.999999
lfw,all,rgb,rgb/Gerhard_Schroeder_0053.ppm,0.938796,0.938796,1.192e-7,1.000000
lfw,all,rgb,rgb/Gerhard_Schroeder_0054.ppm,0.944007,0.944007,0.000e0,1.000000
lfw,all,rgb,rgb/Gerhard_Schroeder_0055.ppm,0.938421,0.938421,0.000e0,1.000000
lfw,all,rgb,rgb/Gerhard_Schroeder_0056.ppm,0.927497,0.927497,0.000e0,1.000000
lfw,all,rgb,rgb/Gerhard_Schroeder_0057.ppm,0.891974,0.891974,1.192e-7,1.000000
lfw,all,rgb,rgb/Gerhard_Schroeder_0058.ppm,0.911667,0.911667,5.960e-8,1.000000
lfw,all,rgb,rgb/Gerhard_Schroeder_0059.ppm,0.938002,0.938002,1.192e-7,1.000000
lfw,all,rgb,rgb/Gerhard_Schroeder_0060.ppm,0.989025,0.989024,1.192e-7,1.000000
lfw,all,rgb,rgb/Gerhard_Schroeder_0061.ppm,0.923972,0.923972,5.960e-8,1.000000
lfw,all,rgb,rgb/Gerhard_Schroeder_0062.ppm,0.955467,0.955467,1.192e-7,1.000000
lfw,all,rgb,rgb/Gerhard_Schroeder_0063.ppm,0.942963,0.942963,1.192e-7,1.000000
lfw,all,rgb,rgb/Gerhard_Schroeder_0064.ppm,0.950730,0.950730,0.000e0,1.000000
lfw,all,rgb,rgb/Gerhard_Schroeder_0065.ppm,0.959783,0.959783,0.000e0,1.000000
lfw,all,rgb,rgb/Gerhard_Schroeder_0066.ppm,0.936121,0.936121,0.000e0,1.000000
lfw,all,rgb,rgb/Gerhard_Schroeder_0067.ppm,0.943872,0.943872,0.000e0,1.000000
lfw,all,rgb,rgb/Gerhard_Schroeder_0068.ppm,0.903459,0.903459,0.000e0,1.000000
lfw,all,rgb,rgb/Gerhard_Schroeder_0069.ppm,0.928096,0.928096,1.192e-7,1.000000
lfw,all,rgb,rgb/Gerhard_Schroeder_0070.ppm,0.899673,0.899673,5.960e-8,1.000000
lfw,all,rgb,rgb/Gerhard_Schroeder_0071.ppm,0.932044,0.932044,0.000e0,1.000000
lfw,all,rgb,rgb/Gerhard_Schroeder_0072.ppm,0.956176,0.956176,1.192e-7,1.000000
lfw,all,rgb,rgb/Gerhard_Schroeder_0073.ppm,0.901069,0.901068,1.192e-7,1.000000
lfw,all,rgb,rgb/Gerhard_Schroeder_0074.ppm,0.967686,0.967686,0.000e0,1.000000
lfw,all,rgb,rgb/Gerhard_Schroeder_0075.ppm,0.939799,0.939799,0.000e0,1.000000
lfw,all,rgb,rgb/Gerhard_Schroeder_0076.ppm,0.934930,0.934930,0.000e0,1.000000
lfw,all,rgb,rgb/Gerhard_Schroeder_0077.ppm,0.936625,0.936625,1.192e-7,1.000000
lfw,all,rgb,rgb/Gerhard_Schroeder_0078.ppm,0.925538,0.925538,0.000e0,1.000000
lfw,all,rgb,rgb/Gerhard_Schroeder_0079.ppm,0.932338,0.932338,5.960e-8,1.000000
lfw,all,rgb,rgb/Gerhard_Schroeder_0080.ppm,0.898837,0.898837,0.000e0,1.000000
lfw,all,rgb,rgb/Gerhard_Schroeder_0081.ppm,0.969493,0.969493,0.000e0,1.000000
lfw,all,rgb,rgb/Gerhard_Schroeder_0082.ppm,0.949736,0.949736,0.000e0,1.000000
lfw,all,rgb,rgb/Gerhard_Schroeder_0083.ppm,0.939539,0.939539,0.000e0,1.000000
lfw,all,rgb,rgb/Gerhard_Schroeder_0084.ppm,0.960992,0.960992,0.000e0,1.000000
lfw,all,rgb,rgb/Gerhard_Schroeder_0085.ppm,0.896901,0.896901,1.192e-7,1.000000
lfw,all,rgb,rgb/Gerhard_Schroeder_0086.ppm,0.949871,0.949871,0.000e0,1.000000
lfw,all,rgb,rgb/Gerhard_Schroeder_0087.ppm,0.945124,0.945124,1.192e-7,1.000000
lfw,all,rgb,rgb/Gerhard_Schroeder_0088.ppm,0.890290,0.890290,1.192e-7,1.000000
lfw,all,rgb,rgb/Gerhard_Schroeder_0089.ppm,0.975849,0.975849,0.000e0,1.000000
lfw,all,rgb,rgb/Gerhard_Schroeder_0090.ppm,0.949838,0.949838,1.192e-7,1.000000
lfw,all,rgb,rgb/Gerhard_Schroeder_0091.ppm,0.939317,0.939317,0.000e0,1.000000
lfw,all,rgb,rgb/Gerhard_Schroeder_0092.ppm,0.928305,0.928305,0.000e0,1.000000
lfw,all,rgb,rgb/Gerhard_Schroeder_0093.ppm,0.903554,0.903554,0.000e0,1.000000
lfw,all,rgb,rgb/Gerhard_Schroeder_0094.ppm,0.909405,0.909405,0.000e0,1.000000
lfw,all,rgb,rgb/Gerhard_Schroeder_0095.ppm,0.921269,0.921269,0.000e0,1.000000
lfw,all,rgb,rgb/Gerhard_Schroeder_0096.ppm,0.911289,0.911289,0.000e0,1.000000
lfw,all,rgb,rgb/Gerhard_Schroeder_0097.ppm,0.962235,0.962235,1.192e-7,1.000000
lfw,all,rgb,rgb/Gerhard_Schroeder_0098.ppm,0.957628,0.957628,0.000e0,1.000000
lfw,all,rgb,rgb/Gerhard_Schroeder_0099.ppm,0.933528,0.933528,1.192e-7,1.000000
lfw,all,rgb,rgb/Gerhard_Schroeder_0100.ppm,0.899619,0.899619,5.960e-8,1.000000
lfw,all,rgb,rgb/Gerhard_Schroeder_0101.ppm,0.944831,0.944831,0.000e0,1.000000
lfw,all,rgb,rgb/Gerhard_Schroeder_0102.ppm,0.926983,0.926983,0.000e0,1.000000
lfw,all,rgb,rgb/Gerhard_Schroeder_0103.ppm,0.949116,0.949116,5.960e-8,0.999999
lfw,all,rgb,rgb/Gerhard_Schroeder_0104.ppm,0.954010,0.954010,0.000e0,1.000000
lfw,all,rgb,rgb/Gerhard_Schroeder_0105.ppm,0.919352,0.919352,0.000e0,1.000000
lfw,all,rgb,rgb/Gerhard_Schroeder_0106.ppm,0.956145,0.956144,1.192e-7,1.000000
lfw,all,rgb,rgb/Gerhard_Schroeder_0107.ppm,0.897872,0.897872,0.000e0,1.000000
lfw,all,rgb,rgb/Gerhard_Schroeder_0108.ppm,0.956575,0.956575,1.192e-7,1.000000
lfw,all,rgb,rgb/Gerhard_Schroeder_0109.ppm,0.970071,0.970071,0.000e0,1.000000
lfw,all,rgb,rgb/German_Khan_0001.ppm,0.883574,0.883574,0.000e0,1.000000
lfw,all,rgb,rgb/Gerrit_Zalm_0001.ppm,0.910415,0.910415,0.000e0,1.000000
lfw,all,rgb,rgb/Gerry_Adams_0001.ppm,0.907443,0.907443,5.960e-8,0.999999
lfw,all,rgb,rgb/Gerry_Adams_0002.ppm,0.927270,0.927270,0.000e0,1.000000
lfw,all,rgb,rgb/Gerry_Adams_0003.ppm,0.933190,0.933190,0.000e0,1.000000
lfw,all,rgb,rgb/Gerry_Adams_0004.ppm,0.921323,0.921323,1.192e-7,1.000000
lfw,all,rgb,rgb/Gerry_Adams_0005.ppm,0.941174,0.941174,0.000e0,1.000000
lfw,all,rgb,rgb/Gerry_Adams_0006.ppm,0.922693,0.922693,5.960e-8,1.000000
lfw,all,rgb,rgb/Gerry_Adams_0007.ppm,0.925232,0.925232,0.000e0,1.000000
lfw,all,rgb,rgb/Gerry_Adams_0008.ppm,0.912280,0.912279,1.192e-7,1.000000
lfw,all,rgb,rgb/Gerry_Kelly_0001.ppm,0.965490,0.965490,0.000e0,1.000000
lfw,all,rgb,rgb/Gerry_Parsky_0001.ppm,0.948117,0.948117,1.192e-7,0.999999
lfw,all,rgb,rgb/Gerry_Parsky_0002.ppm,0.967909,0.967909,0.000e0,1.000000
lfw,all,rgb,rgb/Ghassan_Elashi_0001.ppm,0.880686,0.880687,1.788e-7,1.000000
lfw,all,rgb,rgb/Gholamreza_Aghazadeh_0001.ppm,0.936283,0.936283,0.000e0,1.000000
lfw,all,rgb,rgb/Gian_Marco_0001.ppm,0.911908,0.911908,0.000e0,1.000000
lfw,all,rgb,rgb/Gian_Marco_0002.ppm,0.940581,0.940581,0.000e0,1.000000
lfw,all,rgb,rgb/Gian_Marco_0003.ppm,0.893395,0.893395,0.000e0,0.999999
lfw,all,rgb,rgb/Giancarlo_Fisichella_0001.ppm,0.906073,0.906073,0.000e0,1.000000
lfw,all,rgb,rgb/Gianna_Angelopoulos-Daskalaki_0001.ppm,0.926937,0.926937,5.960e-8,1.000000
lfw,all,rgb,rgb/Gianna_Angelopoulos-Daskalaki_0002.ppm,0.953333,0.953333,0.000e0,1.000000
lfw,all,rgb,rgb/Gianna_Angelopoulos-Daskalaki_0003.ppm,0.950326,0.950325,1.192e-7,0.999999
lfw,all,rgb,rgb/Gianni_Agnelli_0001.ppm,0.900051,0.900051,5.960e-8,1.000000
lfw,all,rgb,rgb/Giannina_Facio_0001.ppm,0.888152,0.888152,5.960e-8,1.000000
lfw,all,rgb,rgb/Gideon_Black_0001.ppm,0.966653,0.966653,1.192e-7,1.000000
lfw,all,rgb,rgb/Gideon_Yago_0001.ppm,0.916760,0.916760,1.192e-7,1.000000
lfw,all,rgb,rgb/Gil_Cates_0001.ppm,0.861444,0.861444,1.192e-7,1.000000
lfw,all,rgb,rgb/Gil_de_Ferran_0001.ppm,0.947624,0.947624,1.192e-7,1.000000
lfw,all,rgb,rgb/Gil_de_Ferran_0002.ppm,0.858730,0.858730,0.000e0,1.000000
lfw,all,rgb,rgb/Gil_de_Ferran_0003.ppm,0.928764,0.928764,0.000e0,1.000000
lfw,all,rgb,rgb/Gil_de_Ferran_0004.ppm,0.885966,0.885966,0.000e0,1.000000
lfw,all,rgb,rgb/Gil_de_Ferran_0005.ppm,0.920878,0.920878,1.192e-7,1.000000
lfw,all,rgb,rgb/Gilberto_Rodriguez_Orejuela_0001.ppm,0.908586,0.908586,1.192e-7,1.000000
lfw,all,rgb,rgb/Gilberto_Rodriguez_Orejuela_0002.ppm,0.940610,0.940610,1.192e-7,1.000000
lfw,all,rgb,rgb/Gilberto_Rodriguez_Orejuela_0003.ppm,0.963875,0.963875,0.000e0,1.000000
lfw,all,rgb,rgb/Gilberto_Rodriguez_Orejuela_0004.ppm,0.933977,0.933977,1.192e-7,1.000000
lfw,all,rgb,rgb/Gilberto_Simoni_0001.ppm,0.943648,0.943648,0.000e0,1.000000
lfw,all,rgb,rgb/Gilles_Panizzi_0001.ppm,0.918015,0.918015,0.000e0,1.000000
lfw,all,rgb,rgb/Gillian_Anderson_0001.ppm,0.971813,0.971813,0.000e0,1.000000
lfw,all,rgb,rgb/Gillian_Anderson_0002.ppm,0.896066,0.896066,0.000e0,1.000000
lfw,all,rgb,rgb/Gina_Centrello_0001.ppm,0.916433,0.916433,0.000e0,1.000000
lfw,all,rgb,rgb/Gina_Gershon_0001.ppm,0.926352,0.926352,1.192e-7,1.000000
lfw,all,rgb,rgb/Gina_Lollobrigida_0001.ppm,0.904396,0.904396,0.000e0,0.999999
lfw,all,rgb,rgb/Gina_Torres_0001.ppm,0.960154,0.960155,1.192e-7,1.000000
lfw,all,rgb,rgb/Giovanny_Cordoba_0001.ppm,0.902397,0.902397,0.000e0,0.999999
lfw,all,rgb,rgb/Gisele_Bundchen_0001.ppm,0.924134,0.924134,0.000e0,1.000000
lfw,all,rgb,rgb/Gisele_Bundchen_0002.ppm,0.963780,0.963780,0.000e0,1.000000
lfw,all,rgb,rgb/Giselle_Estefania_Tavarelli_0001.ppm,0.945184,0.945184,0.000e0,1.000000
lfw,all,rgb,rgb/Giulietta_Masina_0001.ppm,0.951990,0.951990,0.000e0,1.000000
lfw,all,rgb,rgb/Giulio_Andreotti_0001.ppm,0.934300,0.934300,5.960e-8,1.000000
lfw,all,rgb,rgb/Giuseppe_Gibilisco_0001.ppm,0.950543,0.950543,0.000e0,1.000000
lfw,all,rgb,rgb/Giuseppe_Gibilisco_0002.ppm,0.967151,0.967151,1.192e-7,1.000000
lfw,all,rgb,rgb/Giuseppe_Gibilisco_0003.ppm,0.944044,0.944044,0.000e0,1.000000
lfw,all,rgb,rgb/Giuseppe_Gibilisco_0004.ppm,0.947089,0.947089,1.192e-7,1.000000
lfw,all,rgb,rgb/Giuseppe_Morchio_0001.ppm,0.927474,0.927474,0.000e0,1.000000
lfw,all,rgb,rgb/Glafcos_Clerides_0001.ppm,0.943867,0.943867,1.192e-7,1.000000
lfw,all,rgb,rgb/Glafcos_Clerides_0002.ppm,0.941072,0.941072,0.000e0,1.000000
lfw,all,rgb,rgb/Glafcos_Clerides_0003.ppm,0.922336,0.922336,5.960e-8,0.999999
lfw,all,rgb,rgb/Glafcos_Clerides_0004.ppm,0.966896,0.966896,0.000e0,0.999999
lfw,all,rgb,rgb/Glen_Clark_0001.ppm,0.931493,0.931493,0.000e0,1.000000
lfw,all,rgb,rgb/Glen_DaSilva_0001.ppm,0.884961,0.884961,1.192e-7,1.000000
lfw,all,rgb,rgb/Glen_Sather_0001.ppm,0.934171,0.934171,0.000e0,1.000000
lfw,all,rgb,rgb/Glenn_Plummer_0001.ppm,0.904121,0.904121,5.960e-8,1.000000
lfw,all,rgb,rgb/Glenn_Rivers_0001.ppm,0.898830,0.898830,0.000e0,1.000000
lfw,all,rgb,rgb/Glenn_Tilton_0001.ppm,0.942447,0.942447,1.192e-7,1.000000
lfw,all,rgb,rgb/Gloria_Allred_0001.ppm,0.935571,0.935571,0.000e0,1.000000
lfw,all,rgb,rgb/Gloria_Allred_0002.ppm,0.920368,0.920368,0.000e0,1.000000
lfw,all,rgb,rgb/Gloria_Gaynor_0001.ppm,0.902175,0.902175,0.000e0,1.000000
lfw,all,rgb,rgb/Gloria_Macapagal_Arroyo_0001.ppm,0.945563,0.945563,0.000e0,1.000000
lfw,all,rgb,rgb/Gloria_Macapagal_Arroyo_0002.ppm,0.986161,0.986161,0.000e0,1.000000
lfw,all,rgb,rgb/Gloria_Macapagal_Arroyo_0003.ppm,0.942093,0.942093,1.192e-7,1.000000
lfw,all,rgb,rgb/Gloria_Macapagal_Arroyo_0004.ppm,0.951997,0.951997,0.000e0,1.000000
lfw,all,rgb,rgb/Gloria_Macapagal_Arroyo_0005.ppm,0.967139,0.967139,0.000e0,1.000000
lfw,all,rgb,rgb/Gloria_Macapagal_Arroyo_0006.ppm,0.961612,0.961612,1.192e-7,1.000000
lfw,all,rgb,rgb/Gloria_Macapagal_Arroyo_0007.ppm,0.940696,0.940696,1.192e-7,1.000000
lfw,all,rgb,rgb/Gloria_Macapagal_Arroyo_0008.ppm,0.951667,0.951667,5.960e-8,1.000000
lfw,all,rgb,rgb/Gloria_Macapagal_Arroyo_0009.ppm,0.944086,0.944086,0.000e0,1.000000
lfw,all,rgb,rgb/Gloria_Macapagal_Arroyo_0010.ppm,0.935557,0.935557,0.000e0,1.000000
lfw,all,rgb,rgb/Gloria_Macapagal_Arroyo_0011.ppm,0.978052,0.978052,1.192e-7,1.000000
lfw,all,rgb,rgb/Gloria_Macapagal_Arroyo_0012.ppm,0.958239,0.958239,1.192e-7,1.000000
lfw,all,rgb,rgb/Gloria_Macapagal_Arroyo_0013.ppm,0.979079,0.979079,0.000e0,1.000000
lfw,all,rgb,rgb/Gloria_Macapagal_Arroyo_0014.ppm,0.964369,0.964369,0.000e0,1.000000
lfw,all,rgb,rgb/Gloria_Macapagal_Arroyo_0015.ppm,0.975914,0.975914,0.000e0,1.000000
lfw,all,rgb,rgb/Gloria_Macapagal_Arroyo_0016.ppm,0.955915,0.955915,0.000e0,1.000000
lfw,all,rgb,rgb/Gloria_Macapagal_Arroyo_0017.ppm,0.946498,0.946498,1.192e-7,0.999999
lfw,all,rgb,rgb/Gloria_Macapagal_Arroyo_0018.ppm,0.947051,0.947051,1.192e-7,1.000000
lfw,all,rgb,rgb/Gloria_Macapagal_Arroyo_0019.ppm,0.962214,0.962214,0.000e0,0.999999
lfw,all,rgb,rgb/Gloria_Macapagal_Arroyo_0020.ppm,0.942839,0.942839,0.000e0,1.000000
lfw,all,rgb,rgb/Gloria_Macapagal_Arroyo_0021.ppm,0.956945,0.956945,0.000e0,0.999999
lfw,all,rgb,rgb/Gloria_Macapagal_Arroyo_0022.ppm,0.911872,0.911872,0.000e0,1.000000
lfw,all,rgb,rgb/Gloria_Macapagal_Arroyo_0023.ppm,0.978333,0.978333,0.000e0,1.000000
lfw,all,rgb,rgb/Gloria_Macapagal_Arroyo_0024.ppm,0.966588,0.966588,0.000e0,1.000000
lfw,all,rgb,rgb/Gloria_Macapagal_Arroyo_0025.ppm,0.967502,0.967502,0.000e0,1.000000
lfw,all,rgb,rgb/Gloria_Macapagal_Arroyo_0026.ppm,0.959787,0.959787,0.000e0,1.000000
lfw,all,rgb,rgb/Gloria_Macapagal_Arroyo_0027.ppm,0.934112,0.934112,1.192e-7,1.000000
lfw,all,rgb,rgb/Gloria_Macapagal_Arroyo_0028.ppm,0.942833,0.942833,0.000e0,1.000000
lfw,all,rgb,rgb/Gloria_Macapagal_Arroyo_0029.ppm,0.954865,0.954865,0.000e0,1.000000
lfw,all,rgb,rgb/Gloria_Macapagal_Arroyo_0030.ppm,0.939025,0.939025,1.192e-7,1.000000
lfw,all,rgb,rgb/Gloria_Macapagal_Arroyo_0031.ppm,0.945937,0.945937,0.000e0,1.000000
lfw,all,rgb,rgb/Gloria_Macapagal_Arroyo_0032.ppm,0.959728,0.959728,0.000e0,1.000000
lfw,all,rgb,rgb/Gloria_Macapagal_Arroyo_0033.ppm,0.937882,0.937882,0.000e0,1.000000
lfw,all,rgb,rgb/Gloria_Macapagal_Arroyo_0034.ppm,0.955315,0.955315,0.000e0,1.000000
lfw,all,rgb,rgb/Gloria_Macapagal_Arroyo_0035.ppm,0.934015,0.934015,0.000e0,1.000000
lfw,all,rgb,rgb/Gloria_Macapagal_Arroyo_0036.ppm,0.942739,0.942739,0.000e0,1.000000
lfw,all,rgb,rgb/Gloria_Macapagal_Arroyo_0037.ppm,0.953725,0.953725,1.192e-7,1.000000
lfw,all,rgb,rgb/Gloria_Macapagal_Arroyo_0038.ppm,0.952218,0.952218,0.000e0,1.000000
lfw,all,rgb,rgb/Gloria_Macapagal_Arroyo_0039.ppm,0.990459,0.990459,0.000e0,0.999999
lfw,all,rgb,rgb/Gloria_Macapagal_Arroyo_0040.ppm,0.980121,0.980121,0.000e0,1.000000
lfw,all,rgb,rgb/Gloria_Macapagal_Arroyo_0041.ppm,0.955920,0.955920,1.192e-7,1.000000
lfw,all,rgb,rgb/Gloria_Macapagal_Arroyo_0042.ppm,0.884528,0.884528,0.000e0,1.000000
lfw,all,rgb,rgb/Gloria_Macapagal_Arroyo_0043.ppm,0.979179,0.979179,0.000e0,1.000000
lfw,all,rgb,rgb/Gloria_Macapagal_Arroyo_0044.ppm,0.930295,0.930295,0.000e0,1.000000
lfw,all,rgb,rgb/Gloria_Trevi_0001.ppm,0.941322,0.941322,0.000e0,0.999999
lfw,all,rgb,rgb/Gloria_Trevi_0002.ppm,0.939401,0.939401,0.000e0,1.000000
lfw,all,rgb,rgb/Gloria_Trevi_0003.ppm,0.929195,0.929194,1.192e-7,1.000000
lfw,all,rgb,rgb/Gloria_Trevi_0004.ppm,0.957455,0.957455,0.000e0,1.000000
lfw,all,rgb,rgb/Goh_Kun_0001.ppm,0.946938,0.946938,0.000e0,1.000000
lfw,all,rgb,rgb/Goh_Kun_0002.ppm,0.966942,0.966943,1.192e-7,1.000000
lfw,all,rgb,rgb/Goldie_Hawn_0001.ppm,0.927122,0.927121,1.192e-7,1.000000
lfw,all,rgb,rgb/Goldie_Hawn_0002.ppm,0.877551,0.877551,0.000e0,1.000000
lfw,all,rgb,rgb/Goldie_Hawn_0003.ppm,0.918868,0.918868,0.000e0,1.000000
lfw,all,rgb,rgb/Goldie_Hawn_0004.ppm,0.904923,0.904923,0.000e0,1.000000
lfw,all,rgb,rgb/Goldie_Hawn_0005.ppm,0.925041,0.925041,0.000e0,1.000000
lfw,all,rgb,rgb/Goldie_Hawn_0006.ppm,0.924002,0.924002,0.000e0,1.000000
lfw,all,rgb,rgb/Goldie_Hawn_0007.ppm,0.934556,0.934556,1.192e-7,1.000000
lfw,all,rgb,rgb/Gong_Li_0001.ppm,0.959893,0.959893,0.000e0,1.000000
lfw,all,rgb,rgb/Gong_Ruina_0001.ppm,0.942346,0.942346,0.000e0,1.000000
lfw,all,rgb,rgb/Gonzalo_Barrientos_0001.ppm,0.954589,0.954589,0.000e0,1.000000
lfw,all,rgb,rgb/Gonzalo_Sanchez_de_Lozada_0001.ppm,0.895484,0.895484,1.788e-7,0.999999
lfw,all,rgb,rgb/Gonzalo_Sanchez_de_Lozada_0002.ppm,0.892011,0.892011,0.000e0,1.000000
lfw,all,rgb,rgb/Gonzalo_Sanchez_de_Lozada_0003.ppm,0.889557,0.889557,0.000e0,0.999999
lfw,all,rgb,rgb/Gonzalo_Sanchez_de_Lozada_0004.ppm,0.915623,0.915623,5.960e-8,1.000000
lfw,all,rgb,rgb/Gonzalo_Sanchez_de_Lozada_0005.ppm,0.910536,0.910536,0.000e0,1.000000
lfw,all,rgb,rgb/Gonzalo_Sanchez_de_Lozada_0006.ppm,0.926214,0.926214,0.000e0,1.000000
lfw,all,rgb,rgb/Gonzalo_Sanchez_de_Lozada_0007.ppm,0.943733,0.943733,0.000e0,1.000000
lfw,all,rgb,rgb/Gonzalo_Sanchez_de_Lozada_0008.ppm,0.908268,0.908268,1.192e-7,1.000000
lfw,all,rgb,rgb/Gonzalo_Sanchez_de_Lozada_0009.ppm,0.908445,0.908445,5.960e-8,1.000000
lfw,all,rgb,rgb/Gonzalo_Sanchez_de_Lozada_0010.ppm,0.913027,0.913027,0.000e0,1.000000
lfw,all,rgb,rgb/Gonzalo_Sanchez_de_Lozada_0011.ppm,0.924974,0.924974,1.192e-7,1.000000
lfw,all,rgb,rgb/Gonzalo_Sanchez_de_Lozada_0012.ppm,0.939656,0.939656,1.192e-7,1.000000
lfw,all,rgb,rgb/Goran_Persson_0001.ppm,0.922921,0.922921,0.000e0,1.000000
lfw,all,rgb,rgb/Goran_Persson_0002.ppm,0.926005,0.926004,1.192e-7,1.000000
lfw,all,rgb,rgb/Goran_Zivkovic_0001.ppm,0.910580,0.910580,0.000e0,1.000000
lfw,all,rgb,rgb/Gordana_Grubin_0001.ppm,0.931049,0.931049,0.000e0,0.999999
lfw,all,rgb,rgb/Gorden_Tallis_0001.ppm,0.920662,0.920662,5.960e-8,1.000000
lfw,all,rgb,rgb/Gordon_Brown_0001.ppm,0.928971,0.928971,0.000e0,1.000000
lfw,all,rgb,rgb/Gordon_Brown_0002.ppm,0.942858,0.942858,0.000e0,0.999999
lfw,all,rgb,rgb/Gordon_Brown_0003.ppm,0.913852,0.913852,0.000e0,1.000000
lfw,all,rgb,rgb/Gordon_Brown_0004.ppm,0.900703,0.900703,5.960e-8,1.000000
lfw,all,rgb,rgb/Gordon_Brown_0005.ppm,0.927351,0.927351,5.960e-8,1.000000
lfw,all,rgb,rgb/Gordon_Brown_0006.ppm,0.905521,0.905521,0.000e0,1.000000
lfw,all,rgb,rgb/Gordon_Brown_0007.ppm,0.933387,0.933387,5.960e-8,1.000000
lfw,all,rgb,rgb/Gordon_Brown_0008.ppm,0.938665,0.938665,5.960e-8,1.000000
lfw,all,rgb,rgb/Gordon_Brown_0009.ppm,0.945887,0.945887,0.000e0,0.999999
lfw,all,rgb,rgb/Gordon_Brown_0010.ppm,0.906558,0.906558,1.192e-7,1.000000
lfw,all,rgb,rgb/Gordon_Brown_0011.ppm,0.916522,0.916522,0.000e0,1.000000
lfw,all,rgb,rgb/Gordon_Brown_0012.ppm,0.933988,0.933988,0.000e0,1.000000
lfw,all,rgb,rgb/Gordon_Brown_0013.ppm,0.912788,0.912788,1.192e-7,1.000000
lfw,all,rgb,rgb/Gordon_Campbell_0001.ppm,0.909211,0.909211,1.192e-7,1.000000
lfw,all,rgb,rgb/Gordon_Campbell_0002.ppm,0.935387,0.935387,0.000e0,1.000000
lfw,all,rgb,rgb/Gordon_Cooper_0001.ppm,0.894010,0.894010,1.192e-7,1.000000
lfw,all,rgb,rgb/Gordon_Lightfoot_0001.ppm,0.953220,0.953220,0.000e0,0.999999
lfw,all,rgb,rgb/Gordon_McDonald_0001.ppm,0.955816,0.955816,0.000e0,1.000000
lfw,all,rgb,rgb/Gore_Verbinski_0001.ppm,0.939694,0.939694,1.192e-7,1.000000
lfw,all,rgb,rgb/Gore_Vidal_0001.ppm,0.964686,0.964685,1.192e-7,1.000000
lfw,all,rgb,rgb/Grace_Brinell_0001.ppm,0.907153,0.907153,5.960e-8,1.000000
lfw,all,rgb,rgb/Grace_Dodd_0001.ppm,0.850075,0.850075,0.000e0,1.000000
lfw,all,rgb,rgb/Grace_Kelly_0001.ppm,0.940962,0.940962,0.000e0,1.000000
lfw,all,rgb,rgb/Gracia_Burnham_0001.ppm,0.935353,0.935353,5.960e-8,1.000000
lfw,all,rgb,rgb/Graciano_Rocchigiani_0001.ppm,0.934450,0.934450,0.000e0,0.999999
lfw,all,rgb,rgb/Grady_Irvin_Jr_0001.ppm,0.913309,0.913309,0.000e0,1.000000
lfw,all,rgb,rgb/Grady_Irvin_Jr_0002.ppm,0.908016,0.908016,1.192e-7,1.000000
lfw,all,rgb,rgb/Grady_Little_0001.ppm,0.922234,0.922234,0.000e0,1.000000
lfw,all,rgb,rgb/Graeme_Lloyd_0001.ppm,0.859322,0.859323,1.788e-7,1.000000
lfw,all,rgb,rgb/Graeme_Smith_0001.ppm,0.930100,0.930100,1.192e-7,1.000000
lfw,all,rgb,rgb/Graham_Bentley_0001.ppm,0.918803,0.918803,0.000e0,1.000000
lfw,all,rgb,rgb/Grant_Hackett_0001.ppm,0.882335,0.882335,0.000e0,1.000000
lfw,all,rgb,rgb/Grant_Hackett_0002.ppm,0.937793,0.937793,0.000e0,1.000000
lfw,all,rgb,rgb/Grant_Hackett_0003.ppm,0.895308,0.895308,0.000e0,1.000000
lfw,all,rgb,rgb/Grant_Hackett_0004.ppm,0.895129,0.895129,1.192e-7,1.000000
lfw,all,rgb,rgb/Grant_Hackett_0005.ppm,0.869884,0.869884,0.000e0,1.000000
lfw,all,rgb,rgb/Grant_Rossenmeyer_0001.ppm,0.957288,0.957288,1.192e-7,1.000000
lfw,all,rgb,rgb/Gray_Davis_0001.ppm,0.917215,0.917215,0.000e0,1.000000
lfw,all,rgb,rgb/Gray_Davis_0002.ppm,0.929455,0.929455,0.000e0,1.000000
lfw,all,rgb,rgb/Gray_Davis_0003.ppm,0.891029,0.891030,1.192e-7,1.000000
lfw,all,rgb,rgb/Gray_Davis_0004.ppm,0.904873,0.904873,0.000e0,1.000000
lfw,all,rgb,rgb/Gray_Davis_0005.ppm,0.909599,0.909599,1.192e-7,1.000000
lfw,all,rgb,rgb/Gray_Davis_0006.ppm,0.924751,0.924751,0.000e0,0.999999
lfw,all,rgb,rgb/Gray_Davis_0007.ppm,0.928385,0.928385,1.192e-7,1.000000
lfw,all,rgb,rgb/Gray_Davis_0008.ppm,0.846844,0.846844,0.000e0,1.000000
lfw,all,rgb,rgb/Gray_Davis_0009.ppm,0.912636,0.912636,5.960e-8,1.000000
lfw,all,rgb,rgb/Gray_Davis_0010.ppm,0.942335,0.942335,0.000e0,1.000000
lfw,all,rgb,rgb/Gray_Davis_0011.ppm,0.943567,0.943567,0.000e0,1.000000
lfw,all,rgb,rgb/Gray_Davis_0012.ppm,0.911121,0.911121,0.000e0,1.000000
lfw,all,rgb,rgb/Gray_Davis_0013.ppm,0.949666,0.949666,5.960e-8,1.000000
lfw,all,rgb,rgb/Gray_Davis_0014.ppm,0.926551,0.926551,1.192e-7,1.000000
lfw,all,rgb,rgb/Gray_Davis_0015.ppm,0.926799,0.926799,0.000e0,1.000000
lfw,all,rgb,rgb/Gray_Davis_0016.ppm,0.938618,0.938618,1.192e-7,1.000000
lfw,all,rgb,rgb/Gray_Davis_0017.ppm,0.931967,0.931967,0.000e0,1.000000
lfw,all,rgb,rgb/Gray_Davis_0018.ppm,0.935960,0.935959,2.384e-7,1.000000
lfw,all,rgb,rgb/Gray_Davis_0019.ppm,0.939115,0.939115,0.000e0,1.000000
lfw,all,rgb,rgb/Gray_Davis_0020.ppm,0.938682,0.938682,1.192e-7,1.000000
lfw,all,rgb,rgb/Gray_Davis_0021.ppm,0.922628,0.922628,0.000e0,1.000000
lfw,all,rgb,rgb/Gray_Davis_0022.ppm,0.920410,0.920410,0.000e0,1.000000
lfw,all,rgb,rgb/Gray_Davis_0023.ppm,0.911302,0.911302,0.000e0,1.000000
lfw,all,rgb,rgb/Gray_Davis_0024.ppm,0.926276,0.926276,5.960e-8,1.000000
lfw,all,rgb,rgb/Gray_Davis_0025.ppm,0.952612,0.952612,0.000e0,1.000000
lfw,all,rgb,rgb/Gray_Davis_0026.ppm,0.963221,0.963221,1.192e-7,1.000000
lfw,all,rgb,rgb/Greg_Frers_0001.ppm,0.965796,0.965796,0.000e0,1.000000
lfw,all,rgb,rgb/Greg_Gilbert_0001.ppm,0.946131,0.946131,2.384e-7,1.000000
lfw,all,rgb,rgb/Greg_Gilbert_0002.ppm,0.924361,0.924361,0.000e0,1.000000
lfw,all,rgb,rgb/Greg_Hennigar_0001.ppm,0.937807,0.937807,0.000e0,1.000000
lfw,all,rgb,rgb/Greg_Hodge_0001.ppm,0.955731,0.955731,5.960e-8,1.000000
lfw,all,rgb,rgb/Greg_Kinnear_0001.ppm,0.942491,0.942491,0.000e0,1.000000
lfw,all,rgb,rgb/Greg_Kinsey_0001.ppm,0.928084,0.928084,1.192e-7,1.000000
lfw,all,rgb,rgb/Greg_Ostertag_0001.ppm,0.922686,0.922686,1.192e-7,1.000000
lfw,all,rgb,rgb/Greg_Ostertag_0002.ppm,0.915964,0.915964,0.000e0,1.000000
lfw,all,rgb,rgb/Greg_Owen_0001.ppm,0.919208,0.919208,0.000e0,1.000000
lfw,all,rgb,rgb/Greg_Owen_0002.ppm,0.908596,0.908596,1.192e-7,0.999999
lfw,all,rgb,rgb/Greg_Rusedski_0001.ppm,0.860572,0.860573,5.960e-8,0.999999
lfw,all,rgb,rgb/Greg_Rusedski_0002.ppm,0.869751,0.869751,1.192e-7,1.000000
lfw,all,rgb,rgb/Greg_Rusedski_0003.ppm,0.868387,0.868387,0.000e0,1.000000
lfw,all,rgb,rgb/Greg_Rusedski_0004.ppm,0.918000,0.918000,0.000e0,1.000000
lfw,all,rgb,rgb/Gregg_Berhalter_0001.ppm,0.939846,0.939846,0.000e0,0.999999
lfw,all,rgb,rgb/Gregg_Popovich_0001.ppm,0.927966,0.927966,1.192e-7,1.000000
lfw,all,rgb,rgb/Gregg_Popovich_0002.ppm,0.913523,0.913523,0.000e0,1.000000
lfw,all,rgb,rgb/Gregg_Popovich_0003.ppm,0.903468,0.903468,0.000e0,1.000000
lfw,all,rgb,rgb/Gregg_Popovich_0004.ppm,0.925377,0.925377,5.960e-8,1.000000
lfw,all,rgb,rgb/Gregg_Popovich_0005.ppm,0.874879,0.874879,0.000e0,1.000000
lfw,all,rgb,rgb/Gregor_Gysi_0001.ppm,0.937238,0.937238,5.960e-8,1.000000
lfw,all,rgb,rgb/Gregorio_Honasan_0001.ppm,0.942247,0.942247,2.384e-7,0.999999
lfw,all,rgb,rgb/Gregorio_Rosal_0001.ppm,0.949802,0.949802,0.000e0,1.000000
lfw,all,rgb,rgb/Gregory_Geoffroy_0001.ppm,0.944738,0.944738,0.000e0,1.000000
lfw,all,rgb,rgb/Gregory_Geoffroy_0002.ppm,0.958715,0.958715,0.000e0,0.999999
lfw,all,rgb,rgb/Gregory_Hines_0001.ppm,0.961674,0.961674,0.000e0,0.999999
lfw,all,rgb,rgb/Gregory_Hines_0002.ppm,0.940945,0.940945,1.192e-7,1.000000
lfw,all,rgb,rgb/Gregory_Peck_0001.ppm,0.917348,0.917348,0.000e0,1.000000
lfw,all,rgb,rgb/Gretchen_Mol_0001.ppm,0.956174,0.956174,0.000e0,1.000000
lfw,all,rgb,rgb/Griffin_Colvin_0001.ppm,0.944667,0.944668,1.192e-7,1.000000
lfw,all,rgb,rgb/Gro_Harlem_Brundtland_0001.ppm,0.954838,0.954838,0.000e0,1.000000
lfw,all,rgb,rgb/Gro_Harlem_Brundtland_0002.ppm,0.892040,0.892040,1.192e-7,1.000000
lfw,all,rgb,rgb/Guangdong_Ou_Guangyuan_0001.ppm,0.972782,0.972782,0.000e0,1.000000
lfw,all,rgb,rgb/Guennadi_Chipouline_0001.ppm,0.945959,0.945959,0.000e0,1.000000
lfw,all,rgb,rgb/Guenter_Verheugen_0001.ppm,0.921367,0.921367,0.000e0,1.000000
lfw,all,rgb,rgb/Guido_Westerwelle_0001.ppm,0.965530,0.965530,5.960e-8,1.000000
lfw,all,rgb,rgb/Guido_Westerwelle_0002.ppm,0.924687,0.924687,1.192e-7,1.000000
lfw,all,rgb,rgb/Guillaume_Cannet_0001.ppm,0.939084,0.939084,0.000e0,1.000000
lfw,all,rgb,rgb/Guillaume_Depardieu_0001.ppm,0.927830,0.927830,0.000e0,1.000000
lfw,all,rgb,rgb/Guillaume_Soro_0001.ppm,0.930311,0.930311,1.192e-7,1.000000
lfw,all,rgb,rgb/Guillaume_Soro_0002.ppm,0.947314,0.947314,1.192e-7,1.000000
lfw,all,rgb,rgb/Guillermo_Canas_0001.ppm,0.878265,0.878265,0.000e0,1.000000
lfw,all,rgb,rgb/Guillermo_Canas_0002.ppm,0.922796,0.922796,1.192e-7,1.000000
lfw,all,rgb,rgb/Guillermo_Canas_0003.ppm,0.929365,0.929365,1.788e-7,1.000000
lfw,all,rgb,rgb/Guillermo_Canas_0004.ppm,0.926324,0.926324,0.000e0,1.000000
lfw,all,rgb,rgb/Guillermo_Coria_0001.ppm,0.936826,0.936826,0.000e0,1.000000
lfw,all,rgb,rgb/Guillermo_Coria_0002.ppm,0.923840,0.923840,0.000e0,1.000000
lfw,all,rgb,rgb/Guillermo_Coria_0003.ppm,0.931588,0.931588,0.000e0,1.000000
lfw,all,rgb,rgb/Guillermo_Coria_0004.ppm,0.948137,0.948137,0.000e0,1.000000
lfw,all,rgb,rgb/Guillermo_Coria_0005.ppm,0.904254,0.904254,0.000e0,0.999999
lfw,all,rgb,rgb/Guillermo_Coria_0006.ppm,0.890149,0.890149,0.000e0,1.000000
lfw,all,rgb,rgb/Guillermo_Coria_0007.ppm,0.982619,0.982619,0.000e0,0.999999
lfw,all,rgb,rgb/Guillermo_Coria_0008.ppm,0.975623,0.975623,0.000e0,1.000000
lfw,all,rgb,rgb/Guillermo_Coria_0009.ppm,0.950142,0.950142,0.000e0,1.000000
lfw,all,rgb,rgb/Guillermo_Coria_0010.ppm,0.982770,0.982770,0.000e0,1.000000
lfw,all,rgb,rgb/Guillermo_Coria_0011.ppm,0.971084,0.971084,1.192e-7,1.000000
lfw,all,rgb,rgb/Guillermo_Coria_0012.ppm,0.956937,0.956937,0.000e0,1.000000
lfw,all,rgb,rgb/Guillermo_Coria_0013.ppm,0.917194,0.917194,0.000e0,1.000000
lfw,all,rgb,rgb/Guillermo_Coria_0014.ppm,0.928301,0.928301,1.192e-7,0.999999
lfw,all,rgb,rgb/Guillermo_Coria_0015.ppm,0.971048,0.971048,0.000e0,1.000000
lfw,all,rgb,rgb/Guillermo_Coria_0016.ppm,0.985373,0.985373,0.000e0,1.000000
lfw,all,rgb,rgb/Guillermo_Coria_0017.ppm,0.972718,0.972718,0.000e0,1.000000
lfw,all,rgb,rgb/Guillermo_Coria_0018.ppm,0.892564,0.892564,5.960e-8,1.000000
lfw,all,rgb,rgb/Guillermo_Coria_0019.ppm,0.938680,0.938680,5.960e-8,1.000000
lfw,all,rgb,rgb/Guillermo_Coria_0020.ppm,0.940918,0.940918,0.000e0,1.000000
lfw,all,rgb,rgb/Guillermo_Coria_0021.ppm,0.977843,0.977843,0.000e0,1.000000
lfw,all,rgb,rgb/Guillermo_Coria_0022.ppm,0.937279,0.937279,5.960e-8,1.000000
lfw,all,rgb,rgb/Guillermo_Coria_0023.ppm,0.963760,0.963760,0.000e0,1.000000
lfw,all,rgb,rgb/Guillermo_Coria_0024.ppm,0.925322,0.925322,0.000e0,0.999999
lfw,all,rgb,rgb/Guillermo_Coria_0025.ppm,0.916829,0.916829,1.192e-7,1.000000
lfw,all,rgb,rgb/Guillermo_Coria_0026.ppm,0.937709,0.937709,0.000e0,1.000000
lfw,all,rgb,rgb/Guillermo_Coria_0027.ppm,0.932880,0.932880,1.192e-7,1.000000
lfw,all,rgb,rgb/Guillermo_Coria_0028.ppm,0.954433,0.954433,0.000e0,1.000000
lfw,all,rgb,rgb/Guillermo_Coria_0029.ppm,0.903164,0.903164,0.000e0,1.000000
lfw,all,rgb,rgb/Guillermo_Coria_0030.ppm,0.958534,0.958534,0.000e0,0.999999
lfw,all,rgb,rgb/Guillermo_Monroy_0001.ppm,0.839409,0.839409,1.192e-7,1.000000
lfw,all,rgb,rgb/Guillermo_Ortiz_0001.ppm,0.945893,0.945893,0.000e0,0.999999
lfw,all,rgb,rgb/Guillermo_Ortiz_0002.ppm,0.919854,0.919854,0.000e0,1.000000
lfw,all,rgb,rgb/Guillermo_Ruiz_Polanco_0001.ppm,0.955477,0.955477,0.000e0,1.000000
lfw,all,rgb,rgb/Gunilla_Backman_0001.ppm,0.940482,0.940481,1.192e-7,0.999999
lfw,all,rgb,rgb/Gunter_Pleuger_0001.ppm,0.936558,0.936558,0.000e0,0.999999
lfw,all,rgb,rgb/Gunter_Pleuger_0002.ppm,0.975849,0.975849,5.960e-8,1.000000
lfw,all,rgb,rgb/Gunter_Pleuger_0003.ppm,0.944971,0.944971,1.192e-7,1.000000
lfw,all,rgb,rgb/Gunter_Pleuger_0004.ppm,0.930061,0.930061,0.000e0,1.000000
lfw,all,rgb,rgb/Gunter_Pleuger_0005.ppm,0.921491,0.921491,0.000e0,1.000000
lfw,all,rgb,rgb/Gunter_Pleuger_0006.ppm,0.918998,0.918998,0.000e0,1.000000
lfw,all,rgb,rgb/Gunter_Pleuger_0007.ppm,0.879429,0.879429,5.960e-8,1.000000
lfw,all,rgb,rgb/Gus_Frerotte_0001.ppm,0.966726,0.966726,0.000e0,1.000000
lfw,all,rgb,rgb/Gus_Van_Sant_0001.ppm,0.944228,0.944228,0.000e0,1.000000
lfw,all,rgb,rgb/Gus_Van_Sant_0002.ppm,0.921657,0.921657,0.000e0,0.999999
lfw,all,rgb,rgb/Gus_Van_Sant_0003.ppm,0.941851,0.941851,1.192e-7,1.000000
lfw,all,rgb,rgb/Gustavo_Cisneros_0001.ppm,0.878111,0.878111,0.000e0,1.000000
lfw,all,rgb,rgb/Gustavo_Franco_0001.ppm,0.966735,0.966735,0.000e0,1.000000
lfw,all,rgb,rgb/Gustavo_Kuerten_0001.ppm,0.948938,0.948938,1.192e-7,1.000000
lfw,all,rgb,rgb/Gustavo_Kuerten_0002.ppm,0.952078,0.952078,0.000e0,1.000000
lfw,all,rgb,rgb/Gustavo_Kuerten_0003.ppm,0.954287,0.954287,1.192e-7,1.000000
lfw,all,rgb,rgb/Gustavo_Noboa_0001.ppm,0.899421,0.899421,0.000e0,1.000000
lfw,all,rgb,rgb/Gustavo_Terrazas_0001.ppm,0.964395,0.964395,1.192e-7,1.000000
lfw,all,rgb,rgb/Guus_Hiddink_0001.ppm,0.900567,0.900567,0.000e0,1.000000
lfw,all,rgb,rgb/Guy_Hemmings_0001.ppm,0.903748,0.903748,1.192e-7,1.000000
lfw,all,rgb,rgb/Guy_Hemmings_0002.ppm,0.937989,0.937989,0.000e0,1.000000
lfw,all,rgb,rgb/Guy_Ritchie_0001.ppm,0.937123,0.937123,0.000e0,1.000000
lfw,all,rgb,rgb/Guy_Ritchie_0002.ppm,0.948269,0.948269,0.000e0,1.000000
lfw,all,rgb,rgb/Guy_Verhofstadt_0001.ppm,0.874562,0.874562,0.000e0,1.000000
lfw,all,rgb,rgb/Gwen_Stefani_0001.ppm,0.931726,0.931726,1.192e-7,1.000000
lfw,all,rgb,rgb/Gwendal_Peizerat_0001.ppm,0.887789,0.887789,1.192e-7,1.000000
lfw,all,rgb,rgb/Gwendal_Peizerat_0002.ppm,0.828749,0.828749,2.384e-7,1.000000
lfw,all,rgb,rgb/Gwendal_Peizerat_0003.ppm,0.967166,0.967166,0.000e0,1.000000
lfw,all,rgb,rgb/Gwyneth_Paltrow_0001.ppm,0.934128,0.934128,1.192e-7,1.000000
lfw,all,rgb,rgb/Gwyneth_Paltrow_0002.ppm,0.913337,0.913337,0.000e0,1.000000
lfw,all,rgb,rgb/Gwyneth_Paltrow_0003.ppm,0.950005,0.950005,1.192e-7,1.000000
lfw,all,rgb,rgb/Gwyneth_Paltrow_0004.ppm,0.931369,0.931369,1.192e-7,1.000000
lfw,all,rgb,rgb/Gwyneth_Paltrow_0005.ppm,0.953377,0.953377,0.000e0,1.000000
lfw,all,rgb,rgb/Gwyneth_Paltrow_0006.ppm,0.942739,0.942739,1.192e-7,1.000000
lfw,all,rgb,rgb/Habib_Hisham_0001.ppm,0.943103,0.943103,1.192e-7,1.000000
lfw,all,rgb,rgb/Habib_Rizieq_0001.ppm,0.939044,0.939044,5.960e-8,1.000000
lfw,all,rgb,rgb/Habib_Rizieq_0002.ppm,0.946386,0.946386,0.000e0,1.000000
lfw,all,rgb,rgb/Habib_Rizieq_0003.ppm,0.948855,0.948855,0.000e0,1.000000
lfw,all,rgb,rgb/Habib_Rizieq_0004.ppm,0.935604,0.935604,0.000e0,0.999999
lfw,all,rgb,rgb/Habib_Rizieq_0005.ppm,0.922863,0.922863,0.000e0,0.999999
lfw,all,rgb,rgb/Hadley_Bilger_0001.ppm,0.931673,0.931673,0.000e0,1.000000
lfw,all,rgb,rgb/Hal_Gehman_0001.ppm,0.939545,0.939545,1.192e-7,1.000000
lfw,all,rgb,rgb/Hal_Gehman_0002.ppm,0.921091,0.921091,1.192e-7,1.000000
lfw,all,rgb,rgb/Hal_Gehman_0003.ppm,0.948057,0.948057,0.000e0,1.000000
lfw,all,rgb,rgb/Hal_Gehman_0004.ppm,0.944698,0.944698,0.000e0,1.000000
lfw,all,rgb,rgb/Hal_Gehman_0005.ppm,0.902749,0.902749,0.000e0,0.999999
lfw,all,rgb,rgb/Hal_McCoy_0001.ppm,0.899620,0.899620,0.000e0,1.000000
lfw,all,rgb,rgb/Hal_Sellers_0001.ppm,0.961255,0.961255,0.000e0,1.000000
lfw,all,rgb,rgb/Hal_Sutton_0001.ppm,0.919210,0.919210,0.000e0,1.000000
lfw,all,rgb,rgb/Hal_Sutton_0002.ppm,0.925870,0.925870,1.192e-7,1.000000
lfw,all,rgb,rgb/Halbert_Fillinger_0001.ppm,0.942519,0.942519,1.192e-7,1.000000
lfw,all,rgb,rgb/Halle_Berry_0001.ppm,0.898379,0.898379,0.000e0,1.000000
lfw,all,rgb,rgb/Halle_Berry_0002.ppm,0.934056,0.934056,0.000e0,1.000000
lfw,all,rgb,rgb/Halle_Berry_0003.ppm,0.931046,0.931045,1.192e-7,1.000000
lfw,all,rgb,rgb/Halle_Berry_0004.ppm,0.917514,0.917514,0.000e0,1.000000
lfw,all,rgb,rgb/Halle_Berry_0005.ppm,0.947114,0.947114,1.192e-7,1.000000
lfw,all,rgb,rgb/Halle_Berry_0006.ppm,0.957551,0.957552,1.192e-7,1.000000
lfw,all,rgb,rgb/Halle_Berry_0007.ppm,0.932619,0.932619,0.000e0,1.000000
lfw,all,rgb,rgb/Halle_Berry_0008.ppm,0.907262,0.907262,0.000e0,0.999999
lfw,all,rgb,rgb/Halle_Berry_0009.ppm,0.956785,0.956785,0.000e0,1.000000
lfw,all,rgb,rgb/Halle_Berry_0010.ppm,0.956308,0.956308,0.000e0,1.000000
lfw,all,rgb,rgb/Halle_Berry_0011.ppm,0.953432,0.953432,0.000e0,1.000000
lfw,all,rgb,rgb/Halle_Berry_0012.ppm,0.898882,0.898882,1.192e-7,1.000000
lfw,all,rgb,rgb/Halle_Berry_0013.ppm,0.868622,0.868622,5.960e-8,1.000000
lfw,all,rgb,rgb/Halle_Berry_0014.ppm,0.946936,0.946936,1.192e-7,1.000000
lfw,all,rgb,rgb/Halle_Berry_0015.ppm,0.915577,0.915577,1.192e-7,1.000000
lfw,all,rgb,rgb/Halle_Berry_0016.ppm,0.953588,0.953588,0.000e0,1.000000
lfw,all,rgb,rgb/Ham_Pong-sil_0001.ppm,0.960054,0.960054,0.000e0,1.000000
lfw,all,rgb,rgb/Hama_Arba_Diallo_0001.ppm,0.935887,0.935886,1.192e-7,1.000000
lfw,all,rgb,rgb/Hamad_Bin_Isa_al-Khalifa_0001.ppm,0.911069,0.911069,1.192e-7,1.000000
lfw,all,rgb,rgb/Hamad_Bin_Jassim_0001.ppm,0.918461,0.918461,1.192e-7,0.999999
lfw,all,rgb,rgb/Hamid_Efendi_0001.ppm,0.939048,0.939048,0.000e0,1.000000
lfw,all,rgb,rgb/Hamid_Karzai_0001.ppm,0.930747,0.930747,0.000e0,0.999999
lfw,all,rgb,rgb/Hamid_Karzai_0002.ppm,0.927417,0.927417,1.192e-7,1.000000
lfw,all,rgb,rgb/Hamid_Karzai_0003.ppm,0.897104,0.897104,1.192e-7,1.000000
lfw,all,rgb,rgb/Hamid_Karzai_0004.ppm,0.909560,0.909560,0.000e0,1.000000
lfw,all,rgb,rgb/Hamid_Karzai_0005.ppm,0.934851,0.934851,0.000e0,1.000000
lfw,all,rgb,rgb/Hamid_Karzai_0006.ppm,0.889859,0.889859,5.960e-8,1.000000
lfw,all,rgb,rgb/Hamid_Karzai_0007.ppm,0.920736,0.920737,1.192e-7,1.000000
lfw,all,rgb,rgb/Hamid_Karzai_0008.ppm,0.920440,0.920440,0.000e0,1.000000
lfw,all,rgb,rgb/Hamid_Karzai_0009.ppm,0.903608,0.903608,5.960e-8,1.000000
lfw,all,rgb,rgb/Hamid_Karzai_0010.ppm,0.793864,0.793864,5.960e-8,1.000000
lfw,all,rgb,rgb/Hamid_Karzai_0011.ppm,0.889368,0.889368,5.960e-8,1.000000
lfw,all,rgb,rgb/Hamid_Karzai_0012.ppm,0.953267,0.953267,0.000e0,1.000000
lfw,all,rgb,rgb/Hamid_Karzai_0013.ppm,0.938399,0.938399,0.000e0,0.999999
lfw,all,rgb,rgb/Hamid_Karzai_0014.ppm,0.925457,0.925457,0.000e0,1.000000
lfw,all,rgb,rgb/Hamid_Karzai_0015.ppm,0.889202,0.889202,0.000e0,1.000000
lfw,all,rgb,rgb/Hamid_Karzai_0016.ppm,0.908320,0.908320,1.192e-7,1.000000
lfw,all,rgb,rgb/Hamid_Karzai_0017.ppm,0.925488,0.925488,0.000e0,1.000000
lfw,all,rgb,rgb/Hamid_Karzai_0018.ppm,0.935698,0.935698,0.000e0,1.000000
lfw,all,rgb,rgb/Hamid_Karzai_0019.ppm,0.882029,0.882029,0.000e0,1.000000
lfw,all,rgb,rgb/Hamid_Karzai_0020.ppm,0.924961,0.924961,0.000e0,1.000000
lfw,all,rgb,rgb/Hamid_Karzai_0021.ppm,0.920936,0.920936,0.000e0,1.000000
lfw,all,rgb,rgb/Hamid_Karzai_0022.ppm,0.955801,0.955801,0.000e0,1.000000
lfw,all,rgb,rgb/Hamid_Reza_Asefi_0001.ppm,0.887786,0.887786,5.960e-8,1.000000
lfw,all,rgb,rgb/Hamza_Atiya_Muhsen_0001.ppm,0.958349,0.958349,0.000e0,1.000000
lfw,all,rgb,rgb/Hamzah_Haz_0001.ppm,0.923345,0.923345,0.000e0,1.000000
lfw,all,rgb,rgb/Hamzah_Haz_0002.ppm,0.948350,0.948350,0.000e0,1.000000
lfw,all,rgb,rgb/Han_Sung_Joo_0001.ppm,0.933943,0.933943,0.000e0,1.000000
lfw,all,rgb,rgb/Hana_Makhmalbaf_0001.ppm,0.932969,0.932969,0.000e0,1.000000
lfw,all,rgb,rgb/Hana_Sadiq_0001.ppm,0.891020,0.891020,0.000e0,1.000000
lfw,all,rgb,rgb/Hana_Urushima_0001.ppm,0.956497,0.956497,0.000e0,1.000000
lfw,all,rgb,rgb/Hanan_Ashrawi_0001.ppm,0.946026,0.946026,0.000e0,1.000000
lfw,all,rgb,rgb/Hanan_Ashrawi_0002.ppm,0.962043,0.962043,1.192e-7,1.000000
lfw,all,rgb,rgb/Hank_Aaron_0001.ppm,0.904934,0.904934,0.000e0,1.000000
lfw,all,rgb,rgb/Hank_Azaria_0001.ppm,0.984453,0.984453,0.000e0,1.000000
lfw,all,rgb,rgb/Hank_Bass_0001.ppm,0.936385,0.936385,5.960e-8,1.000000
lfw,all,rgb,rgb/Hank_McKinnell_0001.ppm,0.953324,0.953324,1.192e-7,0.999999
lfw,all,rgb,rgb/Hank_Stram_0001.ppm,0.921874,0.921874,0.000e0,1.000000
lfw,all,rgb,rgb/Hannah_Stockbauer_0001.ppm,0.939865,0.939865,0.000e0,1.000000
lfw,all,rgb,rgb/Hannah_Stockbauer_0002.ppm,0.943280,0.943280,1.192e-7,1.000000
lfw,all,rgb,rgb/Hanns_Schumacher_0001.ppm,0.884181,0.884181,0.000e0,1.000000
lfw,all,rgb,rgb/Hans-Christian_Schmid_0001.ppm,0.952672,0.952672,0.000e0,1.000000
lfw,all,rgb,rgb/Hans_Blix_0001.ppm,0.938981,0.938981,5.960e-8,0.999999
lfw,all,rgb,rgb/Hans_Blix_0002.ppm,0.957102,0.957102,0.000e0,1.000000
lfw,all,rgb,rgb/Hans_Blix_0003.ppm,0.920123,0.920123,1.192e-7,1.000000
lfw,all,rgb,rgb/Hans_Blix_0004.ppm,0.933251,0.933251,1.192e-7,1.000000
lfw,all,rgb,rgb/Hans_Blix_0005.ppm,0.915758,0.915758,0.000e0,0.999999
lfw,all,rgb,rgb/Hans_Blix_0006.ppm,0.967729,0.967729,0.000e0,1.000000
lfw,all,rgb,rgb/Hans_Blix_0007.ppm,0.951602,0.951602,0.000e0,1.000000
lfw,all,rgb,rgb/Hans_Blix_0008.ppm,0.938336,0.938336,0.000e0,0.999999
lfw,all,rgb,rgb/Hans_Blix_0009.ppm,0.931188,0.931188,0.000e0,1.000000
lfw,all,rgb,rgb/Hans_Blix_0010.ppm,0.915523,0.915522,5.960e-8,1.000000
lfw,all,rgb,rgb/Hans_Blix_0011.ppm,0.914395,0.914395,0.000e0,1.000000
lfw,all,rgb,rgb/Hans_Blix_0012.ppm,0.921944,0.921944,0.000e0,0.999999
lfw,all,rgb,rgb/Hans_Blix_0013.ppm,0.907883,0.907883,0.000e0,1.000000
lfw,all,rgb,rgb/Hans_Blix_0014.ppm,0.922228,0.922228,0.000e0,0.999999
lfw,all,rgb,rgb/Hans_Blix_0015.ppm,0.950362,0.950362,1.192e-7,1.000000
lfw,all,rgb,rgb/Hans_Blix_0016.ppm,0.948585,0.948585,1.192e-7,1.000000
lfw,all,rgb,rgb/Hans_Blix_0017.ppm,0.923403,0.923403,0.000e0,1.000000
lfw,all,rgb,rgb/Hans_Blix_0018.ppm,0.899192,0.899192,5.960e-8,1.000000
lfw,all,rgb,rgb/Hans_Blix_0019.ppm,0.928210,0.928210,0.000e0,1.000000
lfw,all,rgb,rgb/Hans_Blix_0020.ppm,0.897527,0.897527,1.192e-7,1.000000
lfw,all,rgb,rgb/Hans_Blix_0021.ppm,0.935527,0.935527,0.000e0,0.999999
lfw,all,rgb,rgb/Hans_Blix_0022.ppm,0.939310,0.939310,0.000e0,1.000000
lfw,all,rgb,rgb/Hans_Blix_0023.ppm,0.940426,0.940426,0.000e0,1.000000
lfw,all,rgb,rgb/Hans_Blix_0024.ppm,0.905340,0.905340,1.192e-7,1.000000
lfw,all,rgb,rgb/Hans_Blix_0025.ppm,0.919210,0.919210,5.960e-8,1.000000
lfw,all,rgb,rgb/Hans_Blix_0026.ppm,0.930718,0.930718,5.960e-8,1.000000
lfw,all,rgb,rgb/Hans_Blix_0027.ppm,0.956632,0.956632,0.000e0,1.000000
lfw,all,rgb,rgb/Hans_Blix_0028.ppm,0.932096,0.932096,0.000e0,1.000000
lfw,all,rgb,rgb/Hans_Blix_0029.ppm,0.909093,0.909093,5.960e-8,1.000000
lfw,all,rgb,rgb/Hans_Blix_0030.ppm,0.913347,0.913347,1.192e-7,1.000000
lfw,all,rgb,rgb/Hans_Blix_0031.ppm,0.935374,0.935374,5.960e-8,1.000000
lfw,all,rgb,rgb/Hans_Blix_0032.ppm,0.943105,0.943105,1.192e-7,1.000000
lfw,all,rgb,rgb/Hans_Blix_0033.ppm,0.915072,0.915072,0.000e0,1.000000
lfw,all,rgb,rgb/Hans_Blix_0034.ppm,0.942092,0.942092,0.000e0,1.000000
lfw,all,rgb,rgb/Hans_Blix_0035.ppm,0.950868,0.950868,1.192e-7,1.000000
lfw,all,rgb,rgb/Hans_Blix_0036.ppm,0.925171,0.925171,0.000e0,1.000000
lfw,all,rgb,rgb/Hans_Blix_0037.ppm,0.948891,0.948891,0.000e0,1.000000
lfw,all,rgb,rgb/Hans_Blix_0038.ppm,0.919559,0.919559,0.000e0,1.000000
lfw,all,rgb,rgb/Hans_Blix_0039.ppm,0.888855,0.888855,0.000e0,1.000000
lfw,all,rgb,rgb/Hans_Corell_0001.ppm,0.927292,0.927292,5.960e-8,1.000000
lfw,all,rgb,rgb/Hans_Eichel_0001.ppm,0.893857,0.893857,1.192e-7,1.000000
lfw,all,rgb,rgb/Hans_Eichel_0002.ppm,0.925083,0.925083,0.000e0,1.000000
lfw,all,rgb,rgb/Hans_Eichel_0003.ppm,0.982812,0.982812,0.000e0,1.000000
lfw,all,rgb,rgb/Hans_Leistritz_0001.ppm,0.940961,0.940961,5.960e-8,1.000000
lfw,all,rgb,rgb/Hans_Peter_Briegel_0001.ppm,0.944862,0.944862,1.192e-7,1.000000
lfw,all,rgb,rgb/Harald_Ringstorff_0001.ppm,0.909087,0.909087,0.000e0,1.000000
lfw,all,rgb,rgb/Harbhajan_Singh_0001.ppm,0.942800,0.942800,1.192e-7,1.000000
lfw,all,rgb,rgb/Harbhajan_Singh_0002.ppm,0.938370,0.938370,1.192e-7,1.000000
lfw,all,rgb,rgb/Harland_Braun_0001.ppm,0.941404,0.941404,1.192e-7,1.000000
lfw,all,rgb,rgb/Harold_Brown_0001.ppm,0.943248,0.943248,0.000e0,1.000000
lfw,all,rgb,rgb/Harold_Scott_0001.ppm,0.942844,0.942844,1.192e-7,1.000000
lfw,all,rgb,rgb/Harriet_Lessy_0001.ppm,0.949447,0.949447,1.788e-7,1.000000
lfw,all,rgb,rgb/Harrison_Ford_0001.ppm,0.879754,0.879754,0.000e0,1.000000
lfw,all,rgb,rgb/Harrison_Ford_0002.ppm,0.918441,0.918441,5.960e-8,1.000000
lfw,all,rgb,rgb/Harrison_Ford_0003.ppm,0.932369,0.932369,1.192e-7,1.000000
lfw,all,rgb,rgb/Harrison_Ford_0004.ppm,0.873887,0.873887,1.192e-7,1.000000
lfw,all,rgb,rgb/Harrison_Ford_0005.ppm,0.909482,0.909482,0.000e0,1.000000
lfw,all,rgb,rgb/Harrison_Ford_0006.ppm,0.882024,0.882024,2.384e-7,1.000000
lfw,all,rgb,rgb/Harrison_Ford_0007.ppm,0.880870,0.880870,5.960e-8,1.000000
lfw,all,rgb,rgb/Harrison_Ford_0008.ppm,0.936145,0.936145,1.192e-7,1.000000
lfw,all,rgb,rgb/Harrison_Ford_0009.ppm,0.920064,0.920064,0.000e0,0.999999
lfw,all,rgb,rgb/Harrison_Ford_0010.ppm,0.880669,0.880669,0.000e0,1.000000
lfw,all,rgb,rgb/Harrison_Ford_0011.ppm,0.927250,0.927250,0.000e0,1.000000
lfw,all,rgb,rgb/Harrison_Ford_0012.ppm,0.913831,0.913831,0.000e0,1.000000
lfw,all,rgb,rgb/Harry_Belafonte_0001.ppm,0.929758,0.929758,5.960e-8,1.000000
lfw,all,rgb,rgb/Harry_Belafonte_0002.ppm,0.928365,0.928365,0.000e0,1.000000
lfw,all,rgb,rgb/Harry_Kalas_0001.ppm,0.927778,0.927778,1.192e-7,1.000000
lfw,all,rgb,rgb/Harry_Kalas_0002.ppm,0.935477,0.935477,0.000e0,1.000000
lfw,all,rgb,rgb/Harry_Schmidt_0001.ppm,0.915167,0.915167,1.192e-7,1.000000
lfw,all,rgb,rgb/Harry_Schmidt_0002.ppm,0.952366,0.952366,0.000e0,1.000000
lfw,all,rgb,rgb/Harry_Schmidt_0003.ppm,0.945827,0.945827,0.000e0,1.000000
lfw,all,rgb,rgb/Harry_Schmidt_0004.ppm,0.958083,0.958083,1.192e-7,1.000000
lfw,all,rgb,rgb/Hartmut_Mehdorn_0001.ppm,0.939417,0.939417,0.000e0,1.000000
lfw,all,rgb,rgb/Harvey_Fierstein_0001.ppm,0.902574,0.902574,1.192e-7,1.000000
lfw,all,rgb,rgb/Harvey_Wachsman_0001.ppm,0.921015,0.921015,1.192e-7,1.000000
lfw,all,rgb,rgb/Harvey_Weinstein_0001.ppm,0.942621,0.942621,5.960e-8,1.000000
lfw,all,rgb,rgb/Harvey_Weinstein_0002.ppm,0.923287,0.923287,0.000e0,1.000000
lfw,all,rgb,rgb/Hasan_Wirayuda_0001.ppm,0.938725,0.938725,0.000e0,1.000000
lfw,all,rgb,rgb/Hashan_Tillakaratne_0001.ppm,0.962014,0.962014,0.000e0,1.000000
lfw,all,rgb,rgb/Hashim_Thaci_0001.ppm,0.921123,0.921122,5.960e-8,1.000000
lfw,all,rgb,rgb/Hashim_Thaci_0002.ppm,0.964459,0.964459,1.192e-7,1.000000
lfw,all,rgb,rgb/Hassan_Nasrallah_0001.ppm,0.860032,0.860032,0.000e0,0.999999
lfw,all,rgb,rgb/Hassan_Nasrallah_0002.ppm,0.941666,0.941666,0.000e0,1.000000
lfw,all,rgb,rgb/Hassan_Wirajuda_0001.ppm,0.961636,0.961636,0.000e0,1.000000
lfw,all,rgb,rgb/Hassan_Wirajuda_0002.ppm,0.958049,0.958049,0.000e0,1.000000
lfw,all,rgb,rgb/Hassanal_Bolkiah_0001.ppm,0.919414,0.919414,0.000e0,1.000000
lfw,all,rgb,rgb/Hatsui_Hasuike_0001.ppm,0.961957,0.961957,5.960e-8,0.999999
lfw,all,rgb,rgb/Haydar_Aliyev_0001.ppm,0.874796,0.874796,0.000e0,1.000000
lfw,all,rgb,rgb/Hayden_Panettiere_0001.ppm,0.913310,0.913310,0.000e0,1.000000
lfw,all,rgb,rgb/Hayley_Tullett_0001.ppm,0.923315,0.923315,0.000e0,1.000000
lfw,all,rgb,rgb/Hayley_Tullett_0002.ppm,0.887042,0.887042,5.960e-8,1.000000
lfw,all,rgb,rgb/Heath_Ledger_0001.ppm,0.941000,0.941000,1.192e-7,1.000000
lfw,all,rgb,rgb/Heath_Ledger_0002.ppm,0.914801,0.914801,1.192e-7,1.000000
lfw,all,rgb,rgb/Heath_Ledger_0003.ppm,0.920872,0.920872,0.000e0,1.000000
lfw,all,rgb,rgb/Heath_Ledger_0004.ppm,0.952380,0.952380,5.960e-8,1.000000
lfw,all,rgb,rgb/Heather_Chinnock_0001.ppm,0.940891,0.940891,0.000e0,1.000000
lfw,all,rgb,rgb/Heather_Locklear_0001.ppm,0.929893,0.929893,5.960e-8,0.999999
lfw,all,rgb,rgb/Heather_Mills_0001.ppm,0.928867,0.928867,0.000e0,1.000000
lfw,all,rgb,rgb/Heather_Mills_0002.ppm,0.897965,0.897965,1.192e-7,1.000000
lfw,all,rgb,rgb/Heather_Mills_0003.ppm,0.896168,0.896168,0.000e0,1.000000
lfw,all,rgb,rgb/Heather_Mills_0004.ppm,0.899903,0.899903,0.000e0,1.000000
lfw,all,rgb,rgb/Heather_Whitestone_McCallum_0001.ppm,0.968453,0.968453,0.000e0,1.000000
lfw,all,rgb,rgb/Heather_Willson_0001.ppm,0.964397,0.964397,0.000e0,1.000000
lfw,all,rgb,rgb/Hector_Babenco_0001.ppm,0.889451,0.889451,5.960e-8,1.000000
lfw,all,rgb,rgb/Hector_Babenco_0002.ppm,0.903449,0.903449,0.000e0,1.000000
lfw,all,rgb,rgb/Hector_Babenco_0003.ppm,0.856234,0.856234,1.192e-7,1.000000
lfw,all,rgb,rgb/Hector_Grullon_0001.ppm,0.927103,0.927103,0.000e0,1.000000
lfw,all,rgb,rgb/Hector_Mitelman_0001.ppm,0.882788,0.882788,1.788e-7,0.999999
lfw,all,rgb,rgb/Hedayat_Amin_Arsala_0001.ppm,0.917383,0.917383,0.000e0,1.000000
lfw,all,rgb,rgb/Hee-Won_Han_0001.ppm,0.895937,0.895936,1.788e-7,1.000000
lfw,all,rgb,rgb/Hee-Won_Han_0002.ppm,0.905582,0.905582,5.960e-8,1.000000
lfw,all,rgb,rgb/Hee-Won_Han_0003.ppm,0.914826,0.914826,5.960e-8,1.000000
lfw,all,rgb,rgb/Heidi_Fleiss_0001.ppm,0.942548,0.942548,0.000e0,1.000000
lfw,all,rgb,rgb/Heidi_Fleiss_0002.ppm,0.971452,0.971452,0.000e0,1.000000
lfw,all,rgb,rgb/Heidi_Fleiss_0003.ppm,0.946292,0.946292,0.000e0,0.999999
lfw,all,rgb,rgb/Heidi_Fleiss_0004.ppm,0.925555,0.925555,0.000e0,1.000000
lfw,all,rgb,rgb/Heidi_Klum_0001.ppm,0.938481,0.938481,0.000e0,1.000000
lfw,all,rgb,rgb/Heidi_Klum_0002.ppm,0.943398,0.943398,1.192e-7,1.000000
lfw,all,rgb,rgb/Heidi_Klum_0003.ppm,0.903539,0.903539,0.000e0,1.000000
lfw,all,rgb,rgb/Heidi_Klum_0004.ppm,0.931777,0.931778,5.960e-8,1.000000
lfw,all,rgb,rgb/Heidi_Klum_0005.ppm,0.940344,0.940344,0.000e0,1.000000
lfw,all,rgb,rgb/Heinrich_Wolfgang_0001.ppm,0.923011,0.923011,0.000e0,1.000000
lfw,all,rgb,rgb/Heinz_Feldmann_0001.ppm,0.919656,0.919656,0.000e0,1.000000
lfw,all,rgb,rgb/Heinz_Feldmann_0002.ppm,0.956874,0.956874,0.000e0,1.000000
lfw,all,rgb,rgb/Heinz_Feldmann_0003.ppm,0.979917,0.979917,0.000e0,1.000000
lfw,all,rgb,rgb/Heizo_Takenaka_0001.ppm,0.907203,0.907203,1.192e-7,1.000000
lfw,all,rgb,rgb/Heizo_Takenaka_0002.ppm,0.953979,0.953979,1.192e-7,1.000000
lfw,all,rgb,rgb/Heizo_Takenaka_0003.ppm,0.926655,0.926655,1.788e-7,1.000000
lfw,all,rgb,rgb/Heizo_Takenaka_0004.ppm,0.938203,0.938203,1.192e-7,1.000000
lfw,all,rgb,rgb/Heizo_Takenaka_0005.ppm,0.948530,0.948530,0.000e0,1.000000
lfw,all,rgb,rgb/Heizo_Takenaka_0006.ppm,0.961030,0.961030,1.192e-7,1.000000
lfw,all,rgb,rgb/Heizo_Takenaka_0007.ppm,0.971596,0.971596,0.000e0,1.000000
lfw,all,rgb,rgb/Heizo_Takenaka_0008.ppm,0.949888,0.949888,0.000e0,1.000000
lfw,all,rgb,rgb/Heizo_Takenaka_0009.ppm,0.932588,0.932588,1.192e-7,1.000000
lfw,all,rgb,rgb/Helen_Alvare_0001.ppm,0.934872,0.934872,1.192e-7,1.000000
lfw,all,rgb,rgb/Helen_Clark_0001.ppm,0.907844,0.907844,0.000e0,1.000000
lfw,all,rgb,rgb/Helen_Clark_0002.ppm,0.900506,0.900506,5.960e-8,1.000000
lfw,all,rgb,rgb/Helen_Clark_0003.ppm,0.955235,0.955235,0.000e0,1.000000
lfw,all,rgb,rgb/Helen_Clark_0004.ppm,0.882510,0.882510,1.192e-7,1.000000
lfw,all,rgb,rgb/Helen_Darling_0001.ppm,0.953471,0.953471,0.000e0,1.000000
lfw,all,rgb,rgb/Helena_Schneider_0001.ppm,0.928535,0.928535,0.000e0,1.000000
lfw,all,rgb,rgb/Helene_Eksterowicz_0001.ppm,0.950045,0.950045,0.000e0,1.000000
lfw,all,rgb,rgb/Helio_Castroneves_0001.ppm,0.917617,0.917617,1.192e-7,1.000000
lfw,all,rgb,rgb/Helio_Rubens_Garcia_0001.ppm,0.913758,0.913758,0.000e0,1.000000
lfw,all,rgb,rgb/Helmut_Panke_0001.ppm,0.949530,0.949530,0.000e0,1.000000
lfw,all,rgb,rgb/Helo_Pinheiro_0001.ppm,0.874835,0.874835,5.960e-8,1.000000
lfw,all,rgb,rgb/Henk_Bekedam_0001.ppm,0.914203,0.914202,1.192e-7,1.000000
lfw,all,rgb,rgb/Henning_Scherf_0001.ppm,0.916054,0.916054,0.000e0,1.000000
lfw,all,rgb,rgb/Henri_Proglio_0001.ppm,0.940112,0.940112,1.192e-7,1.000000
lfw,all,rgb,rgb/Henrique_Meirelles_0001.ppm,0.949431,0.949431,1.192e-7,1.000000
lfw,all,rgb,rgb/Henrique_Meirelles_0002.ppm,0.974475,0.974475,1.192e-7,1.000000
lfw,all,rgb,rgb/Henry_Castellanos_0001.ppm,0.939714,0.939714,1.192e-7,0.999999
lfw,all,rgb,rgb/Henry_Hilow_0001.ppm,0.884700,0.884700,1.192e-7,1.000000
lfw,all,rgb,rgb/Henry_Hyde_0001.ppm,0.924518,0.924518,0.000e0,1.000000
lfw,all,rgb,rgb/Henry_Kissinger_0001.ppm,0.940406,0.940407,1.192e-7,1.000000
lfw,all,rgb,rgb/Henry_Suazo_0001.ppm,0.937653,0.937653,0.000e0,0.999999
lfw,all,rgb,rgb/Herb_Brooks_0001.ppm,0.934896,0.934896,1.192e-7,1.000000
lfw,all,rgb,rgb/Herb_Dhaliwal_0001.ppm,0.936859,0.936859,1.192e-7,1.000000
lfw,all,rgb,rgb/Herb_Ritts_0001.ppm,0.935981,0.935981,0.000e0,0.999999
lfw,all,rgb,rgb/Herb_Sendek_0001.ppm,0.960879,0.960879,0.000e0,1.000000
lfw,all,rgb,rgb/Herb_Sendek_0002.ppm,0.907548,0.907548,1.788e-7,1.000000
lfw,all,rgb,rgb/Herb_Sendek_0003.ppm,0.939951,0.939951,1.192e-7,1.000000
lfw,all,rgb,rgb/Herb_Sendek_0004.ppm,0.937993,0.937993,1.192e-7,1.000000
lfw,all,rgb,rgb/Herbert_Haupt_0001.ppm,0.902793,0.902794,1.192e-7,1.000000
lfw,all,rgb,rgb/Herbie_Hancock_0001.ppm,0.955274,0.955274,0.000e0,1.000000
lfw,all,rgb,rgb/Herman_Edwards_0001.ppm,0.879938,0.879938,0.000e0,1.000000
lfw,all,rgb,rgb/Herman_Moore_0001.ppm,0.941626,0.941626,0.000e0,1.000000
lfw,all,rgb,rgb/Hermando_Harton_0001.ppm,0.901994,0.901994,0.000e0,1.000000
lfw,all,rgb,rgb/Hermann_Maier_0001.ppm,0.897892,0.897892,1.192e-7,1.000000
lfw,all,rgb,rgb/Hermann_Maier_0002.ppm,0.903689,0.903689,0.000e0,1.000000
lfw,all,rgb,rgb/Hermes_Gamonal_0001.ppm,0.960179,0.960179,0.000e0,1.000000
lfw,all,rgb,rgb/Hermogenes_Ebdane_Jr_0001.ppm,0.960396,0.960396,0.000e0,1.000000
lfw,all,rgb,rgb/Hernan_Crespo_0001.ppm,0.958060,0.958060,0.000e0,1.000000
lfw,all,rgb,rgb/Hernan_Diaz_0001.ppm,0.905108,0.905108,5.960e-8,1.000000
lfw,all,rgb,rgb/Herta_Daeubler-Gmelin_0001.ppm,0.942144,0.942144,1.192e-7,1.000000
lfw,all,rgb,rgb/Herta_Daeubler-Gmelin_0002.ppm,0.929067,0.929066,5.960e-8,0.999999
lfw,all,rgb,rgb/Hestrie_Cloette_0001.ppm,0.943436,0.943436,1.192e-7,1.000000
lfw,all,rgb,rgb/Hichiro_Naemura_0001.ppm,0.936025,0.936025,0.000e0,1.000000
lfw,all,rgb,rgb/Hichiro_Naemura_0002.ppm,0.904219,0.904219,5.960e-8,1.000000
lfw,all,rgb,rgb/Hideki_Matsui_0001.ppm,0.934586,0.934586,0.000e0,1.000000
lfw,all,rgb,rgb/Hideki_Matsui_0002.ppm,0.955102,0.955102,0.000e0,1.000000
lfw,all,rgb,rgb/Hideki_Sato_0001.ppm,0.924471,0.924471,0.000e0,1.000000
lfw,all,rgb,rgb/Hidetoshi_Nakata_0001.ppm,0.917271,0.917271,0.000e0,1.000000
lfw,all,rgb,rgb/Hikmat_al-Azzawi_0001.ppm,0.919755,0.919755,1.192e-7,1.000000
lfw,all,rgb,rgb/Hilary_Duff_0001.ppm,0.943218,0.943218,0.000e0,1.000000
lfw,all,rgb,rgb/Hilary_Duff_0002.ppm,0.891244,0.891244,1.192e-7,1.000000
lfw,all,rgb,rgb/Hilary_Duff_0003.ppm,0.920573,0.920573,1.788e-7,1.000000
lfw,all,rgb,rgb/Hilary_McKay_0001.ppm,0.921552,0.921552,0.000e0,1.000000
lfw,all,rgb,rgb/Hilda_Fortune_0001.ppm,0.908098,0.908098,0.000e0,1.000000
lfw,all,rgb,rgb/Hillary_Clinton_0001.ppm,0.936841,0.936841,0.000e0,1.000000
lfw,all,rgb,rgb/Hillary_Clinton_0002.ppm,0.964211,0.964211,0.000e0,1.000000
lfw,all,rgb,rgb/Hillary_Clinton_0003.ppm,0.910662,0.910662,0.000e0,1.000000
lfw,all,rgb,rgb/Hillary_Clinton_0004.ppm,0.940641,0.940641,0.000e0,1.000000
lfw,all,rgb,rgb/Hillary_Clinton_0005.ppm,0.958697,0.958697,0.000e0,1.000000
lfw,all,rgb,rgb/Hillary_Clinton_0006.ppm,0.861690,0.861690,5.960e-8,1.000000
lfw,all,rgb,rgb/Hillary_Clinton_0007.ppm,0.939380,0.939380,1.192e-7,1.000000
lfw,all,rgb,rgb/Hillary_Clinton_0008.ppm,0.952594,0.952594,0.000e0,1.000000
lfw,all,rgb,rgb/Hillary_Clinton_0009.ppm,0.947661,0.947661,0.000e0,1.000000
lfw,all,rgb,rgb/Hillary_Clinton_0010.ppm,0.884234,0.884234,0.000e0,1.000000
lfw,all,rgb,rgb/Hillary_Clinton_0011.ppm,0.919217,0.919217,0.000e0,1.000000
lfw,all,rgb,rgb/Hillary_Clinton_0012.ppm,0.891505,0.891505,0.000e0,1.000000
lfw,all,rgb,rgb/Hillary_Clinton_0013.ppm,0.963592,0.963592,0.000e0,0.999999
lfw,all,rgb,rgb/Hillary_Clinton_0014.ppm,0.929702,0.929702,1.192e-7,1.000000
lfw,all,rgb,rgb/Hilmi_Akin_Zorlu_0001.ppm,0.945706,0.945706,5.960e-8,1.000000
lfw,all,rgb,rgb/Hilmi_Ozkok_0001.ppm,0.934985,0.934985,0.000e0,1.000000
lfw,all,rgb,rgb/Hilmi_Ozkok_0002.ppm,0.929412,0.929412,1.192e-7,1.000000
lfw,all,rgb,rgb/Himmler_Rebu_0001.ppm,0.863657,0.863657,1.192e-7,1.000000
lfw,all,rgb,rgb/Hipolito_Mejia_0001.ppm,0.919715,0.919715,0.000e0,1.000000
lfw,all,rgb,rgb/Hipolito_Mejia_0002.ppm,0.937195,0.937195,0.000e0,1.000000
lfw,all,rgb,rgb/Hipolito_Mejia_0003.ppm,0.932508,0.932508,1.192e-7,1.000000
lfw,all,rgb,rgb/Hipolito_Mejia_0004.ppm,0.935779,0.935779,0.000e0,0.999999
lfw,all,rgb,rgb/Hiroki_Gomi_0001.ppm,0.928733,0.928733,0.000e0,1.000000
lfw,all,rgb,rgb/Hiroyuki_Yoshino_0001.ppm,0.977169,0.977169,0.000e0,1.000000
lfw,all,rgb,rgb/Hisao_Oguchi_0001.ppm,0.939489,0.939489,0.000e0,1.000000
lfw,all,rgb,rgb/Hisao_Oguchi_0002.ppm,0.957485,0.957485,0.000e0,1.000000
lfw,all,rgb,rgb/Hisashi_Owada_0001.ppm,0.931565,0.931565,0.000e0,1.000000
lfw,all,rgb,rgb/Hisham_Halawi_0001.ppm,0.908518,0.908518,0.000e0,1.000000
lfw,all,rgb,rgb/Hitomi_Soga_0001.ppm,0.926677,0.926677,0.000e0,0.999999
lfw,all,rgb,rgb/Hitomi_Soga_0002.ppm,0.960179,0.960179,0.000e0,1.000000
lfw,all,rgb,rgb/Hitomi_Soga_0003.ppm,0.937986,0.937986,5.960e-8,1.000000
lfw,all,rgb,rgb/Hitomi_Soga_0004.ppm,0.982222,0.982222,0.000e0,1.000000
lfw,all,rgb,rgb/Hitomi_Soga_0005.ppm,0.952094,0.952094,0.000e0,1.000000
lfw,all,rgb,rgb/Hitoshi_Oshitani_0001.ppm,0.962597,0.962597,0.000e0,1.000000
lfw,all,rgb,rgb/Hitoshi_Tanaka_0001.ppm,0.945646,0.945646,0.000e0,1.000000
lfw,all,rgb,rgb/Hoda_Asfor_0001.ppm,0.806580,0.806580,5.960e-8,1.000000
lfw,all,rgb,rgb/Holly_Hunter_0001.ppm,0.925921,0.925921,0.000e0,1.000000
lfw,all,rgb,rgb/Holly_Hunter_0002.ppm,0.937565,0.937565,0.000e0,1.000000
lfw,all,rgb,rgb/Holly_Hunter_0003.ppm,0.927299,0.927299,1.192e-7,1.000000
lfw,all,rgb,rgb/Holly_Hunter_0004.ppm,0.923042,0.923041,1.788e-7,1.000000
lfw,all,rgb,rgb/Holly_Hunter_0005.ppm,0.945310,0.945310,0.000e0,1.000000
lfw,all,rgb,rgb/Holly_Hunter_0006.ppm,0.923472,0.923472,0.000e0,1.000000
lfw,all,rgb,rgb/Holly_Hunter_0007.ppm,0.947914,0.947914,0.000e0,1.000000
lfw,all,rgb,rgb/Holly_Robinson_Peete_0001.ppm,0.973075,0.973075,0.000e0,1.000000
lfw,all,rgb,rgb/Hong_Myung_0001.ppm,0.914548,0.914548,0.000e0,1.000000
lfw,all,rgb,rgb/Hootie_Johnson_0001.ppm,0.908358,0.908359,1.192e-7,1.000000
lfw,all,rgb,rgb/Hootie_Johnson_0002.ppm,0.925295,0.925295,0.000e0,1.000000
lfw,all,rgb,rgb/Horace_Donovan_Reid_0001.ppm,0.937552,0.937552,0.000e0,1.000000
lfw,all,rgb,rgb/Horace_Newcomb_0001.ppm,0.949063,0.949063,5.960e-8,1.000000
lfw,all,rgb,rgb/Horacio_Julio_Pina_0001.ppm,0.920372,0.920372,0.000e0,1.000000
lfw,all,rgb,rgb/Horacio_de_Jesus_Montoya_0001.ppm,0.950589,0.950589,1.192e-7,1.000000
lfw,all,rgb,rgb/Horst_Koehler_0001.ppm,0.938558,0.938558,0.000e0,1.000000
lfw,all,rgb,rgb/Horst_Koehler_0002.ppm,0.926521,0.926521,0.000e0,1.000000
lfw,all,rgb,rgb/Horst_Koehler_0003.ppm,0.887882,0.887882,1.192e-7,1.000000
lfw,all,rgb,rgb/Hosni_Mubarak_0001.ppm,0.929542,0.929542,0.000e0,1.000000
lfw,all,rgb,rgb/Hosni_Mubarak_0002.ppm,0.929052,0.929052,0.000e0,1.000000
lfw,all,rgb,rgb/Hosni_Mubarak_0003.ppm,0.912381,0.912381,0.000e0,1.000000
lfw,all,rgb,rgb/Hosni_Mubarak_0004.ppm,0.938390,0.938390,1.192e-7,1.000000
lfw,all,rgb,rgb/Hosni_Mubarak_0005.ppm,0.955520,0.955520,0.000e0,1.000000
lfw,all,rgb,rgb/Hosni_Mubarak_0006.ppm,0.965969,0.965969,0.000e0,0.999999
lfw,all,rgb,rgb/Hosni_Mubarak_0007.ppm,0.892088,0.892088,0.000e0,1.000000
lfw,all,rgb,rgb/Hosni_Mubarak_0008.ppm,0.911987,0.911987,0.000e0,0.999999
lfw,all,rgb,rgb/Hosni_Mubarak_0009.ppm,0.914129,0.914129,0.000e0,1.000000
lfw,all,rgb,rgb/Howard_Dean_0001.ppm,0.944624,0.944624,0.000e0,1.000000
lfw,all,rgb,rgb/Howard_Dean_0002.ppm,0.941307,0.941307,0.000e0,1.000000
lfw,all,rgb,rgb/Howard_Dean_0003.ppm,0.948084,0.948084,0.000e0,0.999999
lfw,all,rgb,rgb/Howard_Dean_0004.ppm,0.904975,0.904975,1.192e-7,1.000000
lfw,all,rgb,rgb/Howard_Dean_0005.ppm,0.850489,0.850489,5.960e-8,1.000000
lfw,all,rgb,rgb/Howard_Dean_0006.ppm,0.933857,0.933857,0.000e0,0.999999
lfw,all,rgb,rgb/Howard_Dean_0007.ppm,0.930141,0.930141,0.000e0,1.000000
lfw,all,rgb,rgb/Howard_Dean_0008.ppm,0.934864,0.934864,0.000e0,0.999999
lfw,all,rgb,rgb/Howard_Dean_0009.ppm,0.945863,0.945863,0.000e0,1.000000
lfw,all,rgb,rgb/Howard_Dean_0010.ppm,0.899290,0.899290,0.000e0,0.999999
lfw,all,rgb,rgb/Howard_Dean_0011.ppm,0.896742,0.896742,1.192e-7,1.000000
lfw,all,rgb,rgb/Howard_Dean_0012.ppm,0.911286,0.911286,0.000e0,1.000000
lfw,all,rgb,rgb/Howard_Ross_0001.ppm,0.940264,0.940263,1.192e-7,1.000000
lfw,all,rgb,rgb/Howard_Schultz_0001.ppm,0.928070,0.928070,0.000e0,1.000000
lfw,all,rgb,rgb/Howard_Schultz_0002.ppm,0.900763,0.900762,1.192e-7,1.000000
lfw,all,rgb,rgb/Howard_Smith_0001.ppm,0.907151,0.907151,0.000e0,1.000000
lfw,all,rgb,rgb/Howard_Smith_0002.ppm,0.898285,0.898285,0.000e0,1.000000
lfw,all,rgb,rgb/Howard_Stern_0001.ppm,0.887577,0.887577,1.788e-7,1.000000
lfw,all,rgb,rgb/Howard_Stringer_0001.ppm,0.903619,0.903619,0.000e0,1.000000
lfw,all,rgb,rgb/Howard_Wilkinson_0001.ppm,0.956931,0.956931,1.192e-7,1.000000
lfw,all,rgb,rgb/Hrithik_Roshan_0001.ppm,0.959673,0.959673,5.960e-8,0.999999
lfw,all,rgb,rgb/Hu_Jintao_0001.ppm,0.939278,0.939278,5.960e-8,0.999999
lfw,all,rgb,rgb/Hu_Jintao_0002.ppm,0.950143,0.950143,0.000e0,0.999999
lfw,all,rgb,rgb/Hu_Jintao_0003.ppm,0.947932,0.947932,0.000e0,1.000000
lfw,all,rgb,rgb/Hu_Jintao_0004.ppm,0.959158,0.959158,0.000e0,0.999999
lfw,all,rgb,rgb/Hu_Jintao_0005.ppm,0.979856,0.979856,0.000e0,1.000000
lfw,all,rgb,rgb/Hu_Jintao_0006.ppm,0.961158,0.961158,5.960e-8,1.000000
lfw,all,rgb,rgb/Hu_Jintao_0007.ppm,0.976653,0.976653,0.000e0,1.000000
lfw,all,rgb,rgb/Hu_Jintao_0008.ppm,0.967011,0.967011,1.192e-7,1.000000
lfw,all,rgb,rgb/Hu_Jintao_0009.ppm,0.952373,0.952373,0.000e0,1.000000
lfw,all,rgb,rgb/Hu_Jintao_0010.ppm,0.958542,0.958542,0.000e0,0.999999
lfw,all,rgb,rgb/Hu_Jintao_0011.ppm,0.916732,0.916732,1.192e-7,1.000000
lfw,all,rgb,rgb/Hu_Jintao_0012.ppm,0.945538,0.945538,0.000e0,0.999999
lfw,all,rgb,rgb/Hu_Jintao_0013.ppm,0.960933,0.960933,0.000e0,1.000000
lfw,all,rgb,rgb/Hu_Jintao_0014.ppm,0.944237,0.944238,1.192e-7,0.999999
lfw,all,rgb,rgb/Hu_Jintao_0015.ppm,0.962360,0.962360,0.000e0,1.000000
lfw,all,rgb,rgb/Hu_Maoyuan_0001.ppm,0.949436,0.949436,1.192e-7,1.000000
lfw,all,rgb,rgb/Huan_Chung_Yi_0001.ppm,0.909936,0.909936,1.192e-7,1.000000
lfw,all,rgb,rgb/Huang_Suey-Sheng_0001.ppm,0.976521,0.976521,0.000e0,1.000000
lfw,all,rgb,rgb/Hubert_Green_0001.ppm,0.908439,0.908438,1.192e-7,1.000000
lfw,all,rgb,rgb/Hubie_Brown_0001.ppm,0.949976,0.949976,1.192e-7,1.000000
lfw,all,rgb,rgb/Hugh_Campbell_0001.ppm,0.939975,0.939975,0.000e0,1.000000
lfw,all,rgb,rgb/Hugh_Carey_0001.ppm,0.908631,0.908631,0.000e0,0.999999
lfw,all,rgb,rgb/Hugh_Grant_0001.ppm,0.931395,0.931395,0.000e0,1.000000
lfw,all,rgb,rgb/Hugh_Grant_0002.ppm,0.954179,0.954179,1.192e-7,1.000000
lfw,all,rgb,rgb/Hugh_Grant_0003.ppm,0.910769,0.910769,0.000e0,1.000000
lfw,all,rgb,rgb/Hugh_Grant_0004.ppm,0.924013,0.924013,0.000e0,1.000000
lfw,all,rgb,rgb/Hugh_Grant_0005.ppm,0.931393,0.931393,0.000e0,1.000000
lfw,all,rgb,rgb/Hugh_Grant_0006.ppm,0.934465,0.934465,0.000e0,1.000000
lfw,all,rgb,rgb/Hugh_Grant_0007.ppm,0.837830,0.837830,5.960e-8,1.000000
lfw,all,rgb,rgb/Hugh_Grant_0008.ppm,0.952059,0.952059,0.000e0,1.000000
lfw,all,rgb,rgb/Hugh_Grant_0009.ppm,0.932376,0.932376,0.000e0,1.000000
lfw,all,rgb,rgb/Hugh_Hefner_0001.ppm,0.958606,0.958606,0.000e0,0.999999
lfw,all,rgb,rgb/Hugh_Jessiman_0001.ppm,0.912432,0.912432,0.000e0,1.000000
lfw,all,rgb,rgb/Hugh_Miller_0001.ppm,0.916520,0.916520,0.000e0,1.000000
lfw,all,rgb,rgb/Hugo_Chavez_0001.ppm,0.911649,0.911649,0.000e0,1.000000
lfw,all,rgb,rgb/Hugo_Chavez_0002.ppm,0.878165,0.878165,0.000e0,1.000000
lfw,all,rgb,rgb/Hugo_Chavez_0003.ppm,0.921199,0.921199,5.960e-8,0.999999
lfw,all,rgb,rgb/Hugo_Chavez_0004.ppm,0.923539,0.923539,0.000e0,1.000000
lfw,all,rgb,rgb/Hugo_Chavez_0005.ppm,0.929671,0.929671,5.960e-8,1.000000
lfw,all,rgb,rgb/Hugo_Chavez_0006.ppm,0.951843,0.951843,0.000e0,1.000000
lfw,all,rgb,rgb/Hugo_Chavez_0007.ppm,0.964959,0.964959,1.192e-7,1.000000
lfw,all,rgb,rgb/Hugo_Chavez_0008.ppm,0.885314,0.885314,0.000e0,1.000000
lfw,all,rgb,rgb/Hugo_Chavez_0009.ppm,0.961506,0.961506,0.000e0,1.000000
lfw,all,rgb,rgb/Hugo_Chavez_0010.ppm,0.901917,0.901917,1.192e-7,1.000000
lfw,all,rgb,rgb/Hugo_Chavez_0011.ppm,0.939381,0.939381,0.000e0,1.000000
lfw,all,rgb,rgb/Hugo_Chavez_0012.ppm,0.927522,0.927522,0.000e0,1.000000
lfw,all,rgb,rgb/Hugo_Chavez_0013.ppm,0.946354,0.946354,1.192e-7,1.000000
lfw,all,rgb,rgb/Hugo_Chavez_0014.ppm,0.922320,0.922320,0.000e0,1.000000
lfw,all,rgb,rgb/Hugo_Chavez_0015.ppm,0.941857,0.941857,1.192e-7,1.000000
lfw,all,rgb,rgb/Hugo_Chavez_0016.ppm,0.904955,0.904955,0.000e0,1.000000
lfw,all,rgb,rgb/Hugo_Chavez_0017.ppm,0.948703,0.948703,0.000e0,1.000000
lfw,all,rgb,rgb/Hugo_Chavez_0018.ppm,0.902422,0.902422,1.192e-7,0.999999
lfw,all,rgb,rgb/Hugo_Chavez_0019.ppm,0.925034,0.925034,0.000e0,1.000000
lfw,all,rgb,rgb/Hugo_Chavez_0020.ppm,0.922634,0.922634,0.000e0,1.000000
lfw,all,rgb,rgb/Hugo_Chavez_0021.ppm,0.942449,0.942449,1.192e-7,1.000000
lfw,all,rgb,rgb/Hugo_Chavez_0022.ppm,0.872096,0.872096,5.960e-8,1.000000
lfw,all,rgb,rgb/Hugo_Chavez_0023.ppm,0.950697,0.950697,0.000e0,1.000000
lfw,all,rgb,rgb/Hugo_Chavez_0024.ppm,0.915825,0.915825,0.000e0,1.000000
lfw,all,rgb,rgb/Hugo_Chavez_0025.ppm,0.937020,0.937020,0.000e0,1.000000
lfw,all,rgb,rgb/Hugo_Chavez_0026.ppm,0.929391,0.929391,0.000e0,1.000000
lfw,all,rgb,rgb/Hugo_Chavez_0027.ppm,0.927934,0.927934,0.000e0,1.000000
lfw,all,rgb,rgb/Hugo_Chavez_0028.ppm,0.943047,0.943047,0.000e0,1.000000
lfw,all,rgb,rgb/Hugo_Chavez_0029.ppm,0.931327,0.931327,0.000e0,1.000000
lfw,all,rgb,rgb/Hugo_Chavez_0030.ppm,0.911195,0.911195,0.000e0,1.000000
lfw,all,rgb,rgb/Hugo_Chavez_0031.ppm,0.968603,0.968603,5.960e-8,1.000000
lfw,all,rgb,rgb/Hugo_Chavez_0032.ppm,0.908297,0.908297,0.000e0,1.000000
lfw,all,rgb,rgb/Hugo_Chavez_0033.ppm,0.936868,0.936868,0.000e0,1.000000
lfw,all,rgb,rgb/Hugo_Chavez_0034.ppm,0.924678,0.924678,2.384e-7,1.000000
lfw,all,rgb,rgb/Hugo_Chavez_0035.ppm,0.950507,0.950507,0.000e0,1.000000
lfw,all,rgb,rgb/Hugo_Chavez_0036.ppm,0.935034,0.935034,0.000e0,1.000000
lfw,all,rgb,rgb/Hugo_Chavez_0037.ppm,0.970175,0.970175,0.000e0,1.000000
lfw,all,rgb,rgb/Hugo_Chavez_0038.ppm,0.881152,0.881152,0.000e0,1.000000
lfw,all,rgb,rgb/Hugo_Chavez_0039.ppm,0.845203,0.845203,1.788e-7,1.000000
lfw,all,rgb,rgb/Hugo_Chavez_0040.ppm,0.931950,0.931950,1.192e-7,1.000000
lfw,all,rgb,rgb/Hugo_Chavez_0041.ppm,0.952641,0.952641,1.192e-7,1.000000
lfw,all,rgb,rgb/Hugo_Chavez_0042.ppm,0.938787,0.938787,0.000e0,0.999999
lfw,all,rgb,rgb/Hugo_Chavez_0043.ppm,0.899630,0.899630,5.960e-8,1.000000
lfw,all,rgb,rgb/Hugo_Chavez_0044.ppm,0.925189,0.925189,0.000e0,1.000000
lfw,all,rgb,rgb/Hugo_Chavez_0045.ppm,0.960429,0.960429,1.192e-7,1.000000
lfw,all,rgb,rgb/Hugo_Chavez_0046.ppm,0.928111,0.928111,5.960e-8,1.000000
lfw,all,rgb,rgb/Hugo_Chavez_0047.ppm,0.915585,0.915585,0.000e0,1.000000
lfw,all,rgb,rgb/Hugo_Chavez_0048.ppm,0.943407,0.943407,0.000e0,1.000000
lfw,all,rgb,rgb/Hugo_Chavez_0049.ppm,0.898503,0.898503,0.000e0,1.000000
lfw,all,rgb,rgb/Hugo_Chavez_0050.ppm,0.935040,0.935040,0.000e0,1.000000
lfw,all,rgb,rgb/Hugo_Chavez_0051.ppm,0.957574,0.957574,0.000e0,1.000000
lfw,all,rgb,rgb/Hugo_Chavez_0052.ppm,0.961314,0.961314,0.000e0,1.000000
lfw,all,rgb,rgb/Hugo_Chavez_0053.ppm,0.936979,0.936979,0.000e0,1.000000
lfw,all,rgb,rgb/Hugo_Chavez_0054.ppm,0.930282,0.930282,1.192e-7,1.000000
lfw,all,rgb,rgb/Hugo_Chavez_0055.ppm,0.932188,0.932188,0.000e0,1.000000
lfw,all,rgb,rgb/Hugo_Chavez_0056.ppm,0.934637,0.934637,0.000e0,1.000000
lfw,all,rgb,rgb/Hugo_Chavez_0057.ppm,0.920574,0.920574,0.000e0,1.000000
lfw,all,rgb,rgb/Hugo_Chavez_0058.ppm,0.907082,0.907082,1.192e-7,0.999999
lfw,all,rgb,rgb/Hugo_Chavez_0059.ppm,0.959474,0.959474,1.192e-7,1.000000
lfw,all,rgb,rgb/Hugo_Chavez_0060.ppm,0.930417,0.930417,0.000e0,1.000000
lfw,all,rgb,rgb/Hugo_Chavez_0061.ppm,0.952723,0.952723,0.000e0,1.000000
lfw,all,rgb,rgb/Hugo_Chavez_0062.ppm,0.952996,0.952996,0.000e0,1.000000
lfw,all,rgb,rgb/Hugo_Chavez_0063.ppm,0.881299,0.881299,0.000e0,1.000000
lfw,all,rgb,rgb/Hugo_Chavez_0064.ppm,0.913554,0.913554,5.960e-8,1.000000
lfw,all,rgb,rgb/Hugo_Chavez_0065.ppm,0.934560,0.934560,0.000e0,1.000000
lfw,all,rgb,rgb/Hugo_Chavez_0066.ppm,0.912026,0.912026,0.000e0,1.000000
lfw,all,rgb,rgb/Hugo_Chavez_0067.ppm,0.946570,0.946570,0.000e0,1.000000
lfw,all,rgb,rgb/Hugo_Chavez_0068.ppm,0.894605,0.894605,1.192e-7,1.000000
lfw,all,rgb,rgb/Hugo_Chavez_0069.ppm,0.887984,0.887984,0.000e0,1.000000
lfw,all,rgb,rgb/Hugo_Chavez_0070.ppm,0.931953,0.931953,0.000e0,1.000000
lfw,all,rgb,rgb/Hugo_Chavez_0071.ppm,0.892870,0.892870,1.192e-7,1.000000
lfw,all,rgb,rgb/Hugo_Colace_0001.ppm,0.940651,0.940651,1.192e-7,1.000000
lfw,all,rgb,rgb/Hugo_Conte_0001.ppm,0.842306,0.842306,5.960e-8,1.000000
lfw,all,rgb,rgb/Humberto_Coelho_0001.ppm,0.927721,0.927721,0.000e0,1.000000
lfw,all,rgb,rgb/Humberto_Espinoza_0001.ppm,0.940213,0.940213,0.000e0,1.000000
lfw,all,rgb,rgb/Hun_Sen_0001.ppm,0.928750,0.928750,0.000e0,1.000000
lfw,all,rgb,rgb/Hun_Sen_0002.ppm,0.935493,0.935493,0.000e0,1.000000
lfw,all,rgb,rgb/Hun_Sen_0003.ppm,0.914324,0.914324,0.000e0,1.000000
lfw,all,rgb,rgb/Hun_Sen_0004.ppm,0.918557,0.918557,1.192e-7,1.000000
lfw,all,rgb,rgb/Hung_Wan-ting_0001.ppm,0.910450,0.910450,0.000e0,1.000000
lfw,all,rgb,rgb/Hunter_Bates_0001.ppm,0.931320,0.931320,5.960e-8,0.999999
lfw,all,rgb,rgb/Hunter_Kemper_0001.ppm,0.846767,0.846767,0.000e0,1.000000
lfw,all,rgb,rgb/Hushiar_Zebari_0001.ppm,0.964894,0.964894,0.000e0,1.000000
lfw,all,rgb,rgb/Hussam_Mohammed_Amin_0001.ppm,0.955770,0.955770,0.000e0,1.000000
lfw,all,rgb,rgb/Hussein_Malik_0001.ppm,0.916978,0.916978,5.960e-8,1.000000
lfw,all,rgb,rgb/Hutomo_Mandala_Putra_0001.ppm,0.947436,0.947436,0.000e0,1.000000
lfw,all,rgb,rgb/Hwang_Doo-yun_0001.ppm,0.956093,0.956093,1.192e-7,1.000000
lfw,all,rgb,rgb/Iain_Anderson_0001.ppm,0.973973,0.973973,1.192e-7,1.000000
lfw,all,rgb,rgb/Iain_Duncan_Smith_0001.ppm,0.944286,0.944286,0.000e0,1.000000
lfw,all,rgb,rgb/Iain_Duncan_Smith_0002.ppm,0.943709,0.943709,0.000e0,1.000000
lfw,all,rgb,rgb/Iain_Duncan_Smith_0003.ppm,0.966850,0.966850,0.000e0,1.000000
lfw,all,rgb,rgb/Iain_Duncan_Smith_0004.ppm,0.967879,0.967880,2.384e-7,1.000000
lfw,all,rgb,rgb/Iain_Richmond_0001.ppm,0.962629,0.962629,5.960e-8,1.000000
lfw,all,rgb,rgb/Ian_Campbell_0001.ppm,0.939341,0.939341,0.000e0,1.000000
lfw,all,rgb,rgb/Ian_Gillan_0001.ppm,0.940610,0.940610,0.000e0,1.000000
lfw,all,rgb,rgb/Ian_Huntley_0001.ppm,0.990591,0.990591,0.000e0,1.000000
lfw,all,rgb,rgb/Ian_Knop_0001.ppm,0.909291,0.909291,0.000e0,1.000000
lfw,all,rgb,rgb/Ian_McKellen_0001.ppm,0.928007,0.928007,1.192e-7,1.000000
lfw,all,rgb,rgb/Ian_McKellen_0002.ppm,0.896117,0.896117,0.000e0,1.000000
lfw,all,rgb,rgb/Ian_McKellen_0003.ppm,0.921036,0.921036,0.000e0,0.999999
lfw,all,rgb,rgb/Ian_Moran_0001.ppm,0.961709,0.961709,0.000e0,1.000000
lfw,all,rgb,rgb/Ian_Smith_0001.ppm,0.921320,0.921321,1.192e-7,1.000000
lfw,all,rgb,rgb/Ian_Thorpe_0001.ppm,0.923737,0.923737,0.000e0,1.000000
lfw,all,rgb,rgb/Ian_Thorpe_0002.ppm,0.939234,0.939234,0.000e0,1.000000
lfw,all,rgb,rgb/Ian_Thorpe_0003.ppm,0.916735,0.916735,1.192e-7,1.000000
lfw,all,rgb,rgb/Ian_Thorpe_0004.ppm,0.923983,0.923983,0.000e0,1.000000
lfw,all,rgb,rgb/Ian_Thorpe_0005.ppm,0.920057,0.920057,0.000e0,1.000000
lfw,all,rgb,rgb/Ian_Thorpe_0006.ppm,0.921640,0.921640,5.960e-8,1.000000
lfw,all,rgb,rgb/Ian_Thorpe_0007.ppm,0.878121,0.878121,0.000e0,1.000000
lfw,all,rgb,rgb/Ian_Thorpe_0008.ppm,0.931172,0.931172,0.000e0,1.000000
lfw,all,rgb,rgb/Ian_Thorpe_0009.ppm,0.908925,0.908925,1.192e-7,1.000000
lfw,all,rgb,rgb/Ian_Thorpe_0010.ppm,0.865370,0.865370,1.788e-7,1.000000
lfw,all,rgb,rgb/Ian_Wilmut_0001.ppm,0.903910,0.903910,0.000e0,1.000000
lfw,all,rgb,rgb/Iban_Mayo_0001.ppm,0.942605,0.942605,0.000e0,1.000000
lfw,all,rgb,rgb/Iban_Mayo_0002.ppm,0.942661,0.942661,0.000e0,1.000000
lfw,all,rgb,rgb/Ibrahim_Al-Marashi_0001.ppm,0.940066,0.940066,0.000e0,1.000000
lfw,all,rgb,rgb/Ibrahim_Haddad_0001.ppm,0.908842,0.908842,0.000e0,1.000000
lfw,all,rgb,rgb/Ibrahim_Hilal_0001.ppm,0.958671,0.958671,1.192e-7,1.000000
lfw,all,rgb,rgb/Ibrahim_Jaafari_0001.ppm,0.941803,0.941803,0.000e0,1.000000
lfw,all,rgb,rgb/Ibrahim_Jaafari_0002.ppm,0.926522,0.926522,1.192e-7,1.000000
lfw,all,rgb,rgb/Ibrahim_Rugova_0001.ppm,0.947536,0.947536,0.000e0,1.000000
lfw,all,rgb,rgb/Idi_Amin_0001.ppm,0.844143,0.844143,0.000e0,0.999999
lfw,all,rgb,rgb/Ignacio_Antonio_Velasco_0001.ppm,0.920547,0.920547,0.000e0,1.000000
lfw,all,rgb,rgb/Ignatius_Wang_0001.ppm,0.929380,0.929380,0.000e0,1.000000
lfw,all,rgb,rgb/Igor_Ivanov_0001.ppm,0.896031,0.896031,5.960e-8,1.000000
lfw,all,rgb,rgb/Igor_Ivanov_0002.ppm,0.954299,0.954299,0.000e0,1.000000
lfw,all,rgb,rgb/Igor_Ivanov_0003.ppm,0.930781,0.930781,1.192e-7,1.000000
lfw,all,rgb,rgb/Igor_Ivanov_0004.ppm,0.940659,0.940659,0.000e0,1.000000
lfw,all,rgb,rgb/Igor_Ivanov_0005.ppm,0.926117,0.926117,0.000e0,1.000000
lfw,all,rgb,rgb/Igor_Ivanov_0006.ppm,0.926577,0.926577,1.192e-7,1.000000
lfw,all,rgb,rgb/Igor_Ivanov_0007.ppm,0.969612,0.969612,0.000e0,0.999999
lfw,all,rgb,rgb/Igor_Ivanov_0008.ppm,0.923311,0.923311,0.000e0,1.000000
lfw,all,rgb,rgb/Igor_Ivanov_0009.ppm,0.943607,0.943607,0.000e0,1.000000
lfw,all,rgb,rgb/Igor_Ivanov_0010.ppm,0.932040,0.932040,0.000e0,1.000000
lfw,all,rgb,rgb/Igor_Ivanov_0011.ppm,0.936431,0.936431,0.000e0,1.000000
lfw,all,rgb,rgb/Igor_Ivanov_0012.ppm,0.909314,0.909314,0.000e0,1.000000
lfw,all,rgb,rgb/Igor_Ivanov_0013.ppm,0.944599,0.944599,0.000e0,1.000000
lfw,all,rgb,rgb/Igor_Ivanov_0014.ppm,0.969102,0.969102,1.192e-7,1.000000
lfw,all,rgb,rgb/Igor_Ivanov_0015.ppm,0.909586,0.909586,0.000e0,1.000000
lfw,all,rgb,rgb/Igor_Ivanov_0016.ppm,0.966595,0.966595,0.000e0,1.000000
lfw,all,rgb,rgb/Igor_Ivanov_0017.ppm,0.926090,0.926090,0.000e0,1.000000
lfw,all,rgb,rgb/Igor_Ivanov_0018.ppm,0.975998,0.975998,0.000e0,1.000000
lfw,all,rgb,rgb/Igor_Ivanov_0019.ppm,0.967778,0.967778,1.192e-7,1.000000
lfw,all,rgb,rgb/Igor_Ivanov_0020.ppm,0.910295,0.910295,1.192e-7,1.000000
lfw,all,rgb,rgb/Igor_Trunov_0001.ppm,0.912834,0.912834,2.384e-7,1.000000
lfw,all,rgb,rgb/Ilan_Goldfajn_0001.ppm,0.930236,0.930236,1.192e-7,1.000000
lfw,all,rgb,rgb/Ilan_Ramon_0001.ppm,0.915495,0.915495,0.000e0,1.000000
lfw,all,rgb,rgb/Ilan_Ramon_0002.ppm,0.933035,0.933035,0.000e0,1.000000
lfw,all,rgb,rgb/Ilan_Ramon_0003.ppm,0.962910,0.962910,0.000e0,1.000000
lfw,all,rgb,rgb/Ilham_Aliev_0001.ppm,0.972329,0.972329,0.000e0,1.000000
lfw,all,rgb,rgb/Ilie_Nastase_0001.ppm,0.922707,0.922707,5.960e-8,1.000000
lfw,all,rgb,rgb/Imad_Khadduri_0001.ppm,0.920213,0.920213,1.192e-7,1.000000
lfw,all,rgb,rgb/Imad_Moustapha_0001.ppm,0.952646,0.952646,1.192e-7,1.000000
lfw,all,rgb,rgb/Imad_Moustapha_0002.ppm,0.942712,0.942712,0.000e0,1.000000
lfw,all,rgb,rgb/Imam_Samudra_0001.ppm,0.795874,0.795874,0.000e0,0.999999
lfw,all,rgb,rgb/Imelda_Marcos_0001.ppm,0.939445,0.939445,0.000e0,0.999999
lfw,all,rgb,rgb/Imran_Khan_0001.ppm,0.931849,0.931849,0.000e0,1.000000
lfw,all,rgb,rgb/Imre_Kertasz_0001.ppm,0.910583,0.910583,0.000e0,1.000000
lfw,all,rgb,rgb/Inam-ul-Haq_0001.ppm,0.903851,0.903851,1.192e-7,1.000000
lfw,all,rgb,rgb/Inam-ul-Haq_0002.ppm,0.876030,0.876030,5.960e-8,1.000000
lfw,all,rgb,rgb/Infanta_Cristina_0001.ppm,0.914408,0.914409,1.192e-7,1.000000
lfw,all,rgb,rgb/Inga_Hall_0001.ppm,0.931548,0.931548,0.000e0,1.000000
lfw,all,rgb,rgb/Ingrid_Betancourt_0001.ppm,0.946159,0.946159,0.000e0,1.000000
lfw,all,rgb,rgb/Inocencio_Arias_0001.ppm,0.906706,0.906706,5.960e-8,1.000000
lfw,all,rgb,rgb/Inocencio_Arias_0002.ppm,0.929020,0.929020,2.384e-7,1.000000
lfw,all,rgb,rgb/Intisar_Ajouri_0001.ppm,0.952740,0.952740,0.000e0,1.000000
lfw,all,rgb,rgb/Intisar_Ajouri_0002.ppm,0.910092,0.910092,1.192e-7,1.000000
lfw,all,rgb,rgb/Intisar_Ajouri_0003.ppm,0.963485,0.963485,0.000e0,1.000000
lfw,all,rgb,rgb/Ion_Iliescu_0001.ppm,0.879052,0.879052,1.192e-7,0.999999
lfw,all,rgb,rgb/Ion_Tiriac_0001.ppm,0.903293,0.903293,0.000e0,1.000000
lfw,all,rgb,rgb/Ira_Einhorn_0001.ppm,0.936413,0.936413,0.000e0,1.000000
lfw,all,rgb,rgb/Iran_Brown_0001.ppm,0.963526,0.963526,0.000e0,1.000000
lfw,all,rgb,rgb/Irene_Kahn_0001.ppm,0.965896,0.965896,0.000e0,1.000000
lfw,all,rgb,rgb/Irfan_Ahmed_0001.ppm,0.900942,0.900942,1.788e-7,1.000000
lfw,all,rgb,rgb/Irina_Framtsova_0001.ppm,0.965654,0.965654,1.192e-7,1.000000
lfw,all,rgb,rgb/Irina_Lobacheva_0001.ppm,0.931801,0.931801,1.192e-7,0.999999
lfw,all,rgb,rgb/Irina_Yatchenko_0001.ppm,0.934041,0.934041,0.000e0,1.000000
lfw,all,rgb,rgb/Irv_Nathan_0001.ppm,0.964577,0.964577,1.192e-7,1.000000
lfw,all,rgb,rgb/Irwan_Fadzi_Idris_0001.ppm,0.914346,0.914345,1.192e-7,1.000000
lfw,all,rgb,rgb/Isabel_Orellana_0001.ppm,0.939164,0.939164,0.000e0,1.000000
lfw,all,rgb,rgb/Isabela_Moraes_0001.ppm,0.924442,0.924442,1.192e-7,1.000000
lfw,all,rgb,rgb/Isabella_Rossellini_0001.ppm,0.955701,0.955701,1.192e-7,1.000000
lfw,all,rgb,rgb/Isabella_Rossellini_0002.ppm,0.943902,0.943902,5.960e-8,1.000000
lfw,all,rgb,rgb/Isabella_Rossellini_0003.ppm,0.940480,0.940480,0.000e0,1.000000
lfw,all,rgb,rgb/Isabelle_Huppert_0001.ppm,0.966711,0.966711,0.000e0,1.000000
lfw,all,rgb,rgb/Isabelle_Huppert_0002.ppm,0.878285,0.878285,0.000e0,1.000000
lfw,all,rgb,rgb/Isaiah_Washington_0001.ppm,0.919436,0.919436,1.192e-7,1.000000
lfw,all,rgb,rgb/Isaiah_Washington_0002.ppm,0.891909,0.891909,0.000e0,1.000000
lfw,all,rgb,rgb/Ishaq_Shahryar_0001.ppm,0.919751,0.919751,1.192e-7,1.000000
lfw,all,rgb,rgb/Ishaq_Shahryar_0002.ppm,0.951939,0.951939,0.000e0,1.000000
lfw,all,rgb,rgb/Isidro_Pastor_0001.ppm,0.935070,0.935070,0.000e0,1.000000
lfw,all,rgb,rgb/Islam_Karimov_0001.ppm,0.910836,0.910836,0.000e0,1.000000
lfw,all,rgb,rgb/Ismael_Miranda_0001.ppm,0.949855,0.949855,0.000e0,1.000000
lfw,all,rgb,rgb/Ismail_Abu_Shanab_0001.ppm,0.914778,0.914778,1.192e-7,1.000000
lfw,all,rgb,rgb/Ismail_Cem_0001.ppm,0.920004,0.920004,1.192e-7,1.000000
lfw,all,rgb,rgb/Ismail_Khan_0001.ppm,0.850856,0.850856,5.960e-8,1.000000
lfw,all,rgb,rgb/Ismail_Merchant_0001.ppm,0.879759,0.879759,0.000e0,0.999999
lfw,all,rgb,rgb/Ismail_Merchant_0002.ppm,0.888895,0.888895,0.000e0,1.000000
lfw,all,rgb,rgb/Itamar_Franco_0001.ppm,0.877109,0.877109,1.788e-7,1.000000
lfw,all,rgb,rgb/Itzhak_Perlman_0001.ppm,0.896553,0.896553,5.960e-8,1.000000
lfw,all,rgb,rgb/Iva_Majoli_0001.ppm,0.935074,0.935074,0.000e0,1.000000
lfw,all,rgb,rgb/Iva_Majoli_0002.ppm,0.899907,0.899907,1.192e-7,1.000000
lfw,all,rgb,rgb/Ivan_Helguera_0001.ppm,0.880742,0.880742,0.000e0,1.000000
lfw,all,rgb,rgb/Ivan_Lee_0001.ppm,0.894230,0.894230,5.960e-8,1.000000
lfw,all,rgb,rgb/Ivan_Shvedoff_0001.ppm,0.872144,0.872144,1.192e-7,1.000000
lfw,all,rgb,rgb/Ivan_Stambolic_0001.ppm,0.887006,0.887006,0.000e0,1.000000
lfw,all,rgb,rgb/Ivana_Trump_0001.ppm,0.918594,0.918594,0.000e0,1.000000
lfw,all,rgb,rgb/Iveta_Benesova_0001.ppm,0.906842,0.906842,0.000e0,0.999999
lfw,all,rgb,rgb/Ivo_Dubs_0001.ppm,0.874171,0.874171,0.000e0,1.000000
lfw,all,rgb,rgb/Izzat_Ibrahim_0001.ppm,0.947724,0.947723,5.960e-8,1.000000
lfw,all,rgb,rgb/JC_Chasez_0001.ppm,0.954660,0.954660,0.000e0,1.000000
lfw,all,rgb,rgb/JJ_Redick_0001.ppm,0.873607,0.873607,0.000e0,1.000000
lfw,all,rgb,rgb/JJ_Redick_0002.ppm,0.967735,0.967735,0.000e0,0.999999
lfw,all,rgb,rgb/JK_Rowling_0001.ppm,0.906829,0.906829,0.000e0,1.000000
lfw,all,rgb,rgb/JK_Rowling_0002.ppm,0.894506,0.894506,0.000e0,1.000000
lfw,all,rgb,rgb/JK_Rowling_0003.ppm,0.945606,0.945606,5.960e-8,1.000000
lfw,all,rgb,rgb/JK_Rowling_0004.ppm,0.891888,0.891888,1.192e-7,1.000000
lfw,all,rgb,rgb/JK_Rowling_0005.ppm,0.918287,0.918287,1.192e-7,0.999999
lfw,all,rgb,rgb/JK_Rowling_0006.ppm,0.912275,0.912275,0.000e0,1.000000
lfw,all,rgb,rgb/JP_Suarez_0001.ppm,0.962348,0.962348,0.000e0,1.000000
lfw,all,rgb,rgb/JT_Snow_0001.ppm,0.865392,0.865392,0.000e0,1.000000
lfw,all,rgb,rgb/Jaap_de_Hoop_Scheffer_0001.ppm,0.927509,0.927509,0.000e0,1.000000
lfw,all,rgb,rgb/Jack_Goodman_0001.ppm,0.959366,0.959366,5.960e-8,0.999999
lfw,all,rgb,rgb/Jack_Grubman_0001.ppm,0.941526,0.941526,1.192e-7,1.000000
lfw,all,rgb,rgb/Jack_Grubman_0002.ppm,0.924134,0.924134,0.000e0,1.000000
lfw,all,rgb,rgb/Jack_Knowlton_0001.ppm,0.908725,0.908725,0.000e0,1.000000
lfw,all,rgb,rgb/Jack_LaLanne_0001.ppm,0.953020,0.953020,0.000e0,0.999999
lfw,all,rgb,rgb/Jack_Nicholson_0001.ppm,0.895965,0.895965,0.000e0,1.000000
lfw,all,rgb,rgb/Jack_Nicholson_0002.ppm,0.895447,0.895447,0.000e0,1.000000
lfw,all,rgb,rgb/Jack_Nicholson_0003.ppm,0.870532,0.870532,0.000e0,1.000000
lfw,all,rgb,rgb/Jack_Osbourne_0001.ppm,0.930450,0.930450,0.000e0,1.000000
lfw,all,rgb,rgb/Jack_Smith_0001.ppm,0.984096,0.984096,0.000e0,1.000000
lfw,all,rgb,rgb/Jack_Straw_0001.ppm,0.923373,0.923373,0.000e0,1.000000
lfw,all,rgb,rgb/Jack_Straw_0002.ppm,0.932135,0.932135,1.192e-7,1.000000
lfw,all,rgb,rgb/Jack_Straw_0003.ppm,0.907504,0.907504,0.000e0,1.000000
lfw,all,rgb,rgb/Jack_Straw_0004.ppm,0.828662,0.828662,0.000e0,1.000000
lfw,all,rgb,rgb/Jack_Straw_0005.ppm,0.938302,0.938302,5.960e-8,1.000000
lfw,all,rgb,rgb/Jack_Straw_0006.ppm,0.914648,0.914648,0.000e0,0.999999
lfw,all,rgb,rgb/Jack_Straw_0007.ppm,0.904351,0.904351,0.000e0,1.000000
lfw,all,rgb,rgb/Jack_Straw_0008.ppm,0.904395,0.904395,0.000e0,1.000000
lfw,all,rgb,rgb/Jack_Straw_0009.ppm,0.877125,0.877125,0.000e0,1.000000
lfw,all,rgb,rgb/Jack_Straw_0010.ppm,0.918237,0.918237,0.000e0,1.000000
lfw,all,rgb,rgb/Jack_Straw_0011.ppm,0.864529,0.864529,0.000e0,1.000000
lfw,all,rgb,rgb/Jack_Straw_0012.ppm,0.906934,0.906934,0.000e0,1.000000
lfw,all,rgb,rgb/Jack_Straw_0013.ppm,0.946912,0.946912,0.000e0,0.999999
lfw,all,rgb,rgb/Jack_Straw_0014.ppm,0.946598,0.946598,5.960e-8,1.000000
lfw,all,rgb,rgb/Jack_Straw_0015.ppm,0.923179,0.923179,0.000e0,1.000000
lfw,all,rgb,rgb/Jack_Straw_0016.ppm,0.932707,0.932707,0.000e0,1.000000
lfw,all,rgb,rgb/Jack_Straw_0017.ppm,0.964916,0.964916,0.000e0,1.000000
lfw,all,rgb,rgb/Jack_Straw_0018.ppm,0.918781,0.918781,1.192e-7,1.000000
lfw,all,rgb,rgb/Jack_Straw_0019.ppm,0.943973,0.943973,0.000e0,1.000000
lfw,all,rgb,rgb/Jack_Straw_0020.ppm,0.944441,0.944441,0.000e0,1.000000
lfw,all,rgb,rgb/Jack_Straw_0021.ppm,0.910922,0.910922,0.000e0,1.000000
lfw,all,rgb,rgb/Jack_Straw_0022.ppm,0.918962,0.918962,0.000e0,0.999999
lfw,all,rgb,rgb/Jack_Straw_0023.ppm,0.926730,0.926730,1.192e-7,1.000000
lfw,all,rgb,rgb/Jack_Straw_0024.ppm,0.928178,0.928178,1.192e-7,1.000000
lfw,all,rgb,rgb/Jack_Straw_0025.ppm,0.896280,0.896280,1.192e-7,1.000000
lfw,all,rgb,rgb/Jack_Straw_0026.ppm,0.938186,0.938186,5.960e-8,1.000000
lfw,all,rgb,rgb/Jack_Straw_0027.ppm,0.905510,0.905510,1.192e-7,0.999999
lfw,all,rgb,rgb/Jack_Straw_0028.ppm,0.874586,0.874586,0.000e0,1.000000
lfw,all,rgb,rgb/Jack_Valenti_0001.ppm,0.941835,0.941835,1.192e-7,0.999999
lfw,all,rgb,rgb/Jack_Welch_0001.ppm,0.949386,0.949386,0.000e0,1.000000
lfw,all,rgb,rgb/Jackie_Chan_0001.ppm,0.933565,0.933565,0.000e0,1.000000
lfw,all,rgb,rgb/Jackie_Chan_0002.ppm,0.917440,0.917440,0.000e0,1.000000
lfw,all,rgb,rgb/Jackie_Chan_0003.ppm,0.911623,0.911623,0.000e0,1.000000
lfw,all,rgb,rgb/Jackie_Chan_0004.ppm,0.924706,0.924706,0.000e0,1.000000
lfw,all,rgb,rgb/Jackie_Chan_0005.ppm,0.929989,0.929990,5.960e-8,1.000000
lfw,all,rgb,rgb/Jackie_Chan_0006.ppm,0.909443,0.909443,1.788e-7,1.000000
lfw,all,rgb,rgb/Jackie_Chan_0007.ppm,0.921374,0.921374,0.000e0,1.000000
lfw,all,rgb,rgb/Jackie_Chan_0008.ppm,0.944522,0.944522,0.000e0,1.000000
lfw,all,rgb,rgb/Jackie_Chan_0009.ppm,0.904611,0.904611,0.000e0,1.000000
lfw,all,rgb,rgb/Jackie_Chan_0010.ppm,0.935399,0.935399,0.000e0,1.000000
lfw,all,rgb,rgb/Jackie_Chan_0011.ppm,0.930529,0.930529,0.000e0,1.000000
lfw,all,rgb,rgb/Jackie_Chan_0012.ppm,0.930373,0.930373,1.192e-7,1.000000
lfw,all,rgb,rgb/Jackie_Chan_0013.ppm,0.914441,0.914441,5.960e-8,1.000000
lfw,all,rgb,rgb/Jackie_Dennis_0001.ppm,0.948623,0.948623,0.000e0,1.000000
lfw,all,rgb,rgb/Jackie_Sherrill_0001.ppm,0.918385,0.918385,1.192e-7,1.000000
lfw,all,rgb,rgb/Jacky_Cheung_0001.ppm,0.939400,0.939400,0.000e0,1.000000
lfw,all,rgb,rgb/Jacob_Frenkel_0001.ppm,0.919882,0.919882,0.000e0,1.000000
lfw,all,rgb,rgb/Jacqueline_Edwards_0001.ppm,0.953645,0.953645,1.192e-7,1.000000
lfw,all,rgb,rgb/Jacqueline_Gold_0001.ppm,0.916250,0.916250,0.000e0,0.999999
lfw,all,rgb,rgb/Jacqueline_Marris_0001.ppm,0.909580,0.909580,0.000e0,1.000000
lfw,all,rgb,rgb/Jacqueline_Obradors_0001.ppm,0.946594,0.946594,0.000e0,1.000000
lfw,all,rgb,rgb/Jacqueline_Obradors_0002.ppm,0.944770,0.944770,0.000e0,1.000000
lfw,all,rgb,rgb/Jacques_Chirac_0001.ppm,0.945040,0.945040,1.192e-7,1.000000
lfw,all,rgb,rgb/Jacques_Chirac_0002.ppm,0.917485,0.917485,0.000e0,1.000000
lfw,all,rgb,rgb/Jacques_Chirac_0003.ppm,0.970972,0.970972,0.000e0,1.000000
lfw,all,rgb,rgb/Jacques_Chirac_0004.ppm,0.899801,0.899801,5.960e-8,1.000000
lfw,all,rgb,rgb/Jacques_Chirac_0005.ppm,0.964126,0.964126,0.000e0,1.000000
lfw,all,rgb,rgb/Jacques_Chirac_0006.ppm,0.868202,0.868202,5.960e-8,1.000000
lfw,all,rgb,rgb/Jacques_Chirac_0007.ppm,0.944397,0.944397,0.000e0,0.999999
lfw,all,rgb,rgb/Jacques_Chirac_0008.ppm,0.927571,0.927571,0.000e0,1.000000
lfw,all,rgb,rgb/Jacques_Chirac_0009.ppm,0.929776,0.929776,0.000e0,1.000000
lfw,all,rgb,rgb/Jacques_Chirac_0010.ppm,0.861781,0.861781,5.960e-8,1.000000
lfw,all,rgb,rgb/Jacques_Chirac_0011.ppm,0.931090,0.931090,0.000e0,1.000000
lfw,all,rgb,rgb/Jacques_Chirac_0012.ppm,0.946974,0.946974,0.000e0,1.000000
lfw,all,rgb,rgb/Jacques_Chirac_0013.ppm,0.939299,0.939299,0.000e0,1.000000
lfw,all,rgb,rgb/Jacques_Chirac_0014.ppm,0.888978,0.888978,0.000e0,1.000000
lfw,all,rgb,rgb/Jacques_Chirac_0015.ppm,0.936067,0.936067,0.000e0,1.000000
lfw,all,rgb,rgb/Jacques_Chirac_0016.ppm,0.914651,0.914651,1.192e-7,1.000000
lfw,all,rgb,rgb/Jacques_Chirac_0017.ppm,0.907194,0.907194,0.000e0,1.000000
lfw,all,rgb,rgb/Jacques_Chirac_0018.ppm,0.923953,0.923953,0.000e0,1.000000
lfw,all,rgb,rgb/Jacques_Chirac_0019.ppm,0.937230,0.937230,0.000e0,0.999999
lfw,all,rgb,rgb/Jacques_Chirac_0020.ppm,0.893093,0.893093,5.960e-8,1.000000
lfw,all,rgb,rgb/Jacques_Chirac_0021.ppm,0.942521,0.942521,0.000e0,1.000000
lfw,all,rgb,rgb/Jacques_Chirac_0022.ppm,0.934434,0.934435,1.192e-7,1.000000
lfw,all,rgb,rgb/Jacques_Chirac_0023.ppm,0.935973,0.935973,5.960e-8,1.000000
lfw,all,rgb,rgb/Jacques_Chirac_0024.ppm,0.951238,0.951238,1.192e-7,0.999999
lfw,all,rgb,rgb/Jacques_Chirac_0025.ppm,0.909971,0.909971,0.000e0,0.999999
lfw,all,rgb,rgb/Jacques_Chirac_0026.ppm,0.924018,0.924018,0.000e0,1.000000
lfw,all,rgb,rgb/Jacques_Chirac_0027.ppm,0.935474,0.935474,0.000e0,1.000000
lfw,all,rgb,rgb/Jacques_Chirac_0028.ppm,0.938759,0.938759,0.000e0,1.000000
lfw,all,rgb,rgb/Jacques_Chirac_0029.ppm,0.945466,0.945466,0.000e0,1.000000
lfw,all,rgb,rgb/Jacques_Chirac_0030.ppm,0.947985,0.947985,0.000e0,1.000000
lfw,all,rgb,rgb/Jacques_Chirac_0031.ppm,0.947772,0.947772,1.192e-7,1.000000
lfw,all,rgb,rgb/Jacques_Chirac_0032.ppm,0.934795,0.934795,0.000e0,1.000000
lfw,all,rgb,rgb/Jacques_Chirac_0033.ppm,0.928898,0.928898,0.000e0,1.000000
lfw,all,rgb,rgb/Jacques_Chirac_0034.ppm,0.969563,0.969563,1.192e-7,1.000000
lfw,all,rgb,rgb/Jacques_Chirac_0035.ppm,0.910667,0.910667,0.000e0,1.000000
lfw,all,rgb,rgb/Jacques_Chirac_0036.ppm,0.868895,0.868895,5.960e-8,1.000000
lfw,all,rgb,rgb/Jacques_Chirac_0037.ppm,0.967776,0.967776,0.000e0,1.000000
lfw,all,rgb,rgb/Jacques_Chirac_0038.ppm,0.890571,0.890571,1.192e-7,1.000000
lfw,all,rgb,rgb/Jacques_Chirac_0039.ppm,0.951753,0.951753,0.000e0,1.000000
lfw,all,rgb,rgb/Jacques_Chirac_0040.ppm,0.921642,0.921642,0.000e0,1.000000
lfw,all,rgb,rgb/Jacques_Chirac_0041.ppm,0.943818,0.943818,0.000e0,1.000000
lfw,all,rgb,rgb/Jacques_Chirac_0042.ppm,0.922325,0.922325,5.960e-8,1.000000
lfw,all,rgb,rgb/Jacques_Chirac_0043.ppm,0.954582,0.954583,1.192e-7,1.000000
lfw,all,rgb,rgb/Jacques_Chirac_0044.ppm,0.919927,0.919927,0.000e0,1.000000
lfw,all,rgb,rgb/Jacques_Chirac_0045.ppm,0.954237,0.954237,1.192e-7,1.000000
lfw,all,rgb,rgb/Jacques_Chirac_0046.ppm,0.932238,0.932238,0.000e0,1.000000
lfw,all,rgb,rgb/Jacques_Chirac_0047.ppm,0.930892,0.930892,0.000e0,1.000000
lfw,all,rgb,rgb/Jacques_Chirac_0048.ppm,0.901265,0.901265,0.000e0,1.000000
lfw,all,rgb,rgb/Jacques_Chirac_0049.ppm,0.950219,0.950219,0.000e0,1.000000
lfw,all,rgb,rgb/Jacques_Chirac_0050.ppm,0.929441,0.929441,0.000e0,1.000000
lfw,all,rgb,rgb/Jacques_Chirac_0051.ppm,0.956905,0.956904,1.192e-7,1.000000
lfw,all,rgb,rgb/Jacques_Chirac_0052.ppm,0.941947,0.941947,1.192e-7,0.999999
lfw,all,rgb,rgb/Jacques_Kallis_0001.ppm,0.963216,0.963216,0.000e0,1.000000
lfw,all,rgb,rgb/Jacques_Rogge_0001.ppm,0.954376,0.954376,1.192e-7,1.000000
lfw,all,rgb,rgb/Jacques_Rogge_0002.ppm,0.948617,0.948617,0.000e0,1.000000
lfw,all,rgb,rgb/Jacques_Rogge_0003.ppm,0.924638,0.924638,0.000e0,1.000000
lfw,all,rgb,rgb/Jacques_Rogge_0004.ppm,0.935738,0.935738,0.000e0,1.000000
lfw,all,rgb,rgb/Jacques_Rogge_0005.ppm,0.895895,0.895895,0.000e0,1.000000
lfw,all,rgb,rgb/Jacques_Rogge_0006.ppm,0.958966,0.958966,0.000e0,1.000000
lfw,all,rgb,rgb/Jacques_Rogge_0007.ppm,0.912179,0.912179,0.000e0,1.000000
lfw,all,rgb,rgb/Jacques_Rogge_0008.ppm,0.942710,0.942710,0.000e0,1.000000
lfw,all,rgb,rgb/Jacques_Rogge_0009.ppm,0.944762,0.944762,0.000e0,1.000000
lfw,all,rgb,rgb/Jacques_Rogge_0010.ppm,0.904020,0.904020,1.192e-7,1.000000
lfw,all,rgb,rgb/Jacques_Villeneuve_0001.ppm,0.933675,0.933675,0.000e0,0.999999
lfw,all,rgb,rgb/Jada_Pinkett_Smith_0001.ppm,0.938040,0.938040,0.000e0,1.000000
lfw,all,rgb,rgb/Jada_Pinkett_Smith_0002.ppm,0.978445,0.978445,0.000e0,1.000000
lfw,all,rgb,rgb/Jade_Jagger_0001.ppm,0.909739,0.909739,0.000e0,1.000000
lfw,all,rgb,rgb/Jafar_Umar_Thalib_0001.ppm,0.917696,0.917696,0.000e0,1.000000
lfw,all,rgb,rgb/Jaime_Orti_0001.ppm,0.947656,0.947656,1.192e-7,1.000000
lfw,all,rgb,rgb/Jaime_Pressly_0001.ppm,0.958802,0.958802,0.000e0,1.000000
lfw,all,rgb,rgb/Jake_Brace_0001.ppm,0.958557,0.958557,0.000e0,1.000000
lfw,all,rgb,rgb/Jake_Gyllenhaal_0001.ppm,0.947164,0.947164,1.192e-7,1.000000
lfw,all,rgb,rgb/Jake_Gyllenhaal_0002.ppm,0.925148,0.925148,0.000e0,1.000000
lfw,all,rgb,rgb/Jake_Gyllenhaal_0003.ppm,0.962865,0.962865,0.000e0,1.000000
lfw,all,rgb,rgb/Jake_Gyllenhaal_0004.ppm,0.949265,0.949266,1.192e-7,1.000000
lfw,all,rgb,rgb/Jake_Gyllenhaal_0005.ppm,0.927833,0.927833,0.000e0,1.000000
lfw,all,rgb,rgb/Jake_Plummer_0001.ppm,0.844649,0.844649,5.960e-8,1.000000
lfw,all,rgb,rgb/Jakob_Kellenberger_0001.ppm,0.948674,0.948674,0.000e0,0.999999
lfw,all,rgb,rgb/Jalal_Talabani_0001.ppm,0.919577,0.919577,0.000e0,1.000000
lfw,all,rgb,rgb/Jalen_Rose_0001.ppm,0.961244,0.961244,0.000e0,1.000000
lfw,all,rgb,rgb/James_Baker_0001.ppm,0.930648,0.930648,0.000e0,1.000000
lfw,all,rgb,rgb/James_Ballenger_0001.ppm,0.943245,0.943245,0.000e0,0.999999
lfw,all,rgb,rgb/James_Barksdale_0001.ppm,0.871282,0.871282,1.192e-7,1.000000
lfw,all,rgb,rgb/James_Becker_0001.ppm,0.925353,0.925353,0.000e0,1.000000
lfw,all,rgb,rgb/James_Blake_0001.ppm,0.981376,0.981376,5.960e-8,1.000000
lfw,all,rgb,rgb/James_Blake_0002.ppm,0.924714,0.924714,0.000e0,1.000000
lfw,all,rgb,rgb/James_Blake_0003.ppm,0.900873,0.900873,0.000e0,1.000000
lfw,all,rgb,rgb/James_Blake_0004.ppm,0.943766,0.943765,1.192e-7,1.000000
lfw,all,rgb,rgb/James_Blake_0005.ppm,0.938832,0.938832,5.960e-8,1.000000
lfw,all,rgb,rgb/James_Blake_0006.ppm,0.939315,0.939315,0.000e0,1.000000
lfw,all,rgb,rgb/James_Blake_0007.ppm,0.941960,0.941960,0.000e0,1.000000
lfw,all,rgb,rgb/James_Blake_0008.ppm,0.914168,0.914168,0.000e0,1.000000
lfw,all,rgb,rgb/James_Blake_0009.ppm,0.931097,0.931097,0.000e0,1.000000
lfw,all,rgb,rgb/James_Blake_0010.ppm,0.930117,0.930117,1.192e-7,0.999999
lfw,all,rgb,rgb/James_Blake_0011.ppm,0.931154,0.931154,0.000e0,1.000000
lfw,all,rgb,rgb/James_Blake_0012.ppm,0.898770,0.898770,5.960e-8,0.999999
lfw,all,rgb,rgb/James_Blake_0013.ppm,0.873127,0.873127,0.000e0,0.999999
lfw,all,rgb,rgb/James_Blake_0014.ppm,0.932236,0.932236,1.192e-7,1.000000
lfw,all,rgb,rgb/James_Brazelton_0001.ppm,0.911076,0.911076,0.000e0,1.000000
lfw,all,rgb,rgb/James_Brosnahan_0001.ppm,0.939485,0.939485,1.192e-7,1.000000
lfw,all,rgb,rgb/James_Brown_0001.ppm,0.929533,0.929533,0.000e0,1.000000
lfw,all,rgb,rgb/James_Butts_0001.ppm,0.950842,0.950842,5.960e-8,0.999999
lfw,all,rgb,rgb/James_Butts_0002.ppm,0.936198,0.936198,1.192e-7,0.999999
lfw,all,rgb,rgb/James_Caan_0001.ppm,0.864100,0.864100,1.192e-7,0.999999
lfw,all,rgb,rgb/James_Caan_0002.ppm,0.926085,0.926085,0.000e0,1.000000
lfw,all,rgb,rgb/James_Caan_0003.ppm,0.915413,0.915413,0.000e0,1.000000
lfw,all,rgb,rgb/James_Cameron_0001.ppm,0.934479,0.934479,0.000e0,1.000000
lfw,all,rgb,rgb/James_Cameron_0002.ppm,0.908202,0.908202,0.000e0,1.000000
lfw,all,rgb,rgb/James_Cameron_0003.ppm,0.923871,0.923871,1.192e-7,1.000000
lfw,all,rgb,rgb/James_Carville_0001.ppm,0.920265,0.920265,0.000e0,1.000000
lfw,all,rgb,rgb/James_Coburn_0001.ppm,0.923319,0.923319,5.960e-8,1.000000
lfw,all,rgb,rgb/James_Collinson_0001.ppm,0.930198,0.930198,0.000e0,1.000000
lfw,all,rgb,rgb/James_Comey_0001.ppm,0.937225,0.937225,5.960e-8,1.000000
lfw,all,rgb,rgb/James_Coviello_0001.ppm,0.951840,0.951840,0.000e0,1.000000
lfw,all,rgb,rgb/James_Cunningham_0001.ppm,0.909187,0.909187,0.000e0,1.000000
lfw,all,rgb,rgb/James_Cunningham_0002.ppm,0.927328,0.927328,2.384e-7,1.000000
lfw,all,rgb,rgb/James_Cunningham_0003.ppm,0.891230,0.891230,5.960e-8,1.000000
lfw,all,rgb,rgb/James_Dingemans_0001.ppm,0.934627,0.934627,0.000e0,1.000000
lfw,all,rgb,rgb/James_Franco_0001.ppm,0.945894,0.945894,0.000e0,0.999999
lfw,all,rgb,rgb/James_Franco_0002.ppm,0.945299,0.945299,1.192e-7,1.000000
lfw,all,rgb,rgb/James_Gandolfini_0001.ppm,0.960249,0.960249,0.000e0,0.999999
lfw,all,rgb,rgb/James_Gandolfini_0002.ppm,0.909477,0.909477,2.384e-7,1.000000
lfw,all,rgb,rgb/James_Gandolfini_0003.ppm,0.909912,0.909912,0.000e0,1.000000
lfw,all,rgb,rgb/James_Gibson_0001.ppm,0.892766,0.892766,0.000e0,1.000000
lfw,all,rgb,rgb/James_Hakett_0001.ppm,0.939516,0.939516,0.000e0,1.000000
lfw,all,rgb,rgb/James_Hallock_0001.ppm,0.925640,0.925640,0.000e0,1.000000
lfw,all,rgb,rgb/James_Harris_0001.ppm,0.923220,0.923220,5.960e-8,1.000000
lfw,all,rgb,rgb/James_Hill_0001.ppm,0.940355,0.940355,1.192e-7,1.000000
lfw,all,rgb,rgb/James_Hoffa_0001.ppm,0.927917,0.927917,1.192e-7,1.000000
lfw,all,rgb,rgb/James_Hughes_0001.ppm,0.919555,0.919555,0.000e0,1.000000
lfw,all,rgb,rgb/James_Ivory_0001.ppm,0.904848,0.904848,0.000e0,1.000000
lfw,all,rgb,rgb/James_Ivory_0002.ppm,0.937782,0.937782,0.000e0,1.000000
lfw,all,rgb,rgb/James_Jones_0001.ppm,0.915064,0.915064,0.000e0,1.000000
lfw,all,rgb,rgb/James_Jones_0002.ppm,0.966796,0.966796,0.000e0,1.000000
lfw,all,rgb,rgb/James_Kelly_0001.ppm,0.940080,0.940080,1.192e-7,1.000000
lfw,all,rgb,rgb/James_Kelly_0002.ppm,0.883566,0.883566,0.000e0,1.000000
lfw,all,rgb,rgb/James_Kelly_0003.ppm,0.901817,0.901817,0.000e0,1.000000
lfw,all,rgb,rgb/James_Kelly_0004.ppm,0.921316,0.921316,1.192e-7,1.000000
lfw,all,rgb,rgb/James_Kelly_0005.ppm,0.858873,0.858873,1.192e-7,1.000000
lfw,all,rgb,rgb/James_Kelly_0006.ppm,0.910716,0.910716,1.192e-7,1.000000
lfw,all,rgb,rgb/James_Kelly_0007.ppm,0.910544,0.910544,0.000e0,1.000000
lfw,all,rgb,rgb/James_Kelly_0008.ppm,0.878352,0.878352,1.192e-7,1.000000
lfw,all,rgb,rgb/James_Kelly_0009.ppm,0.933496,0.933496,1.192e-7,1.000000
lfw,all,rgb,rgb/James_Kelly_0010.ppm,0.899891,0.899891,0.000e0,1.000000
lfw,all,rgb,rgb/James_Kelly_0011.ppm,0.930399,0.930399,1.192e-7,1.000000
lfw,all,rgb,rgb/James_Kirtley_0001.ppm,0.916808,0.916808,0.000e0,1.000000
lfw,all,rgb,rgb/James_Kopp_0001.ppm,0.924994,0.924994,0.000e0,1.000000
lfw,all,rgb,rgb/James_Kopp_0002.ppm,0.868876,0.868876,0.000e0,1.000000
lfw,all,rgb,rgb/James_Kopp_0003.ppm,0.938633,0.938633,1.192e-7,1.000000
lfw,all,rgb,rgb/James_Kopp_0004.ppm,0.869836,0.869836,1.192e-7,1.000000
lfw,all,rgb,rgb/James_Layug_0001.ppm,0.898109,0.898109,5.960e-8,1.000000
lfw,all,rgb,rgb/James_Lockhart_0001.ppm,0.958868,0.958868,0.000e0,1.000000
lfw,all,rgb,rgb/James_Maguire_0001.ppm,0.902078,0.902078,1.192e-7,0.999999
lfw,all,rgb,rgb/James_Maguire_0002.ppm,0.893912,0.893912,0.000e0,1.000000
lfw,all,rgb,rgb/James_Mathis_0001.ppm,0.902786,0.902786,0.000e0,1.000000
lfw,all,rgb,rgb/James_May_0001.ppm,0.919750,0.919750,0.000e0,1.000000
lfw,all,rgb,rgb/James_McGreevey_0001.ppm,0.929447,0.929447,0.000e0,1.000000
lfw,all,rgb,rgb/James_McGreevey_0002.ppm,0.866508,0.866508,0.000e0,1.000000
lfw,all,rgb,rgb/James_McGreevey_0003.ppm,0.961562,0.961562,0.000e0,1.000000
lfw,all,rgb,rgb/James_McGreevey_0004.ppm,0.949794,0.949794,0.000e0,1.000000
lfw,all,rgb,rgb/James_McMahon_0001.ppm,0.909193,0.909193,0.000e0,1.000000
lfw,all,rgb,rgb/James_McPherson_0001.ppm,0.882122,0.882122,0.000e0,1.000000
lfw,all,rgb,rgb/James_Meeks_0001.ppm,0.970176,0.970176,1.192e-7,1.000000
lfw,all,rgb,rgb/James_Meredeth_0001.ppm,0.892690,0.892690,0.000e0,1.000000
lfw,all,rgb,rgb/James_Morris_0001.ppm,0.909916,0.909916,5.960e-8,1.000000
lfw,all,rgb,rgb/James_Morris_0002.ppm,0.908282,0.908282,1.192e-7,1.000000
lfw,all,rgb,rgb/James_Murdoch_0001.ppm,0.950806,0.950806,0.000e0,1.000000
lfw,all,rgb,rgb/James_Parker_0001.ppm,0.922545,0.922545,1.192e-7,1.000000
lfw,all,rgb,rgb/James_Parker_0002.ppm,0.950377,0.950377,1.192e-7,1.000000
lfw,all,rgb,rgb/James_Phelps_0001.ppm,0.922805,0.922805,0.000e0,1.000000
lfw,all,rgb,rgb/James_Roberts_0001.ppm,0.902512,0.902512,0.000e0,1.000000
lfw,all,rgb,rgb/James_Robertson_Jr_0001.ppm,0.931274,0.931274,0.000e0,1.000000
lfw,all,rgb,rgb/James_Schultz_0001.ppm,0.946074,0.946074,0.000e0,1.000000
lfw,all,rgb,rgb/James_Schultz_0002.ppm,0.955764,0.955764,0.000e0,1.000000
lfw,all,rgb,rgb/James_Sensenbrenner_0001.ppm,0.924968,0.924969,1.192e-7,1.000000
lfw,all,rgb,rgb/James_Smith_0001.ppm,0.898992,0.898992,5.960e-8,1.000000
lfw,all,rgb,rgb/James_Smith_0002.ppm,0.897277,0.897277,0.000e0,1.000000
lfw,all,rgb,rgb/James_Spalding_0001.ppm,0.919299,0.919299,1.192e-7,1.000000
lfw,all,rgb,rgb/James_Traficant_0001.ppm,0.901290,0.901290,5.960e-8,1.000000
lfw,all,rgb,rgb/James_Traficant_0002.ppm,0.940313,0.940313,0.000e0,1.000000
lfw,all,rgb,rgb/James_Traficant_0003.ppm,0.959167,0.959167,1.192e-7,1.000000
lfw,all,rgb,rgb/James_W_Kennedy_0001.ppm,0.938273,0.938273,0.000e0,1.000000
lfw,all,rgb,rgb/James_Wallack_0001.ppm,0.908640,0.908640,0.000e0,1.000000
lfw,all,rgb,rgb/James_Watt_0001.ppm,0.902631,0.902631,1.192e-7,1.000000
lfw,all,rgb,rgb/James_Wattana_0001.ppm,0.933553,0.933553,0.000e0,1.000000
lfw,all,rgb,rgb/James_Williams_0001.ppm,0.909650,0.909650,0.000e0,0.999999
lfw,all,rgb,rgb/James_Wolfensohn_0001.ppm,0.923064,0.923064,1.192e-7,1.000000
lfw,all,rgb,rgb/James_Wolfensohn_0002.ppm,0.912003,0.912003,1.192e-7,1.000000
lfw,all,rgb,rgb/James_Wolfensohn_0003.ppm,0.908201,0.908201,1.192e-7,1.000000
lfw,all,rgb,rgb/James_Wolfensohn_0004.ppm,0.951102,0.951102,5.960e-8,1.000000
lfw,all,rgb,rgb/James_Wolfensohn_0005.ppm,0.971241,0.971241,0.000e0,1.000000
lfw,all,rgb,rgb/James_Young_0001.ppm,0.879711,0.879711,0.000e0,1.000000
lfw,all,rgb,rgb/Jamie_Carey_0001.ppm,0.969968,0.969969,1.192e-7,1.000000
lfw,all,rgb,rgb/Jamie_Cooke_0001.ppm,0.889346,0.889346,0.000e0,1.000000
lfw,all,rgb,rgb/Jamie_Dimon_0001.ppm,0.940309,0.940309,0.000e0,1.000000
lfw,all,rgb,rgb/Jamie_Kellner_0001.ppm,0.952631,0.952631,0.000e0,1.000000
lfw,all,rgb,rgb/Jamie_King_0001.ppm,0.959947,0.959947,0.000e0,1.000000
lfw,all,rgb,rgb/Jamie_Lee_Curtis_0001.ppm,0.905386,0.905386,0.000e0,1.000000
lfw,all,rgb,rgb/Jamie_Martin_0001.ppm,0.902722,0.902722,5.960e-8,1.000000
lfw,all,rgb,rgb/Jamie_Olis_0001.ppm,0.970320,0.970320,0.000e0,1.000000
lfw,all,rgb,rgb/Jamie_Villafane_0001.ppm,0.951274,0.951274,1.192e-7,1.000000
lfw,all,rgb,rgb/Jamie_Villafane_0002.ppm,0.971620,0.971620,0.000e0,1.000000
lfw,all,rgb,rgb/Jamir_Miller_0001.ppm,0.964430,0.964430,1.192e-7,0.999999
lfw,all,rgb,rgb/Jamling_Norgay_0001.ppm,0.940063,0.940064,1.192e-7,1.000000
lfw,all,rgb,rgb/Jamling_Norgay_0002.ppm,0.978905,0.978905,0.000e0,1.000000
lfw,all,rgb,rgb/Jan-Michael_Gambill_0001.ppm,0.921157,0.921157,0.000e0,1.000000
lfw,all,rgb,rgb/Jan-Michael_Gambill_0002.ppm,0.930450,0.930450,0.000e0,1.000000
lfw,all,rgb,rgb/Jan-Michael_Gambill_0003.ppm,0.924665,0.924665,5.960e-8,1.000000
lfw,all,rgb,rgb/Jan_Bjoerklund_0001.ppm,0.937975,0.937975,1.192e-7,1.000000
lfw,all,rgb,rgb/Jan_De_Bont_0001.ppm,0.922630,0.922630,0.000e0,1.000000
lfw,all,rgb,rgb/Jan_Paul_Miller_0001.ppm,0.931177,0.931177,0.000e0,1.000000
lfw,all,rgb,rgb/Jan_Peter_Balkenende_0001.ppm,0.899287,0.899287,0.000e0,1.000000
lfw,all,rgb,rgb/Jan_Petersen_0001.ppm,0.904969,0.904969,1.192e-7,1.000000
lfw,all,rgb,rgb/Jan_Pronk_0001.ppm,0.956418,0.956418,1.192e-7,0.999999
lfw,all,rgb,rgb/Jan_Ullrich_0001.ppm,0.959475,0.959475,0.000e0,1.000000
lfw,all,rgb,rgb/Jan_Ullrich_0002.ppm,0.943564,0.943564,0.000e0,1.000000
lfw,all,rgb,rgb/Jan_Ullrich_0003.ppm,0.928865,0.928865,0.000e0,1.000000
lfw,all,rgb,rgb/Jan_Ullrich_0004.ppm,0.926304,0.926304,1.192e-7,1.000000
lfw,all,rgb,rgb/Jan_Ullrich_0005.ppm,0.860219,0.860219,0.000e0,0.999999
lfw,all,rgb,rgb/Jan_Ullrich_0006.ppm,0.924663,0.924663,0.000e0,1.000000
lfw,all,rgb,rgb/Jan_van_Breda_Kolff_0001.ppm,0.926991,0.926991,1.192e-7,1.000000
lfw,all,rgb,rgb/Jana_Henke_0001.ppm,0.957763,0.957763,5.960e-8,1.000000
lfw,all,rgb,rgb/Jana_Pittman_0001.ppm,0.901282,0.901282,0.000e0,1.000000
lfw,all,rgb,rgb/Jane_Clayson_0001.ppm,0.946541,0.946541,1.192e-7,1.000000
lfw,all,rgb,rgb/Jane_Fonda_0001.ppm,0.947447,0.947447,0.000e0,1.000000
lfw,all,rgb,rgb/Jane_Fonda_0002.ppm,0.882891,0.882891,0.000e0,0.999999
lfw,all,rgb,rgb/Jane_Kaczmarek_0001.ppm,0.953868,0.953868,0.000e0,1.000000
lfw,all,rgb,rgb/Jane_Kaczmarek_0002.ppm,0.891957,0.891957,1.192e-7,1.000000
lfw,all,rgb,rgb/Jane_Krakowski_0001.ppm,0.944874,0.944874,5.960e-8,1.000000
lfw,all,rgb,rgb/Jane_Leeves_0001.ppm,0.944198,0.944198,0.000e0,1.000000
lfw,all,rgb,rgb/Jane_Menelaus_0001.ppm,0.963309,0.963309,1.192e-7,0.999999
lfw,all,rgb,rgb/Jane_Pauley_0001.ppm,0.921654,0.921654,0.000e0,1.000000
lfw,all,rgb,rgb/Jane_Pauley_0002.ppm,0.948759,0.948759,0.000e0,1.000000
lfw,all,rgb,rgb/Jane_Riley_0001.ppm,0.920741,0.920741,1.192e-7,0.999999
lfw,all,rgb,rgb/Jane_Rooney_0001.ppm,0.955444,0.955444,0.000e0,1.000000
lfw,all,rgb,rgb/Jane_Russell_0001.ppm,0.893502,0.893502,0.000e0,1.000000
lfw,all,rgb,rgb/Jane_Walker_Wood_0001.ppm,0.946221,0.946221,0.000e0,1.000000
lfw,all,rgb,rgb/Janela_Jara_0001.ppm,0.961313,0.961313,0.000e0,1.000000
lfw,all,rgb,rgb/Janet_Chandler_0001.ppm,0.943677,0.943677,0.000e0,1.000000
lfw,all,rgb,rgb/Janet_Crawford_0001.ppm,0.929219,0.929219,5.960e-8,1.000000
lfw,all,rgb,rgb/Janet_Ecker_0001.ppm,0.919154,0.919154,0.000e0,1.000000
lfw,all,rgb,rgb/Janet_Horvath_0001.ppm,0.962058,0.962058,0.000e0,1.000000
lfw,all,rgb,rgb/Janet_Leigh_0001.ppm,0.924151,0.924151,1.192e-7,1.000000
lfw,all,rgb,rgb/Janet_Napolitano_0001.ppm,0.931897,0.931897,0.000e0,1.000000
lfw,all,rgb,rgb/Janet_Napolitano_0002.ppm,0.916825,0.916825,0.000e0,1.000000
lfw,all,rgb,rgb/Janet_Napolitano_0003.ppm,0.950733,0.950733,0.000e0,0.999999
lfw,all,rgb,rgb/Janet_Napolitano_0004.ppm,0.959294,0.959294,0.000e0,1.000000
lfw,all,rgb,rgb/Janet_Thorpe_0001.ppm,0.877899,0.877899,5.960e-8,0.999999
lfw,all,rgb,rgb/Janet_Thorpe_0002.ppm,0.958408,0.958408,1.192e-7,1.000000
lfw,all,rgb,rgb/Janette_Husarova_0001.ppm,0.938954,0.938954,1.192e-7,0.999999
lfw,all,rgb,rgb/Janez_Drnovsek_0001.ppm,0.926762,0.926762,0.000e0,1.000000
lfw,all,rgb,rgb/Janica_Kostelic_0001.ppm,0.903702,0.903702,0.000e0,1.000000
lfw,all,rgb,rgb/Janica_Kostelic_0002.ppm,0.886480,0.886481,1.192e-7,1.000000
lfw,all,rgb,rgb/Janice_Abreu_0001.ppm,0.919759,0.919759,5.960e-8,1.000000
lfw,all,rgb,rgb/Janice_Goldfinger_0001.ppm,0.932376,0.932376,0.000e0,1.000000
lfw,all,rgb,rgb/Janine_Pietsch_0001.ppm,0.966606,0.966606,0.000e0,1.000000
lfw,all,rgb,rgb/Janis_Ruth_Coulter_0001.ppm,0.925964,0.925964,0.000e0,1.000000
lfw,all,rgb,rgb/Janusz_Kaminski_0001.ppm,0.937981,0.937981,0.000e0,1.000000
lfw,all,rgb,rgb/Jaouad_Gharib_0001.ppm,0.884210,0.884210,5.960e-8,1.000000
lfw,all,rgb,rgb/Jaqueline_Godoy_0001.ppm,0.958153,0.958153,5.960e-8,1.000000
lfw,all,rgb,rgb/Jaromir_Jagr_0001.ppm,0.945363,0.945363,0.000e0,1.000000
lfw,all,rgb,rgb/Jason_Alexander_0001.ppm,0.944426,0.944426,1.192e-7,1.000000
lfw,all,rgb,rgb/Jason_Alexander_0002.ppm,0.963631,0.963631,0.000e0,0.999999
lfw,all,rgb,rgb/Jason_Bentley_0001.ppm,0.937894,0.937894,0.000e0,1.000000
lfw,all,rgb,rgb/Jason_Biggs_0001.ppm,0.950306,0.950306,5.960e-8,1.000000
lfw,all,rgb,rgb/Jason_Campbell_0001.ppm,0.932513,0.932513,0.000e0,1.000000
lfw,all,rgb,rgb/Jason_Clermont_0001.ppm,0.909917,0.909917,5.960e-8,1.000000
lfw,all,rgb,rgb/Jason_Gardner_0001.ppm,0.924542,0.924541,2.384e-7,1.000000
lfw,all,rgb,rgb/Jason_Jennings_0001.ppm,0.949664,0.949664,1.192e-7,1.000000
lfw,all,rgb,rgb/Jason_Jennings_0002.ppm,0.922504,0.922504,1.192e-7,1.000000
lfw,all,rgb,rgb/Jason_Kapono_0001.ppm,0.931112,0.931112,0.000e0,1.000000
lfw,all,rgb,rgb/Jason_Keep_0001.ppm,0.888506,0.888506,0.000e0,1.000000
lfw,all,rgb,rgb/Jason_Kidd_0001.ppm,0.926233,0.926233,1.192e-7,0.999999
lfw,all,rgb,rgb/Jason_Kidd_0002.ppm,0.867210,0.867210,5.960e-8,1.000000
lfw,all,rgb,rgb/Jason_Kidd_0003.ppm,0.940360,0.940360,5.960e-8,1.000000
lfw,all,rgb,rgb/Jason_Kidd_0004.ppm,0.942116,0.942116,0.000e0,1.000000
lfw,all,rgb,rgb/Jason_Kidd_0005.ppm,0.915448,0.915448,5.960e-8,0.999999
lfw,all,rgb,rgb/Jason_Kidd_0006.ppm,0.925763,0.925763,5.960e-8,1.000000
lfw,all,rgb,rgb/Jason_Kidd_0007.ppm,0.896995,0.896995,0.000e0,1.000000
lfw,all,rgb,rgb/Jason_Kidd_0008.ppm,0.929513,0.929513,0.000e0,0.999999
lfw,all,rgb,rgb/Jason_Kidd_0009.ppm,0.865381,0.865382,2.384e-7,1.000000
lfw,all,rgb,rgb/Jason_Kidd_0010.ppm,0.939232,0.939232,0.000e0,1.000000
lfw,all,rgb,rgb/Jason_Lezak_0001.ppm,0.919414,0.919414,0.000e0,1.000000
lfw,all,rgb,rgb/Jason_Lezak_0002.ppm,0.899581,0.899581,2.384e-7,1.000000
lfw,all,rgb,rgb/Jason_Mewes_0001.ppm,0.916770,0.916770,0.000e0,1.000000
lfw,all,rgb,rgb/Jason_Petty_0001.ppm,0.941521,0.941521,0.000e0,0.999999
lfw,all,rgb,rgb/Jason_Priestley_0001.ppm,0.921553,0.921553,0.000e0,1.000000
lfw,all,rgb,rgb/Jason_Sehorn_0001.ppm,0.963613,0.963613,0.000e0,1.000000
lfw,all,rgb,rgb/Jason_Sorens_0001.ppm,0.944038,0.944038,1.192e-7,1.000000
lfw,all,rgb,rgb/Jason_Statham_0001.ppm,0.915934,0.915934,5.960e-8,1.000000
lfw,all,rgb,rgb/Jason_Vale_0001.ppm,0.935891,0.935891,0.000e0,1.000000
lfw,all,rgb,rgb/Jason_White_0001.ppm,0.965349,0.965349,0.000e0,1.000000
lfw,all,rgb,rgb/Javier_Bardem_0001.ppm,0.963346,0.963345,1.192e-7,1.000000
lfw,all,rgb,rgb/Javier_Camara_0001.ppm,0.923563,0.923563,0.000e0,1.000000
lfw,all,rgb,rgb/Javier_Delgado_0001.ppm,0.915591,0.915591,1.192e-7,0.999999
lfw,all,rgb,rgb/Javier_Saviola_0001.ppm,0.929560,0.929560,0.000e0,1.000000
lfw,all,rgb,rgb/Javier_Solana_0001.ppm,0.953949,0.953949,1.192e-7,1.000000
lfw,all,rgb,rgb/Javier_Solana_0002.ppm,0.965150,0.965150,0.000e0,1.000000
lfw,all,rgb,rgb/Javier_Solana_0003.ppm,0.976057,0.976057,1.192e-7,1.000000
lfw,all,rgb,rgb/Javier_Solana_0004.ppm,0.960559,0.960559,1.192e-7,1.000000
lfw,all,rgb,rgb/Javier_Solana_0005.ppm,0.950894,0.950894,0.000e0,1.000000
lfw,all,rgb,rgb/Javier_Solana_0006.ppm,0.937097,0.937097,5.960e-8,1.000000
lfw,all,rgb,rgb/Javier_Solana_0007.ppm,0.889924,0.889924,0.000e0,1.000000
lfw,all,rgb,rgb/Javier_Solana_0008.ppm,0.917359,0.917359,1.192e-7,1.000000
lfw,all,rgb,rgb/Javier_Solana_0009.ppm,0.940309,0.940309,1.192e-7,1.000000
lfw,all,rgb,rgb/Javier_Solana_0010.ppm,0.937232,0.937232,0.000e0,1.000000
lfw,all,rgb,rgb/Javier_Vargas_0001.ppm,0.915681,0.915681,1.192e-7,1.000000
lfw,all,rgb,rgb/Javier_Vazquez_0001.ppm,0.943871,0.943871,0.000e0,1.000000
lfw,all,rgb,rgb/Javier_Weber_0001.ppm,0.926968,0.926968,1.192e-7,1.000000
lfw,all,rgb,rgb/Javier_Weber_0002.ppm,0.923187,0.923187,1.192e-7,1.000000
lfw,all,rgb,rgb/Javier_Weber_0003.ppm,0.874589,0.874589,5.960e-8,1.000000
lfw,all,rgb,rgb/Javier_Zanetti_0001.ppm,0.903044,0.903043,5.960e-8,1.000000
lfw,all,rgb,rgb/Jawad_Boulus_0001.ppm,0.925227,0.925227,0.000e0,1.000000
lfw,all,rgb,rgb/Jay_Garner_0001.ppm,0.935630,0.935630,0.000e0,1.000000
lfw,all,rgb,rgb/Jay_Garner_0002.ppm,0.929637,0.929637,0.000e0,1.000000
lfw,all,rgb,rgb/Jay_Garner_0003.ppm,0.891405,0.891405,5.960e-8,1.000000
lfw,all,rgb,rgb/Jay_Garner_0004.ppm,0.923463,0.923463,1.192e-7,1.000000
lfw,all,rgb,rgb/Jay_Garner_0005.ppm,0.930186,0.930186,0.000e0,1.000000
lfw,all,rgb,rgb/Jay_Garner_0006.ppm,0.915038,0.915038,1.192e-7,1.000000
lfw,all,rgb,rgb/Jay_Leno_0001.ppm,0.943797,0.943797,0.000e0,1.000000
lfw,all,rgb,rgb/Jay_Leno_0002.ppm,0.959316,0.959316,5.960e-8,1.000000
lfw,all,rgb,rgb/Jay_Leno_0003.ppm,0.909063,0.909063,0.000e0,0.999999
lfw,all,rgb,rgb/Jay_Rasulo_0001.ppm,0.931063,0.931063,0.000e0,1.000000
lfw,all,rgb,rgb/Jay_Rasulo_0002.ppm,0.922089,0.922089,0.000e0,1.000000
lfw,all,rgb,rgb/Jaymon_Crabb_0001.ppm,0.917253,0.917253,0.000e0,1.000000
lfw,all,rgb,rgb/Jayne_Yarris_0001.ppm,0.871307,0.871307,0.000e0,0.999999
lfw,all,rgb,rgb/Jayson_Williams_0001.ppm,0.946025,0.946025,5.960e-8,1.000000
lfw,all,rgb,rgb/Jayson_Williams_0002.ppm,0.970366,0.970366,0.000e0,1.000000
lfw,all,rgb,rgb/Jayson_Williams_0003.ppm,0.954853,0.954853,0.000e0,0.999999
lfw,all,rgb,rgb/Jean-Claude_Braquet_0001.ppm,0.927050,0.927050,1.192e-7,1.000000
lfw,all,rgb,rgb/Jean-Claude_Braquet_0002.ppm,0.908333,0.908333,1.788e-7,1.000000
lfw,all,rgb,rgb/Jean-Claude_Juncker_0001.ppm,0.883042,0.883042,0.000e0,1.000000
lfw,all,rgb,rgb/Jean-Claude_Juncker_0002.ppm,0.946663,0.946663,0.000e0,1.000000
lfw,all,rgb,rgb/Jean-Claude_Trichet_0001.ppm,0.952649,0.952649,0.000e0,0.999999
lfw,all,rgb,rgb/Jean-Claude_Trichet_0002.ppm,0.962770,0.962770,0.000e0,1.000000
lfw,all,rgb,rgb/Jean-Claude_Van_Damme_0001.ppm,0.936398,0.936398,5.960e-8,1.000000
lfw,all,rgb,rgb/Jean-David_Levitte_0001.ppm,0.910103,0.910103,0.000e0,1.000000
lfw,all,rgb,rgb/Jean-David_Levitte_0002.ppm,0.928005,0.928005,5.960e-8,1.000000
lfw,all,rgb,rgb/Jean-David_Levitte_0003.ppm,0.906005,0.906004,1.192e-7,1.000000
lfw,all,rgb,rgb/Jean-David_Levitte_0004.ppm,0.910262,0.910262,1.192e-7,1.000000
lfw,all,rgb,rgb/Jean-David_Levitte_0005.ppm,0.943653,0.943653,0.000e0,1.000000
lfw,all,rgb,rgb/Jean-David_Levitte_0006.ppm,0.949828,0.949828,1.192e-7,1.000000
lfw,all,rgb,rgb/Jean-David_Levitte_0007.ppm,0.890056,0.890056,0.000e0,1.000000
lfw,all,rgb,rgb/Jean-David_Levitte_0008.ppm,0.934203,0.934203,0.000e0,1.000000
lfw,all,rgb,rgb/Jean-David_Levitte_0009.ppm,0.908055,0.908055,1.192e-7,1.000000
lfw,all,rgb,rgb/Jean-David_Levitte_0010.ppm,0.931390,0.931390,0.000e0,1.000000
lfw,all,rgb,rgb/Jean-Francois_Lemounier_0001.ppm,0.932932,0.932932,0.000e0,1.000000
lfw,all,rgb,rgb/Jean-Francois_Pontal_0001.ppm,0.903593,0.903593,0.000e0,1.000000
lfw,all,rgb,rgb/Jean-Francois_Pontal_0002.ppm,0.952122,0.952122,0.000e0,1.000000
lfw,all,rgb,rgb/Jean-Francois_Pontal_0003.ppm,0.852080,0.852080,0.000e0,1.000000
lfw,all,rgb,rgb/Jean-Luc_Bideau_0001.ppm,0.924812,0.924812,0.000e0,1.000000
lfw,all,rgb,rgb/Jean-Marc_Olive_0001.ppm,0.900656,0.900656,0.000e0,1.000000
lfw,all,rgb,rgb/Jean-Marc_de_La_Sabliere_0001.ppm,0.935580,0.935580,0.000e0,0.999999
lfw,all,rgb,rgb/Jean-Marc_de_La_Sabliere_0002.ppm,0.953412,0.953412,0.000e0,1.000000
lfw,all,rgb,rgb/Jean-Patrick_Nazon_0001.ppm,0.951066,0.951066,0.000e0,0.999999
lfw,all,rgb,rgb/Jean-Pierre_Bemba_0001.ppm,0.912884,0.912884,0.000e0,1.000000
lfw,all,rgb,rgb/Jean-Pierre_Raffarin_0001.ppm,0.958482,0.958482,0.000e0,1.000000
lfw,all,rgb,rgb/Jean-Pierre_Raffarin_0002.ppm,0.931440,0.931440,5.960e-8,1.000000
lfw,all,rgb,rgb/Jean-Pierre_Raffarin_0003.ppm,0.924155,0.924155,1.192e-7,1.000000
lfw,all,rgb,rgb/Jean-Pierre_Raffarin_0004.ppm,0.942338,0.942338,0.000e0,1.000000
lfw,all,rgb,rgb/Jean-Pierre_Raffarin_0005.ppm,0.939319,0.939319,1.192e-7,1.000000
lfw,all,rgb,rgb/Jean-Pierre_Raffarin_0006.ppm,0.957088,0.957088,0.000e0,1.000000
lfw,all,rgb,rgb/Jean-Pierre_Raffarin_0007.ppm,0.959113,0.959113,0.000e0,1.000000
lfw,all,rgb,rgb/Jean-Rene_Fourtou_0001.ppm,0.923806,0.923806,0.000e0,1.000000
lfw,all,rgb,rgb/Jean-Sebastien_Giguere_0001.ppm,0.939349,0.939349,0.000e0,1.000000
lfw,all,rgb,rgb/Jean-Sebastien_Giguere_0002.ppm,0.898158,0.898158,1.192e-7,1.000000
lfw,all,rgb,rgb/Jean_Brumley_0001.ppm,0.957253,0.957253,0.000e0,1.000000
lfw,all,rgb,rgb/Jean_Brumley_0002.ppm,0.937816,0.937816,1.192e-7,1.000000
lfw,all,rgb,rgb/Jean_Carnahan_0001.ppm,0.940316,0.940315,2.384e-7,0.999999
lfw,all,rgb,rgb/Jean_Carnahan_0002.ppm,0.962581,0.962581,0.000e0,1.000000
lfw,all,rgb,rgb/Jean_Charest_0001.ppm,0.913916,0.913916,1.192e-7,1.000000
lfw,all,rgb,rgb/Jean_Charest_0002.ppm,0.946262,0.946262,0.000e0,1.000000
lfw,all,rgb,rgb/Jean_Charest_0003.ppm,0.882720,0.882720,5.960e-8,1.000000
lfw,all,rgb,rgb/Jean_Charest_0004.ppm,0.938563,0.938563,0.000e0,0.999999
lfw,all,rgb,rgb/Jean_Charest_0005.ppm,0.901776,0.901776,0.000e0,1.000000
lfw,all,rgb,rgb/Jean_Charest_0006.ppm,0.948160,0.948160,0.000e0,1.000000
lfw,all,rgb,rgb/Jean_Charest_0007.ppm,0.931076,0.931076,0.000e0,1.000000
lfw,all,rgb,rgb/Jean_Charest_0008.ppm,0.947091,0.947091,5.960e-8,1.000000
lfw,all,rgb,rgb/Jean_Charest_0009.ppm,0.966318,0.966318,1.192e-7,0.999999
lfw,all,rgb,rgb/Jean_Charest_0010.ppm,0.909531,0.909531,0.000e0,1.000000
lfw,all,rgb,rgb/Jean_Charest_0011.ppm,0.933181,0.933181,1.192e-7,0.999999
lfw,all,rgb,rgb/Jean_Charest_0012.ppm,0.936381,0.936381,5.960e-8,1.000000
lfw,all,rgb,rgb/Jean_Charest_0013.ppm,0.920011,0.920011,5.960e-8,1.000000
lfw,all,rgb,rgb/Jean_Charest_0014.ppm,0.902587,0.902587,1.192e-7,1.000000
lfw,all,rgb,rgb/Jean_Charest_0015.ppm,0.934713,0.934713,1.192e-7,1.000000
lfw,all,rgb,rgb/Jean_Charest_0016.ppm,0.910476,0.910476,1.192e-7,1.000000
lfw,all,rgb,rgb/Jean_Charest_0017.ppm,0.949166,0.949166,0.000e0,0.999999
lfw,all,rgb,rgb/Jean_Chretien_0001.ppm,0.946772,0.946772,1.192e-7,1.000000
lfw,all,rgb,rgb/Jean_Chretien_0002.ppm,0.874755,0.874755,1.192e-7,1.000000
lfw,all,rgb,rgb/Jean_Chretien_0003.ppm,0.936405,0.936405,0.000e0,1.000000
lfw,all,rgb,rgb/Jean_Chretien_0004.ppm,0.944005,0.944005,0.000e0,1.000000
lfw,all,rgb,rgb/Jean_Chretien_0005.ppm,0.927365,0.927365,0.000e0,1.000000
lfw,all,rgb,rgb/Jean_Chretien_0006.ppm,0.890684,0.890684,1.192e-7,1.000000
lfw,all,rgb,rgb/Jean_Chretien_0007.ppm,0.913965,0.913965,0.000e0,1.000000
lfw,all,rgb,rgb/Jean_Chretien_0008.ppm,0.938603,0.938603,0.000e0,1.000000
lfw,all,rgb,rgb/Jean_Chretien_0009.ppm,0.924910,0.924910,0.000e0,1.000000
lfw,all,rgb,rgb/Jean_Chretien_0010.ppm,0.879803,0.879803,0.000e0,1.000000
lfw,all,rgb,rgb/Jean_Chretien_0011.ppm,0.941142,0.941142,0.000e0,1.000000
lfw,all,rgb,rgb/Jean_Chretien_0012.ppm,0.937936,0.937936,0.000e0,1.000000
lfw,all,rgb,rgb/Jean_Chretien_0013.ppm,0.937878,0.937878,5.960e-8,0.999999
lfw,all,rgb,rgb/Jean_Chretien_0014.ppm,0.933654,0.933654,0.000e0,1.000000
lfw,all,rgb,rgb/Jean_Chretien_0015.ppm,0.895435,0.895435,0.000e0,1.000000
lfw,all,rgb,rgb/Jean_Chretien_0016.ppm,0.924934,0.924933,1.192e-7,1.000000
lfw,all,rgb,rgb/Jean_Chretien_0017.ppm,0.920290,0.920290,0.000e0,1.000000
lfw,all,rgb,rgb/Jean_Chretien_0018.ppm,0.931689,0.931689,5.960e-8,1.000000
lfw,all,rgb,rgb/Jean_Chretien_0019.ppm,0.902110,0.902110,0.000e0,1.000000
lfw,all,rgb,rgb/Jean_Chretien_0020.ppm,0.947081,0.947081,0.000e0,1.000000
lfw,all,rgb,rgb/Jean_Chretien_0021.ppm,0.901478,0.901478,0.000e0,1.000000
lfw,all,rgb,rgb/Jean_Chretien_0022.ppm,0.930086,0.930086,0.000e0,1.000000
lfw,all,rgb,rgb/Jean_Chretien_0023.ppm,0.932518,0.932518,0.000e0,1.000000
lfw,all,rgb,rgb/Jean_Chretien_0024.ppm,0.951432,0.951432,0.000e0,1.000000
lfw,all,rgb,rgb/Jean_Chretien_0025.ppm,0.944559,0.944559,0.000e0,0.999999
lfw,all,rgb,rgb/Jean_Chretien_0026.ppm,0.946792,0.946792,1.192e-7,1.000000
lfw,all,rgb,rgb/Jean_Chretien_0027.ppm,0.904360,0.904360,0.000e0,1.000000
lfw,all,rgb,rgb/Jean_Chretien_0028.ppm,0.947493,0.947493,0.000e0,1.000000
lfw,all,rgb,rgb/Jean_Chretien_0029.ppm,0.906020,0.906021,1.192e-7,1.000000
lfw,all,rgb,rgb/Jean_Chretien_0030.ppm,0.965908,0.965908,0.000e0,1.000000
lfw,all,rgb,rgb/Jean_Chretien_0031.ppm,0.925405,0.925405,0.000e0,1.000000
lfw,all,rgb,rgb/Jean_Chretien_0032.ppm,0.947993,0.947993,0.000e0,1.000000
lfw,all,rgb,rgb/Jean_Chretien_0033.ppm,0.938646,0.938646,1.192e-7,1.000000
lfw,all,rgb,rgb/Jean_Chretien_0034.ppm,0.937256,0.937256,1.192e-7,0.999999
lfw,all,rgb,rgb/Jean_Chretien_0035.ppm,0.914561,0.914561,0.000e0,1.000000
lfw,all,rgb,rgb/Jean_Chretien_0036.ppm,0.919071,0.919071,0.000e0,1.000000
lfw,all,rgb,rgb/Jean_Chretien_0037.ppm,0.907680,0.907679,1.192e-7,1.000000
lfw,all,rgb,rgb/Jean_Chretien_0038.ppm,0.952420,0.952420,0.000e0,1.000000
lfw,all,rgb,rgb/Jean_Chretien_0039.ppm,0.926323,0.926323,0.000e0,1.000000
lfw,all,rgb,rgb/Jean_Chretien_0040.ppm,0.972907,0.972907,0.000e0,0.999999
lfw,all,rgb,rgb/Jean_Chretien_0041.ppm,0.912533,0.912533,1.192e-7,1.000000
lfw,all,rgb,rgb/Jean_Chretien_0042.ppm,0.908611,0.908611,1.192e-7,1.000000
lfw,all,rgb,rgb/Jean_Chretien_0043.ppm,0.941626,0.941626,1.192e-7,0.999999
lfw,all,rgb,rgb/Jean_Chretien_0044.ppm,0.928270,0.928270,1.192e-7,1.000000
lfw,all,rgb,rgb/Jean_Chretien_0045.ppm,0.916103,0.916103,0.000e0,1.000000
lfw,all,rgb,rgb/Jean_Chretien_0046.ppm,0.874880,0.874880,0.000e0,1.000000
lfw,all,rgb,rgb/Jean_Chretien_0047.ppm,0.939228,0.939227,1.192e-7,1.000000
lfw,all,rgb,rgb/Jean_Chretien_0048.ppm,0.888409,0.888409,5.960e-8,0.999999
lfw,all,rgb,rgb/Jean_Chretien_0049.ppm,0.927116,0.927116,0.000e0,1.000000
lfw,all,rgb,rgb/Jean_Chretien_0050.ppm,0.939162,0.939162,1.192e-7,1.000000
lfw,all,rgb,rgb/Jean_Chretien_0051.ppm,0.949270,0.949270,0.000e0,1.000000
lfw,all,rgb,rgb/Jean_Chretien_0052.ppm,0.934660,0.934660,0.000e0,1.000000
lfw,all,rgb,rgb/Jean_Chretien_0053.ppm,0.919258,0.919258,0.000e0,1.000000
lfw,all,rgb,rgb/Jean_Chretien_0054.ppm,0.946671,0.946671,0.000e0,1.000000
lfw,all,rgb,rgb/Jean_Chretien_0055.ppm,0.894777,0.894777,0.000e0,1.000000
lfw,all,rgb,rgb/Jean_Nagel_0001.ppm,0.906487,0.906487,0.000e0,1.000000
lfw,all,rgb,rgb/Jean_Todt_0001.ppm,0.936332,0.936332,0.000e0,1.000000
lfw,all,rgb,rgb/Jeane_Kirkpatrick_0001.ppm,0.929274,0.929274,5.960e-8,1.000000
lfw,all,rgb,rgb/Jeanette_Gray_0001.ppm,0.844854,0.844854,5.960e-8,1.000000
lfw,all,rgb,rgb/Jeanette_Stauffer_0001.ppm,0.943409,0.943409,0.000e0,1.000000
lfw,all,rgb,rgb/Jeanne_Anne_Schroeder_0001.ppm,0.906461,0.906461,0.000e0,1.000000
lfw,all,rgb,rgb/Jeanne_Moreau_0001.ppm,0.907656,0.907656,1.192e-7,1.000000
lfw,all,rgb,rgb/Jeanne_Moreau_0002.ppm,0.935083,0.935083,0.000e0,1.000000
lfw,all,rgb,rgb/Jeannette_Biedermann_0001.ppm,0.938800,0.938800,0.000e0,1.000000
lfw,all,rgb,rgb/Jeb_Bush_0001.ppm,0.935905,0.935905,1.192e-7,1.000000
lfw,all,rgb,rgb/Jeb_Bush_0002.ppm,0.901665,0.901665,5.960e-8,1.000000
lfw,all,rgb,rgb/Jeb_Bush_0003.ppm,0.984081,0.984080,1.192e-7,1.000000
lfw,all,rgb,rgb/Jeb_Bush_0004.ppm,0.953628,0.953628,0.000e0,1.000000
lfw,all,rgb,rgb/Jeb_Bush_0005.ppm,0.923872,0.923872,5.960e-8,1.000000
lfw,all,rgb,rgb/Jeb_Bush_0006.ppm,0.922890,0.922891,1.192e-7,1.000000
lfw,all,rgb,rgb/Jeb_Bush_0007.ppm,0.922905,0.922905,0.000e0,0.999999
lfw,all,rgb,rgb/Jeb_Bush_0008.ppm,0.903394,0.903394,0.000e0,1.000000
lfw,all,rgb,rgb/Jeb_Bush_0009.ppm,0.944959,0.944958,1.192e-7,1.000000
lfw,all,rgb,rgb/Jeb_Bush_0010.ppm,0.975053,0.975054,1.192e-7,1.000000
lfw,all,rgb,rgb/Jeb_Bush_0011.ppm,0.919096,0.919096,0.000e0,1.000000
lfw,all,rgb,rgb/Jeb_Bush_0012.ppm,0.945508,0.945508,1.192e-7,1.000000
lfw,all,rgb,rgb/Jeff_Bridges_0001.ppm,0.919114,0.919114,0.000e0,1.000000
lfw,all,rgb,rgb/Jeff_Bzdelik_0001.ppm,0.944240,0.944241,1.192e-7,1.000000
lfw,all,rgb,rgb/Jeff_Dederian_0001.ppm,0.961334,0.961334,0.000e0,1.000000
lfw,all,rgb,rgb/Jeff_Feldman_0001.ppm,0.659137,0.659137,0.000e0,1.000000
lfw,all,rgb,rgb/Jeff_George_0001.ppm,0.948139,0.948139,1.192e-7,1.000000
lfw,all,rgb,rgb/Jeff_Hornacek_0001.ppm,0.947789,0.947789,1.192e-7,1.000000
lfw,all,rgb,rgb/Jeff_Roehm_0001.ppm,0.936576,0.936576,0.000e0,0.999999
lfw,all,rgb,rgb/Jeff_Schiffner_0001.ppm,0.927386,0.927386,0.000e0,1.000000
lfw,all,rgb,rgb/Jeff_Van_Gundy_0001.ppm,0.915241,0.915241,1.192e-7,1.000000
lfw,all,rgb,rgb/Jeff_Van_Gundy_0002.ppm,0.983884,0.983884,0.000e0,1.000000
lfw,all,rgb,rgb/Jeff_Van_Gundy_0003.ppm,0.929891,0.929891,0.000e0,1.000000
lfw,all,rgb,rgb/Jeff_Weaver_0001.ppm,0.879692,0.879692,1.788e-7,1.000000
lfw,all,rgb,rgb/Jefferson_Perez_0001.ppm,0.916990,0.916990,1.788e-7,1.000000
lfw,all,rgb,rgb/Jefferson_Perez_0002.ppm,0.890532,0.890532,1.192e-7,0.999999
lfw,all,rgb,rgb/Jeffery_Hendren_0001.ppm,0.958789,0.958789,0.000e0,0.999999
lfw,all,rgb,rgb/Jeffery_Strelzin_0001.ppm,0.952826,0.952826,0.000e0,1.000000
lfw,all,rgb,rgb/Jeffrey_Archer_0001.ppm,0.928197,0.928197,1.192e-7,1.000000
lfw,all,rgb,rgb/Jeffrey_Archer_0002.ppm,0.914212,0.914212,0.000e0,1.000000
lfw,all,rgb,rgb/Jeffrey_Ashby_0001.ppm,0.930407,0.930407,0.000e0,0.999999
lfw,all,rgb,rgb/Jeffrey_Donaldson_0001.ppm,0.970034,0.970034,0.000e0,1.000000
lfw,all,rgb,rgb/Jeffrey_Immelt_0001.ppm,0.936394,0.936394,1.192e-7,1.000000
lfw,all,rgb,rgb/Jeffrey_Immelt_0002.ppm,0.933745,0.933745,1.192e-7,1.000000
lfw,all,rgb,rgb/Jeffrey_Jones_0001.ppm,0.935543,0.935543,1.192e-7,1.000000
lfw,all,rgb,rgb/Jeffrey_Jones_0002.ppm,0.884069,0.884069,0.000e0,1.000000
lfw,all,rgb,rgb/Jeffrey_Katzenberg_0001.ppm,0.907187,0.907187,1.192e-7,1.000000
lfw,all,rgb,rgb/Jeffrey_Pfeffer_0001.ppm,0.909147,0.909147,0.000e0,0.999999
lfw,all,rgb,rgb/Jeffrey_Scott_Postell_0001.ppm,0.957451,0.957451,0.000e0,1.000000
lfw,all,rgb,rgb/Jeffrey_Scott_Postell_0002.ppm,0.930967,0.930967,1.192e-7,1.000000
lfw,all,rgb,rgb/Jelena_Dokic_0001.ppm,0.886659,0.886659,0.000e0,1.000000
lfw,all,rgb,rgb/Jelena_Dokic_0002.ppm,0.928823,0.928823,5.960e-8,1.000000
lfw,all,rgb,rgb/Jelena_Dokic_0003.ppm,0.898207,0.898207,5.960e-8,0.999999
lfw,all,rgb,rgb/Jelena_Dokic_0004.ppm,0.891117,0.891117,5.960e-8,1.000000
lfw,all,rgb,rgb/Jelena_Dokic_0005.ppm,0.952694,0.952694,0.000e0,1.000000
lfw,all,rgb,rgb/Jelena_Dokic_0006.ppm,0.892892,0.892892,0.000e0,1.000000
lfw,all,rgb,rgb/Jelena_Dokic_0007.ppm,0.905963,0.905963,0.000e0,1.000000
lfw,all,rgb,rgb/Jelena_Dokic_0008.ppm,0.908540,0.908539,1.192e-7,1.000000
lfw,all,rgb,rgb/Jen_Bice_0001.ppm,0.908848,0.908848,0.000e0,1.000000
lfw,all,rgb,rgb/Jen_Schefft_0001.ppm,0.945057,0.945057,1.192e-7,1.000000
lfw,all,rgb,rgb/Jenna_Elfman_0001.ppm,0.920579,0.920579,0.000e0,0.999999
lfw,all,rgb,rgb/Jennette_Bradley_0001.ppm,0.926825,0.926825,0.000e0,1.000000
lfw,all,rgb,rgb/Jennie_Finch_0001.ppm,0.932274,0.932274,1.192e-7,1.000000
lfw,all,rgb,rgb/Jennie_Garth_0001.ppm,0.920937,0.920937,1.192e-7,1.000000
lfw,all,rgb,rgb/Jennifer_Aniston_0001.ppm,0.913101,0.913101,5.960e-8,1.000000
lfw,all,rgb,rgb/Jennifer_Aniston_0002.ppm,0.916831,0.916831,0.000e0,1.000000
lfw,all,rgb,rgb/Jennifer_Aniston_0003.ppm,0.885919,0.885919,0.000e0,1.000000
lfw,all,rgb,rgb/Jennifer_Aniston_0004.ppm,0.872166,0.872166,0.000e0,1.000000
lfw,all,rgb,rgb/Jennifer_Aniston_0005.ppm,0.890908,0.890908,0.000e0,1.000000
lfw,all,rgb,rgb/Jennifer_Aniston_0006.ppm,0.956689,0.956689,0.000e0,1.000000
lfw,all,rgb,rgb/Jennifer_Aniston_0007.ppm,0.980548,0.980548,0.000e0,1.000000
lfw,all,rgb,rgb/Jennifer_Aniston_0008.ppm,0.921483,0.921483,0.000e0,1.000000
lfw,all,rgb,rgb/Jennifer_Aniston_0009.ppm,0.925566,0.925566,1.192e-7,0.999999
lfw,all,rgb,rgb/Jennifer_Aniston_0010.ppm,0.871377,0.871377,1.192e-7,1.000000
lfw,all,rgb,rgb/Jennifer_Aniston_0011.ppm,0.963973,0.963973,0.000e0,1.000000
lfw,all,rgb,rgb/Jennifer_Aniston_0012.ppm,0.905082,0.905082,0.000e0,0.999999
lfw,all,rgb,rgb/Jennifer_Aniston_0013.ppm,0.915927,0.915927,0.000e0,1.000000
lfw,all,rgb,rgb/Jennifer_Aniston_0014.ppm,0.909848,0.909848,0.000e0,1.000000
lfw,all,rgb,rgb/Jennifer_Aniston_0015.ppm,0.903181,0.903181,0.000e0,1.000000
lfw,all,rgb,rgb/Jennifer_Aniston_0016.ppm,0.931979,0.931979,1.192e-7,1.000000
lfw,all,rgb,rgb/Jennifer_Aniston_0017.ppm,0.915306,0.915306,5.960e-8,1.000000
lfw,all,rgb,rgb/Jennifer_Aniston_0018.ppm,0.876253,0.876253,0.000e0,1.000000
lfw,all,rgb,rgb/Jennifer_Aniston_0019.ppm,0.910800,0.910800,5.960e-8,1.000000
lfw,all,rgb,rgb/Jennifer_Aniston_0020.ppm,0.939337,0.939337,0.000e0,1.000000
lfw,all,rgb,rgb/Jennifer_Aniston_0021.ppm,0.878355,0.878355,0.000e0,1.000000
lfw,all,rgb,rgb/Jennifer_Capriati_0001.ppm,0.881250,0.881250,0.000e0,1.000000
lfw,all,rgb,rgb/Jennifer_Capriati_0002.ppm,0.904260,0.904260,0.000e0,1.000000
lfw,all,rgb,rgb/Jennifer_Capriati_0003.ppm,0.916538,0.916538,1.192e-7,1.000000
lfw,all,rgb,rgb/Jennifer_Capriati_0004.ppm,0.912933,0.912933,0.000e0,1.000000
lfw,all,rgb,rgb/Jennifer_Capriati_0005.ppm,0.906910,0.906910,0.000e0,1.000000
lfw,all,rgb,rgb/Jennifer_Capriati_0006.ppm,0.928000,0.928000,0.000e0,1.000000
lfw,all,rgb,rgb/Jennifer_Capriati_0007.ppm,0.919692,0.919692,0.000e0,1.000000
lfw,all,rgb,rgb/Jennifer_Capriati_0008.ppm,0.908383,0.908383,5.960e-8,1.000000
lfw,all,rgb,rgb/Jennifer_Capriati_0009.ppm,0.929491,0.929491,5.960e-8,1.000000
lfw,all,rgb,rgb/Jennifer_Capriati_0010.ppm,0.873181,0.873181,5.960e-8,1.000000
lfw,all,rgb,rgb/Jennifer_Capriati_0011.ppm,0.937427,0.937427,0.000e0,1.000000
lfw,all,rgb,rgb/Jennifer_Capriati_0012.ppm,0.906350,0.906350,5.960e-8,1.000000
lfw,all,rgb,rgb/Jennifer_Capriati_0013.ppm,0.922638,0.922638,5.960e-8,1.000000
lfw,all,rgb,rgb/Jennifer_Capriati_0014.ppm,0.972035,0.972035,0.000e0,1.000000
lfw,all,rgb,rgb/Jennifer_Capriati_0015.ppm,0.872309,0.872309,1.192e-7,1.000000
lfw,all,rgb,rgb/Jennifer_Capriati_0016.ppm,0.920736,0.920736,2.980e-7,1.000000
lfw,all,rgb,rgb/Jennifer_Capriati_0017.ppm,0.876278,0.876278,0.000e0,1.000000
lfw,all,rgb,rgb/Jennifer_Capriati_0018.ppm,0.958593,0.958593,1.192e-7,1.000000
lfw,all,rgb,rgb/Jennifer_Capriati_0019.ppm,0.902240,0.902240,1.192e-7,1.000000
lfw,all,rgb,rgb/Jennifer_Capriati_0020.ppm,0.907058,0.907058,0.000e0,1.000000
lfw,all,rgb,rgb/Jennifer_Capriati_0021.ppm,0.931656,0.931656,0.000e0,1.000000
lfw,all,rgb,rgb/Jennifer_Capriati_0022.ppm,0.898480,0.898480,0.000e0,1.000000
lfw,all,rgb,rgb/Jennifer_Capriati_0023.ppm,0.923941,0.923941,0.000e0,1.000000
lfw,all,rgb,rgb/Jennifer_Capriati_0024.ppm,0.925629,0.925628,1.192e-7,1.000000
lfw,all,rgb,rgb/Jennifer_Capriati_0025.ppm,0.939486,0.939486,5.960e-8,1.000000
lfw,all,rgb,rgb/Jennifer_Capriati_0026.ppm,0.935441,0.935441,0.000e0,0.999999
lfw,all,rgb,rgb/Jennifer_Capriati_0027.ppm,0.939650,0.939650,0.000e0,1.000000
lfw,all,rgb,rgb/Jennifer_Capriati_0028.ppm,0.929448,0.929448,0.000e0,1.000000
lfw,all,rgb,rgb/Jennifer_Capriati_0029.ppm,0.939838,0.939838,0.000e0,1.000000
lfw,all,rgb,rgb/Jennifer_Capriati_0030.ppm,0.816753,0.816753,5.960e-8,1.000000
lfw,all,rgb,rgb/Jennifer_Capriati_0031.ppm,0.856073,0.856073,0.000e0,1.000000
lfw,all,rgb,rgb/Jennifer_Capriati_0032.ppm,0.836818,0.836818,1.192e-7,1.000000
lfw,all,rgb,rgb/Jennifer_Capriati_0033.ppm,0.906246,0.906246,5.960e-8,1.000000
lfw,all,rgb,rgb/Jennifer_Capriati_0034.ppm,0.918130,0.918129,5.960e-8,1.000000
lfw,all,rgb,rgb/Jennifer_Capriati_0035.ppm,0.921839,0.921839,0.000e0,1.000000
lfw,all,rgb,rgb/Jennifer_Capriati_0036.ppm,0.900965,0.900965,1.192e-7,1.000000
lfw,all,rgb,rgb/Jennifer_Capriati_0037.ppm,0.868724,0.868724,0.000e0,1.000000
lfw,all,rgb,rgb/Jennifer_Capriati_0038.ppm,0.899294,0.899294,0.000e0,1.000000
lfw,all,rgb,rgb/Jennifer_Capriati_0039.ppm,0.936669,0.936668,1.192e-7,1.000000
lfw,all,rgb,rgb/Jennifer_Capriati_0040.ppm,0.913613,0.913613,0.000e0,1.000000
lfw,all,rgb,rgb/Jennifer_Capriati_0041.ppm,0.923063,0.923063,5.960e-8,1.000000
lfw,all,rgb,rgb/Jennifer_Capriati_0042.ppm,0.945997,0.945997,0.000e0,1.000000
lfw,all,rgb,rgb/Jennifer_Connelly_0001.ppm,0.938747,0.938747,5.960e-8,1.000000
lfw,all,rgb,rgb/Jennifer_Connelly_0002.ppm,0.963354,0.963354,0.000e0,0.999999
lfw,all,rgb,rgb/Jennifer_Connelly_0003.ppm,0.955535,0.955535,0.000e0,0.999999
lfw,all,rgb,rgb/Jennifer_Connelly_0004.ppm,0.959479,0.959479,0.000e0,1.000000
lfw,all,rgb,rgb/Jennifer_Furminger_0001.ppm,0.823770,0.823769,5.960e-8,1.000000
lfw,all,rgb,rgb/Jennifer_Garner_0001.ppm,0.901576,0.901576,1.192e-7,1.000000
lfw,all,rgb,rgb/Jennifer_Garner_0002.ppm,0.968134,0.968134,0.000e0,1.000000
lfw,all,rgb,rgb/Jennifer_Garner_0003.ppm,0.946815,0.946815,0.000e0,1.000000
lfw,all,rgb,rgb/Jennifer_Garner_0004.ppm,0.954724,0.954724,1.192e-7,1.000000
lfw,all,rgb,rgb/Jennifer_Garner_0005.ppm,0.923816,0.923816,0.000e0,1.000000
lfw,all,rgb,rgb/Jennifer_Garner_0006.ppm,0.894172,0.894172,0.000e0,1.000000
lfw,all,rgb,rgb/Jennifer_Garner_0007.ppm,0.933792,0.933792,0.000e0,0.999999
lfw,all,rgb,rgb/Jennifer_Garner_0008.ppm,0.941856,0.941856,0.000e0,1.000000
lfw,all,rgb,rgb/Jennifer_Garner_0009.ppm,0.904406,0.904406,0.000e0,1.000000
lfw,all,rgb,rgb/Jennifer_Garner_0010.ppm,0.939158,0.939158,0.000e0,1.000000
lfw,all,rgb,rgb/Jennifer_Garner_0011.ppm,0.910408,0.910408,1.192e-7,1.000000
lfw,all,rgb,rgb/Jennifer_Garner_0012.ppm,0.945693,0.945693,1.192e-7,1.000000
lfw,all,rgb,rgb/Jennifer_Granholm_0001.ppm,0.924060,0.924060,0.000e0,1.000000
lfw,all,rgb,rgb/Jennifer_Gratz_0001.ppm,0.900260,0.900260,0.000e0,1.000000
lfw,all,rgb,rgb/Jennifer_Keller_0001.ppm,0.978532,0.978532,1.192e-7,1.000000
lfw,all,rgb,rgb/Jennifer_Keller_0002.ppm,0.940894,0.940894,5.960e-8,1.000000
lfw,all,rgb,rgb/Jennifer_Keller_0003.ppm,0.929572,0.929572,0.000e0,1.000000
lfw,all,rgb,rgb/Jennifer_Keller_0004.ppm,0.935680,0.935680,1.192e-7,1.000000
lfw,all,rgb,rgb/Jennifer_Lopez_0001.ppm,0.934167,0.934167,0.000e0,1.000000
lfw,all,rgb,rgb/Jennifer_Lopez_0002.ppm,0.937260,0.937260,0.000e0,0.999999
lfw,all,rgb,rgb/Jennifer_Lopez_0003.ppm,0.932705,0.932705,1.192e-7,1.000000
lfw,all,rgb,rgb/Jennifer_Lopez_0004.ppm,0.902252,0.902252,1.192e-7,1.000000
lfw,all,rgb,rgb/Jennifer_Lopez_0005.ppm,0.869745,0.869745,0.000e0,1.000000
lfw,all,rgb,rgb/Jennifer_Lopez_0006.ppm,0.984576,0.984576,0.000e0,1.000000
lfw,all,rgb,rgb/Jennifer_Lopez_0007.ppm,0.980420,0.980420,0.000e0,1.000000
lfw,all,rgb,rgb/Jennifer_Lopez_0008.ppm,0.962100,0.962100,1.192e-7,0.999999
lfw,all,rgb,rgb/Jennifer_Lopez_0009.ppm,0.936140,0.936140,5.960e-8,1.000000
lfw,all,rgb,rgb/Jennifer_Lopez_0010.ppm,0.964412,0.964412,0.000e0,1.000000
lfw,all,rgb,rgb/Jennifer_Lopez_0011.ppm,0.944934,0.944934,0.000e0,1.000000
lfw,all,rgb,rgb/Jennifer_Lopez_0012.ppm,0.930355,0.930355,0.000e0,1.000000
lfw,all,rgb,rgb/Jennifer_Lopez_0013.ppm,0.922904,0.922904,0.000e0,1.000000
lfw,all,rgb,rgb/Jennifer_Lopez_0014.ppm,0.905850,0.905850,0.000e0,1.000000
lfw,all,rgb,rgb/Jennifer_Lopez_0015.ppm,0.913629,0.913629,0.000e0,1.000000
lfw,all,rgb,rgb/Jennifer_Lopez_0016.ppm,0.946776,0.946776,0.000e0,1.000000
lfw,all,rgb,rgb/Jennifer_Lopez_0017.ppm,0.940433,0.940433,5.960e-8,1.000000
lfw,all,rgb,rgb/Jennifer_Lopez_0018.ppm,0.922542,0.922542,0.000e0,1.000000
lfw,all,rgb,rgb/Jennifer_Lopez_0019.ppm,0.953385,0.953385,0.000e0,1.000000
lfw,all,rgb,rgb/Jennifer_Lopez_0020.ppm,0.926303,0.926303,5.960e-8,1.000000
lfw,all,rgb,rgb/Jennifer_Lopez_0021.ppm,0.919976,0.919976,0.000e0,1.000000
lfw,all,rgb,rgb/Jennifer_Love_Hewitt_0001.ppm,0.936549,0.936549,0.000e0,1.000000
lfw,all,rgb,rgb/Jennifer_McCoy_0001.ppm,0.932893,0.932893,0.000e0,1.000000
lfw,all,rgb,rgb/Jennifer_Murray_0001.ppm,0.887460,0.887460,0.000e0,1.000000
lfw,all,rgb,rgb/Jennifer_Pena_0001.ppm,0.912358,0.912358,0.000e0,1.000000
lfw,all,rgb,rgb/Jennifer_Reilly_0001.ppm,0.922760,0.922760,1.192e-7,1.000000
lfw,all,rgb,rgb/Jennifer_Reilly_0002.ppm,0.930318,0.930318,1.192e-7,1.000000
lfw,all,rgb,rgb/Jennifer_Renee_Short_0001.ppm,0.947264,0.947264,0.000e0,1.000000
lfw,all,rgb,rgb/Jennifer_Rodriguez_0001.ppm,0.940524,0.940524,0.000e0,1.000000
lfw,all,rgb,rgb/Jennifer_Rodriguez_0002.ppm,0.964840,0.964841,1.192e-7,0.999999
lfw,all,rgb,rgb/Jennifer_Thompson_0001.ppm,0.934230,0.934230,1.192e-7,1.000000
lfw,all,rgb,rgb/Jennifer_Thompson_0002.ppm,0.934175,0.934175,0.000e0,0.999999
lfw,all,rgb,rgb/Jennifer_Tilly_0001.ppm,0.918456,0.918456,1.192e-7,1.000000
lfw,all,rgb,rgb/Jenny_Romero_0001.ppm,0.975325,0.975325,0.000e0,1.000000
lfw,all,rgb,rgb/Jens_Lehmann_0001.ppm,0.944582,0.944582,0.000e0,0.999999
lfw,all,rgb,rgb/Jeong_Se-hyun_0001.ppm,0.954861,0.954861,0.000e0,1.000000
lfw,all,rgb,rgb/Jeong_Se-hyun_0002.ppm,0.964615,0.964615,5.960e-8,1.000000
lfw,all,rgb,rgb/Jeong_Se-hyun_0003.ppm,0.962596,0.962596,0.000e0,1.000000
lfw,all,rgb,rgb/Jeong_Se-hyun_0004.ppm,0.964288,0.964288,0.000e0,1.000000
lfw,all,rgb,rgb/Jeong_Se-hyun_0005.ppm,0.949270,0.949269,1.192e-7,1.000000
lfw,all,rgb,rgb/Jeong_Se-hyun_0006.ppm,0.951299,0.951299,0.000e0,0.999999
lfw,all,rgb,rgb/Jeong_Se-hyun_0007.ppm,0.927111,0.927111,5.960e-8,1.000000
lfw,all,rgb,rgb/Jeong_Se-hyun_0008.ppm,0.942266,0.942266,0.000e0,1.000000
lfw,all,rgb,rgb/Jeong_Se-hyun_0009.ppm,0.933309,0.933309,0.000e0,0.999999
lfw,all,rgb,rgb/Jerelle_Kraus_0001.ppm,0.885837,0.885837,0.000e0,1.000000
lfw,all,rgb,rgb/Jeremy_Fogel_0001.ppm,0.946840,0.946840,0.000e0,1.000000
lfw,all,rgb,rgb/Jeremy_Gompertz_0001.ppm,0.924762,0.924762,0.000e0,1.000000
lfw,all,rgb,rgb/Jeremy_Greenstock_0001.ppm,0.941081,0.941081,0.000e0,0.999999
lfw,all,rgb,rgb/Jeremy_Greenstock_0002.ppm,0.960714,0.960714,0.000e0,1.000000
lfw,all,rgb,rgb/Jeremy_Greenstock_0003.ppm,0.925317,0.925317,0.000e0,1.000000
lfw,all,rgb,rgb/Jeremy_Greenstock_0004.ppm,0.944919,0.944919,0.000e0,1.000000
lfw,all,rgb,rgb/Jeremy_Greenstock_0005.ppm,0.909715,0.909715,0.000e0,1.000000
lfw,all,rgb,rgb/Jeremy_Greenstock_0006.ppm,0.938750,0.938750,1.192e-7,1.000000
lfw,all,rgb,rgb/Jeremy_Greenstock_0007.ppm,0.964807,0.964807,0.000e0,1.000000
lfw,all,rgb,rgb/Jeremy_Greenstock_0008.ppm,0.960177,0.960177,5.960e-8,1.000000
lfw,all,rgb,rgb/Jeremy_Greenstock_0009.ppm,0.883656,0.883656,0.000e0,1.000000
lfw,all,rgb,rgb/Jeremy_Greenstock_0010.ppm,0.910389,0.910389,5.960e-8,1.000000
lfw,all,rgb,rgb/Jeremy_Greenstock_0011.ppm,0.889378,0.889378,0.000e0,1.000000
lfw,all,rgb,rgb/Jeremy_Greenstock_0012.ppm,0.897765,0.897765,1.192e-7,1.000000
lfw,all,rgb,rgb/Jeremy_Greenstock_0013.ppm,0.866635,0.866635,1.192e-7,1.000000
lfw,all,rgb,rgb/Jeremy_Greenstock_0014.ppm,0.950516,0.950516,0.000e0,1.000000
lfw,all,rgb,rgb/Jeremy_Greenstock_0015.ppm,0.948510,0.948510,0.000e0,1.000000
lfw,all,rgb,rgb/Jeremy_Greenstock_0016.ppm,0.944331,0.944331,0.000e0,1.000000
lfw,all,rgb,rgb/Jeremy_Greenstock_0017.ppm,0.923446,0.923447,1.192e-7,1.000000
lfw,all,rgb,rgb/Jeremy_Greenstock_0018.ppm,0.903762,0.903762,0.000e0,1.000000
lfw,all,rgb,rgb/Jeremy_Greenstock_0019.ppm,0.938746,0.938746,0.000e0,1.000000
lfw,all,rgb,rgb/Jeremy_Greenstock_0020.ppm,0.962058,0.962058,0.000e0,1.000000
lfw,all,rgb,rgb/Jeremy_Greenstock_0021.ppm,0.929365,0.929365,5.960e-8,0.999999
lfw,all,rgb,rgb/Jeremy_Greenstock_0022.ppm,0.902831,0.902831,0.000e0,0.999999
lfw,all,rgb,rgb/Jeremy_Greenstock_0023.ppm,0.964941,0.964941,0.000e0,1.000000
lfw,all,rgb,rgb/Jeremy_Greenstock_0024.ppm,0.901665,0.901665,5.960e-8,1.000000
lfw,all,rgb,rgb/Jeremy_Shockey_0001.ppm,0.960395,0.960394,1.192e-7,1.000000
lfw,all,rgb,rgb/Jeremy_Shockey_0002.ppm,0.949478,0.949478,1.192e-7,1.000000
lfw,all,rgb,rgb/Jeremy_Wotherspoon_0001.ppm,0.867871,0.867871,0.000e0,1.000000
lfw,all,rgb,rgb/Jeri_Ryan_0001.ppm,0.931256,0.931256,0.000e0,1.000000
lfw,all,rgb,rgb/Jerome_Golmard_0001.ppm,0.924802,0.924802,1.192e-7,1.000000
lfw,all,rgb,rgb/Jerome_Jenkins_0001.ppm,0.911145,0.911145,0.000e0,1.000000
lfw,all,rgb,rgb/Jerry_Angelo_0001.ppm,0.931315,0.931315,0.000e0,1.000000
lfw,all,rgb,rgb/Jerry_Bruckheimer_0001.ppm,0.918779,0.918779,0.000e0,1.000000
lfw,all,rgb,rgb/Jerry_Colangelo_0001.ppm,0.934768,0.934768,5.960e-8,0.999999
lfw,all,rgb,rgb/Jerry_Falwell_0001.ppm,0.924876,0.924876,0.000e0,1.000000
lfw,all,rgb,rgb/Jerry_Falwell_0002.ppm,0.909405,0.909405,0.000e0,1.000000
lfw,all,rgb,rgb/Jerry_Hall_0001.ppm,0.925188,0.925188,1.192e-7,1.000000
lfw,all,rgb,rgb/Jerry_Jones_0001.ppm,0.950418,0.950418,0.000e0,1.000000
lfw,all,rgb,rgb/Jerry_Lewis_0001.ppm,0.928540,0.928540,0.000e0,1.000000
lfw,all,rgb,rgb/Jerry_McEntee_0001.ppm,0.917729,0.917729,0.000e0,1.000000
lfw,all,rgb,rgb/Jerry_Oliver_0001.ppm,0.909346,0.909346,0.000e0,1.000000
lfw,all,rgb,rgb/Jerry_Pauley_0001.ppm,0.916132,0.916132,0.000e0,1.000000
lfw,all,rgb,rgb/Jerry_Regier_0001.ppm,0.919359,0.919358,1.192e-7,1.000000
lfw,all,rgb,rgb/Jerry_Regier_0002.ppm,0.949660,0.949660,0.000e0,1.000000
lfw,all,rgb,rgb/Jerry_Regier_0003.ppm,0.967328,0.967328,0.000e0,1.000000
lfw,all,rgb,rgb/Jerry_Regier_0004.ppm,0.950888,0.950888,0.000e0,1.000000
lfw,all,rgb,rgb/Jerry_Rice_0001.ppm,0.873554,0.873554,5.960e-8,1.000000
lfw,all,rgb,rgb/Jerry_Seinfeld_0001.ppm,0.934533,0.934533,0.000e0,1.000000
lfw,all,rgb,rgb/Jerry_Sexton_0001.ppm,0.952426,0.952426,0.000e0,0.999999
lfw,all,rgb,rgb/Jerry_Sloan_0001.ppm,0.876671,0.876671,1.192e-7,1.000000
lfw,all,rgb,rgb/Jerry_Springer_0001.ppm,0.934227,0.934227,0.000e0,0.999999
lfw,all,rgb,rgb/Jerry_Springer_0002.ppm,0.889844,0.889844,0.000e0,1.000000
lfw,all,rgb,rgb/Jerry_Springer_0003.ppm,0.936103,0.936103,0.000e0,0.999999
lfw,all,rgb,rgb/Jerry_Springer_0004.ppm,0.909259,0.909259,1.192e-7,1.000000
lfw,all,rgb,rgb/Jerry_Tarkanian_0001.ppm,0.956609,0.956609,0.000e0,1.000000
lfw,all,rgb,rgb/Jesper_Parnevik_0001.ppm,0.947793,0.947793,0.000e0,1.000000
lfw,all,rgb,rgb/Jesse_Harris_0001.ppm,0.905709,0.905709,1.192e-7,1.000000
lfw,all,rgb,rgb/Jesse_Harris_0002.ppm,0.939172,0.939172,0.000e0,1.000000
lfw,all,rgb,rgb/Jesse_Harris_0003.ppm,0.892017,0.892017,2.384e-7,1.000000
lfw,all,rgb,rgb/Jesse_Helms_0001.ppm,0.938376,0.938376,0.000e0,1.000000
lfw,all,rgb,rgb/Jesse_Jackson_0001.ppm,0.949692,0.949692,0.000e0,1.000000
lfw,all,rgb,rgb/Jesse_Jackson_0002.ppm,0.948640,0.948640,1.192e-7,1.000000
lfw,all,rgb,rgb/Jesse_Jackson_0003.ppm,0.938310,0.938311,1.192e-7,0.999999
lfw,all,rgb,rgb/Jesse_Jackson_0004.ppm,0.935174,0.935174,5.960e-8,1.000000
lfw,all,rgb,rgb/Jesse_Jackson_0005.ppm,0.944082,0.944082,0.000e0,1.000000
lfw,all,rgb,rgb/Jesse_Jackson_0006.ppm,0.976047,0.976047,1.192e-7,1.000000
lfw,all,rgb,rgb/Jesse_Jackson_0007.ppm,0.945072,0.945072,1.192e-7,1.000000
lfw,all,rgb,rgb/Jesse_Jackson_0008.ppm,0.935444,0.935444,0.000e0,1.000000
lfw,all,rgb,rgb/Jesse_Jackson_0009.ppm,0.881489,0.881489,0.000e0,1.000000
lfw,all,rgb,rgb/Jesse_James_0001.ppm,0.911187,0.911187,0.000e0,1.000000
lfw,all,rgb,rgb/Jesse_James_Leija_0001.ppm,0.966897,0.966896,1.192e-7,1.000000
lfw,all,rgb,rgb/Jesse_James_Leija_0002.ppm,0.947959,0.947959,0.000e0,1.000000
lfw,all,rgb,rgb/Jesse_Ventura_0001.ppm,0.855160,0.855160,0.000e0,1.000000
lfw,all,rgb,rgb/Jesse_Ventura_0002.ppm,0.894601,0.894600,1.192e-7,1.000000
lfw,all,rgb,rgb/Jesse_Ventura_0003.ppm,0.932768,0.932768,0.000e0,1.000000
lfw,all,rgb,rgb/Jessica_Alba_0001.ppm,0.938238,0.938238,0.000e0,1.000000
lfw,all,rgb,rgb/Jessica_Alba_0002.ppm,0.930119,0.930119,0.000e0,1.000000
lfw,all,rgb,rgb/Jessica_Biel_0001.ppm,0.873421,0.873421,1.192e-7,1.000000
lfw,all,rgb,rgb/Jessica_Brungo_0001.ppm,0.882177,0.882177,5.960e-8,1.000000
lfw,all,rgb,rgb/Jessica_Capshaw_0001.ppm,0.941069,0.941069,1.192e-7,1.000000
lfw,all,rgb,rgb/Jessica_Lange_0001.ppm,0.899141,0.899141,0.000e0,1.000000
lfw,all,rgb,rgb/Jessica_Lange_0002.ppm,0.947340,0.947340,0.000e0,1.000000
lfw,all,rgb,rgb/Jessica_Lynch_0001.ppm,0.867042,0.867042,0.000e0,1.000000
lfw,all,rgb,rgb/Jessica_Lynch_0002.ppm,0.972708,0.972708,0.000e0,1.000000
lfw,all,rgb,rgb/Jessica_Simpson_0001.ppm,0.929123,0.929123,0.000e0,1.000000
lfw,all,rgb,rgb/Jesus_Cardenal_0001.ppm,0.952049,0.952049,0.000e0,1.000000
lfw,all,rgb,rgb/Jewel_Howard-Taylor_0001.ppm,0.944627,0.944627,2.384e-7,1.000000
lfw,all,rgb,rgb/Jia_Qinglin_0001.ppm,0.896190,0.896190,0.000e0,1.000000
lfw,all,rgb,rgb/Jia_Qinglin_0002.ppm,0.958302,0.958302,0.000e0,1.000000
lfw,all,rgb,rgb/Jiang_Zemin_0001.ppm,0.926845,0.926845,1.192e-7,1.000000
lfw,all,rgb,rgb/Jiang_Zemin_0002.ppm,0.907690,0.907690,0.000e0,1.000000
lfw,all,rgb,rgb/Jiang_Zemin_0003.ppm,0.940612,0.940612,0.000e0,1.000000
lfw,all,rgb,rgb/Jiang_Zemin_0004.ppm,0.855787,0.855787,5.960e-8,1.000000
lfw,all,rgb,rgb/Jiang_Zemin_0005.ppm,0.889651,0.889651,0.000e0,1.000000
lfw,all,rgb,rgb/Jiang_Zemin_0006.ppm,0.933025,0.933025,0.000e0,1.000000
lfw,all,rgb,rgb/Jiang_Zemin_0007.ppm,0.900663,0.900663,0.000e0,1.000000
lfw,all,rgb,rgb/Jiang_Zemin_0008.ppm,0.912076,0.912076,0.000e0,1.000000
lfw,all,rgb,rgb/Jiang_Zemin_0009.ppm,0.936460,0.936460,0.000e0,1.000000
lfw,all,rgb,rgb/Jiang_Zemin_0010.ppm,0.944573,0.944573,0.000e0,1.000000
lfw,all,rgb,rgb/Jiang_Zemin_0011.ppm,0.948215,0.948215,1.192e-7,1.000000
lfw,all,rgb,rgb/Jiang_Zemin_0012.ppm,0.947993,0.947994,1.192e-7,1.000000
lfw,all,rgb,rgb/Jiang_Zemin_0013.ppm,0.909095,0.909095,0.000e0,1.000000
lfw,all,rgb,rgb/Jiang_Zemin_0014.ppm,0.933813,0.933813,0.000e0,1.000000
lfw,all,rgb,rgb/Jiang_Zemin_0015.ppm,0.952203,0.952203,0.000e0,1.000000
lfw,all,rgb,rgb/Jiang_Zemin_0016.ppm,0.838729,0.838729,0.000e0,1.000000
lfw,all,rgb,rgb/Jiang_Zemin_0017.ppm,0.951733,0.951733,1.192e-7,1.000000
lfw,all,rgb,rgb/Jiang_Zemin_0018.ppm,0.910549,0.910549,0.000e0,1.000000
lfw,all,rgb,rgb/Jiang_Zemin_0019.ppm,0.945138,0.945138,1.192e-7,1.000000
lfw,all,rgb,rgb/Jiang_Zemin_0020.ppm,0.936934,0.936934,0.000e0,1.000000
lfw,all,rgb,rgb/Jim_Abbott_0001.ppm,0.907621,0.907621,1.192e-7,0.999999
lfw,all,rgb,rgb/Jim_Ahern_0001.ppm,0.930458,0.930458,0.000e0,1.000000
lfw,all,rgb,rgb/Jim_Anderson_0001.ppm,0.947656,0.947656,0.000e0,1.000000
lfw,all,rgb,rgb/Jim_Beattie_0001.ppm,0.892642,0.892642,0.000e0,1.000000
lfw,all,rgb,rgb/Jim_Bollman_0001.ppm,0.967211,0.967211,0.000e0,1.000000
lfw,all,rgb,rgb/Jim_Bunning_0001.ppm,0.940185,0.940185,0.000e0,0.999999
lfw,all,rgb,rgb/Jim_Calhoun_0001.ppm,0.955411,0.955411,1.192e-7,1.000000
lfw,all,rgb,rgb/Jim_Cantalupo_0001.ppm,0.948783,0.948783,0.000e0,1.000000
lfw,all,rgb,rgb/Jim_Carrey_0001.ppm,0.919189,0.919189,1.192e-7,1.000000
lfw,all,rgb,rgb/Jim_Carrey_0002.ppm,0.925495,0.925495,0.000e0,1.000000
lfw,all,rgb,rgb/Jim_Carrey_0003.ppm,0.941579,0.941579,0.000e0,1.000000
lfw,all,rgb,rgb/Jim_Doyle_0001.ppm,0.885241,0.885241,5.960e-8,0.999999
lfw,all,rgb,rgb/Jim_Edmonds_0001.ppm,0.934980,0.934980,5.960e-8,1.000000
lfw,all,rgb,rgb/Jim_Edmonds_0002.ppm,0.864577,0.864577,1.192e-7,1.000000
lfw,all,rgb,rgb/Jim_Fassel_0001.ppm,0.937716,0.937716,1.192e-7,1.000000
lfw,all,rgb,rgb/Jim_Flaherty_0001.ppm,0.932485,0.932485,1.192e-7,1.000000
lfw,all,rgb,rgb/Jim_Freudenberg_0001.ppm,0.876378,0.876378,5.960e-8,1.000000
lfw,all,rgb,rgb/Jim_Furyk_0001.ppm,0.957414,0.957414,1.192e-7,1.000000
lfw,all,rgb,rgb/Jim_Furyk_0002.ppm,0.930287,0.930287,0.000e0,1.000000
lfw,all,rgb,rgb/Jim_Furyk_0003.ppm,0.910054,0.910054,5.960e-8,1.000000
lfw,all,rgb,rgb/Jim_Furyk_0004.ppm,0.826198,0.826198,1.192e-7,1.000000
lfw,all,rgb,rgb/Jim_Furyk_0005.ppm,0.914249,0.914249,0.000e0,1.000000
lfw,all,rgb,rgb/Jim_Furyk_0006.ppm,0.933526,0.933526,1.192e-7,1.000000
lfw,all,rgb,rgb/Jim_Greenwood_0001.ppm,0.913968,0.913968,5.960e-8,1.000000
lfw,all,rgb,rgb/Jim_Hahn_0001.ppm,0.950237,0.950237,0.000e0,1.000000
lfw,all,rgb,rgb/Jim_Hahn_0002.ppm,0.929917,0.929917,0.000e0,1.000000
lfw,all,rgb,rgb/Jim_Hahn_0003.ppm,0.940288,0.940288,0.000e0,1.000000
lfw,all,rgb,rgb/Jim_Hahn_0004.ppm,0.923644,0.923644,5.960e-8,1.000000
lfw,all,rgb,rgb/Jim_Hardin_0001.ppm,0.943256,0.943256,1.192e-7,1.000000
lfw,all,rgb,rgb/Jim_Harrick_0001.ppm,0.908596,0.908596,1.192e-7,1.000000
lfw,all,rgb,rgb/Jim_Harrick_0002.ppm,0.927378,0.927378,1.192e-7,0.999999
lfw,all,rgb,rgb/Jim_Haslett_0001.ppm,0.879783,0.879783,0.000e0,1.000000
lfw,all,rgb,rgb/Jim_Hendry_0001.ppm,0.925445,0.925445,0.000e0,1.000000
lfw,all,rgb,rgb/Jim_Jeffords_0001.ppm,0.948097,0.948097,1.192e-7,1.000000
lfw,all,rgb,rgb/Jim_Kelly_0001.ppm,0.906694,0.906694,0.000e0,1.000000
lfw,all,rgb,rgb/Jim_Leach_0001.ppm,0.947279,0.947279,0.000e0,1.000000
lfw,all,rgb,rgb/Jim_Letten_0001.ppm,0.882799,0.882799,0.000e0,1.000000
lfw,all,rgb,rgb/Jim_Nochols_0001.ppm,0.903553,0.903553,5.960e-8,1.000000
lfw,all,rgb,rgb/Jim_OBrien_0001.ppm,0.823711,0.823711,5.960e-8,1.000000
lfw,all,rgb,rgb/Jim_OBrien_0002.ppm,0.953110,0.953110,0.000e0,0.999999
lfw,all,rgb,rgb/Jim_OBrien_0003.ppm,0.931871,0.931871,0.000e0,1.000000
lfw,all,rgb,rgb/Jim_Otto_0001.ppm,0.852754,0.852754,1.788e-7,1.000000
lfw,all,rgb,rgb/Jim_Parque_0001.ppm,0.951903,0.951903,0.000e0,1.000000
lfw,all,rgb,rgb/Jim_Paxson_0001.ppm,0.949834,0.949834,1.192e-7,1.000000
lfw,all,rgb,rgb/Jim_Piper_0001.ppm,0.925602,0.925602,0.000e0,1.000000
lfw,all,rgb,rgb/Jim_Ryan_0001.ppm,0.967392,0.967392,1.192e-7,1.000000
lfw,all,rgb,rgb/Jim_Schwarz_0001.ppm,0.926878,0.926878,0.000e0,1.000000
lfw,all,rgb,rgb/Jim_Spinoza_0001.ppm,0.922990,0.922990,1.192e-7,1.000000
lfw,all,rgb,rgb/Jim_Sterk_0001.ppm,0.940800,0.940800,0.000e0,1.000000
lfw,all,rgb,rgb/Jim_Talent_0001.ppm,0.957852,0.957852,1.192e-7,1.000000
lfw,all,rgb,rgb/Jim_Taylor_0001.ppm,0.932580,0.932580,0.000e0,1.000000
lfw,all,rgb,rgb/Jim_Thome_0001.ppm,0.952581,0.952581,1.192e-7,1.000000
lfw,all,rgb,rgb/Jim_Tressel_0001.ppm,0.923274,0.923274,5.960e-8,1.000000
lfw,all,rgb,rgb/Jim_Tressel_0002.ppm,0.915760,0.915760,0.000e0,1.000000
lfw,all,rgb,rgb/Jim_Tressel_0003.ppm,0.918313,0.918313,1.192e-7,1.000000
lfw,all,rgb,rgb/Jim_Tressel_0004.ppm,0.934550,0.934550,0.000e0,1.000000
lfw,all,rgb,rgb/Jim_Wall_0001.ppm,0.915052,0.915052,5.960e-8,1.000000
lfw,all,rgb,rgb/Jim_Wessling_0001.ppm,0.926236,0.926236,1.192e-7,1.000000
lfw,all,rgb,rgb/Jim_Wong_0001.ppm,0.923579,0.923579,1.192e-7,1.000000
lfw,all,rgb,rgb/Jim_Zorn_0001.ppm,0.920503,0.920503,0.000e0,1.000000
lfw,all,rgb,rgb/Jimmy_Carter_0001.ppm,0.930096,0.930096,0.000e0,1.000000
lfw,all,rgb,rgb/Jimmy_Carter_0002.ppm,0.946803,0.946803,1.192e-7,1.000000
lfw,all,rgb,rgb/Jimmy_Carter_0003.ppm,0.902741,0.902741,0.000e0,1.000000
lfw,all,rgb,rgb/Jimmy_Carter_0004.ppm,0.908300,0.908300,0.000e0,1.000000
lfw,all,rgb,rgb/Jimmy_Carter_0005.ppm,0.934399,0.934400,1.192e-7,1.000000
lfw,all,rgb,rgb/Jimmy_Carter_0006.ppm,0.929995,0.929995,1.192e-7,0.999999
lfw,all,rgb,rgb/Jimmy_Carter_0007.ppm,0.919597,0.919597,1.192e-7,1.000000
lfw,all,rgb,rgb/Jimmy_Carter_0008.ppm,0.867614,0.867615,1.192e-7,1.000000
lfw,all,rgb,rgb/Jimmy_Carter_0009.ppm,0.933112,0.933112,0.000e0,1.000000
lfw,all,rgb,rgb/Jimmy_Gobble_0001.ppm,0.929982,0.929982,0.000e0,1.000000
lfw,all,rgb,rgb/Jimmy_Gurule_0001.ppm,0.958710,0.958710,0.000e0,1.000000
lfw,all,rgb,rgb/Jimmy_Iovine_0001.ppm,0.906738,0.906738,0.000e0,1.000000
lfw,all,rgb,rgb/Jimmy_Jimenez_0001.ppm,0.876884,0.876884,0.000e0,1.000000
lfw,all,rgb,rgb/Jimmy_Kimmel_0001.ppm,0.959030,0.959030,0.000e0,1.000000
lfw,all,rgb,rgb/Jimmy_Kimmel_0002.ppm,0.986744,0.986744,0.000e0,0.999999
lfw,all,rgb,rgb/Jimmy_Lee_0001.ppm,0.985213,0.985213,0.000e0,1.000000
lfw,all,rgb,rgb/Jimmy_Smits_0001.ppm,0.898259,0.898259,5.960e-8,1.000000
lfw,all,rgb,rgb/Jimmy_Szymanski_0001.ppm,0.914969,0.914969,1.192e-7,1.000000
lfw,all,rgb,rgb/Jiri_Novak_0001.ppm,0.930330,0.930330,0.000e0,1.000000
lfw,all,rgb,rgb/Jiri_Novak_0002.ppm,0.949542,0.949542,1.192e-7,1.000000
lfw,all,rgb,rgb/Jiri_Novak_0003.ppm,0.900961,0.900961,0.000e0,1.000000
lfw,all,rgb,rgb/Jiri_Novak_0004.ppm,0.957207,0.957207,0.000e0,0.999999
lfw,all,rgb,rgb/Jiri_Novak_0005.ppm,0.959974,0.959974,0.000e0,1.000000
lfw,all,rgb,rgb/Jiri_Novak_0006.ppm,0.931745,0.931745,0.000e0,1.000000
lfw,all,rgb,rgb/Jiri_Novak_0007.ppm,0.938481,0.938481,0.000e0,1.000000
lfw,all,rgb,rgb/Jiri_Novak_0008.ppm,0.932864,0.932864,0.000e0,1.000000
lfw,all,rgb,rgb/Jiri_Novak_0009.ppm,0.948295,0.948295,0.000e0,0.999999
lfw,all,rgb,rgb/Jiri_Novak_0010.ppm,0.939689,0.939689,1.192e-7,1.000000
lfw,all,rgb,rgb/Jiri_Novak_0011.ppm,0.931904,0.931904,1.192e-7,1.000000
lfw,all,rgb,rgb/Jo_Dee_Messina_0001.ppm,0.855392,0.855392,0.000e0,1.000000
lfw,all,rgb,rgb/Jo_Dee_Messina_0002.ppm,0.877566,0.877566,0.000e0,1.000000
lfw,all,rgb,rgb/Jo_Joong-hyon_0001.ppm,0.920872,0.920872,0.000e0,1.000000
lfw,all,rgb,rgb/Joan_Claybrook_0001.ppm,0.866686,0.866686,0.000e0,0.999999
lfw,all,rgb,rgb/Joan_Claybrook_0002.ppm,0.872068,0.872068,0.000e0,1.000000
lfw,all,rgb,rgb/Joan_Collins_0001.ppm,0.959679,0.959679,0.000e0,1.000000
lfw,all,rgb,rgb/Joan_Dangerfield_0001.ppm,0.906027,0.906028,1.192e-7,1.000000
lfw,all,rgb,rgb/Joan_Jett_0001.ppm,0.959954,0.959954,0.000e0,1.000000
lfw,all,rgb,rgb/Joan_Laporta_0001.ppm,0.956031,0.956031,0.000e0,1.000000
lfw,all,rgb,rgb/Joan_Laporta_0002.ppm,0.929725,0.929725,0.000e0,1.000000
lfw,all,rgb,rgb/Joan_Laporta_0003.ppm,0.859058,0.859058,0.000e0,1.000000
lfw,all,rgb,rgb/Joan_Laporta_0004.ppm,0.918341,0.918341,0.000e0,1.000000
lfw,all,rgb,rgb/Joan_Laporta_0005.ppm,0.974521,0.974521,0.000e0,1.000000
lfw,all,rgb,rgb/Joan_Laporta_0006.ppm,0.920875,0.920875,0.000e0,1.000000
lfw,all,rgb,rgb/Joan_Laporta_0007.ppm,0.972830,0.972830,1.192e-7,1.000000
lfw,all,rgb,rgb/Joan_Laporta_0008.ppm,0.937208,0.937208,1.192e-7,1.000000
lfw,all,rgb,rgb/Joan_Laporta_0009.ppm,0.953664,0.953664,0.000e0,1.000000
lfw,all,rgb,rgb/Joanna_Poitier_0001.ppm,0.882736,0.882736,1.192e-7,1.000000
lfw,all,rgb,rgb/Joanne_Duquette_0001.ppm,0.923591,0.923591,0.000e0,1.000000
lfw,all,rgb,rgb/Joanne_Woodward_0001.ppm,0.928533,0.928533,0.000e0,1.000000
lfw,all,rgb,rgb/Joao_Rocha_0001.ppm,0.933816,0.933816,0.000e0,1.000000
lfw,all,rgb,rgb/Joaquim_Levy_0001.ppm,0.927236,0.927236,0.000e0,1.000000
lfw,all,rgb,rgb/Joaquim_Rodriguez_0001.ppm,0.947151,0.947151,0.000e0,1.000000
lfw,all,rgb,rgb/Joaquin_Phoenix_0001.ppm,0.880033,0.880033,0.000e0,1.000000
lfw,all,rgb,rgb/Joaquin_Sanchez_0001.ppm,0.947727,0.947727,1.192e-7,0.999999
lfw,all,rgb,rgb/Job_Cohen_0001.ppm,0.954909,0.954909,0.000e0,1.000000
lfw,all,rgb,rgb/Job_Cohen_0002.ppm,0.955844,0.955844,0.000e0,1.000000
lfw,all,rgb,rgb/Jodie_Foster_0001.ppm,0.908587,0.908587,0.000e0,1.000000
lfw,all,rgb,rgb/Jodie_Foster_0002.ppm,0.919527,0.919527,0.000e0,1.000000
lfw,all,rgb,rgb/Jodie_Foster_0003.ppm,0.899027,0.899027,1.192e-7,1.000000
lfw,all,rgb,rgb/Jodie_Henry_0001.ppm,0.925692,0.925692,5.960e-8,1.000000
lfw,all,rgb,rgb/Jodie_Kidd_0001.ppm,0.919758,0.919758,1.192e-7,1.000000
lfw,all,rgb,rgb/Jody_Richards_0001.ppm,0.948302,0.948302,0.000e0,1.000000
lfw,all,rgb,rgb/Joe_Calzaghe_0001.ppm,0.936370,0.936370,0.000e0,0.999999
lfw,all,rgb,rgb/Joe_Calzaghe_0002.ppm,0.909425,0.909425,0.000e0,1.000000
lfw,all,rgb,rgb/Joe_Carnahan_0001.ppm,0.936566,0.936566,0.000e0,1.000000
lfw,all,rgb,rgb/Joe_Cocker_0001.ppm,0.929677,0.929677,1.788e-7,1.000000
lfw,all,rgb,rgb/Joe_Cravens_0001.ppm,0.949747,0.949747,1.192e-7,1.000000
lfw,all,rgb,rgb/Joe_Crede_0001.ppm,0.927114,0.927114,1.192e-7,1.000000
lfw,all,rgb,rgb/Joe_Darrell_0001.ppm,0.943133,0.943133,0.000e0,0.999999
lfw,all,rgb,rgb/Joe_DeLamielleure_0001.ppm,0.882905,0.882905,1.192e-7,1.000000
lfw,all,rgb,rgb/Joe_Dicaro_0001.ppm,0.885917,0.885917,5.960e-8,1.000000
lfw,all,rgb,rgb/Joe_Dumars_0001.ppm,0.928586,0.928586,1.192e-7,1.000000
lfw,all,rgb,rgb/Joe_Dumars_0002.ppm,0.951649,0.951649,0.000e0,0.999999
lfw,all,rgb,rgb/Joe_Finley_0001.ppm,0.956216,0.956216,1.192e-7,1.000000
lfw,all,rgb,rgb/Joe_Friedberg_0001.ppm,0.978901,0.978901,0.000e0,1.000000
lfw,all,rgb,rgb/Joe_Garner_0001.ppm,0.931038,0.931038,0.000e0,1.000000
lfw,all,rgb,rgb/Joe_Gatti_0001.ppm,0.949334,0.949334,0.000e0,1.000000
lfw,all,rgb,rgb/Joe_Gatti_0002.ppm,0.951478,0.951478,0.000e0,1.000000
lfw,all,rgb,rgb/Joe_Glover_0001.ppm,0.889154,0.889154,5.960e-8,1.000000
lfw,all,rgb,rgb/Joe_Leonard_0001.ppm,0.928691,0.928691,0.000e0,1.000000
lfw,all,rgb,rgb/Joe_Lieberman_0001.ppm,0.956446,0.956446,1.192e-7,1.000000
lfw,all,rgb,rgb/Joe_Lieberman_0002.ppm,0.884433,0.884433,1.192e-7,1.000000
lfw,all,rgb,rgb/Joe_Lieberman_0003.ppm,0.914285,0.914284,1.192e-7,1.000000
lfw,all,rgb,rgb/Joe_Lieberman_0004.ppm,0.953408,0.953408,0.000e0,1.000000
lfw,all,rgb,rgb/Joe_Lieberman_0005.ppm,0.934861,0.934861,0.000e0,1.000000
lfw,all,rgb,rgb/Joe_Lieberman_0006.ppm,0.928544,0.928544,0.000e0,1.000000
lfw,all,rgb,rgb/Joe_Lieberman_0007.ppm,0.873232,0.873232,1.192e-7,1.000000
lfw,all,rgb,rgb/Joe_Lieberman_0008.ppm,0.923508,0.923508,1.192e-7,1.000000
lfw,all,rgb,rgb/Joe_Lieberman_0009.ppm,0.911996,0.911996,1.192e-7,1.000000
lfw,all,rgb,rgb/Joe_Lieberman_0010.ppm,0.889710,0.889710,5.960e-8,1.000000
lfw,all,rgb,rgb/Joe_Lieberman_0011.ppm,0.907799,0.907799,0.000e0,0.999999
lfw,all,rgb,rgb/Joe_Lieberman_0012.ppm,0.923136,0.923136,0.000e0,1.000000
lfw,all,rgb,rgb/Joe_Lieberman_0013.ppm,0.933207,0.933207,0.000e0,1.000000
lfw,all,rgb,rgb/Joe_Mantegna_0001.ppm,0.929928,0.929928,0.000e0,1.000000
lfw,all,rgb,rgb/Joe_Mantello_0001.ppm,0.972119,0.972119,0.000e0,1.000000
lfw,all,rgb,rgb/Joe_Mantello_0002.ppm,0.945522,0.945521,1.192e-7,1.000000
lfw,all,rgb,rgb/Joe_Mendes_0001.ppm,0.951418,0.951418,5.960e-8,1.000000
lfw,all,rgb,rgb/Joe_Metz_0001.ppm,0.936698,0.936698,1.192e-7,1.000000
lfw,all,rgb,rgb/Joe_Nichols_0001.ppm,0.902512,0.902512,0.000e0,1.000000
lfw,all,rgb,rgb/Joe_Nichols_0002.ppm,0.886745,0.886745,1.192e-7,1.000000
lfw,all,rgb,rgb/Joe_Nichols_0003.ppm,0.910236,0.910236,0.000e0,1.000000
lfw,all,rgb,rgb/Joe_Nichols_0004.ppm,0.931802,0.931802,0.000e0,1.000000
lfw,all,rgb,rgb/Joe_Pantoliano_0001.ppm,0.926313,0.926313,0.000e0,1.000000
lfw,all,rgb,rgb/Joe_Paterno_0001.ppm,0.885272,0.885272,0.000e0,1.000000
lfw,all,rgb,rgb/Joe_Plumeri_0001.ppm,0.936288,0.936288,1.788e-7,1.000000
lfw,all,rgb,rgb/Joe_Strummer_0001.ppm,0.865800,0.865800,0.000e0,1.000000
lfw,all,rgb,rgb/Joe_Torre_0001.ppm,0.905621,0.905621,1.192e-7,1.000000
lfw,all,rgb,rgb/Joe_Torre_0002.ppm,0.924796,0.924796,1.192e-7,1.000000
lfw,all,rgb,rgb/Joe_Torre_0003.ppm,0.914644,0.914644,5.960e-8,1.000000
lfw,all,rgb,rgb/Joe_Torre_0004.ppm,0.949560,0.949560,1.192e-7,1.000000
lfw,all,rgb,rgb/Joe_Vandever_0001.ppm,0.832910,0.832910,0.000e0,1.000000
lfw,all,rgb,rgb/Joel_Gallen_0001.ppm,0.911095,0.911095,0.000e0,1.000000
lfw,all,rgb,rgb/Joel_Todd_0001.ppm,0.951998,0.951998,0.000e0,1.000000
lfw,all,rgb,rgb/Joerg_Haider_0001.ppm,0.947759,0.947759,5.960e-8,1.000000
lfw,all,rgb,rgb/Joerg_Haider_0002.ppm,0.957190,0.957190,1.192e-7,1.000000
lfw,all,rgb,rgb/Joey_Buttafuoco_0001.ppm,0.873281,0.873281,0.000e0,1.000000
lfw,all,rgb,rgb/Joey_Harrington_0001.ppm,0.938955,0.938955,1.192e-7,1.000000
lfw,all,rgb,rgb/Joey_Mantia_0001.ppm,0.909921,0.909921,0.000e0,0.999999
lfw,all,rgb,rgb/Johan_Bruyneel_0001.ppm,0.982748,0.982748,0.000e0,1.000000
lfw,all,rgb,rgb/Johannes_Rau_0001.ppm,0.944851,0.944851,1.192e-7,1.000000
lfw,all,rgb,rgb/John_Abizaid_0001.ppm,0.961104,0.961104,0.000e0,1.000000
lfw,all,rgb,rgb/John_Abizaid_0002.ppm,0.926677,0.926677,1.192e-7,1.000000
lfw,all,rgb,rgb/John_Abizaid_0003.ppm,0.929219,0.929219,5.960e-8,1.000000
lfw,all,rgb,rgb/John_Abizaid_0004.ppm,0.890365,0.890365,1.788e-7,1.000000
lfw,all,rgb,rgb/John_Abizaid_0005.ppm,0.929238,0.929238,0.000e0,1.000000
lfw,all,rgb,rgb/John_Abizaid_0006.ppm,0.911294,0.911294,0.000e0,1.000000
lfw,all,rgb,rgb/John_Abizaid_0007.ppm,0.861532,0.861532,0.000e0,1.000000
lfw,all,rgb,rgb/John_Abizaid_0008.ppm,0.895369,0.895369,1.192e-7,1.000000
lfw,all,rgb,rgb/John_Abizaid_0009.ppm,0.926294,0.926294,0.000e0,1.000000
lfw,all,rgb,rgb/John_Allen_Muhammad_0001.ppm,0.849293,0.849293,0.000e0,1.000000
lfw,all,rgb,rgb/John_Allen_Muhammad_0002.ppm,0.920955,0.920955,1.192e-7,0.999999
lfw,all,rgb,rgb/John_Allen_Muhammad_0003.ppm,0.929698,0.929698,0.000e0,1.000000
lfw,all,rgb,rgb/John_Allen_Muhammad_0004.ppm,0.866020,0.866020,0.000e0,1.000000
lfw,all,rgb,rgb/John_Allen_Muhammad_0005.ppm,0.956563,0.956563,0.000e0,1.000000
lfw,all,rgb,rgb/John_Allen_Muhammad_0006.ppm,0.948661,0.948661,5.960e-8,1.000000
lfw,all,rgb,rgb/John_Allen_Muhammad_0007.ppm,0.917346,0.917346,0.000e0,1.000000
lfw,all,rgb,rgb/John_Allen_Muhammad_0008.ppm,0.967109,0.967109,1.192e-7,1.000000
lfw,all,rgb,rgb/John_Allen_Muhammad_0009.ppm,0.945484,0.945484,0.000e0,1.000000
lfw,all,rgb,rgb/John_Allen_Muhammad_0010.ppm,0.857898,0.857898,1.192e-7,1.000000
lfw,all,rgb,rgb/John_Allen_Muhammad_0011.ppm,0.929896,0.929896,1.192e-7,1.000000
lfw,all,rgb,rgb/John_Anderson_0001.ppm,0.912321,0.912321,1.192e-7,1.000000
lfw,all,rgb,rgb/John_Ashcroft_0001.ppm,0.977930,0.977930,0.000e0,1.000000
lfw,all,rgb,rgb/John_Ashcroft_0002.ppm,0.964152,0.964152,0.000e0,1.000000
lfw,all,rgb,rgb/John_Ashcroft_0003.ppm,0.935752,0.935752,0.000e0,1.000000
lfw,all,rgb,rgb/John_Ashcroft_0004.ppm,0.903373,0.903373,5.960e-8,1.000000
lfw,all,rgb,rgb/John_Ashcroft_0005.ppm,0.935049,0.935049,1.192e-7,1.000000
lfw,all,rgb,rgb/John_Ashcroft_0006.ppm,0.930157,0.930157,0.000e0,1.000000
lfw,all,rgb,rgb/John_Ashcroft_0007.ppm,0.963472,0.963472,0.000e0,1.000000
lfw,all,rgb,rgb/John_Ashcroft_0008.ppm,0.951813,0.951813,0.000e0,1.000000
lfw,all,rgb,rgb/John_Ashcroft_0009.ppm,0.918035,0.918035,1.192e-7,1.000000
lfw,all,rgb,rgb/John_Ashcroft_0010.ppm,0.931051,0.931051,1.192e-7,1.000000
lfw,all,rgb,rgb/John_Ashcroft_0011.ppm,0.914414,0.914414,0.000e0,1.000000
lfw,all,rgb,rgb/John_Ashcroft_0012.ppm,0.955900,0.955900,1.192e-7,1.000000
lfw,all,rgb,rgb/John_Ashcroft_0013.ppm,0.953378,0.953378,0.000e0,1.000000
lfw,all,rgb,rgb/John_Ashcroft_0014.ppm,0.952562,0.952562,0.000e0,1.000000
lfw,all,rgb,rgb/John_Ashcroft_0015.ppm,0.936907,0.936907,1.192e-7,1.000000
lfw,all,rgb,rgb/John_Ashcroft_0016.ppm,0.948177,0.948177,1.192e-7,1.000000
lfw,all,rgb,rgb/John_Ashcroft_0017.ppm,0.906051,0.906051,1.192e-7,1.000000
lfw,all,rgb,rgb/John_Ashcroft_0018.ppm,0.939560,0.939560,0.000e0,0.999999
lfw,all,rgb,rgb/John_Ashcroft_0019.ppm,0.924390,0.924390,0.000e0,1.000000
lfw,all,rgb,rgb/John_Ashcroft_0020.ppm,0.922127,0.922127,0.000e0,1.000000
lfw,all,rgb,rgb/John_Ashcroft_0021.ppm,0.939123,0.939123,0.000e0,1.000000
lfw,all,rgb,rgb/John_Ashcroft_0022.ppm,0.950929,0.950929,0.000e0,1.000000
lfw,all,rgb,rgb/John_Ashcroft_0023.ppm,0.944180,0.944180,0.000e0,1.000000
lfw,all,rgb,rgb/John_Ashcroft_0024.ppm,0.956945,0.956945,1.192e-7,1.000000
lfw,all,rgb,rgb/John_Ashcroft_0025.ppm,0.914522,0.914522,5.960e-8,1.000000
lfw,all,rgb,rgb/John_Ashcroft_0026.ppm,0.914181,0.914181,5.960e-8,1.000000
lfw,all,rgb,rgb/John_Ashcroft_0027.ppm,0.953269,0.953269,1.192e-7,1.000000
lfw,all,rgb,rgb/John_Ashcroft_0028.ppm,0.920914,0.920914,1.192e-7,0.999999
lfw,all,rgb,rgb/John_Ashcroft_0029.ppm,0.885319,0.885319,5.960e-8,1.000000
lfw,all,rgb,rgb/John_Ashcroft_0030.ppm,0.864051,0.864051,1.192e-7,1.000000
lfw,all,rgb,rgb/John_Ashcroft_0031.ppm,0.936535,0.936535,0.000e0,0.999999
lfw,all,rgb,rgb/John_Ashcroft_0032.ppm,0.963925,0.963925,0.000e0,1.000000
lfw,all,rgb,rgb/John_Ashcroft_0033.ppm,0.940125,0.940125,5.960e-8,1.000000
lfw,all,rgb,rgb/John_Ashcroft_0034.ppm,0.924947,0.924947,1.192e-7,1.000000
lfw,all,rgb,rgb/John_Ashcroft_0035.ppm,0.919889,0.919889,0.000e0,1.000000
lfw,all,rgb,rgb/John_Ashcroft_0036.ppm,0.934982,0.934982,0.000e0,1.000000
lfw,all,rgb,rgb/John_Ashcroft_0037.ppm,0.944187,0.944187,0.000e0,1.000000
lfw,all,rgb,rgb/John_Ashcroft_0038.ppm,0.950906,0.950906,1.192e-7,1.000000
lfw,all,rgb,rgb/John_Ashcroft_0039.ppm,0.937360,0.937360,0.000e0,1.000000
lfw,all,rgb,rgb/John_Ashcroft_0040.ppm,0.931565,0.931565,0.000e0,1.000000
lfw,all,rgb,rgb/John_Ashcroft_0041.ppm,0.927631,0.927631,0.000e0,1.000000
lfw,all,rgb,rgb/John_Ashcroft_0042.ppm,0.951219,0.951219,0.000e0,1.000000
lfw,all,rgb,rgb/John_Ashcroft_0043.ppm,0.838444,0.838444,5.960e-8,1.000000
lfw,all,rgb,rgb/John_Ashcroft_0044.ppm,0.940824,0.940824,0.000e0,1.000000
lfw,all,rgb,rgb/John_Ashcroft_0045.ppm,0.951023,0.951023,0.000e0,1.000000
lfw,all,rgb,rgb/John_Ashcroft_0046.ppm,0.954025,0.954025,0.000e0,0.999999
lfw,all,rgb,rgb/John_Ashcroft_0047.ppm,0.898704,0.898704,5.960e-8,1.000000
lfw,all,rgb,rgb/John_Ashcroft_0048.ppm,0.948544,0.948544,0.000e0,1.000000
lfw,all,rgb,rgb/John_Ashcroft_0049.ppm,0.923190,0.923190,0.000e0,1.000000
lfw,all,rgb,rgb/John_Ashcroft_0050.ppm,0.941138,0.941138,1.192e-7,1.000000
lfw,all,rgb,rgb/John_Ashcroft_0051.ppm,0.944910,0.944910,0.000e0,0.999999
lfw,all,rgb,rgb/John_Ashcroft_0052.ppm,0.918730,0.918730,0.000e0,1.000000
lfw,all,rgb,rgb/John_Ashcroft_0053.ppm,0.935591,0.935591,0.000e0,1.000000
lfw,all,rgb,rgb/John_Baldacci_0001.ppm,0.929368,0.929368,0.000e0,1.000000
lfw,all,rgb,rgb/John_Banko_0001.ppm,0.945529,0.945529,0.000e0,1.000000
lfw,all,rgb,rgb/John_Banko_0002.ppm,0.936167,0.936167,0.000e0,0.999999
lfw,all,rgb,rgb/John_Barnett_0001.ppm,0.910741,0.910741,0.000e0,1.000000
lfw,all,rgb,rgb/John_Belushi_0001.ppm,0.912706,0.912706,0.000e0,1.000000
lfw,all,rgb,rgb/John_Blaney_0001.ppm,0.931819,0.931819,0.000e0,1.000000
lfw,all,rgb,rgb/John_Blaney_0002.ppm,0.892459,0.892459,1.192e-7,1.000000
lfw,all,rgb,rgb/John_Bolton_0001.ppm,0.919153,0.919153,0.000e0,1.000000
lfw,all,rgb,rgb/John_Bolton_0002.ppm,0.911715,0.911715,0.000e0,0.999999
lfw,all,rgb,rgb/John_Bolton_0003.ppm,0.878442,0.878442,0.000e0,1.000000
lfw,all,rgb,rgb/John_Bolton_0004.ppm,0.916066,0.916066,0.000e0,0.999999
lfw,all,rgb,rgb/John_Bolton_0005.ppm,0.902869,0.902869,0.000e0,1.000000
lfw,all,rgb,rgb/John_Bolton_0006.ppm,0.903844,0.903844,1.192e-7,1.000000
lfw,all,rgb,rgb/John_Bolton_0007.ppm,0.903575,0.903575,5.960e-8,1.000000
lfw,all,rgb,rgb/John_Bolton_0008.ppm,0.926926,0.926926,1.192e-7,1.000000
lfw,all,rgb,rgb/John_Bolton_0009.ppm,0.897201,0.897201,0.000e0,1.000000
lfw,all,rgb,rgb/John_Bolton_0010.ppm,0.925256,0.925256,0.000e0,1.000000
lfw,all,rgb,rgb/John_Bolton_0011.ppm,0.912223,0.912223,0.000e0,1.000000
lfw,all,rgb,rgb/John_Bolton_0012.ppm,0.912300,0.912300,1.192e-7,1.000000
lfw,all,rgb,rgb/John_Bolton_0013.ppm,0.938333,0.938333,1.192e-7,1.000000
lfw,all,rgb,rgb/John_Bolton_0014.ppm,0.913290,0.913290,0.000e0,1.000000
lfw,all,rgb,rgb/John_Bolton_0015.ppm,0.866994,0.866994,0.000e0,1.000000
lfw,all,rgb,rgb/John_Bolton_0016.ppm,0.820219,0.820219,5.960e-8,1.000000
lfw,all,rgb,rgb/John_Bolton_0017.ppm,0.888307,0.888307,0.000e0,1.000000
lfw,all,rgb,rgb/John_Bond_0001.ppm,0.928710,0.928710,5.960e-8,0.999999
lfw,all,rgb,rgb/John_Brady_0001.ppm,0.898165,0.898165,0.000e0,1.000000
lfw,all,rgb,rgb/John_Brady_0002.ppm,0.863297,0.863297,0.000e0,1.000000
lfw,all,rgb,rgb/John_Burkett_0001.ppm,0.915591,0.915591,0.000e0,1.000000
lfw,all,rgb,rgb/John_Burnett_0001.ppm,0.917583,0.917583,0.000e0,1.000000
lfw,all,rgb,rgb/John_Connolly_0001.ppm,0.928547,0.928547,0.000e0,1.000000
lfw,all,rgb,rgb/John_Coomber_0001.ppm,0.951733,0.951733,0.000e0,1.000000
lfw,all,rgb,rgb/John_Cornyn_0001.ppm,0.931637,0.931637,0.000e0,1.000000
lfw,all,rgb,rgb/John_Cruz_0001.ppm,0.970461,0.970461,1.192e-7,1.000000
lfw,all,rgb,rgb/John_Cusack_0001.ppm,0.904531,0.904531,0.000e0,1.000000
lfw,all,rgb,rgb/John_Cusack_0002.ppm,0.914710,0.914710,0.000e0,0.999999
lfw,all,rgb,rgb/John_Dallager_0001.ppm,0.932423,0.932423,0.000e0,1.000000
lfw,all,rgb,rgb/John_Daly_Jr_0001.ppm,0.947623,0.947623,0.000e0,1.000000
lfw,all,rgb,rgb/John_Danforth_0001.ppm,0.875383,0.875383,5.960e-8,1.000000
lfw,all,rgb,rgb/John_Darby_0001.ppm,0.910430,0.910430,0.000e0,1.000000
lfw,all,rgb,rgb/John_Duprey_0001.ppm,0.930393,0.930393,0.000e0,1.000000
lfw,all,rgb,rgb/John_Eastman_0001.ppm,0.965907,0.965907,0.000e0,1.000000
lfw,all,rgb,rgb/John_Eder_0001.ppm,0.945243,0.945243,0.000e0,1.000000
lfw,all,rgb,rgb/John_Edwards_0001.ppm,0.960215,0.960214,1.192e-7,1.000000
lfw,all,rgb,rgb/John_Edwards_0002.ppm,0.916343,0.916343,0.000e0,1.000000
lfw,all,rgb,rgb/John_Edwards_0003.ppm,0.955291,0.955291,0.000e0,1.000000
lfw,all,rgb,rgb/John_Edwards_0004.ppm,0.942487,0.942487,0.000e0,1.000000
lfw,all,rgb,rgb/John_Edwards_0005.ppm,0.932513,0.932513,5.960e-8,1.000000
lfw,all,rgb,rgb/John_Edwards_0006.ppm,0.967148,0.967148,0.000e0,1.000000
lfw,all,rgb,rgb/John_Edwards_0007.ppm,0.917212,0.917212,0.000e0,1.000000
lfw,all,rgb,rgb/John_Edwards_0008.ppm,0.908657,0.908657,0.000e0,1.000000
lfw,all,rgb,rgb/John_Elway_0001.ppm,0.937045,0.937045,0.000e0,1.000000
lfw,all,rgb,rgb/John_Engler_0001.ppm,0.893809,0.893809,1.788e-7,1.000000
lfw,all,rgb,rgb/John_F_Kennedy_Jr_0001.ppm,0.957504,0.957504,5.960e-8,0.999999
lfw,all,rgb,rgb/John_F_Kennedy_Jr_0002.ppm,0.948018,0.948018,0.000e0,1.000000
lfw,all,rgb,rgb/John_Fenn_0001.ppm,0.922793,0.922793,0.000e0,0.999999
lfw,all,rgb,rgb/John_Ferguson_0001.ppm,0.943209,0.943209,0.000e0,1.000000
lfw,all,rgb,rgb/John_Fox_0001.ppm,0.867144,0.867144,0.000e0,1.000000
lfw,all,rgb,rgb/John_Franco_0001.ppm,0.969739,0.969739,0.000e0,1.000000
lfw,all,rgb,rgb/John_Garamendi_0001.ppm,0.910641,0.910641,0.000e0,1.000000
lfw,all,rgb,rgb/John_Garamendi_0002.ppm,0.954903,0.954903,1.192e-7,1.000000
lfw,all,rgb,rgb/John_Geoghan_0001.ppm,0.942969,0.942969,0.000e0,1.000000
lfw,all,rgb,rgb/John_Goold_0001.ppm,0.890471,0.890471,0.000e0,1.000000
lfw,all,rgb,rgb/John_Gordnick_0001.ppm,0.925366,0.925366,2.384e-7,1.000000
lfw,all,rgb,rgb/John_Gruden_0001.ppm,0.908816,0.908816,1.192e-7,1.000000
lfw,all,rgb,rgb/John_Hartson_0001.ppm,0.831714,0.831714,1.788e-7,1.000000
lfw,all,rgb,rgb/John_Henry_0001.ppm,0.900023,0.900023,1.192e-7,1.000000
lfw,all,rgb,rgb/John_Herrington_0001.ppm,0.917129,0.917129,1.192e-7,1.000000
lfw,all,rgb,rgb/John_Howard_0001.ppm,0.920374,0.920374,5.960e-8,1.000000
lfw,all,rgb,rgb/John_Howard_0002.ppm,0.936882,0.936882,1.192e-7,1.000000
lfw,all,rgb,rgb/John_Howard_0003.ppm,0.915902,0.915902,0.000e0,0.999999
lfw,all,rgb,rgb/John_Howard_0004.ppm,0.910814,0.910814,0.000e0,1.000000
lfw,all,rgb,rgb/John_Howard_0005.ppm,0.841308,0.841308,1.788e-7,1.000000
lfw,all,rgb,rgb/John_Howard_0006.ppm,0.812041,0.812041,1.788e-7,1.000000
lfw,all,rgb,rgb/John_Howard_0007.ppm,0.896172,0.896172,0.000e0,1.000000
lfw,all,rgb,rgb/John_Howard_0008.ppm,0.908520,0.908520,5.960e-8,0.999999
lfw,all,rgb,rgb/John_Howard_0009.ppm,0.965951,0.965951,0.000e0,1.000000
lfw,all,rgb,rgb/John_Howard_0010.ppm,0.917408,0.917409,1.192e-7,1.000000
lfw,all,rgb,rgb/John_Howard_0011.ppm,0.828464,0.828464,0.000e0,1.000000
lfw,all,rgb,rgb/John_Howard_0012.ppm,0.951021,0.951021,5.960e-8,1.000000
lfw,all,rgb,rgb/John_Howard_0013.ppm,0.892922,0.892922,5.960e-8,1.000000
lfw,all,rgb,rgb/John_Howard_0014.ppm,0.942513,0.942513,0.000e0,1.000000
lfw,all,rgb,rgb/John_Howard_0015.ppm,0.901724,0.901724,0.000e0,1.000000
lfw,all,rgb,rgb/John_Howard_0016.ppm,0.935954,0.935954,5.960e-8,1.000000
lfw,all,rgb,rgb/John_Howard_0017.ppm,0.908786,0.908786,0.000e0,1.000000
lfw,all,rgb,rgb/John_Howard_0018.ppm,0.921268,0.921268,1.192e-7,1.000000
lfw,all,rgb,rgb/John_Howard_0019.ppm,0.920814,0.920814,1.192e-7,1.000000
lfw,all,rgb,rgb/John_Jones_0001.ppm,0.904671,0.904671,1.788e-7,1.000000
lfw,all,rgb,rgb/John_Jumper_0001.ppm,0.943125,0.943125,0.000e0,1.000000
lfw,all,rgb,rgb/John_Jumper_0002.ppm,0.947357,0.947357,1.192e-7,1.000000
lfw,all,rgb,rgb/John_Kerr_0001.ppm,0.968600,0.968600,0.000e0,1.000000
lfw,all,rgb,rgb/John_Kerry_0001.ppm,0.934519,0.934519,0.000e0,1.000000
lfw,all,rgb,rgb/John_Kerry_0002.ppm,0.821179,0.821179,0.000e0,1.000000
lfw,all,rgb,rgb/John_Kerry_0003.ppm,0.879161,0.879161,0.000e0,1.000000
lfw,all,rgb,rgb/John_Kerry_0004.ppm,0.892596,0.892596,0.000e0,1.000000
lfw,all,rgb,rgb/John_Kerry_0005.ppm,0.910996,0.910996,0.000e0,1.000000
lfw,all,rgb,rgb/John_Kerry_0006.ppm,0.922618,0.922618,0.000e0,1.000000
lfw,all,rgb,rgb/John_Kerry_0007.ppm,0.902626,0.902626,1.192e-7,1.000000
lfw,all,rgb,rgb/John_Kerry_0008.ppm,0.934632,0.934632,0.000e0,1.000000
lfw,all,rgb,rgb/John_Kerry_0009.ppm,0.897822,0.897822,0.000e0,1.000000
lfw,all,rgb,rgb/John_Kerry_0010.ppm,0.902414,0.902414,5.960e-8,1.000000
lfw,all,rgb,rgb/John_Kerry_0011.ppm,0.903400,0.903400,1.192e-7,1.000000
lfw,all,rgb,rgb/John_Kerry_0012.ppm,0.884041,0.884041,0.000e0,1.000000
lfw,all,rgb,rgb/John_Kerry_0013.ppm,0.870875,0.870875,0.000e0,1.000000
lfw,all,rgb,rgb/John_Kerry_0014.ppm,0.908989,0.908989,5.960e-8,1.000000
lfw,all,rgb,rgb/John_Kerry_0015.ppm,0.904021,0.904021,0.000e0,1.000000
lfw,all,rgb,rgb/John_Kerry_0016.ppm,0.862347,0.862347,5.960e-8,1.000000
lfw,all,rgb,rgb/John_Kerry_0017.ppm,0.923207,0.923207,1.192e-7,1.000000
lfw,all,rgb,rgb/John_Lawrence_0001.ppm,0.937648,0.937648,5.960e-8,1.000000
lfw,all,rgb,rgb/John_Leguizamo_0001.ppm,0.927333,0.927333,5.960e-8,0.999999
lfw,all,rgb,rgb/John_Lennon_0001.ppm,0.962494,0.962494,0.000e0,1.000000
lfw,all,rgb,rgb/John_Lisowski_0001.ppm,0.861486,0.861486,0.000e0,1.000000
lfw,all,rgb,rgb/John_Lithgow_0001.ppm,0.889777,0.889777,0.000e0,1.000000
lfw,all,rgb,rgb/John_Lynch_0001.ppm,0.960982,0.960982,0.000e0,1.000000
lfw,all,rgb,rgb/John_Mabry_0001.ppm,0.943259,0.943259,0.000e0,1.000000
lfw,all,rgb,rgb/John_Madden_0001.ppm,0.942917,0.942917,0.000e0,1.000000
lfw,all,rgb,rgb/John_Malkovich_0001.ppm,0.928861,0.928861,0.000e0,1.000000
lfw,all,rgb,rgb/John_Malkovich_0002.ppm,0.946717,0.946717,0.000e0,1.000000
lfw,all,rgb,rgb/John_Malkovich_0003.ppm,0.949292,0.949292,1.192e-7,1.000000
lfw,all,rgb,rgb/John_Manley_0001.ppm,0.929549,0.929549,0.000e0,0.999999
lfw,all,rgb,rgb/John_Manley_0002.ppm,0.946309,0.946309,1.192e-7,1.000000
lfw,all,rgb,rgb/John_Manley_0003.ppm,0.919992,0.919992,0.000e0,0.999999
lfw,all,rgb,rgb/John_Manley_0004.ppm,0.923534,0.923534,0.000e0,1.000000
lfw,all,rgb,rgb/John_Manley_0005.ppm,0.975394,0.975394,0.000e0,0.999999
lfw,all,rgb,rgb/John_Manley_0006.ppm,0.886957,0.886957,1.192e-7,1.000000
lfw,all,rgb,rgb/John_Manley_0007.ppm,0.964443,0.964443,0.000e0,1.000000
lfw,all,rgb,rgb/John_Marburger_0001.ppm,0.932256,0.932256,1.192e-7,1.000000
lfw,all,rgb,rgb/John_Mayer_0001.ppm,0.952998,0.952998,0.000e0,1.000000
lfw,all,rgb,rgb/John_Mayer_0002.ppm,0.943116,0.943116,5.960e-8,1.000000
lfw,all,rgb,rgb/John_Mayer_0003.ppm,0.950744,0.950744,0.000e0,1.000000
lfw,all,rgb,rgb/John_McCain_0001.ppm,0.946285,0.946285,0.000e0,1.000000
lfw,all,rgb,rgb/John_McCain_0002.ppm,0.929032,0.929032,0.000e0,1.000000
lfw,all,rgb,rgb/John_McCain_0003.ppm,0.921811,0.921811,5.960e-8,1.000000
lfw,all,rgb,rgb/John_McCain_0004.ppm,0.937331,0.937331,0.000e0,1.000000
lfw,all,rgb,rgb/John_McCain_0005.ppm,0.912331,0.912331,5.960e-8,1.000000
lfw,all,rgb,rgb/John_McCain_0006.ppm,0.904764,0.904764,1.192e-7,1.000000
lfw,all,rgb,rgb/John_McCain_0007.ppm,0.943170,0.943170,1.192e-7,1.000000
lfw,all,rgb,rgb/John_McCallum_0001.ppm,0.963376,0.963376,1.192e-7,1.000000
lfw,all,rgb,rgb/John_McCallum_0002.ppm,0.941251,0.941251,0.000e0,1.000000
lfw,all,rgb,rgb/John_McCormack_0001.ppm,0.892950,0.892950,0.000e0,1.000000
lfw,all,rgb,rgb/John_McCormack_0002.ppm,0.907336,0.907336,0.000e0,1.000000
lfw,all,rgb,rgb/John_McEnroe_0001.ppm,0.831593,0.831593,5.960e-8,1.000000
lfw,all,rgb,rgb/John_McEnroe_0002.ppm,0.901761,0.901761,0.000e0,1.000000
lfw,all,rgb,rgb/John_McKay_0001.ppm,0.955414,0.955414,0.000e0,1.000000
lfw,all,rgb,rgb/John_Moe_0001.ppm,0.896803,0.896803,0.000e0,1.000000
lfw,all,rgb,rgb/John_Moxley_0001.ppm,0.930422,0.930422,0.000e0,1.000000
lfw,all,rgb,rgb/John_Nash_0001.ppm,0.919269,0.919269,5.960e-8,1.000000
lfw,all,rgb,rgb/John_Negroponte_0001.ppm,0.870665,0.870665,5.960e-8,1.000000
lfw,all,rgb,rgb/John_Negroponte_0002.ppm,0.918762,0.918762,1.192e-7,1.000000
lfw,all,rgb,rgb/John_Negroponte_0003.ppm,0.907795,0.907795,0.000e0,1.000000
lfw,all,rgb,rgb/John_Negroponte_0004.ppm,0.969712,0.969712,0.000e0,0.999999
lfw,all,rgb,rgb/John_Negroponte_0005.ppm,0.934888,0.934888,0.000e0,1.000000
lfw,all,rgb,rgb/John_Negroponte_0006.ppm,0.880405,0.880405,0.000e0,1.000000
lfw,all,rgb,rgb/John_Negroponte_0007.ppm,0.901300,0.901300,1.192e-7,0.999999
lfw,all,rgb,rgb/John_Negroponte_0008.ppm,0.949009,0.949009,1.192e-7,1.000000
lfw,all,rgb,rgb/John_Negroponte_0009.ppm,0.923404,0.923404,0.000e0,1.000000
lfw,all,rgb,rgb/John_Negroponte_0010.ppm,0.935451,0.935451,1.192e-7,1.000000
lfw,all,rgb,rgb/John_Negroponte_0011.ppm,0.957364,0.957364,1.192e-7,0.999999
lfw,all,rgb,rgb/John_Negroponte_0012.ppm,0.911159,0.911159,0.000e0,1.000000
lfw,all,rgb,rgb/John_Negroponte_0013.ppm,0.916479,0.916479,5.960e-8,1.000000
lfw,all,rgb,rgb/John_Negroponte_0014.ppm,0.945618,0.945618,1.192e-7,1.000000
lfw,all,rgb,rgb/John_Negroponte_0015.ppm,0.914479,0.914479,1.192e-7,1.000000
lfw,all,rgb,rgb/John_Negroponte_0016.ppm,0.883318,0.883318,0.000e0,0.999999
lfw,all,rgb,rgb/John_Negroponte_0017.ppm,0.894482,0.894482,0.000e0,1.000000
lfw,all,rgb,rgb/John_Negroponte_0018.ppm,0.900567,0.900567,0.000e0,1.000000
lfw,all,rgb,rgb/John_Negroponte_0019.ppm,0.923362,0.923362,5.960e-8,1.000000
lfw,all,rgb,rgb/John_Negroponte_0020.ppm,0.910537,0.910537,0.000e0,1.000000
lfw,all,rgb,rgb/John_Negroponte_0021.ppm,0.926782,0.926782,5.960e-8,1.000000
lfw,all,rgb,rgb/John_Negroponte_0022.ppm,0.929347,0.929347,0.000e0,1.000000
lfw,all,rgb,rgb/John_Negroponte_0023.ppm,0.925141,0.925141,1.192e-7,0.999999
lfw,all,rgb,rgb/John_Negroponte_0024.ppm,0.947721,0.947721,0.000e0,1.000000
lfw,all,rgb,rgb/John_Negroponte_0025.ppm,0.918963,0.918963,1.192e-7,1.000000
lfw,all,rgb,rgb/John_Negroponte_0026.ppm,0.933621,0.933621,0.000e0,1.000000
lfw,all,rgb,rgb/John_Negroponte_0027.ppm,0.931655,0.931655,0.000e0,1.000000
lfw,all,rgb,rgb/John_Negroponte_0028.ppm,0.924492,0.924492,1.192e-7,1.000000
lfw,all,rgb,rgb/John_Negroponte_0029.ppm,0.892385,0.892385,0.000e0,0.999999
lfw,all,rgb,rgb/John_Negroponte_0030.ppm,0.952295,0.952295,1.192e-7,1.000000
lfw,all,rgb,rgb/John_Negroponte_0031.ppm,0.915834,0.915834,0.000e0,1.000000
lfw,all,rgb,rgb/John_Nimmo_0001.ppm,0.936310,0.936310,0.000e0,1.000000
lfw,all,rgb,rgb/John_Norquist_0001.ppm,0.948149,0.948149,1.192e-7,1.000000
lfw,all,rgb,rgb/John_Paul_DeJoria_0001.ppm,0.904244,0.904244,1.192e-7,1.000000
lfw,all,rgb,rgb/John_Paul_II_0001.ppm,0.916838,0.916838,0.000e0,1.000000
lfw,all,rgb,rgb/John_Paul_II_0002.ppm,0.834907,0.834907,0.000e0,1.000000
lfw,all,rgb,rgb/John_Paul_II_0003.ppm,0.896875,0.896874,1.192e-7,1.000000
lfw,all,rgb,rgb/John_Paul_II_0004.ppm,0.893627,0.893627,0.000e0,1.000000
lfw,all,rgb,rgb/John_Paul_II_0005.ppm,0.923644,0.923645,1.192e-7,1.000000
lfw,all,rgb,rgb/John_Paul_II_0006.ppm,0.906841,0.906841,0.000e0,1.000000
lfw,all,rgb,rgb/John_Paul_II_0007.ppm,0.910114,0.910114,1.192e-7,1.000000
lfw,all,rgb,rgb/John_Paul_II_0008.ppm,0.919652,0.919652,0.000e0,1.000000
lfw,all,rgb,rgb/John_Paul_II_0009.ppm,0.941522,0.941522,0.000e0,1.000000
lfw,all,rgb,rgb/John_Paul_II_0010.ppm,0.932230,0.932230,0.000e0,1.000000
lfw,all,rgb,rgb/John_Paul_II_0011.ppm,0.952619,0.952619,1.192e-7,1.000000
lfw,all,rgb,rgb/John_Perrota_0001.ppm,0.915525,0.915525,0.000e0,1.000000
lfw,all,rgb,rgb/John_Petty_0001.ppm,0.923179,0.923179,0.000e0,1.000000
lfw,all,rgb,rgb/John_Philip_Elkann_0001.ppm,0.943758,0.943758,0.000e0,1.000000
lfw,all,rgb,rgb/John_Prescott_0001.ppm,0.893927,0.893927,0.000e0,1.000000
lfw,all,rgb,rgb/John_Reid_0001.ppm,0.949824,0.949824,1.192e-7,1.000000
lfw,all,rgb,rgb/John_Reid_0002.ppm,0.950082,0.950082,0.000e0,1.000000
lfw,all,rgb,rgb/John_Reid_0003.ppm,0.913654,0.913654,0.000e0,1.000000
lfw,all,rgb,rgb/John_Reilly_0001.ppm,0.943487,0.943487,0.000e0,1.000000
lfw,all,rgb,rgb/John_Reilly_0002.ppm,0.934177,0.934176,1.192e-7,1.000000
lfw,all,rgb,rgb/John_Richardson_0001.ppm,0.930847,0.930847,0.000e0,1.000000
lfw,all,rgb,rgb/John_Rigas_0001.ppm,0.934075,0.934075,0.000e0,1.000000
lfw,all,rgb,rgb/John_Rigas_0002.ppm,0.966899,0.966899,0.000e0,1.000000
lfw,all,rgb,rgb/John_Robbins_0001.ppm,0.905894,0.905894,1.192e-7,1.000000
lfw,all,rgb,rgb/John_Rosa_0001.ppm,0.883499,0.883499,0.000e0,1.000000
lfw,all,rgb,rgb/John_Rosa_0002.ppm,0.930921,0.930921,0.000e0,1.000000
lfw,all,rgb,rgb/John_Rosa_0003.ppm,0.964410,0.964410,0.000e0,1.000000
lfw,all,rgb,rgb/John_Rowe_0001.ppm,0.929430,0.929430,0.000e0,1.000000
lfw,all,rgb,rgb/John_Rowland_0001.ppm,0.936078,0.936078,0.000e0,1.000000
lfw,all,rgb,rgb/John_Rowland_0002.ppm,0.922794,0.922794,0.000e0,1.000000
lfw,all,rgb,rgb/John_Ruiz_0001.ppm,0.942149,0.942149,0.000e0,1.000000
lfw,all,rgb,rgb/John_Ruiz_0002.ppm,0.937693,0.937693,0.000e0,1.000000
lfw,all,rgb,rgb/John_Rusnak_0001.ppm,0.940006,0.940006,0.000e0,1.000000
lfw,all,rgb,rgb/John_Salazar_0001.ppm,0.924365,0.924365,0.000e0,1.000000
lfw,all,rgb,rgb/John_Scarlett_0001.ppm,0.943157,0.943157,0.000e0,1.000000
lfw,all,rgb,rgb/John_Sidgmore_0001.ppm,0.938327,0.938328,1.192e-7,0.999999
lfw,all,rgb,rgb/John_Snow_0001.ppm,0.928190,0.928190,0.000e0,1.000000
lfw,all,rgb,rgb/John_Snow_0002.ppm,0.879045,0.879045,0.000e0,1.000000
lfw,all,rgb,rgb/John_Snow_0003.ppm,0.945339,0.945339,1.192e-7,1.000000
lfw,all,rgb,rgb/John_Snow_0004.ppm,0.924504,0.924504,5.960e-8,1.000000
lfw,all,rgb,rgb/John_Snow_0005.ppm,0.925368,0.925368,0.000e0,0.999999
lfw,all,rgb,rgb/John_Snow_0006.ppm,0.947527,0.947527,0.000e0,1.000000
lfw,all,rgb,rgb/John_Snow_0007.ppm,0.934371,0.934371,1.788e-7,1.000000
lfw,all,rgb,rgb/John_Snow_0008.ppm,0.932398,0.932398,0.000e0,1.000000
lfw,all,rgb,rgb/John_Snow_0009.ppm,0.877801,0.877801,0.000e0,1.000000
lfw,all,rgb,rgb/John_Snow_0010.ppm,0.941639,0.941639,0.000e0,1.000000
lfw,all,rgb,rgb/John_Snow_0011.ppm,0.919299,0.919299,0.000e0,1.000000
lfw,all,rgb,rgb/John_Snow_0012.ppm,0.909328,0.909328,1.192e-7,1.000000
lfw,all,rgb,rgb/John_Snow_0013.ppm,0.912319,0.912319,5.960e-8,1.000000
lfw,all,rgb,rgb/John_Snow_0014.ppm,0.948847,0.948847,5.960e-8,1.000000
lfw,all,rgb,rgb/John_Snow_0015.ppm,0.944755,0.944755,1.192e-7,0.999999
lfw,all,rgb,rgb/John_Snow_0016.ppm,0.927184,0.927184,1.192e-7,1.000000
lfw,all,rgb,rgb/John_Snow_0017.ppm,0.926540,0.926540,0.000e0,1.000000
lfw,all,rgb,rgb/John_Spencer_0001.ppm,0.942300,0.942300,0.000e0,0.999999
lfw,all,rgb,rgb/John_Spencer_0002.ppm,0.927539,0.927539,0.000e0,1.000000
lfw,all,rgb,rgb/John_Stallworth_0001.ppm,0.903702,0.903702,1.192e-7,1.000000
lfw,all,rgb,rgb/John_Stallworth_0002.ppm,0.848729,0.848729,1.192e-7,1.000000
lfw,all,rgb,rgb/John_Starks_0001.ppm,0.841633,0.841633,5.960e-8,1.000000
lfw,all,rgb,rgb/John_Stockton_0001.ppm,0.899179,0.899179,0.000e0,0.999999
lfw,all,rgb,rgb/John_Stockton_0002.ppm,0.921762,0.921762,0.000e0,1.000000
lfw,all,rgb,rgb/John_Stockton_0003.ppm,0.901294,0.901294,1.192e-7,0.999999
lfw,all,rgb,rgb/John_Stockton_0004.ppm,0.939299,0.939299,1.192e-7,1.000000
lfw,all,rgb,rgb/John_Stockton_0005.ppm,0.855446,0.855445,1.788e-7,1.000000
lfw,all,rgb,rgb/John_Sununu_0001.ppm,0.878541,0.878541,0.000e0,1.000000
lfw,all,rgb,rgb/John_Sweeney_0001.ppm,0.963727,0.963727,0.000e0,1.000000
lfw,all,rgb,rgb/John_Swofford_0001.ppm,0.941724,0.941725,1.192e-7,1.000000
lfw,all,rgb,rgb/John_Swofford_0002.ppm,0.918055,0.918055,0.000e0,1.000000
lfw,all,rgb,rgb/John_Swofford_0003.ppm,0.939070,0.939070,0.000e0,1.000000
lfw,all,rgb,rgb/John_Taylor_0001.ppm,0.871154,0.871154,1.192e-7,1.000000
lfw,all,rgb,rgb/John_Taylor_0002.ppm,0.940779,0.940779,1.192e-7,1.000000
lfw,all,rgb,rgb/John_Thune_0001.ppm,0.733156,0.733156,1.192e-7,1.000000
lfw,all,rgb,rgb/John_Timoney_0001.ppm,0.926892,0.926892,1.192e-7,1.000000
lfw,all,rgb,rgb/John_Timoney_0002.ppm,0.934744,0.934744,1.192e-7,1.000000
lfw,all,rgb,rgb/John_Travolta_0001.ppm,0.914111,0.914111,0.000e0,1.000000
lfw,all,rgb,rgb/John_Travolta_0002.ppm,0.901815,0.901816,5.960e-8,1.000000
lfw,all,rgb,rgb/John_Travolta_0003.ppm,0.901448,0.901448,0.000e0,1.000000
lfw,all,rgb,rgb/John_Travolta_0004.ppm,0.940774,0.940774,1.192e-7,0.999999
lfw,all,rgb,rgb/John_Travolta_0005.ppm,0.913588,0.913588,1.192e-7,1.000000
lfw,all,rgb,rgb/John_Travolta_0006.ppm,0.905374,0.905373,5.960e-8,1.000000
lfw,all,rgb,rgb/John_Travolta_0007.ppm,0.899975,0.899975,1.192e-7,1.000000
lfw,all,rgb,rgb/John_Tyson_0001.ppm,0.965580,0.965580,0.000e0,1.000000
lfw,all,rgb,rgb/John_Velazquez_0001.ppm,0.786653,0.786653,0.000e0,0.999999
lfw,all,rgb,rgb/John_Walsh_0001.ppm,0.923835,0.923835,0.000e0,1.000000
lfw,all,rgb,rgb/John_Walsh_0002.ppm,0.964398,0.964398,1.192e-7,1.000000
lfw,all,rgb,rgb/John_Warner_0001.ppm,0.923322,0.923322,0.000e0,1.000000
lfw,all,rgb,rgb/John_Warner_0002.ppm,0.909668,0.909668,1.192e-7,1.000000
lfw,all,rgb,rgb/John_Warner_0003.ppm,0.906438,0.906438,1.192e-7,1.000000
lfw,all,rgb,rgb/John_Warner_0004.ppm,0.909614,0.909614,0.000e0,1.000000
lfw,all,rgb,rgb/John_Wayne_0001.ppm,0.816074,0.816074,1.788e-7,1.000000
lfw,all,rgb,rgb/John_White_0001.ppm,0.929009,0.929009,0.000e0,1.000000
lfw,all,rgb,rgb/John_Williams_0001.ppm,0.935003,0.935003,0.000e0,1.000000
lfw,all,rgb,rgb/John_Wolf_0001.ppm,0.968382,0.968382,1.192e-7,1.000000
lfw,all,rgb,rgb/John_Wolf_0002.ppm,0.958119,0.958119,0.000e0,1.000000
lfw,all,rgb,rgb/John_Wright_0001.ppm,0.923266,0.923266,0.000e0,1.000000
lfw,all,rgb,rgb/Johnnie_Lynn_0001.ppm,0.918295,0.918295,1.192e-7,1.000000
lfw,all,rgb,rgb/Johnny_Benson_0001.ppm,0.896961,0.896961,5.960e-8,1.000000
lfw,all,rgb,rgb/Johnny_Carson_0001.ppm,0.939721,0.939721,0.000e0,1.000000
lfw,all,rgb,rgb/Johnny_Carson_0002.ppm,0.936412,0.936412,0.000e0,1.000000
lfw,all,rgb,rgb/Johnny_Depp_0001.ppm,0.893127,0.893128,1.192e-7,1.000000
lfw,all,rgb,rgb/Johnny_Depp_0002.ppm,0.888922,0.888922,1.192e-7,1.000000
lfw,all,rgb,rgb/Johnny_Hallyday_0001.ppm,0.933957,0.933957,0.000e0,1.000000
lfw,all,rgb,rgb/Johnny_Htu_0001.ppm,0.957219,0.957219,0.000e0,1.000000
lfw,all,rgb,rgb/Johnny_Tapia_0001.ppm,0.939350,0.939350,0.000e0,1.000000
lfw,all,rgb,rgb/Johnny_Tapia_0002.ppm,0.959739,0.959739,1.192e-7,1.000000
lfw,all,rgb,rgb/Johnny_Tapia_0003.ppm,0.857653,0.857653,0.000e0,1.000000
lfw,all,rgb,rgb/Johnny_Unitas_0001.ppm,0.919033,0.919033,1.192e-7,1.000000
lfw,all,rgb,rgb/Johnny_Unitas_0002.ppm,0.938783,0.938783,1.192e-7,0.999999
lfw,all,rgb,rgb/Johnson_Panjaitan_0001.ppm,0.967112,0.967112,0.000e0,1.000000
lfw,all,rgb,rgb/Johnson_Panjaitan_0002.ppm,0.951174,0.951174,0.000e0,0.999999
lfw,all,rgb,rgb/Jolanta_Kwasniewski_0001.ppm,0.937297,0.937297,0.000e0,1.000000
lfw,all,rgb,rgb/Jolanta_Kwasniewski_0002.ppm,0.960125,0.960125,1.192e-7,1.000000
lfw,all,rgb,rgb/Jon_Constance_0001.ppm,0.908839,0.908839,0.000e0,1.000000
lfw,all,rgb,rgb/Jon_Corzine_0001.ppm,0.908859,0.908859,0.000e0,1.000000
lfw,all,rgb,rgb/Jon_Corzine_0002.ppm,0.844998,0.844998,0.000e0,0.999999
lfw,all,rgb,rgb/Jon_Corzine_0003.ppm,0.860476,0.860476,0.000e0,1.000000
lfw,all,rgb,rgb/Jon_Gruden_0001.ppm,0.909857,0.909857,5.960e-8,1.000000
lfw,all,rgb,rgb/Jon_Gruden_0002.ppm,0.933848,0.933848,0.000e0,1.000000
lfw,all,rgb,rgb/Jon_Gruden_0003.ppm,0.912013,0.912013,0.000e0,1.000000
lfw,all,rgb,rgb/Jon_Gruden_0004.ppm,0.948755,0.948755,1.192e-7,1.000000
lfw,all,rgb,rgb/Jon_Gruden_0005.ppm,0.892020,0.892020,0.000e0,1.000000
lfw,all,rgb,rgb/Jon_Gruden_0006.ppm,0.924500,0.924500,1.192e-7,1.000000
lfw,all,rgb,rgb/Jon_Gruden_0007.ppm,0.933998,0.933998,0.000e0,1.000000
lfw,all,rgb,rgb/Jon_Kitna_0001.ppm,0.909021,0.909021,0.000e0,1.000000
lfw,all,rgb,rgb/Jon_Stewart_0001.ppm,0.834534,0.834534,5.960e-8,1.000000
lfw,all,rgb,rgb/Jon_Voight_0001.ppm,0.957133,0.957133,0.000e0,1.000000
lfw,all,rgb,rgb/Jon_Voight_0002.ppm,0.939302,0.939302,1.192e-7,1.000000
lfw,all,rgb,rgb/Jon_Voight_0003.ppm,0.938099,0.938099,5.960e-8,1.000000
lfw,all,rgb,rgb/Jonathan_Arden_0001.ppm,0.903999,0.904000,1.192e-7,1.000000
lfw,all,rgb,rgb/Jonathan_Byrd_0001.ppm,0.932478,0.932478,0.000e0,1.000000
lfw,all,rgb,rgb/Jonathan_Edwards_0001.ppm,0.934860,0.934861,1.192e-7,1.000000
lfw,all,rgb,rgb/Jonathan_Edwards_0002.ppm,0.956088,0.956089,1.192e-7,1.000000
lfw,all,rgb,rgb/Jonathan_Edwards_0003.ppm,0.944894,0.944894,1.192e-7,0.999999
lfw,all,rgb,rgb/Jonathan_Edwards_0004.ppm,0.927333,0.927333,0.000e0,1.000000
lfw,all,rgb,rgb/Jonathan_Edwards_0005.ppm,0.971189,0.971189,5.960e-8,1.000000
lfw,all,rgb,rgb/Jonathan_Edwards_0006.ppm,0.937344,0.937344,0.000e0,1.000000
lfw,all,rgb,rgb/Jonathan_Edwards_0007.ppm,0.908414,0.908414,0.000e0,1.000000
lfw,all,rgb,rgb/Jonathan_Edwards_0008.ppm,0.956664,0.956664,0.000e0,1.000000
lfw,all,rgb,rgb/Jonathan_Fine_0001.ppm,0.935868,0.935868,5.960e-8,1.000000
lfw,all,rgb,rgb/Jonathan_Horton_0001.ppm,0.940833,0.940833,0.000e0,1.000000
lfw,all,rgb,rgb/Jonathan_Karsh_0001.ppm,0.969528,0.969528,2.384e-7,1.000000
lfw,all,rgb,rgb/Jonathan_Mostow_0001.ppm,0.910975,0.910976,5.960e-8,1.000000
lfw,all,rgb,rgb/Jonathan_Mostow_0002.ppm,0.908473,0.908473,0.000e0,1.000000
lfw,all,rgb,rgb/Jonathan_Schroeder_0001.ppm,0.913948,0.913948,5.960e-8,1.000000
lfw,all,rgb,rgb/Jonathan_Tiomkin_0001.ppm,0.961195,0.961195,0.000e0,1.000000
lfw,all,rgb,rgb/Jonathan_Woodgate_0001.ppm,0.935225,0.935225,1.192e-7,1.000000
lfw,all,rgb,rgb/Jong_Thae_Hwa_0001.ppm,0.920605,0.920605,1.192e-7,1.000000
lfw,all,rgb,rgb/Jong_Thae_Hwa_0002.ppm,0.901091,0.901091,0.000e0,1.000000
lfw,all,rgb,rgb/Jong_Wook_Lee_0001.ppm,0.928815,0.928815,0.000e0,1.000000
lfw,all,rgb,rgb/Jong_Wook_Lee_0002.ppm,0.958285,0.958285,0.000e0,1.000000
lfw,all,rgb,rgb/Jong_Wook_Lee_0003.ppm,0.965056,0.965056,0.000e0,1.000000
lfw,all,rgb,rgb/Jong_Wook_Lee_0004.ppm,0.974072,0.974072,5.960e-8,1.000000
lfw,all,rgb,rgb/Jorge_Alberto_Galindo_0001.ppm,0.963555,0.963555,0.000e0,1.000000
lfw,all,rgb,rgb/Jorge_Arce_0001.ppm,0.919899,0.919900,1.192e-7,0.999999
lfw,all,rgb,rgb/Jorge_Arce_0002.ppm,0.928554,0.928554,5.960e-8,1.000000
lfw,all,rgb,rgb/Jorge_Batlle_0001.ppm,0.904777,0.904777,0.000e0,1.000000
lfw,all,rgb,rgb/Jorge_Batlle_0002.ppm,0.934480,0.934480,0.000e0,1.000000
lfw,all,rgb,rgb/Jorge_Batlle_0003.ppm,0.863582,0.863582,5.960e-8,0.999999
lfw,all,rgb,rgb/Jorge_Castaneda_0001.ppm,0.921069,0.921069,1.192e-7,1.000000
lfw,all,rgb,rgb/Jorge_Castaneda_0002.ppm,0.967919,0.967919,1.192e-7,1.000000
lfw,all,rgb,rgb/Jorge_Enrique_Jimenez_0001.ppm,0.923093,0.923093,0.000e0,1.000000
lfw,all,rgb,rgb/Jorge_Marquez-Ruarte_0001.ppm,0.969778,0.969778,0.000e0,1.000000
lfw,all,rgb,rgb/Jorge_Moreno_0001.ppm,0.931826,0.931826,0.000e0,1.000000
lfw,all,rgb,rgb/Jorge_Quiroga_0001.ppm,0.935797,0.935797,0.000e0,1.000000
lfw,all,rgb,rgb/Jorge_Rodolfo_Canicoba_Corral_0001.ppm,0.941025,0.941025,0.000e0,1.000000
lfw,all,rgb,rgb/Jorge_Rodolfo_Canicoba_Corral_0002.ppm,0.970951,0.970951,0.000e0,1.000000
lfw,all,rgb,rgb/Jorge_Valdano_0001.ppm,0.947444,0.947444,5.960e-8,1.000000
lfw,all,rgb,rgb/Jorge_Valdano_0002.ppm,0.925979,0.925979,0.000e0,1.000000
lfw,all,rgb,rgb/Jorma_Huhtala_0001.ppm,0.904497,0.904497,5.960e-8,1.000000
lfw,all,rgb,rgb/Joschka_Fischer_0001.ppm,0.960204,0.960204,0.000e0,1.000000
lfw,all,rgb,rgb/Joschka_Fischer_0002.ppm,0.954834,0.954834,1.192e-7,1.000000
lfw,all,rgb,rgb/Joschka_Fischer_0003.ppm,0.943426,0.943426,0.000e0,1.000000
lfw,all,rgb,rgb/Joschka_Fischer_0004.ppm,0.912358,0.912358,5.960e-8,1.000000
lfw,all,rgb,rgb/Joschka_Fischer_0005.ppm,0.938955,0.938955,0.000e0,0.999999
lfw,all,rgb,rgb/Joschka_Fischer_0006.ppm,0.934562,0.934562,0.000e0,1.000000
lfw,all,rgb,rgb/Joschka_Fischer_0007.ppm,0.936210,0.936210,0.000e0,1.000000
lfw,all,rgb,rgb/Joschka_Fischer_0008.ppm,0.914611,0.914611,0.000e0,1.000000
lfw,all,rgb,rgb/Joschka_Fischer_0009.ppm,0.902620,0.902620,0.000e0,1.000000
lfw,all,rgb,rgb/Joschka_Fischer_0010.ppm,0.916278,0.916278,0.000e0,1.000000
lfw,all,rgb,rgb/Joschka_Fischer_0011.ppm,0.977172,0.977172,5.960e-8,1.000000
lfw,all,rgb,rgb/Joschka_Fischer_0012.ppm,0.912209,0.912209,0.000e0,1.000000
lfw,all,rgb,rgb/Joschka_Fischer_0013.ppm,0.955616,0.955616,0.000e0,1.000000
lfw,all,rgb,rgb/Joschka_Fischer_0014.ppm,0.904835,0.904835,0.000e0,1.000000
lfw,all,rgb,rgb/Joschka_Fischer_0015.ppm,0.904524,0.904524,5.960e-8,1.000000
lfw,all,rgb,rgb/Joschka_Fischer_0016.ppm,0.963670,0.963670,1.192e-7,1.000000
lfw,all,rgb,rgb/Joschka_Fischer_0017.ppm,0.929886,0.929886,1.192e-7,1.000000
lfw,all,rgb,rgb/Joschka_Fischer_0018.ppm,0.906361,0.906361,1.192e-7,1.000000
lfw,all,rgb,rgb/Joschka_Fischer_0019.ppm,0.942138,0.942138,0.000e0,1.000000
lfw,all,rgb,rgb/Jose_Acasuso_0001.ppm,0.964138,0.964138,0.000e0,1.000000
lfw,all,rgb,rgb/Jose_Alencar_0001.ppm,0.878272,0.878272,0.000e0,1.000000
lfw,all,rgb,rgb/Jose_Bove_0001.ppm,0.935325,0.935325,0.000e0,1.000000
lfw,all,rgb,rgb/Jose_Canseco_0001.ppm,0.911071,0.911071,1.192e-7,1.000000
lfw,all,rgb,rgb/Jose_Canseco_0002.ppm,0.908728,0.908728,0.000e0,1.000000
lfw,all,rgb,rgb/Jose_Canseco_0003.ppm,0.974683,0.974683,0.000e0,0.999999
lfw,all,rgb,rgb/Jose_Canseco_Sr_0001.ppm,0.942533,0.942533,1.192e-7,1.000000
lfw,all,rgb,rgb/Jose_Carlo_Fernandez_0001.ppm,0.939162,0.939162,1.788e-7,1.000000
lfw,all,rgb,rgb/Jose_Carreras_0001.ppm,0.918336,0.918336,0.000e0,1.000000
lfw,all,rgb,rgb/Jose_Cevallos_0001.ppm,0.903927,0.903926,1.192e-7,1.000000
lfw,all,rgb,rgb/Jose_Dirceu_0001.ppm,0.940382,0.940382,0.000e0,1.000000
lfw,all,rgb,rgb/Jose_Dirceu_0002.ppm,0.895606,0.895606,5.960e-8,0.999999
lfw,all,rgb,rgb/Jose_Genoino_0001.ppm,0.914579,0.914579,0.000e0,1.000000
lfw,all,rgb,rgb/Jose_Jose_0001.ppm,0.944487,0.944487,0.000e0,1.000000
lfw,all,rgb,rgb/Jose_Lina_0001.ppm,0.971509,0.971509,0.000e0,1.000000
lfw,all,rgb,rgb/Jose_Lopez_Beltran_0001.ppm,0.960264,0.960264,0.000e0,1.000000
lfw,all,rgb,rgb/Jose_Luis_Chilavert_0001.ppm,0.910329,0.910329,0.000e0,1.000000
lfw,all,rgb,rgb/Jose_Luis_Rodriguez_Zapatero_0001.ppm,0.955813,0.955813,0.000e0,1.000000
lfw,all,rgb,rgb/Jose_Luis_Santiago_Vasconcelos_0001.ppm,0.929823,0.929823,0.000e0,1.000000
lfw,all,rgb,rgb/Jose_Manuel_Durao_Barroso_0001.ppm,0.901787,0.901786,1.192e-7,0.999999
lfw,all,rgb,rgb/Jose_Manuel_Durao_Barroso_0002.ppm,0.924932,0.924932,1.192e-7,0.999999
lfw,all,rgb,rgb/Jose_Manuel_Durao_Barroso_0003.ppm,0.910980,0.910980,0.000e0,1.000000
lfw,all,rgb,rgb/Jose_Manuel_Durao_Barroso_0004.ppm,0.925626,0.925626,0.000e0,1.000000
lfw,all,rgb,rgb/Jose_Manuel_Durao_Barroso_0005.ppm,0.977591,0.977591,0.000e0,1.000000
lfw,all,rgb,rgb/Jose_Manuel_Durao_Barroso_0006.ppm,0.951071,0.951071,0.000e0,0.999999
lfw,all,rgb,rgb/Jose_Maria_Aznar_0001.ppm,0.933807,0.933807,0.000e0,1.000000
lfw,all,rgb,rgb/Jose_Maria_Aznar_0002.ppm,0.933593,0.933593,0.000e0,1.000000
lfw,all,rgb,rgb/Jose_Maria_Aznar_0003.ppm,0.905627,0.905627,1.788e-7,1.000000
lfw,all,rgb,rgb/Jose_Maria_Aznar_0004.ppm,0.933578,0.933578,0.000e0,1.000000
lfw,all,rgb,rgb/Jose_Maria_Aznar_0005.ppm,0.927673,0.927673,5.960e-8,1.000000
lfw,all,rgb,rgb/Jose_Maria_Aznar_0006.ppm,0.927720,0.927720,0.000e0,1.000000
lfw,all,rgb,rgb/Jose_Maria_Aznar_0007.ppm,0.952027,0.952027,0.000e0,1.000000
lfw,all,rgb,rgb/Jose_Maria_Aznar_0008.ppm,0.924510,0.924510,0.000e0,1.000000
lfw,all,rgb,rgb/Jose_Maria_Aznar_0009.ppm,0.906615,0.906615,0.000e0,1.000000
lfw,all,rgb,rgb/Jose_Maria_Aznar_0010.ppm,0.894271,0.894271,5.960e-8,1.000000
lfw,all,rgb,rgb/Jose_Maria_Aznar_0011.ppm,0.945710,0.945710,0.000e0,1.000000
lfw,all,rgb,rgb/Jose_Maria_Aznar_0012.ppm,0.958602,0.958602,0.000e0,0.999999
lfw,all,rgb,rgb/Jose_Maria_Aznar_0013.ppm,0.954284,0.954284,1.192e-7,1.000000
lfw,all,rgb,rgb/Jose_Maria_Aznar_0014.ppm,0.939227,0.939227,0.000e0,1.000000
lfw,all,rgb,rgb/Jose_Maria_Aznar_0015.ppm,0.908005,0.908005,0.000e0,1.000000
lfw,all,rgb,rgb/Jose_Maria_Aznar_0016.ppm,0.925259,0.925259,0.000e0,1.000000
lfw,all,rgb,rgb/Jose_Maria_Aznar_0017.ppm,0.948269,0.948269,0.000e0,1.000000
lfw,all,rgb,rgb/Jose_Maria_Aznar_0018.ppm,0.910302,0.910302,0.000e0,1.000000
lfw,all,rgb,rgb/Jose_Maria_Aznar_0019.ppm,0.908000,0.908000,0.000e0,1.000000
lfw,all,rgb,rgb/Jose_Maria_Aznar_0020.ppm,0.919482,0.919482,5.960e-8,0.999999
lfw,all,rgb,rgb/Jose_Maria_Aznar_0021.ppm,0.953022,0.953022,0.000e0,1.000000
lfw,all,rgb,rgb/Jose_Maria_Aznar_0022.ppm,0.934294,0.934294,5.960e-8,1.000000
lfw,all,rgb,rgb/Jose_Maria_Aznar_0023.ppm,0.902007,0.902007,0.000e0,1.000000
lfw,all,rgb,rgb/Jose_Miguel_Aleman_0001.ppm,0.954989,0.954989,0.000e0,1.000000
lfw,all,rgb,rgb/Jose_Mourinho_0001.ppm,0.978025,0.978025,1.192e-7,1.000000
lfw,all,rgb,rgb/Jose_Mourinho_0002.ppm,0.942069,0.942069,1.192e-7,1.000000
lfw,all,rgb,rgb/Jose_Rosado_0001.ppm,0.897028,0.897028,0.000e0,0.999999
lfw,all,rgb,rgb/Jose_Santos_0001.ppm,0.944543,0.944543,0.000e0,1.000000
lfw,all,rgb,rgb/Jose_Sarney_0001.ppm,0.917630,0.917630,1.192e-7,1.000000
lfw,all,rgb,rgb/Jose_Sarney_0002.ppm,0.903024,0.903024,1.192e-7,1.000000
lfw,all,rgb,rgb/Jose_Sarney_0003.ppm,0.894511,0.894511,0.000e0,1.000000
lfw,all,rgb,rgb/Jose_Serra_0001.ppm,0.920960,0.920960,5.960e-8,1.000000
lfw,all,rgb,rgb/Jose_Serra_0002.ppm,0.930797,0.930798,5.960e-8,1.000000
lfw,all,rgb,rgb/Jose_Serra_0003.ppm,0.915135,0.915135,0.000e0,1.000000
lfw,all,rgb,rgb/Jose_Serra_0004.ppm,0.919561,0.919561,0.000e0,1.000000
lfw,all,rgb,rgb/Jose_Serra_0005.ppm,0.906269,0.906269,0.000e0,1.000000
lfw,all,rgb,rgb/Jose_Serra_0006.ppm,0.904607,0.904607,0.000e0,1.000000
lfw,all,rgb,rgb/Jose_Serra_0007.ppm,0.951019,0.951019,5.960e-8,1.000000
lfw,all,rgb,rgb/Jose_Serra_0008.ppm,0.941979,0.941979,0.000e0,1.000000
lfw,all,rgb,rgb/Jose_Serra_0009.ppm,0.924281,0.924281,1.192e-7,1.000000
lfw,all,rgb,rgb/Jose_Theodore_0001.ppm,0.918708,0.918708,0.000e0,1.000000
lfw,all,rgb,rgb/Jose_Theodore_0002.ppm,0.916709,0.916709,0.000e0,0.999999
lfw,all,rgb,rgb/Jose_Vicente_Rangel_0001.ppm,0.891481,0.891481,1.192e-7,1.000000
lfw,all,rgb,rgb/Jose_Viegas_Filho_0001.ppm,0.870647,0.870647,0.000e0,1.000000
lfw,all,rgb,rgb/Jose_Viegas_Filho_0002.ppm,0.926656,0.926656,0.000e0,1.000000
lfw,all,rgb,rgb/Jose_Woldenberg_0001.ppm,0.930079,0.930079,0.000e0,1.000000
lfw,all,rgb,rgb/Joseph_Biden_0001.ppm,0.924087,0.924087,0.000e0,1.000000
lfw,all,rgb,rgb/Joseph_Biden_0002.ppm,0.925879,0.925879,2.384e-7,1.000000
lfw,all,rgb,rgb/Joseph_Biden_0003.ppm,0.953686,0.953686,0.000e0,1.000000
lfw,all,rgb,rgb/Joseph_Biden_0004.ppm,0.943539,0.943539,0.000e0,1.000000
lfw,all,rgb,rgb/Joseph_Biden_0005.ppm,0.959975,0.959975,0.000e0,1.000000
lfw,all,rgb,rgb/Joseph_Blatter_0001.ppm,0.888915,0.888915,1.192e-7,1.000000
lfw,all,rgb,rgb/Joseph_Blatter_0002.ppm,0.935677,0.935677,0.000e0,1.000000
lfw,all,rgb,rgb/Joseph_Deiss_0001.ppm,0.883261,0.883261,0.000e0,0.999999
lfw,all,rgb,rgb/Joseph_Deiss_0002.ppm,0.948166,0.948166,1.192e-7,1.000000
lfw,all,rgb,rgb/Joseph_Deiss_0003.ppm,0.922114,0.922114,0.000e0,1.000000
lfw,all,rgb,rgb/Joseph_Estrada_0001.ppm,0.972579,0.972579,0.000e0,1.000000
lfw,all,rgb,rgb/Joseph_Estrada_0002.ppm,0.942339,0.942339,0.000e0,1.000000
lfw,all,rgb,rgb/Joseph_Estrada_0003.ppm,0.939380,0.939380,0.000e0,1.000000
lfw,all,rgb,rgb/Joseph_Estrada_0004.ppm,0.931800,0.931800,0.000e0,1.000000
lfw,all,rgb,rgb/Joseph_Fiennes_0001.ppm,0.970513,0.970513,1.192e-7,1.000000
lfw,all,rgb,rgb/Joseph_Galante_0001.ppm,0.947276,0.947276,0.000e0,1.000000
lfw,all,rgb,rgb/Joseph_Ganim_0001.ppm,0.938385,0.938385,1.192e-7,1.000000
lfw,all,rgb,rgb/Joseph_Hoy_0001.ppm,0.877933,0.877933,1.192e-7,1.000000
lfw,all,rgb,rgb/Joseph_Kabila_0001.ppm,0.893605,0.893605,0.000e0,1.000000
lfw,all,rgb,rgb/Joseph_LePore_0001.ppm,0.941748,0.941748,1.192e-7,1.000000
lfw,all,rgb,rgb/Joseph_Lopez_0001.ppm,0.962159,0.962159,0.000e0,1.000000
lfw,all,rgb,rgb/Joseph_Nacchio_0001.ppm,0.921827,0.921827,0.000e0,1.000000
lfw,all,rgb,rgb/Joseph_Ralston_0001.ppm,0.922715,0.922715,1.192e-7,1.000000
lfw,all,rgb,rgb/Joseph_Ralston_0002.ppm,0.959415,0.959415,0.000e0,1.000000
lfw,all,rgb,rgb/Joseph_Safra_0001.ppm,0.956164,0.956164,0.000e0,1.000000
lfw,all,rgb,rgb/Joseph_Salgado_0001.ppm,0.935038,0.935039,1.192e-7,0.999999
lfw,all,rgb,rgb/Josh_Childress_0001.ppm,0.934343,0.934343,1.192e-7,1.000000
lfw,all,rgb,rgb/Josh_Evans_0001.ppm,0.942282,0.942282,0.000e0,1.000000
lfw,all,rgb,rgb/Josh_Kronfeld_0001.ppm,0.882068,0.882068,5.960e-8,1.000000
lfw,all,rgb,rgb/Joshua_Davey_0001.ppm,0.922077,0.922077,0.000e0,1.000000
lfw,all,rgb,rgb/Joshua_Gracin_0001.ppm,0.893243,0.893243,0.000e0,1.000000
lfw,all,rgb,rgb/Joshua_Harapko_0001.ppm,0.988036,0.988036,0.000e0,1.000000
lfw,all,rgb,rgb/Joshua_Perper_0001.ppm,0.941745,0.941745,0.000e0,1.000000
lfw,all,rgb,rgb/Joxel_Garcia_0001.ppm,0.923853,0.923853,1.788e-7,0.999999
lfw,all,rgb,rgb/Joy_Bryant_0001.ppm,0.966665,0.966665,0.000e0,1.000000
lfw,all,rgb,rgb/Joy_Lee_Sadler_0001.ppm,0.921327,0.921327,0.000e0,1.000000
lfw,all,rgb,rgb/Juan_Antonio_Samaranch_0001.ppm,0.905369,0.905369,5.960e-8,1.000000
lfw,all,rgb,rgb/Juan_Carlos_0001.ppm,0.943673,0.943673,1.192e-7,1.000000
lfw,all,rgb,rgb/Juan_Carlos_Ferrero_0001.ppm,0.921984,0.921984,0.000e0,1.000000
lfw,all,rgb,rgb/Juan_Carlos_Ferrero_0002.ppm,0.895407,0.895407,1.192e-7,1.000000
lfw,all,rgb,rgb/Juan_Carlos_Ferrero_0003.ppm,0.956058,0.956058,0.000e0,1.000000
lfw,all,rgb,rgb/Juan_Carlos_Ferrero_0004.ppm,0.959069,0.959070,1.192e-7,0.999999
lfw,all,rgb,rgb/Juan_Carlos_Ferrero_0005.ppm,0.929416,0.929416,5.960e-8,1.000000
lfw,all,rgb,rgb/Juan_Carlos_Ferrero_0006.ppm,0.911078,0.911078,1.192e-7,1.000000
lfw,all,rgb,rgb/Juan_Carlos_Ferrero_0007.ppm,0.929523,0.929523,0.000e0,1.000000
lfw,all,rgb,rgb/Juan_Carlos_Ferrero_0008.ppm,0.894390,0.894390,0.000e0,1.000000
lfw,all,rgb,rgb/Juan_Carlos_Ferrero_0009.ppm,0.958466,0.958466,0.000e0,1.000000
lfw,all,rgb,rgb/Juan_Carlos_Ferrero_0010.ppm,0.956051,0.956051,0.000e0,1.000000
lfw,all,rgb,rgb/Juan_Carlos_Ferrero_0011.ppm,0.965040,0.965040,0.000e0,1.000000
lfw,all,rgb,rgb/Juan_Carlos_Ferrero_0012.ppm,0.885718,0.885718,1.192e-7,1.000000
lfw,all,rgb,rgb/Juan_Carlos_Ferrero_0013.ppm,0.929358,0.929358,0.000e0,1.000000
lfw,all,rgb,rgb/Juan_Carlos_Ferrero_0014.ppm,0.899498,0.899498,0.000e0,1.000000
lfw,all,rgb,rgb/Juan_Carlos_Ferrero_0015.ppm,0.933554,0.933554,0.000e0,1.000000
lfw,all,rgb,rgb/Juan_Carlos_Ferrero_0016.ppm,0.956401,0.956401,0.000e0,1.000000
lfw,all,rgb,rgb/Juan_Carlos_Ferrero_0017.ppm,0.939372,0.939372,1.192e-7,1.000000
lfw,all,rgb,rgb/Juan_Carlos_Ferrero_0018.ppm,0.920304,0.920304,0.000e0,1.000000
lfw,all,rgb,rgb/Juan_Carlos_Ferrero_0019.ppm,0.892577,0.892577,0.000e0,1.000000
lfw,all,rgb,rgb/Juan_Carlos_Ferrero_0020.ppm,0.960289,0.960289,1.192e-7,1.000000
lfw,all,rgb,rgb/Juan_Carlos_Ferrero_0021.ppm,0.916048,0.916048,0.000e0,1.000000
lfw,all,rgb,rgb/Juan_Carlos_Ferrero_0022.ppm,0.927987,0.927987,0.000e0,1.000000
lfw,all,rgb,rgb/Juan_Carlos_Ferrero_0023.ppm,0.916359,0.916359,0.000e0,1.000000
lfw,all,rgb,rgb/Juan_Carlos_Ferrero_0024.ppm,0.943938,0.943938,0.000e0,1.000000
lfw,all,rgb,rgb/Juan_Carlos_Ferrero_0025.ppm,0.957783,0.957783,0.000e0,1.000000
lfw,all,rgb,rgb/Juan_Carlos_Ferrero_0026.ppm,0.915681,0.915681,0.000e0,1.000000
lfw,all,rgb,rgb/Juan_Carlos_Ferrero_0027.ppm,0.907508,0.907508,1.788e-7,1.000000
lfw,all,rgb,rgb/Juan_Carlos_Ferrero_0028.ppm,0.929079,0.929079,5.960e-8,0.999999
lfw,all,rgb,rgb/Juan_Carlos_Morales_0001.ppm,0.934349,0.934349,0.000e0,1.000000
lfw,all,rgb,rgb/Juan_Carlos_Ortega_0001.ppm,0.909355,0.909355,1.788e-7,1.000000
lfw,all,rgb,rgb/Juan_Fernandez_0001.ppm,0.963745,0.963745,0.000e0,1.000000
lfw,all,rgb,rgb/Juan_Francisco_Palencia_0001.ppm,0.955265,0.955265,1.192e-7,1.000000
lfw,all,rgb,rgb/Juan_Ignacio_Chela_0001.ppm,0.912765,0.912765,0.000e0,1.000000
lfw,all,rgb,rgb/Juan_Ignacio_Chela_0002.ppm,0.895698,0.895699,1.192e-7,0.999999
lfw,all,rgb,rgb/Juan_Ignacio_Chela_0003.ppm,0.916809,0.916809,0.000e0,1.000000
lfw,all,rgb,rgb/Juan_Jose_Lucas_0001.ppm,0.962759,0.962759,0.000e0,0.999999
lfw,all,rgb,rgb/Juan_Manuel_Marquez_0001.ppm,0.919002,0.919002,0.000e0,0.999999
lfw,all,rgb,rgb/Juan_Manuel_Marquez_0002.ppm,0.898273,0.898273,2.980e-7,1.000000
lfw,all,rgb,rgb/Juan_Manuel_Marquez_0003.ppm,0.955421,0.955421,0.000e0,1.000000
lfw,all,rgb,rgb/Juan_Pablo_Montoya_0001.ppm,0.934228,0.934228,1.192e-7,1.000000
lfw,all,rgb,rgb/Juan_Pablo_Montoya_0002.ppm,0.916103,0.916103,5.960e-8,1.000000
lfw,all,rgb,rgb/Juan_Pablo_Montoya_0003.ppm,0.946242,0.946242,1.192e-7,1.000000
lfw,all,rgb,rgb/Juan_Pablo_Montoya_0004.ppm,0.929667,0.929667,5.960e-8,1.000000
lfw,all,rgb,rgb/Juan_Pablo_Montoya_0005.ppm,0.926247,0.926247,1.192e-7,1.000000
lfw,all,rgb,rgb/Juan_Pablo_Montoya_0006.ppm,0.918068,0.918068,0.000e0,1.000000
lfw,all,rgb,rgb/Juan_Pablo_Montoya_0007.ppm,0.857145,0.857144,5.960e-8,1.000000
lfw,all,rgb,rgb/Juan_Pablo_Montoya_0008.ppm,0.957615,0.957615,0.000e0,1.000000
lfw,all,rgb,rgb/Juan_Roman_Carrasco_0001.ppm,0.903050,0.903050,1.192e-7,1.000000
lfw,all,rgb,rgb/Juan_Roman_Riquelme_0001.ppm,0.920022,0.920022,0.000e0,1.000000
lfw,all,rgb,rgb/Juan_Sanchez_0001.ppm,0.938461,0.938461,0.000e0,1.000000
lfw,all,rgb,rgb/Juan_Valencia_Osorio_0001.ppm,0.908840,0.908840,5.960e-8,1.000000
lfw,all,rgb,rgb/Juan_Valencia_Osorio_0002.ppm,0.873051,0.873051,0.000e0,1.000000
lfw,all,rgb,rgb/Juanes_0001.ppm,0.948615,0.948615,0.000e0,1.000000
lfw,all,rgb,rgb/Juanes_0002.ppm,0.927897,0.927897,1.192e-7,1.000000
lfw,all,rgb,rgb/Juanes_0003.ppm,0.917612,0.917612,0.000e0,1.000000
lfw,all,rgb,rgb/Judd_Davies_0001.ppm,0.923689,0.923689,0.000e0,1.000000
lfw,all,rgb,rgb/Jude_Law_0001.ppm,0.988611,0.988611,0.000e0,1.000000
lfw,all,rgb,rgb/Jude_Law_0002.ppm,0.902015,0.902015,0.000e0,1.000000
lfw,all,rgb,rgb/Judi_Dench_0001.ppm,0.935096,0.935096,0.000e0,1.000000
lfw,all,rgb,rgb/Judi_Dench_0002.ppm,0.960538,0.960538,0.000e0,0.999999
lfw,all,rgb,rgb/Judi_Patton_0001.ppm,0.917265,0.917265,0.000e0,0.999999
lfw,all,rgb,rgb/Judith_Nathan_0001.ppm,0.908245,0.908245,5.960e-8,1.000000
lfw,all,rgb,rgb/Judy_Dean_0001.ppm,0.917519,0.917519,0.000e0,1.000000
lfw,all,rgb,rgb/Judy_Genshaft_0001.ppm,0.965927,0.965927,0.000e0,0.999999
lfw,all,rgb,rgb/Judy_Genshaft_0002.ppm,0.964649,0.964649,1.192e-7,0.999999
lfw,all,rgb,rgb/Judy_Locy_0001.ppm,0.981102,0.981102,0.000e0,1.000000
lfw,all,rgb,rgb/Judy_Spreckels_0001.ppm,0.903389,0.903389,1.192e-7,1.000000
lfw,all,rgb,rgb/Judy_Vassar_0001.ppm,0.929615,0.929615,5.960e-8,1.000000
lfw,all,rgb,rgb/Juergen_Braehmer_0001.ppm,0.920013,0.920013,0.000e0,1.000000
lfw,all,rgb,rgb/Juergen_Chrobog_0001.ppm,0.916799,0.916799,1.192e-7,1.000000
lfw,all,rgb,rgb/Juergen_Peters_0001.ppm,0.861890,0.861890,1.192e-7,0.999999
lfw,all,rgb,rgb/Juergen_Peters_0002.ppm,0.927981,0.927981,1.192e-7,1.000000
lfw,all,rgb,rgb/Juergen_Schrempp_0001.ppm,0.945340,0.945340,0.000e0,1.000000
lfw,all,rgb,rgb/Juergen_Trittin_0001.ppm,0.876836,0.876836,0.000e0,1.000000
lfw,all,rgb,rgb/Jules_Asner_0001.ppm,0.938259,0.938259,0.000e0,1.000000
lfw,all,rgb,rgb/Julia_Glass_0001.ppm,0.935721,0.935722,1.192e-7,1.000000
lfw,all,rgb,rgb/Julia_Ormond_0001.ppm,0.948087,0.948087,0.000e0,1.000000
lfw,all,rgb,rgb/Julia_Tymoshenko_0001.ppm,0.909202,0.909202,1.192e-7,1.000000
lfw,all,rgb,rgb/Julia_Tymoshenko_0002.ppm,0.987319,0.987319,0.000e0,1.000000
lfw,all,rgb,rgb/Julia_Tymoshenko_0003.ppm,0.961190,0.961190,0.000e0,1.000000
lfw,all,rgb,rgb/Julian_Battle_0001.ppm,0.984299,0.984299,0.000e0,1.000000
lfw,all,rgb,rgb/Julian_Fantino_0001.ppm,0.921372,0.921372,5.960e-8,1.000000
lfw,all,rgb,rgb/Julianna_Margulies_0001.ppm,0.946098,0.946098,1.192e-7,1.000000
lfw,all,rgb,rgb/Julianna_Margulies_0002.ppm,0.876011,0.876011,0.000e0,1.000000
lfw,all,rgb,rgb/Julianne_Moore_0001.ppm,0.874461,0.874460,1.788e-7,1.000000
lfw,all,rgb,rgb/Julianne_Moore_0002.ppm,0.923182,0.923182,0.000e0,1.000000
lfw,all,rgb,rgb/Julianne_Moore_0003.ppm,0.952254,0.952254,0.000e0,1.000000
lfw,all,rgb,rgb/Julianne_Moore_0004.ppm,0.933641,0.933641,0.000e0,1.000000
lfw,all,rgb,rgb/Julianne_Moore_0005.ppm,0.914751,0.914751,0.000e0,0.999999
lfw,all,rgb,rgb/Julianne_Moore_0006.ppm,0.899992,0.899992,0.000e0,1.000000
lfw,all,rgb,rgb/Julianne_Moore_0007.ppm,0.924537,0.924537,1.192e-7,1.000000
lfw,all,rgb,rgb/Julianne_Moore_0008.ppm,0.841442,0.841442,5.960e-8,1.000000
lfw,all,rgb,rgb/Julianne_Moore_0009.ppm,0.926408,0.926408,1.192e-7,1.000000
lfw,all,rgb,rgb/Julianne_Moore_0010.ppm,0.943717,0.943717,1.192e-7,1.000000
lfw,all,rgb,rgb/Julianne_Moore_0011.ppm,0.925196,0.925196,0.000e0,1.000000
lfw,all,rgb,rgb/Julianne_Moore_0012.ppm,0.927999,0.927999,5.960e-8,1.000000
lfw,all,rgb,rgb/Julianne_Moore_0013.ppm,0.959909,0.959909,0.000e0,1.000000
lfw,all,rgb,rgb/Julianne_Moore_0014.ppm,0.965605,0.965605,0.000e0,1.000000
lfw,all,rgb,rgb/Julianne_Moore_0015.ppm,0.954555,0.954555,0.000e0,1.000000
lfw,all,rgb,rgb/Julianne_Moore_0016.ppm,0.930453,0.930453,0.000e0,1.000000
lfw,all,rgb,rgb/Julianne_Moore_0017.ppm,0.945130,0.945130,1.192e-7,1.000000
lfw,all,rgb,rgb/Julianne_Moore_0018.ppm,0.953070,0.953070,0.000e0,1.000000
lfw,all,rgb,rgb/Julianne_Moore_0019.ppm,0.959682,0.959682,0.000e0,1.000000
lfw,all,rgb,rgb/Julie_Andrews_0001.ppm,0.962719,0.962719,1.192e-7,1.000000
lfw,all,rgb,rgb/Julie_Gerberding_0001.ppm,0.935375,0.935375,0.000e0,1.000000
lfw,all,rgb,rgb/Julie_Gerberding_0002.ppm,0.963111,0.963111,1.192e-7,1.000000
lfw,all,rgb,rgb/Julie_Gerberding_0003.ppm,0.895601,0.895601,0.000e0,0.999999
lfw,all,rgb,rgb/Julie_Gerberding_0004.ppm,0.935460,0.935459,1.192e-7,1.000000
lfw,all,rgb,rgb/Julie_Gerberding_0005.ppm,0.947613,0.947613,0.000e0,1.000000
lfw,all,rgb,rgb/Julie_Gerberding_0006.ppm,0.931748,0.931748,0.000e0,1.000000
lfw,all,rgb,rgb/Julie_Gerberding_0007.ppm,0.933035,0.933035,0.000e0,1.000000
lfw,all,rgb,rgb/Julie_Gerberding_0008.ppm,0.955866,0.955866,1.192e-7,1.000000
lfw,all,rgb,rgb/Julie_Gerberding_0009.ppm,0.918628,0.918628,1.788e-7,1.000000
lfw,all,rgb,rgb/Julie_Gerberding_0010.ppm,0.913610,0.913610,0.000e0,1.000000
lfw,all,rgb,rgb/Julie_Gerberding_0011.ppm,0.941698,0.941698,5.960e-8,1.000000
lfw,all,rgb,rgb/Julie_Gerberding_0012.ppm,0.893754,0.893754,5.960e-8,1.000000
lfw,all,rgb,rgb/Julie_Gerberding_0013.ppm,0.909556,0.909556,5.960e-8,0.999999
lfw,all,rgb,rgb/Julie_Gerberding_0014.ppm,0.873471,0.873471,0.000e0,0.999999
lfw,all,rgb,rgb/Julie_Gerberding_0015.ppm,0.897658,0.897658,1.192e-7,1.000000
lfw,all,rgb,rgb/Julie_Goodenough_0001.ppm,0.929863,0.929863,1.192e-7,1.000000
lfw,all,rgb,rgb/Julie_Infante_0001.ppm,0.970725,0.970725,0.000e0,0.999999
lfw,all,rgb,rgb/Julie_Taymor_0001.ppm,0.943184,0.943184,0.000e0,1.000000
lfw,all,rgb,rgb/Julie_Taymor_0002.ppm,0.962152,0.962152,0.000e0,1.000000
lfw,all,rgb,rgb/Julien_Boutter_0001.ppm,0.889190,0.889190,0.000e0,1.000000
lfw,all,rgb,rgb/Julien_Varlet_0001.ppm,0.938358,0.938358,0.000e0,0.999999
lfw,all,rgb,rgb/Juliette_Binoche_0001.ppm,0.952860,0.952860,1.192e-7,0.999999
lfw,all,rgb,rgb/Juliette_Lewis_0001.ppm,0.862608,0.862608,5.960e-8,1.000000
lfw,all,rgb,rgb/Julio_Cesar_Chavez_0001.ppm,0.930546,0.930546,0.000e0,1.000000
lfw,all,rgb,rgb/Julio_Cesar_Franco_0001.ppm,0.929388,0.929388,0.000e0,0.999999
lfw,all,rgb,rgb/Julio_De_Brun_0001.ppm,0.913655,0.913655,0.000e0,1.000000
lfw,all,rgb,rgb/Julio_Iglesias_Jr_0001.ppm,0.908434,0.908434,0.000e0,1.000000
lfw,all,rgb,rgb/Julio_Iglesias_Jr_0002.ppm,0.934707,0.934707,1.192e-7,1.000000
lfw,all,rgb,rgb/Julio_Rossi_0001.ppm,0.930175,0.930175,0.000e0,1.000000
lfw,all,rgb,rgb/Julio_Toro_0001.ppm,0.891308,0.891308,0.000e0,1.000000
lfw,all,rgb,rgb/Julius_Barnes_0001.ppm,0.843566,0.843566,2.384e-7,1.000000
lfw,all,rgb,rgb/Julius_Erving_0001.ppm,0.881537,0.881537,0.000e0,1.000000
lfw,all,rgb,rgb/Juljia_Vysotskij_0001.ppm,0.929835,0.929835,1.192e-7,1.000000
lfw,all,rgb,rgb/Jung_Bong_0001.ppm,0.950793,0.950793,0.000e0,1.000000
lfw,all,rgb,rgb/Junichi_Inamoto_0001.ppm,0.915355,0.915355,0.000e0,1.000000
lfw,all,rgb,rgb/Junichiro_Koizumi_0001.ppm,0.931684,0.931684,0.000e0,1.000000
lfw,all,rgb,rgb/Junichiro_Koizumi_0002.ppm,0.966095,0.966095,1.192e-7,0.999999
lfw,all,rgb,rgb/Junichiro_Koizumi_0003.ppm,0.936832,0.936832,0.000e0,1.000000
lfw,all,rgb,rgb/Junichiro_Koizumi_0004.ppm,0.947524,0.947524,0.000e0,1.000000
lfw,all,rgb,rgb/Junichiro_Koizumi_0005.ppm,0.953766,0.953766,0.000e0,1.000000
lfw,all,rgb,rgb/Junichiro_Koizumi_0006.ppm,0.964897,0.964897,0.000e0,1.000000
lfw,all,rgb,rgb/Junichiro_Koizumi_0007.ppm,0.933271,0.933271,0.000e0,1.000000
lfw,all,rgb,rgb/Junichiro_Koizumi_0008.ppm,0.912337,0.912337,0.000e0,1.000000
lfw,all,rgb,rgb/Junichiro_Koizumi_0009.ppm,0.861308,0.861308,0.000e0,1.000000
lfw,all,rgb,rgb/Junichiro_Koizumi_0010.ppm,0.938110,0.938110,1.192e-7,1.000000
lfw,all,rgb,rgb/Junichiro_Koizumi_0011.ppm,0.940499,0.940499,0.000e0,0.999999
lfw,all,rgb,rgb/Junichiro_Koizumi_0012.ppm,0.909555,0.909555,5.960e-8,1.000000
lfw,all,rgb,rgb/Junichiro_Koizumi_0013.ppm,0.929360,0.929360,1.192e-7,1.000000
lfw,all,rgb,rgb/Junichiro_Koizumi_0014.ppm,0.936446,0.936446,0.000e0,1.000000
lfw,all,rgb,rgb/Junichiro_Koizumi_0015.ppm,0.904569,0.904568,5.960e-8,1.000000
lfw,all,rgb,rgb/Junichiro_Koizumi_0016.ppm,0.925389,0.925389,1.192e-7,0.999999
lfw,all,rgb,rgb/Junichiro_Koizumi_0017.ppm,0.940615,0.940614,1.192e-7,1.000000
lfw,all,rgb,rgb/Junichiro_Koizumi_0018.ppm,0.904061,0.904061,1.192e-7,1.000000
lfw,all,rgb,rgb/Junichiro_Koizumi_0019.ppm,0.943287,0.943287,5.960e-8,0.999999
lfw,all,rgb,rgb/Junichiro_Koizumi_0020.ppm,0.911011,0.911011,0.000e0,0.999999
lfw,all,rgb,rgb/Junichiro_Koizumi_0021.ppm,0.905381,0.905381,5.960e-8,1.000000
lfw,all,rgb,rgb/Junichiro_Koizumi_0022.ppm,0.948131,0.948131,1.192e-7,1.000000
lfw,all,rgb,rgb/Junichiro_Koizumi_0023.ppm,0.946618,0.946618,5.960e-8,1.000000
lfw,all,rgb,rgb/Junichiro_Koizumi_0024.ppm,0.963655,0.963654,5.960e-8,0.999999
lfw,all,rgb,rgb/Junichiro_Koizumi_0025.ppm,0.937408,0.937408,1.192e-7,1.000000
lfw,all,rgb,rgb/Junichiro_Koizumi_0026.ppm,0.899250,0.899250,0.000e0,0.999999
lfw,all,rgb,rgb/Junichiro_Koizumi_0027.ppm,0.879305,0.879304,1.192e-7,1.000000
lfw,all,rgb,rgb/Junichiro_Koizumi_0028.ppm,0.952207,0.952207,0.000e0,1.000000
lfw,all,rgb,rgb/Junichiro_Koizumi_0029.ppm,0.920430,0.920430,0.000e0,1.000000
lfw,all,rgb,rgb/Junichiro_Koizumi_0030.ppm,0.927875,0.927875,0.000e0,1.000000
lfw,all,rgb,rgb/Junichiro_Koizumi_0031.ppm,0.884663,0.884663,5.960e-8,1.000000
lfw,all,rgb,rgb/Junichiro_Koizumi_0032.ppm,0.908038,0.908038,1.192e-7,1.000000
lfw,all,rgb,rgb/Junichiro_Koizumi_0033.ppm,0.933968,0.933968,5.960e-8,1.000000
lfw,all,rgb,rgb/Junichiro_Koizumi_0034.ppm,0.966136,0.966136,1.192e-7,1.000000
lfw,all,rgb,rgb/Junichiro_Koizumi_0035.ppm,0.984898,0.984898,0.000e0,1.000000
lfw,all,rgb,rgb/Junichiro_Koizumi_0036.ppm,0.948796,0.948796,0.000e0,1.000000
lfw,all,rgb,rgb/Junichiro_Koizumi_0037.ppm,0.931964,0.931964,0.000e0,1.000000
lfw,all,rgb,rgb/Junichiro_Koizumi_0038.ppm,0.914037,0.914037,5.960e-8,1.000000
lfw,all,rgb,rgb/Junichiro_Koizumi_0039.ppm,0.924139,0.924139,1.192e-7,1.000000
lfw,all,rgb,rgb/Junichiro_Koizumi_0040.ppm,0.923135,0.923135,1.192e-7,1.000000
lfw,all,rgb,rgb/Junichiro_Koizumi_0041.ppm,0.929346,0.929346,0.000e0,1.000000
lfw,all,rgb,rgb/Junichiro_Koizumi_0042.ppm,0.915807,0.915807,0.000e0,1.000000
lfw,all,rgb,rgb/Junichiro_Koizumi_0043.ppm,0.927194,0.927193,1.192e-7,0.999999
lfw,all,rgb,rgb/Junichiro_Koizumi_0044.ppm,0.923193,0.923193,0.000e0,1.000000
lfw,all,rgb,rgb/Junichiro_Koizumi_0045.ppm,0.895721,0.895721,5.960e-8,1.000000
lfw,all,rgb,rgb/Junichiro_Koizumi_0046.ppm,0.935542,0.935542,1.192e-7,1.000000
lfw,all,rgb,rgb/Junichiro_Koizumi_0047.ppm,0.941666,0.941666,1.192e-7,1.000000
lfw,all,rgb,rgb/Junichiro_Koizumi_0048.ppm,0.962996,0.962996,0.000e0,1.000000
lfw,all,rgb,rgb/Junichiro_Koizumi_0049.ppm,0.946071,0.946071,0.000e0,1.000000
lfw,all,rgb,rgb/Junichiro_Koizumi_0050.ppm,0.937239,0.937239,0.000e0,1.000000
lfw,all,rgb,rgb/Junichiro_Koizumi_0051.ppm,0.955720,0.955720,1.192e-7,1.000000
lfw,all,rgb,rgb/Junichiro_Koizumi_0052.ppm,0.953487,0.953487,1.192e-7,1.000000
lfw,all,rgb,rgb/Junichiro_Koizumi_0053.ppm,0.957008,0.957008,0.000e0,1.000000
lfw,all,rgb,rgb/Junichiro_Koizumi_0054.ppm,0.974753,0.974753,1.192e-7,1.000000
lfw,all,rgb,rgb/Junichiro_Koizumi_0055.ppm,0.936432,0.936432,0.000e0,0.999999
lfw,all,rgb,rgb/Junichiro_Koizumi_0056.ppm,0.946809,0.946809,1.192e-7,1.000000
lfw,all,rgb,rgb/Junichiro_Koizumi_0057.ppm,0.916871,0.916871,5.960e-8,1.000000
lfw,all,rgb,rgb/Junichiro_Koizumi_0058.ppm,0.891298,0.891298,5.960e-8,1.000000
lfw,all,rgb,rgb/Junichiro_Koizumi_0059.ppm,0.946910,0.946910,0.000e0,0.999999
lfw,all,rgb,rgb/Junichiro_Koizumi_0060.ppm,0.976385,0.976385,1.192e-7,1.000000
lfw,all,rgb,rgb/Junko_Tabei_0001.ppm,0.951640,0.951640,1.192e-7,1.000000
lfw,all,rgb,rgb/Justin_Gatlin_0001.ppm,0.921898,0.921898,1.192e-7,1.000000
lfw,all,rgb,rgb/Justin_Gatlin_0002.ppm,0.964827,0.964827,1.192e-7,1.000000
lfw,all,rgb,rgb/Justin_Guarini_0001.ppm,0.896198,0.896198,0.000e0,1.000000
lfw,all,rgb,rgb/Justin_Guarini_0002.ppm,0.920776,0.920776,1.192e-7,1.000000
lfw,all,rgb,rgb/Justin_Guarini_0003.ppm,0.901880,0.901880,0.000e0,1.000000
lfw,all,rgb,rgb/Justin_Leonard_0001.ppm,0.953078,0.953078,1.192e-7,1.000000
lfw,all,rgb,rgb/Justin_Leonard_0002.ppm,0.900274,0.900274,1.192e-7,1.000000
lfw,all,rgb,rgb/Justin_Leonard_0003.ppm,0.941652,0.941652,5.960e-8,1.000000
lfw,all,rgb,rgb/Justin_Leonard_0004.ppm,0.949012,0.949012,1.192e-7,1.000000
lfw,all,rgb,rgb/Justin_Marshall_0001.ppm,0.934744,0.934744,1.192e-7,1.000000
lfw,all,rgb,rgb/Justin_Timberlake_0001.ppm,0.933089,0.933089,0.000e0,1.000000
lfw,all,rgb,rgb/Justin_Timberlake_0002.ppm,0.923862,0.923862,0.000e0,1.000000
lfw,all,rgb,rgb/Justin_Timberlake_0003.ppm,0.966338,0.966338,0.000e0,1.000000
lfw,all,rgb,rgb/Justin_Timberlake_0004.ppm,0.926027,0.926027,0.000e0,1.000000
lfw,all,rgb,rgb/Justin_Timberlake_0005.ppm,0.962903,0.962903,0.000e0,1.000000
lfw,all,rgb,rgb/Justin_Timberlake_0006.ppm,0.936207,0.936207,0.000e0,1.000000
lfw,all,rgb,rgb/Justin_Timberlake_0007.ppm,0.974227,0.974227,0.000e0,1.000000
lfw,all,rgb,rgb/Justin_Timberlake_0008.ppm,0.923021,0.923021,1.192e-7,1.000000
lfw,all,rgb,rgb/Justin_Wilson_0001.ppm,0.945075,0.945074,1.192e-7,0.999999
lfw,all,rgb,rgb/Justine_Henin_0001.ppm,0.969991,0.969991,0.000e0,1.000000
lfw,all,rgb,rgb/Justine_Henin_0002.ppm,0.941665,0.941665,0.000e0,1.000000
lfw,all,rgb,rgb/Justine_Henin_0003.ppm,0.955637,0.955637,0.000e0,1.000000
lfw,all,rgb,rgb/Justine_Pasek_0001.ppm,0.947934,0.947934,0.000e0,1.000000
lfw,all,rgb,rgb/Justine_Pasek_0002.ppm,0.948944,0.948944,0.000e0,1.000000
lfw,all,rgb,rgb/Justine_Pasek_0003.ppm,0.926399,0.926399,0.000e0,1.000000
lfw,all,rgb,rgb/Justine_Pasek_0004.ppm,0.911701,0.911701,0.000e0,1.000000
lfw,all,rgb,rgb/Justine_Pasek_0005.ppm,0.937485,0.937485,0.000e0,1.000000
lfw,all,rgb,rgb/Justine_Pasek_0006.ppm,0.945509,0.945509,1.192e-7,1.000000
lfw,all,rgb,rgb/Justine_Pasek_0007.ppm,0.981349,0.981349,0.000e0,1.000000
lfw,all,rgb,rgb/Kai-Uwe_Ricke_0001.ppm,0.940722,0.940722,5.960e-8,1.000000
lfw,all,rgb,rgb/Kaio_Almeida_0001.ppm,0.910678,0.910678,0.000e0,1.000000
lfw,all,rgb,rgb/Kaisser_Bazan_0001.ppm,0.925990,0.925990,1.192e-7,1.000000
lfw,all,rgb,rgb/Kajsa_Bergqvist_0001.ppm,0.902979,0.902979,1.192e-7,1.000000
lfw,all,rgb,rgb/Kalid_Kaid_0001.ppm,0.943110,0.943110,0.000e0,1.000000
lfw,all,rgb,rgb/Kalpana_Chawla_0001.ppm,0.923037,0.923037,0.000e0,1.000000
lfw,all,rgb,rgb/Kalpana_Chawla_0002.ppm,0.949947,0.949947,1.192e-7,1.000000
lfw,all,rgb,rgb/Kalpana_Chawla_0003.ppm,0.955065,0.955065,0.000e0,1.000000
lfw,all,rgb,rgb/Kalpana_Chawla_0004.ppm,0.956456,0.956456,0.000e0,0.999999
lfw,all,rgb,rgb/Kalpana_Chawla_0005.ppm,0.976604,0.976604,0.000e0,1.000000
lfw,all,rgb,rgb/Kamal_Kharrazi_0001.ppm,0.916708,0.916708,0.000e0,1.000000
lfw,all,rgb,rgb/Kamal_Kharrazi_0002.ppm,0.918838,0.918838,1.192e-7,1.000000
lfw,all,rgb,rgb/Kamal_Kharrazi_0003.ppm,0.924147,0.924147,1.192e-7,1.000000
lfw,all,rgb,rgb/Kamal_Kharrazi_0004.ppm,0.936579,0.936579,0.000e0,1.000000
lfw,all,rgb,rgb/Kamal_Kharrazi_0005.ppm,0.914689,0.914689,0.000e0,1.000000
lfw,all,rgb,rgb/Kamal_Kharrazi_0006.ppm,0.882334,0.882334,0.000e0,1.000000
lfw,all,rgb,rgb/Kamel_Morjane_0001.ppm,0.923659,0.923659,0.000e0,1.000000
lfw,all,rgb,rgb/Kang_Gum-sil_0001.ppm,0.931737,0.931737,0.000e0,0.999999
lfw,all,rgb,rgb/Kaoru_Hasuike_0001.ppm,0.931520,0.931520,0.000e0,1.000000
lfw,all,rgb,rgb/Kara_Lynn_Joyce_0001.ppm,0.918549,0.918549,1.192e-7,1.000000
lfw,all,rgb,rgb/Kareena_Kapoor_0001.ppm,0.969717,0.969717,5.960e-8,1.000000
lfw,all,rgb,rgb/Karen_Allen_0001.ppm,0.943213,0.943213,0.000e0,1.000000
lfw,all,rgb,rgb/Karen_Clarkson_0001.ppm,0.929635,0.929635,0.000e0,1.000000
lfw,all,rgb,rgb/Karen_Lynn_Gorney_0001.ppm,0.853726,0.853726,1.192e-7,1.000000
lfw,all,rgb,rgb/Karen_Mok_0001.ppm,0.955337,0.955337,0.000e0,1.000000
lfw,all,rgb,rgb/Karen_Mok_0002.ppm,0.919488,0.919488,0.000e0,1.000000
lfw,all,rgb,rgb/Karen_Pereiras_0001.ppm,0.935897,0.935897,1.192e-7,0.999999
lfw,all,rgb,rgb/Karen_Sharpe_Kramer_0001.ppm,0.922827,0.922827,5.960e-8,1.000000
lfw,all,rgb,rgb/Karin_Pilsaeter_0001.ppm,0.921701,0.921701,0.000e0,1.000000
lfw,all,rgb,rgb/Karin_Stoiber_0001.ppm,0.908920,0.908920,0.000e0,1.000000
lfw,all,rgb,rgb/Karin_Stoiber_0002.ppm,0.957827,0.957827,0.000e0,0.999999
lfw,all,rgb,rgb/Karin_Viard_0001.ppm,0.963028,0.963028,1.192e-7,1.000000
lfw,all,rgb,rgb/Karl-Heinz_Rummenigge_0001.ppm,0.932774,0.932774,0.000e0,1.000000
lfw,all,rgb,rgb/Karol_Kucera_0001.ppm,0.917398,0.917398,0.000e0,1.000000
lfw,all,rgb,rgb/Kaspar_Villiger_0001.ppm,0.862810,0.862810,1.192e-7,1.000000
lfw,all,rgb,rgb/Katalin_Kollat_0001.ppm,0.892178,0.892178,2.384e-7,1.000000
lfw,all,rgb,rgb/Kate_Burton_0001.ppm,0.926557,0.926557,0.000e0,1.000000
lfw,all,rgb,rgb/Kate_Capshaw_0001.ppm,0.963397,0.963397,0.000e0,1.000000
lfw,all,rgb,rgb/Kate_Capshaw_0002.ppm,0.854751,0.854751,5.960e-8,1.000000
lfw,all,rgb,rgb/Kate_Hudson_0001.ppm,0.936021,0.936021,5.960e-8,1.000000
lfw,all,rgb,rgb/Kate_Hudson_0002.ppm,0.806532,0.806532,0.000e0,1.000000
lfw,all,rgb,rgb/Kate_Hudson_0003.ppm,0.924733,0.924733,0.000e0,1.000000
lfw,all,rgb,rgb/Kate_Hudson_0004.ppm,0.922952,0.922952,5.960e-8,1.000000
lfw,all,rgb,rgb/Kate_Hudson_0005.ppm,0.916539,0.916539,1.192e-7,1.000000
lfw,all,rgb,rgb/Kate_Hudson_0006.ppm,0.914885,0.914884,1.192e-7,1.000000
lfw,all,rgb,rgb/Kate_Hudson_0007.ppm,0.947218,0.947218,0.000e0,1.000000
lfw,all,rgb,rgb/Kate_Hudson_0008.ppm,0.943087,0.943087,0.000e0,1.000000
lfw,all,rgb,rgb/Kate_Hudson_0009.ppm,0.912944,0.912944,1.192e-7,1.000000
lfw,all,rgb,rgb/Kate_Lee_0001.ppm,0.943251,0.943251,0.000e0,1.000000
lfw,all,rgb,rgb/Kate_Moss_0001.ppm,0.948907,0.948907,1.192e-7,1.000000
lfw,all,rgb,rgb/Kate_Richardson_0001.ppm,0.953431,0.953431,0.000e0,1.000000
lfw,all,rgb,rgb/Kate_Starbird_0001.ppm,0.909782,0.909782,5.960e-8,1.000000
lfw,all,rgb,rgb/Kate_Winslet_0001.ppm,0.953661,0.953661,5.960e-8,1.000000
lfw,all,rgb,rgb/Kate_Winslet_0002.ppm,0.956609,0.956609,1.192e-7,1.000000
lfw,all,rgb,rgb/Kate_Winslet_0003.ppm,0.941407,0.941407,0.000e0,1.000000
lfw,all,rgb,rgb/Kate_Winslet_0004.ppm,0.966293,0.966293,1.192e-7,1.000000
lfw,all,rgb,rgb/Katerina_Smrzova_0001.ppm,0.927771,0.927771,0.000e0,1.000000
lfw,all,rgb,rgb/Katharine_Hepburn_0001.ppm,0.933779,0.933779,0.000e0,1.000000
lfw,all,rgb,rgb/Katherine_Harris_0001.ppm,0.913105,0.913105,1.192e-7,1.000000
lfw,all,rgb,rgb/Katherine_Harris_0002.ppm,0.931170,0.931170,0.000e0,1.000000
lfw,all,rgb,rgb/Katherine_Harris_0003.ppm,0.868875,0.868874,1.192e-7,1.000000
lfw,all,rgb,rgb/Katherine_Harris_0004.ppm,0.901908,0.901908,0.000e0,1.000000
lfw,all,rgb,rgb/Kathie_Louise_Saunders_0001.ppm,0.980152,0.980152,0.000e0,0.999999
lfw,all,rgb,rgb/Kathleen_Abernathy_0001.ppm,0.919124,0.919125,1.192e-7,0.999999
lfw,all,rgb,rgb/Kathleen_Glynn_0001.ppm,0.869589,0.869589,0.000e0,1.000000
lfw,all,rgb,rgb/Kathleen_Glynn_0002.ppm,0.927083,0.927083,0.000e0,1.000000
lfw,all,rgb,rgb/Kathleen_Kennedy_Townsend_0001.ppm,0.905794,0.905794,0.000e0,1.000000
lfw,all,rgb,rgb/Kathleen_Kennedy_Townsend_0002.ppm,0.906557,0.906557,0.000e0,1.000000
lfw,all,rgb,rgb/Kathleen_Kennedy_Townsend_0003.ppm,0.934218,0.934218,0.000e0,1.000000
lfw,all,rgb,rgb/Kathleen_Kennedy_Townsend_0004.ppm,0.944355,0.944355,0.000e0,0.999999
lfw,all,rgb,rgb/Kathryn_Bigelow_0001.ppm,0.914240,0.914240,0.000e0,1.000000
lfw,all,rgb,rgb/Kathryn_Bigelow_0002.ppm,0.851344,0.851344,0.000e0,1.000000
lfw,all,rgb,rgb/Kathryn_Grayson_0001.ppm,0.945149,0.945149,0.000e0,1.000000
lfw,all,rgb,rgb/Kathryn_Morris_0001.ppm,0.941352,0.941351,1.192e-7,0.999999
lfw,all,rgb,rgb/Kathryn_Tucker_0001.ppm,0.958678,0.958678,0.000e0,1.000000
lfw,all,rgb,rgb/Kathy_Baker_0001.ppm,0.931589,0.931589,0.000e0,1.000000
lfw,all,rgb,rgb/Kathy_Bates_0001.ppm,0.953101,0.953101,0.000e0,1.000000
lfw,all,rgb,rgb/Kathy_Gannon_0001.ppm,0.934729,0.934729,0.000e0,1.000000
lfw,all,rgb,rgb/Kathy_Winters_0001.ppm,0.931068,0.931068,1.788e-7,0.999999
lfw,all,rgb,rgb/Kathy_Winters_0002.ppm,0.974229,0.974229,1.192e-7,1.000000
lfw,all,rgb,rgb/Katie_Boone_0001.ppm,0.787457,0.787457,5.960e-8,1.000000
lfw,all,rgb,rgb/Katie_Couric_0001.ppm,0.895180,0.895180,0.000e0,1.000000
lfw,all,rgb,rgb/Katie_Harman_0001.ppm,0.925776,0.925776,1.192e-7,1.000000
lfw,all,rgb,rgb/Katie_Harman_0002.ppm,0.889574,0.889574,0.000e0,1.000000
lfw,all,rgb,rgb/Katie_Harman_0003.ppm,0.928765,0.928765,0.000e0,1.000000
lfw,all,rgb,rgb/Katie_Holmes_0001.ppm,0.948554,0.948554,0.000e0,1.000000
lfw,all,rgb,rgb/Katie_Smith_0001.ppm,0.854548,0.854548,0.000e0,1.000000
lfw,all,rgb,rgb/Katie_Wagner_0001.ppm,0.910215,0.910215,1.192e-7,1.000000
lfw,all,rgb,rgb/Katja_Riemann_0001.ppm,0.913902,0.913902,0.000e0,1.000000
lfw,all,rgb,rgb/Katrin_Cartlidge_0001.ppm,0.933033,0.933033,0.000e0,0.999999
lfw,all,rgb,rgb/Katrin_Susi_0001.ppm,0.917878,0.917878,0.000e0,1.000000
lfw,all,rgb,rgb/Kay_Bailey_Hutchison_0001.ppm,0.964328,0.964328,0.000e0,1.000000
lfw,all,rgb,rgb/Kay_Behrensmeyer_0001.ppm,0.954928,0.954928,0.000e0,1.000000
lfw,all,rgb,rgb/Kaye_Young_0001.ppm,0.826333,0.826333,5.960e-8,1.000000
lfw,all,rgb,rgb/Keanu_Reeves_0001.ppm,0.932211,0.932211,0.000e0,1.000000
lfw,all,rgb,rgb/Keanu_Reeves_0002.ppm,0.950922,0.950922,0.000e0,1.000000
lfw,all,rgb,rgb/Keanu_Reeves_0003.ppm,0.913105,0.913105,0.000e0,1.000000
lfw,all,rgb,rgb/Keanu_Reeves_0004.ppm,0.913523,0.913523,0.000e0,1.000000
lfw,all,rgb,rgb/Keanu_Reeves_0005.ppm,0.955128,0.955128,0.000e0,1.000000
lfw,all,rgb,rgb/Keanu_Reeves_0006.ppm,0.953674,0.953674,0.000e0,1.000000
lfw,all,rgb,rgb/Keanu_Reeves_0007.ppm,0.962269,0.962269,0.000e0,1.000000
lfw,all,rgb,rgb/Keanu_Reeves_0008.ppm,0.900287,0.900287,0.000e0,1.000000
lfw,all,rgb,rgb/Keanu_Reeves_0009.ppm,0.911574,0.911574,0.000e0,1.000000
lfw,all,rgb,rgb/Keanu_Reeves_0010.ppm,0.935692,0.935692,0.000e0,1.000000
lfw,all,rgb,rgb/Keanu_Reeves_0011.ppm,0.974692,0.974692,0.000e0,1.000000
lfw,all,rgb,rgb/Keanu_Reeves_0012.ppm,0.932190,0.932190,0.000e0,1.000000
lfw,all,rgb,rgb/Keiko_Sofia_Fujimori_0001.ppm,0.971357,0.971357,0.000e0,1.000000
lfw,all,rgb,rgb/Keira_Knightley_0001.ppm,0.926219,0.926219,5.960e-8,1.000000
lfw,all,rgb,rgb/Keira_Knightley_0002.ppm,0.918353,0.918353,0.000e0,1.000000
lfw,all,rgb,rgb/Keith_Bishop_Jr_0001.ppm,0.945982,0.945982,0.000e0,0.999999
lfw,all,rgb,rgb/Keith_Bogans_0001.ppm,0.975845,0.975845,0.000e0,1.000000
lfw,all,rgb,rgb/Keith_Bogans_0002.ppm,0.971655,0.971655,1.192e-7,1.000000
lfw,all,rgb,rgb/Keith_Bogans_0003.ppm,0.965434,0.965434,1.192e-7,1.000000
lfw,all,rgb,rgb/Keith_Brown_0001.ppm,0.898069,0.898069,1.192e-7,1.000000
lfw,all,rgb,rgb/Keith_Fotta_0001.ppm,0.949126,0.949126,0.000e0,1.000000
lfw,all,rgb,rgb/Keith_Foulke_0001.ppm,0.932549,0.932549,1.192e-7,1.000000
lfw,all,rgb,rgb/Keith_Lockhart_0001.ppm,0.938331,0.938331,0.000e0,1.000000
lfw,all,rgb,rgb/Keith_Lowen_0001.ppm,0.915304,0.915304,1.192e-7,0.999999
lfw,all,rgb,rgb/Keith_Olbermann_0001.ppm,0.923782,0.923782,1.192e-7,1.000000
lfw,all,rgb,rgb/Keith_Osik_0001.ppm,0.934220,0.934220,0.000e0,1.000000
lfw,all,rgb,rgb/Keith_Rodriguez_0001.ppm,0.955515,0.955515,0.000e0,0.999999
lfw,all,rgb,rgb/Keith_Snyder_0001.ppm,0.964836,0.964836,0.000e0,1.000000
lfw,all,rgb,rgb/Keith_Tyson_0001.ppm,0.925357,0.925357,1.192e-7,1.000000
lfw,all,rgb,rgb/Keith_Urban_0001.ppm,0.902695,0.902696,5.960e-8,1.000000
lfw,all,rgb,rgb/Keith_Van_Horn_0001.ppm,0.945123,0.945123,1.192e-7,1.000000
lfw,all,rgb,rgb/Keizo_Yamada_0001.ppm,0.957923,0.957923,0.000e0,0.999999
lfw,all,rgb,rgb/Kelli_White_0001.ppm,0.902485,0.902485,1.192e-7,1.000000
lfw,all,rgb,rgb/Kelli_White_0002.ppm,0.962259,0.962259,1.192e-7,1.000000
lfw,all,rgb,rgb/Kellie_Coffey_0001.ppm,0.931282,0.931282,1.192e-7,1.000000
lfw,all,rgb,rgb/Kellie_Greene_0001.ppm,0.925015,0.925015,0.000e0,1.000000
lfw,all,rgb,rgb/Kelly_Clarkson_0001.ppm,0.931867,0.931867,1.192e-7,1.000000
lfw,all,rgb,rgb/Kelly_Clarkson_0002.ppm,0.953014,0.953014,5.960e-8,1.000000
lfw,all,rgb,rgb/Kelly_Clarkson_0003.ppm,0.965497,0.965497,1.192e-7,0.999999
lfw,all,rgb,rgb/Kelly_Leigh_0001.ppm,0.916897,0.916897,0.000e0,1.000000
lfw,all,rgb,rgb/Kelly_Osbourne_0001.ppm,0.773917,0.773917,0.000e0,1.000000
lfw,all,rgb,rgb/Kelly_Ripa_0001.ppm,0.932104,0.932104,1.192e-7,1.000000
lfw,all,rgb,rgb/Kelly_Santos_0001.ppm,0.916387,0.916387,0.000e0,1.000000
lfw,all,rgb,rgb/Kelsey_Grammer_0001.ppm,0.932586,0.932586,0.000e0,1.000000
lfw,all,rgb,rgb/Kelvin_Sampson_0001.ppm,0.944450,0.944450,0.000e0,0.999999
lfw,all,rgb,rgb/Kelvin_Sampson_0002.ppm,0.839292,0.839292,5.960e-8,0.999999
lfw,all,rgb,rgb/Kelvin_Sampson_0003.ppm,0.924160,0.924160,0.000e0,1.000000
lfw,all,rgb,rgb/Kemal_Dervis_0001.ppm,0.885096,0.885096,5.960e-8,1.000000
lfw,all,rgb,rgb/Kemal_Dervis_0002.ppm,0.908676,0.908676,5.960e-8,1.000000
lfw,all,rgb,rgb/Kemal_Dervis_0003.ppm,0.940465,0.940465,1.192e-7,1.000000
lfw,all,rgb,rgb/Ken_Balk_0001.ppm,0.916946,0.916946,0.000e0,1.000000
lfw,all,rgb,rgb/Ken_Dorsey_0001.ppm,0.836621,0.836621,1.192e-7,1.000000
lfw,all,rgb,rgb/Ken_Kutaragi_0001.ppm,0.929996,0.929996,0.000e0,1.000000
lfw,all,rgb,rgb/Ken_Loach_0001.ppm,0.927063,0.927063,0.000e0,1.000000
lfw,all,rgb,rgb/Ken_Macha_0001.ppm,0.920903,0.920903,5.960e-8,1.000000
lfw,all,rgb,rgb/Ken_Macha_0002.ppm,0.947016,0.947016,0.000e0,1.000000
lfw,all,rgb,rgb/Ken_Macha_0003.ppm,0.893074,0.893074,5.960e-8,1.000000
lfw,all,rgb,rgb/Ken_Watanabe_0001.ppm,0.882403,0.882403,0.000e0,1.000000
lfw,all,rgb,rgb/Ken_Watanabe_0002.ppm,0.923763,0.923763,0.000e0,1.000000
lfw,all,rgb,rgb/Ken_Wharfe_0001.ppm,0.958768,0.958768,0.000e0,1.000000
lfw,all,rgb,rgb/Kenenisa_Bekele_0001.ppm,0.977280,0.977280,1.192e-7,1.000000
lfw,all,rgb,rgb/Kenneth_Bowersox_0001.ppm,0.902374,0.902374,0.000e0,1.000000
lfw,all,rgb,rgb/Kenneth_Bowersox_0002.ppm,0.893426,0.893426,1.192e-7,1.000000
lfw,all,rgb,rgb/Kenneth_Bowersox_0003.ppm,0.936709,0.936709,0.000e0,1.000000
lfw,all,rgb,rgb/Kenneth_Branagh_0001.ppm,0.934276,0.934276,0.000e0,1.000000
lfw,all,rgb,rgb/Kenneth_Branagh_0002.ppm,0.920326,0.920326,0.000e0,1.000000
lfw,all,rgb,rgb/Kenneth_Brill_0001.ppm,0.911203,0.911203,0.000e0,1.000000
lfw,all,rgb,rgb/Kenneth_Carlsen_0001.ppm,0.900534,0.900534,0.000e0,1.000000
lfw,all,rgb,rgb/Kenneth_Cooper_0001.ppm,0.897623,0.897623,0.000e0,1.000000
lfw,all,rgb,rgb/Kenneth_Dam_0001.ppm,0.953590,0.953590,0.000e0,0.999999
lfw,all,rgb,rgb/Kenneth_Evans_0001.ppm,0.968569,0.968569,1.192e-7,1.000000
lfw,all,rgb,rgb/Kenneth_Evans_0002.ppm,0.966595,0.966595,1.192e-7,1.000000
lfw,all,rgb,rgb/Kenneth_Reichert_0001.ppm,0.934866,0.934866,0.000e0,1.000000
lfw,all,rgb,rgb/Kenny_Brack_0001.ppm,0.962999,0.962999,0.000e0,1.000000
lfw,all,rgb,rgb/Kenny_Chesney_0001.ppm,0.930455,0.930455,1.192e-7,1.000000
lfw,all,rgb,rgb/Kent_McCord_0001.ppm,0.921583,0.921583,0.000e0,1.000000
lfw,all,rgb,rgb/Kent_Robinson_0001.ppm,0.955126,0.955126,0.000e0,1.000000
lfw,all,rgb,rgb/Kent_Rominger_0001.ppm,0.918673,0.918673,0.000e0,1.000000
lfw,all,rgb,rgb/Kent_Rominger_0002.ppm,0.877466,0.877466,0.000e0,1.000000
lfw,all,rgb,rgb/Kevin_Borseth_0001.ppm,0.934719,0.934719,1.192e-7,1.000000
lfw,all,rgb,rgb/Kevin_Costner_0001.ppm,0.923736,0.923736,0.000e0,1.000000
lfw,all,rgb,rgb/Kevin_Costner_0002.ppm,0.931495,0.931495,1.192e-7,1.000000
lfw,all,rgb,rgb/Kevin_Costner_0003.ppm,0.933959,0.933959,0.000e0,1.000000
lfw,all,rgb,rgb/Kevin_Costner_0004.ppm,0.906576,0.906576,0.000e0,1.000000
lfw,all,rgb,rgb/Kevin_Costner_0005.ppm,0.937276,0.937276,5.960e-8,1.000000
lfw,all,rgb,rgb/Kevin_Costner_0006.ppm,0.931127,0.931127,0.000e0,1.000000
lfw,all,rgb,rgb/Kevin_Costner_0007.ppm,0.920172,0.920171,5.960e-8,1.000000
lfw,all,rgb,rgb/Kevin_Costner_0008.ppm,0.921125,0.921125,0.000e0,1.000000
lfw,all,rgb,rgb/Kevin_Crane_0001.ppm,0.910877,0.910877,0.000e0,1.000000
lfw,all,rgb,rgb/Kevin_Garnett_0001.ppm,0.920402,0.920402,0.000e0,0.999999
lfw,all,rgb,rgb/Kevin_Gil_0001.ppm,0.939207,0.939207,0.000e0,1.000000
lfw,all,rgb,rgb/Kevin_Harvick_0001.ppm,0.896052,0.896052,0.000e0,1.000000
lfw,all,rgb,rgb/Kevin_Hearn_0001.ppm,0.926246,0.926246,0.000e0,0.999999
lfw,all,rgb,rgb/Kevin_James_0001.ppm,0.944373,0.944373,0.000e0,1.000000
lfw,all,rgb,rgb/Kevin_Keegan_0001.ppm,0.957252,0.957252,1.192e-7,1.000000
lfw,all,rgb,rgb/Kevin_Marshall_0001.ppm,0.926879,0.926879,1.192e-7,1.000000
lfw,all,rgb,rgb/Kevin_Millwood_0001.ppm,0.919499,0.919499,1.192e-7,1.000000
lfw,all,rgb,rgb/Kevin_Nealon_0001.ppm,0.886476,0.886476,5.960e-8,1.000000
lfw,all,rgb,rgb/Kevin_Satterfield_0001.ppm,0.947011,0.947011,0.000e0,1.000000
lfw,all,rgb,rgb/Kevin_Sorbo_0001.ppm,0.894323,0.894323,0.000e0,1.000000
lfw,all,rgb,rgb/Kevin_Spacey_0001.ppm,0.940307,0.940307,0.000e0,1.000000
lfw,all,rgb,rgb/Kevin_Spacey_0002.ppm,0.933728,0.933728,0.000e0,1.000000
lfw,all,rgb,rgb/Kevin_Spacey_0003.ppm,0.912773,0.912774,1.192e-7,1.000000
lfw,all,rgb,rgb/Kevin_Spacey_0004.ppm,0.919912,0.919912,0.000e0,0.999999
lfw,all,rgb,rgb/Kevin_Spacey_0005.ppm,0.951061,0.951061,1.192e-7,1.000000
lfw,all,rgb,rgb/Kevin_Stallings_0001.ppm,0.926360,0.926360,0.000e0,1.000000
lfw,all,rgb,rgb/Kevin_Stallings_0002.ppm,0.893618,0.893618,5.960e-8,1.000000
lfw,all,rgb,rgb/Kevin_Tarrant_0001.ppm,0.968774,0.968774,1.192e-7,1.000000
lfw,all,rgb,rgb/Khader_Rashid_Rahim_0001.ppm,0.949538,0.949538,0.000e0,1.000000
lfw,all,rgb,rgb/Khaled_Sawalhi_0001.ppm,0.965091,0.965091,0.000e0,1.000000
lfw,all,rgb,rgb/Khalid_Khannouchi_0001.ppm,0.943879,0.943879,5.960e-8,0.999999
lfw,all,rgb,rgb/Khalid_Qazi_0001.ppm,0.887679,0.887679,0.000e0,1.000000
lfw,all,rgb,rgb/Khatol_Mohammad_Zai_0001.ppm,0.940420,0.940420,1.192e-7,1.000000
lfw,all,rgb,rgb/Khin_Nyunt_0001.ppm,0.944819,0.944819,0.000e0,1.000000
lfw,all,rgb,rgb/Khum_Bahadur_Khadka_0001.ppm,0.894121,0.894121,0.000e0,1.000000
lfw,all,rgb,rgb/Kieran_Culkin_0001.ppm,0.935000,0.935000,0.000e0,1.000000
lfw,all,rgb,rgb/Kieran_Prendergast_0001.ppm,0.901203,0.901203,0.000e0,1.000000
lfw,all,rgb,rgb/Kieran_Prendergast_0002.ppm,0.885212,0.885212,0.000e0,1.000000
lfw,all,rgb,rgb/Kifah_Ajouri_0001.ppm,0.897780,0.897780,0.000e0,0.999999
lfw,all,rgb,rgb/Kifah_Ajouri_0002.ppm,0.932203,0.932203,0.000e0,1.000000
lfw,all,rgb,rgb/Kiki_Vandeweghe_0001.ppm,0.929447,0.929447,1.192e-7,1.000000
lfw,all,rgb,rgb/Kiki_Vandeweghe_0002.ppm,0.886036,0.886036,1.192e-7,1.000000
lfw,all,rgb,rgb/Kim_Cattrall_0001.ppm,0.948788,0.948788,1.192e-7,1.000000
lfw,all,rgb,rgb/Kim_Chinn_0001.ppm,0.934467,0.934467,1.192e-7,1.000000
lfw,all,rgb,rgb/Kim_Clijsters_0001.ppm,0.926133,0.926133,0.000e0,1.000000
lfw,all,rgb,rgb/Kim_Clijsters_0002.ppm,0.907831,0.907831,5.960e-8,1.000000
lfw,all,rgb,rgb/Kim_Clijsters_0003.ppm,0.922327,0.922327,0.000e0,1.000000
lfw,all,rgb,rgb/Kim_Clijsters_0004.ppm,0.920393,0.920393,1.192e-7,1.000000
lfw,all,rgb,rgb/Kim_Clijsters_0005.ppm,0.932918,0.932918,0.000e0,1.000000
lfw,all,rgb,rgb/Kim_Clijsters_0006.ppm,0.949674,0.949674,0.000e0,1.000000
lfw,all,rgb,rgb/Kim_Clijsters_0007.ppm,0.898435,0.898435,1.192e-7,1.000000
lfw,all,rgb,rgb/Kim_Clijsters_0008.ppm,0.922474,0.922474,0.000e0,1.000000
lfw,all,rgb,rgb/Kim_Clijsters_0009.ppm,0.921857,0.921857,5.960e-8,1.000000
lfw,all,rgb,rgb/Kim_Clijsters_0010.ppm,0.882694,0.882694,0.000e0,1.000000
lfw,all,rgb,rgb/Kim_Clijsters_0011.ppm,0.917384,0.917384,5.960e-8,0.999999
lfw,all,rgb,rgb/Kim_Clijsters_0012.ppm,0.894917,0.894917,0.000e0,1.000000
lfw,all,rgb,rgb/Kim_Clijsters_0013.ppm,0.913357,0.913357,1.192e-7,1.000000
lfw,all,rgb,rgb/Kim_Clijsters_0014.ppm,0.934482,0.934481,5.960e-8,1.000000
lfw,all,rgb,rgb/Kim_Dae-jung_0001.ppm,0.946949,0.946949,0.000e0,1.000000
lfw,all,rgb,rgb/Kim_Dae-jung_0002.ppm,0.893102,0.893102,1.788e-7,1.000000
lfw,all,rgb,rgb/Kim_Dae-jung_0003.ppm,0.910923,0.910923,5.960e-8,1.000000
lfw,all,rgb,rgb/Kim_Dae-jung_0004.ppm,0.956734,0.956735,1.192e-7,1.000000
lfw,all,rgb,rgb/Kim_Dae-jung_0005.ppm,0.965822,0.965822,0.000e0,0.999999
lfw,all,rgb,rgb/Kim_Dae-jung_0006.ppm,0.932469,0.932469,0.000e0,1.000000
lfw,all,rgb,rgb/Kim_Dae-jung_0007.ppm,0.953299,0.953299,0.000e0,1.000000
lfw,all,rgb,rgb/Kim_Dae-jung_0008.ppm,0.928889,0.928889,0.000e0,0.999999
lfw,all,rgb,rgb/Kim_Dong-hwa_0001.ppm,0.933621,0.933621,0.000e0,1.000000
lfw,all,rgb,rgb/Kim_Dong-tae_0001.ppm,0.918361,0.918361,0.000e0,1.000000
lfw,all,rgb,rgb/Kim_Gandy_0001.ppm,0.959929,0.959929,1.192e-7,1.000000
lfw,all,rgb,rgb/Kim_Hong-gul_0001.ppm,0.977103,0.977103,0.000e0,1.000000
lfw,all,rgb,rgb/Kim_Hong-up_0001.ppm,0.904962,0.904962,1.192e-7,1.000000
lfw,all,rgb,rgb/Kim_Jin-sun_0001.ppm,0.907154,0.907154,1.192e-7,1.000000
lfw,all,rgb,rgb/Kim_Jin-sun_0002.ppm,0.945244,0.945244,5.960e-8,1.000000
lfw,all,rgb,rgb/Kim_Jong-Il_0001.ppm,0.962716,0.962716,5.960e-8,1.000000
lfw,all,rgb,rgb/Kim_Jong-Il_0002.ppm,0.951357,0.951357,0.000e0,1.000000
lfw,all,rgb,rgb/Kim_Jong-Il_0003.ppm,0.950281,0.950281,0.000e0,1.000000
lfw,all,rgb,rgb/Kim_Jong-Il_0004.ppm,0.950224,0.950224,0.000e0,1.000000
lfw,all,rgb,rgb/Kim_Ryong-sung_0001.ppm,0.944956,0.944956,5.960e-8,1.000000
lfw,all,rgb,rgb/Kim_Ryong-sung_0002.ppm,0.970380,0.970380,1.192e-7,1.000000
lfw,all,rgb,rgb/Kim_Ryong-sung_0003.ppm,0.978535,0.978535,0.000e0,1.000000
lfw,all,rgb,rgb/Kim_Ryong-sung_0004.ppm,0.907109,0.907109,0.000e0,1.000000
lfw,all,rgb,rgb/Kim_Ryong-sung_0005.ppm,0.979315,0.979315,1.192e-7,1.000000
lfw,all,rgb,rgb/Kim_Ryong-sung_0006.ppm,0.932754,0.932754,1.192e-7,1.000000
lfw,all,rgb,rgb/Kim_Ryong-sung_0007.ppm,0.973084,0.973084,0.000e0,1.000000
lfw,all,rgb,rgb/Kim_Ryong-sung_0008.ppm,0.979766,0.979766,0.000e0,1.000000
lfw,all,rgb,rgb/Kim_Ryong-sung_0009.ppm,0.931526,0.931526,0.000e0,1.000000
lfw,all,rgb,rgb/Kim_Ryong-sung_0010.ppm,0.975688,0.975688,0.000e0,1.000000
lfw,all,rgb,rgb/Kim_Ryong-sung_0011.ppm,0.903371,0.903371,5.960e-8,0.999999
lfw,all,rgb,rgb/Kim_Su_Nam_0001.ppm,0.979687,0.979687,0.000e0,1.000000
lfw,all,rgb,rgb/Kim_Weeks_0001.ppm,0.903200,0.903200,0.000e0,1.000000
lfw,all,rgb,rgb/Kim_Yong-il_0001.ppm,0.975185,0.975185,0.000e0,1.000000
lfw,all,rgb,rgb/Kim_Yong-il_0002.ppm,0.966965,0.966965,1.192e-7,1.000000
lfw,all,rgb,rgb/Kim_Yong-il_0003.ppm,0.986862,0.986862,0.000e0,1.000000
lfw,all,rgb,rgb/Kim_Yun-kyu_0001.ppm,0.920898,0.920898,1.192e-7,1.000000
lfw,all,rgb,rgb/Kimberly_Bruckner_0001.ppm,0.950814,0.950814,0.000e0,1.000000
lfw,all,rgb,rgb/Kimberly_Stewart_0001.ppm,0.922425,0.922425,0.000e0,1.000000
lfw,all,rgb,rgb/Kimi_Raikkonen_0001.ppm,0.929841,0.929841,5.960e-8,1.000000
lfw,all,rgb,rgb/Kimi_Raikkonen_0002.ppm,0.894991,0.894991,0.000e0,0.999999
lfw,all,rgb,rgb/Kimi_Raikkonen_0003.ppm,0.951224,0.951224,0.000e0,1.000000
lfw,all,rgb,rgb/Kimora_Lee_0001.ppm,0.930880,0.930880,0.000e0,1.000000
lfw,all,rgb,rgb/King_Abdullah_II_0001.ppm,0.956094,0.956094,0.000e0,1.000000
lfw,all,rgb,rgb/King_Abdullah_II_0002.ppm,0.954871,0.954871,5.960e-8,1.000000
lfw,all,rgb,rgb/King_Abdullah_II_0003.ppm,0.971586,0.971586,0.000e0,1.000000
lfw,all,rgb,rgb/King_Abdullah_II_0004.ppm,0.937028,0.937028,0.000e0,1.000000
lfw,all,rgb,rgb/King_Abdullah_II_0005.ppm,0.923209,0.923209,1.192e-7,1.000000
lfw,all,rgb,rgb/King_Bhumibol_Adulyadej_0001.ppm,0.884979,0.884979,0.000e0,1.000000
lfw,all,rgb,rgb/King_Gyanendra_0001.ppm,0.914185,0.914185,0.000e0,1.000000
lfw,all,rgb,rgb/Kirby_Puckett_0001.ppm,0.949554,0.949554,2.384e-7,1.000000
lfw,all,rgb,rgb/Kirk_Doerger_0001.ppm,0.967722,0.967721,1.192e-7,0.999999
lfw,all,rgb,rgb/Kirk_Douglas_0001.ppm,0.934298,0.934298,0.000e0,1.000000
lfw,all,rgb,rgb/Kirk_Ferentz_0001.ppm,0.907938,0.907938,1.192e-7,1.000000
lfw,all,rgb,rgb/Kirk_Ferentz_0002.ppm,0.980320,0.980320,0.000e0,1.000000
lfw,all,rgb,rgb/Kirk_Franklin_0001.ppm,0.924686,0.924686,0.000e0,0.999999
lfw,all,rgb,rgb/Kirk_Johnson_0001.ppm,0.907006,0.907006,0.000e0,1.000000
lfw,all,rgb,rgb/Kirk_Johnson_0002.ppm,0.936552,0.936552,0.000e0,1.000000
lfw,all,rgb,rgb/Kirk_Johnson_0003.ppm,0.940688,0.940688,1.192e-7,1.000000
lfw,all,rgb,rgb/Kirsten_Clark_0001.ppm,0.877893,0.877893,0.000e0,1.000000
lfw,all,rgb,rgb/Kirsten_Dunst_0001.ppm,0.946235,0.946234,1.192e-7,1.000000
lfw,all,rgb,rgb/Kirsten_Gilham_0001.ppm,0.896306,0.896306,1.192e-7,1.000000
lfw,all,rgb,rgb/Kit_Bond_0001.ppm,0.937319,0.937319,1.192e-7,0.999999
lfw,all,rgb,rgb/Kitin_Munoz_0001.ppm,0.929230,0.929230,1.192e-7,1.000000
lfw,all,rgb,rgb/Kjell_Magne_Bondevik_0001.ppm,0.941289,0.941289,0.000e0,1.000000
lfw,all,rgb,rgb/Kjell_Magne_Bondevik_0002.ppm,0.971584,0.971584,0.000e0,1.000000
lfw,all,rgb,rgb/Kjell_Magne_Bondevik_0003.ppm,0.951161,0.951161,0.000e0,1.000000
lfw,all,rgb,rgb/Klaus_Schwab_0001.ppm,0.879857,0.879857,1.192e-7,1.000000
lfw,all,rgb,rgb/Klaus_Zwickel_0001.ppm,0.944554,0.944554,0.000e0,1.000000
lfw,all,rgb,rgb/Klaus_Zwickel_0002.ppm,0.898958,0.898958,0.000e0,1.000000
lfw,all,rgb,rgb/Kobe_Bryant_0001.ppm,0.865244,0.865244,0.000e0,1.000000
lfw,all,rgb,rgb/Kobe_Bryant_0002.ppm,0.931993,0.931993,0.000e0,1.000000
lfw,all,rgb,rgb/Kobe_Bryant_0003.ppm,0.918496,0.918496,0.000e0,1.000000
lfw,all,rgb,rgb/Kofi_Annan_0001.ppm,0.888927,0.888927,1.192e-7,1.000000
lfw,all,rgb,rgb/Kofi_Annan_0002.ppm,0.904050,0.904050,1.192e-7,0.999999
lfw,all,rgb,rgb/Kofi_Annan_0003.ppm,0.889894,0.889894,0.000e0,1.000000
lfw,all,rgb,rgb/Kofi_Annan_0004.ppm,0.887307,0.887306,1.192e-7,1.000000
lfw,all,rgb,rgb/Kofi_Annan_0005.ppm,0.956112,0.956112,1.192e-7,1.000000
lfw,all,rgb,rgb/Kofi_Annan_0006.ppm,0.947102,0.947102,5.960e-8,1.000000
lfw,all,rgb,rgb/Kofi_Annan_0007.ppm,0.921147,0.921147,0.000e0,1.000000
lfw,all,rgb,rgb/Kofi_Annan_0008.ppm,0.955973,0.955973,1.192e-7,1.000000
lfw,all,rgb,rgb/Kofi_Annan_0009.ppm,0.927550,0.927550,1.192e-7,1.000000
lfw,all,rgb,rgb/Kofi_Annan_0010.ppm,0.931610,0.931610,1.192e-7,1.000000
lfw,all,rgb,rgb/Kofi_Annan_0011.ppm,0.925449,0.925449,0.000e0,1.000000
lfw,all,rgb,rgb/Kofi_Annan_0012.ppm,0.925198,0.925198,0.000e0,1.000000
lfw,all,rgb,rgb/Kofi_Annan_0013.ppm,0.899171,0.899171,5.960e-8,1.000000
lfw,all,rgb,rgb/Kofi_Annan_0014.ppm,0.927712,0.927712,0.000e0,1.000000
lfw,all,rgb,rgb/Kofi_Annan_0015.ppm,0.956341,0.956341,0.000e0,1.000000
lfw,all,rgb,rgb/Kofi_Annan_0016.ppm,0.915363,0.915363,1.192e-7,1.000000
lfw,all,rgb,rgb/Kofi_Annan_0017.ppm,0.873866,0.873866,1.788e-7,1.000000
lfw,all,rgb,rgb/Kofi_Annan_0018.ppm,0.885535,0.885535,5.960e-8,1.000000
lfw,all,rgb,rgb/Kofi_Annan_0019.ppm,0.933300,0.933300,0.000e0,1.000000
lfw,all,rgb,rgb/Kofi_Annan_0020.ppm,0.953809,0.953809,1.192e-7,1.000000
lfw,all,rgb,rgb/Kofi_Annan_0021.ppm,0.894282,0.894282,0.000e0,1.000000
lfw,all,rgb,rgb/Kofi_Annan_0022.ppm,0.874515,0.874515,0.000e0,1.000000
lfw,all,rgb,rgb/Kofi_Annan_0023.ppm,0.944362,0.944362,1.192e-7,0.999999
lfw,all,rgb,rgb/Kofi_Annan_0024.ppm,0.900087,0.900087,0.000e0,1.000000
lfw,all,rgb,rgb/Kofi_Annan_0025.ppm,0.930455,0.930455,1.192e-7,0.999999
lfw,all,rgb,rgb/Kofi_Annan_0026.ppm,0.928518,0.928518,1.192e-7,1.000000
lfw,all,rgb,rgb/Kofi_Annan_0027.ppm,0.945533,0.945533,0.000e0,1.000000
lfw,all,rgb,rgb/Kofi_Annan_0028.ppm,0.910492,0.910492,0.000e0,1.000000
lfw,all,rgb,rgb/Kofi_Annan_0029.ppm,0.872772,0.872772,5.960e-8,1.000000
lfw,all,rgb,rgb/Kofi_Annan_0030.ppm,0.933556,0.933556,0.000e0,1.000000
lfw,all,rgb,rgb/Kofi_Annan_0031.ppm,0.889416,0.889416,0.000e0,1.000000
lfw,all,rgb,rgb/Kofi_Annan_0032.ppm,0.899258,0.899258,1.788e-7,1.000000
lfw,all,rgb,rgb/Koichi_Haraguchi_0001.ppm,0.915168,0.915168,5.960e-8,1.000000
lfw,all,rgb,rgb/Koichi_Tanaka_0001.ppm,0.958142,0.958142,1.192e-7,1.000000
lfw,all,rgb,rgb/Koichiro_Matsuura_0001.ppm,0.957021,0.957021,1.192e-7,1.000000
lfw,all,rgb,rgb/Koji_Uehara_0001.ppm,0.964064,0.964064,0.000e0,1.000000
lfw,all,rgb,rgb/Kong_Quan_0001.ppm,0.930387,0.930387,0.000e0,1.000000
lfw,all,rgb,rgb/Kostya_Tszyu_0001.ppm,0.931019,0.931019,0.000e0,1.000000
lfw,all,rgb,rgb/Kosuke_Kitajima_0001.ppm,0.954313,0.954313,1.192e-7,1.000000
lfw,all,rgb,rgb/Kosuke_Kitajima_0002.ppm,0.857657,0.857657,0.000e0,0.999999
lfw,all,rgb,rgb/Krishna_Bhadur_Mahara_0001.ppm,0.921904,0.921904,0.000e0,0.999999
lfw,all,rgb,rgb/Kristanna_Loken_0001.ppm,0.963603,0.963603,1.192e-7,1.000000
lfw,all,rgb,rgb/Kristanna_Loken_0002.ppm,0.946840,0.946841,1.192e-7,1.000000
lfw,all,rgb,rgb/Kristanna_Loken_0003.ppm,0.947112,0.947112,0.000e0,1.000000
lfw,all,rgb,rgb/Kristanna_Loken_0004.ppm,0.958272,0.958272,0.000e0,1.000000
lfw,all,rgb,rgb/Kristanna_Loken_0005.ppm,0.955972,0.955972,5.960e-8,1.000000
lfw,all,rgb,rgb/Kristen_Breitweiser_0001.ppm,0.968491,0.968491,0.000e0,1.000000
lfw,all,rgb,rgb/Kristen_Breitweiser_0002.ppm,0.942451,0.942451,0.000e0,1.000000
lfw,all,rgb,rgb/Kristen_Breitweiser_0003.ppm,0.961578,0.961578,5.960e-8,1.000000
lfw,all,rgb,rgb/Kristen_Rivera_0001.ppm,0.930774,0.930774,0.000e0,1.000000
lfw,all,rgb,rgb/Kristin_Chenoweth_0001.ppm,0.954593,0.954593,1.192e-7,1.000000
lfw,all,rgb,rgb/Kristin_Davis_0001.ppm,0.937690,0.937690,5.960e-8,1.000000
lfw,all,rgb,rgb/Kristin_Davis_0002.ppm,0.945308,0.945308,1.788e-7,1.000000
lfw,all,rgb,rgb/Kristin_Davis_0003.ppm,0.915853,0.915853,1.192e-7,1.000000
lfw,all,rgb,rgb/Kristin_Scott_0001.ppm,0.897850,0.897850,0.000e0,1.000000
lfw,all,rgb,rgb/Kristin_Scott_Thomas_0001.ppm,0.922035,0.922035,0.000e0,1.000000
lfw,all,rgb,rgb/Kristy_Curry_0001.ppm,0.909952,0.909952,0.000e0,1.000000
lfw,all,rgb,rgb/Kultida_Woods_0001.ppm,0.926512,0.926512,0.000e0,1.000000
lfw,all,rgb,rgb/Kurt_Budke_0001.ppm,0.976783,0.976783,1.192e-7,1.000000
lfw,all,rgb,rgb/Kurt_Busch_0001.ppm,0.935763,0.935763,0.000e0,1.000000
lfw,all,rgb,rgb/Kurt_Busch_0002.ppm,0.930963,0.930963,1.192e-7,1.000000
lfw,all,rgb,rgb/Kurt_Hellstrom_0001.ppm,0.914433,0.914434,1.192e-7,0.999999
lfw,all,rgb,rgb/Kurt_Russell_0001.ppm,0.951408,0.951408,1.192e-7,1.000000
lfw,all,rgb,rgb/Kurt_Russell_0002.ppm,0.901822,0.901822,5.960e-8,1.000000
lfw,all,rgb,rgb/Kurt_Schottenheimer_0001.ppm,0.900571,0.900571,1.192e-7,1.000000
lfw,all,rgb,rgb/Kurt_Suzuki_0001.ppm,0.913880,0.913880,1.192e-7,0.999999
lfw,all,rgb,rgb/Kurt_Tanabe_0001.ppm,0.945444,0.945444,0.000e0,1.000000
lfw,all,rgb,rgb/Kurt_Thomas_0001.ppm,0.945926,0.945926,0.000e0,1.000000
lfw,all,rgb,rgb/Kurt_Warner_0001.ppm,0.937887,0.937887,0.000e0,1.000000
lfw,all,rgb,rgb/Kurt_Warner_0002.ppm,0.911339,0.911339,0.000e0,1.000000
lfw,all,rgb,rgb/Kurt_Warner_0003.ppm,0.934520,0.934519,1.192e-7,1.000000
lfw,all,rgb,rgb/Kurt_Warner_0004.ppm,0.924089,0.924089,0.000e0,0.999999
lfw,all,rgb,rgb/Kurt_Warner_0005.ppm,0.922036,0.922036,0.000e0,1.000000
lfw,all,rgb,rgb/Kwame_Kilpatrick_0001.ppm,0.944565,0.944565,1.192e-7,1.000000
lfw,all,rgb,rgb/Kweisi_Mfume_0001.ppm,0.922915,0.922915,0.000e0,1.000000
lfw,all,rgb,rgb/Kwon_Yang-sook_0001.ppm,0.963242,0.963242,0.000e0,1.000000
lfw,all,rgb,rgb/Kwon_Yang-sook_0002.ppm,0.992108,0.992108,0.000e0,1.000000
lfw,all,rgb,rgb/Kwon_Yang-sook_0003.ppm,0.974357,0.974357,0.000e0,1.000000
lfw,all,rgb,rgb/Kwon_Young-gil_0001.ppm,0.944201,0.944201,0.000e0,1.000000
lfw,all,rgb,rgb/Kyle_McLaren_0001.ppm,0.956061,0.956061,1.192e-7,0.999999
lfw,all,rgb,rgb/Kyle_Shewfelt_0001.ppm,0.905093,0.905093,5.960e-8,1.000000
lfw,all,rgb,rgb/Kyoko_Nakayama_0001.ppm,0.932524,0.932524,0.000e0,1.000000
lfw,all,rgb,rgb/Kyra_Sedgwick_0001.ppm,0.929052,0.929052,0.000e0,0.999999
lfw,all,rgb,rgb/LK_Advani_0001.ppm,0.836188,0.836187,1.192e-7,1.000000
lfw,all,rgb,rgb/LK_Advani_0002.ppm,0.895690,0.895690,1.192e-7,1.000000
lfw,all,rgb,rgb/LK_Advani_0003.ppm,0.771761,0.771762,5.960e-8,1.000000
lfw,all,rgb,rgb/Lachlan_Murdoch_0001.ppm,0.938798,0.938798,5.960e-8,1.000000
lfw,all,rgb,rgb/Laila_Ali_0001.ppm,0.978224,0.978224,0.000e0,1.000000
lfw,all,rgb,rgb/Laila_Ali_0002.ppm,0.946512,0.946512,0.000e0,1.000000
lfw,all,rgb,rgb/Laila_Ali_0003.ppm,0.899459,0.899459,1.192e-7,1.000000
lfw,all,rgb,rgb/Lana_Clarkson_0001.ppm,0.898292,0.898292,1.192e-7,1.000000
lfw,all,rgb,rgb/Lana_Clarkson_0002.ppm,0.940674,0.940674,1.192e-7,1.000000
lfw,all,rgb,rgb/Lance_Armstrong_0001.ppm,0.926381,0.926381,5.960e-8,1.000000
lfw,all,rgb,rgb/Lance_Armstrong_0002.ppm,0.945117,0.945117,0.000e0,1.000000
lfw,all,rgb,rgb/Lance_Armstrong_0003.ppm,0.923467,0.923467,0.000e0,1.000000
lfw,all,rgb,rgb/Lance_Armstrong_0004.ppm,0.920466,0.920466,1.192e-7,1.000000
lfw,all,rgb,rgb/Lance_Armstrong_0005.ppm,0.921391,0.921391,0.000e0,1.000000
lfw,all,rgb,rgb/Lance_Armstrong_0006.ppm,0.914464,0.914464,0.000e0,1.000000
lfw,all,rgb,rgb/Lance_Armstrong_0007.ppm,0.932820,0.932820,1.192e-7,1.000000
lfw,all,rgb,rgb/Lance_Armstrong_0008.ppm,0.937318,0.937318,0.000e0,1.000000
lfw,all,rgb,rgb/Lance_Armstrong_0009.ppm,0.932782,0.932782,0.000e0,1.000000
lfw,all,rgb,rgb/Lance_Armstrong_0010.ppm,0.908901,0.908901,0.000e0,1.000000
lfw,all,rgb,rgb/Lance_Armstrong_0011.ppm,0.934734,0.934734,0.000e0,1.000000
lfw,all,rgb,rgb/Lance_Armstrong_0012.ppm,0.908554,0.908554,0.000e0,1.000000
lfw,all,rgb,rgb/Lance_Armstrong_0013.ppm,0.906402,0.906402,0.000e0,1.000000
lfw,all,rgb,rgb/Lance_Armstrong_0014.ppm,0.896963,0.896963,5.960e-8,0.999999
lfw,all,rgb,rgb/Lance_Armstrong_0015.ppm,0.899721,0.899721,1.192e-7,1.000000
lfw,all,rgb,rgb/Lance_Armstrong_0016.ppm,0.931449,0.931449,0.000e0,1.000000
lfw,all,rgb,rgb/Lance_Armstrong_0017.ppm,0.941323,0.941323,0.000e0,0.999999
lfw,all,rgb,rgb/Lance_Armstrong_0018.ppm,0.945253,0.945253,0.000e0,1.000000
lfw,all,rgb,rgb/Lance_Bass_0001.ppm,0.927970,0.927970,0.000e0,1.000000
lfw,all,rgb,rgb/Lance_Bass_0002.ppm,0.947157,0.947157,0.000e0,0.999999
lfw,all,rgb,rgb/Lance_Bass_0003.ppm,0.971148,0.971148,1.192e-7,1.000000
lfw,all,rgb,rgb/Lance_Bass_0004.ppm,0.965508,0.965508,5.960e-8,1.000000
lfw,all,rgb,rgb/Lance_Bass_0005.ppm,0.927136,0.927136,0.000e0,1.000000
lfw,all,rgb,rgb/Landon_Donovan_0001.ppm,0.941682,0.941682,1.192e-7,1.000000
lfw,all,rgb,rgb/Lane_Bryant_0001.ppm,0.941485,0.941485,0.000e0,0.999999
lfw,all,rgb,rgb/Lane_Odom_0001.ppm,0.965808,0.965808,0.000e0,1.000000
lfw,all,rgb,rgb/Lara_Logan_0001.ppm,0.959455,0.959455,0.000e0,1.000000
lfw,all,rgb,rgb/Larenz_Tate_0001.ppm,0.979470,0.979470,0.000e0,1.000000
lfw,all,rgb,rgb/Larry_Anderson_0001.ppm,0.901300,0.901300,0.000e0,0.999999
lfw,all,rgb,rgb/Larry_Beinfest_0001.ppm,0.926241,0.926241,0.000e0,1.000000
lfw,all,rgb,rgb/Larry_Bowa_0001.ppm,0.948258,0.948258,0.000e0,1.000000
lfw,all,rgb,rgb/Larry_Bowa_0002.ppm,0.936675,0.936675,0.000e0,1.000000
lfw,all,rgb,rgb/Larry_Brown_0001.ppm,0.920844,0.920844,0.000e0,1.000000
lfw,all,rgb,rgb/Larry_Brown_0002.ppm,0.866660,0.866659,1.788e-7,1.000000
lfw,all,rgb,rgb/Larry_Brown_0003.ppm,0.910734,0.910734,1.192e-7,1.000000
lfw,all,rgb,rgb/Larry_Brown_0004.ppm,0.893869,0.893869,5.960e-8,1.000000
lfw,all,rgb,rgb/Larry_Brown_0005.ppm,0.927139,0.927139,0.000e0,1.000000
lfw,all,rgb,rgb/Larry_Brown_0006.ppm,0.907059,0.907059,0.000e0,1.000000
lfw,all,rgb,rgb/Larry_Brown_0007.ppm,0.903684,0.903684,5.960e-8,1.000000
lfw,all,rgb,rgb/Larry_Campbell_0001.ppm,0.919336,0.919336,0.000e0,1.000000
lfw,all,rgb,rgb/Larry_Coker_0001.ppm,0.901362,0.901362,1.192e-7,1.000000
lfw,all,rgb,rgb/Larry_Coker_0002.ppm,0.925617,0.925617,0.000e0,1.000000
lfw,all,rgb,rgb/Larry_Coker_0003.ppm,0.889395,0.889395,0.000e0,0.999999
lfw,all,rgb,rgb/Larry_Coker_0004.ppm,0.907348,0.907348,0.000e0,1.000000
lfw,all,rgb,rgb/Larry_Donald_0001.ppm,0.959806,0.959806,0.000e0,1.000000
lfw,all,rgb,rgb/Larry_Ellison_0001.ppm,0.937473,0.937473,0.000e0,1.000000
lfw,all,rgb,rgb/Larry_Ellison_0002.ppm,0.864562,0.864562,0.000e0,1.000000
lfw,all,rgb,rgb/Larry_Ellison_0003.ppm,0.916951,0.916951,0.000e0,1.000000
lfw,all,rgb,rgb/Larry_Eustachy_0001.ppm,0.910926,0.910925,1.192e-7,1.000000
lfw,all,rgb,rgb/Larry_Flynt_0001.ppm,0.942101,0.942101,0.000e0,1.000000
lfw,all,rgb,rgb/Larry_Greene_0001.ppm,0.937520,0.937520,0.000e0,1.000000
lfw,all,rgb,rgb/Larry_Hagman_0001.ppm,0.900541,0.900541,5.960e-8,1.000000
lfw,all,rgb,rgb/Larry_Hahn_0001.ppm,0.904049,0.904049,1.192e-7,1.000000
lfw,all,rgb,rgb/Larry_Harris_0001.ppm,0.924684,0.924684,0.000e0,1.000000
lfw,all,rgb,rgb/Larry_Johnson_0001.ppm,0.923343,0.923343,0.000e0,1.000000
lfw,all,rgb,rgb/Larry_Johnson_0002.ppm,0.980002,0.980002,0.000e0,1.000000
lfw,all,rgb,rgb/Larry_Lindsey_0001.ppm,0.924777,0.924777,1.192e-7,1.000000
lfw,all,rgb,rgb/Larry_Lindsey_0002.ppm,0.902435,0.902435,0.000e0,1.000000
lfw,all,rgb,rgb/Larry_Lucchino_0001.ppm,0.952119,0.952119,0.000e0,1.000000
lfw,all,rgb,rgb/Larry_Lucchino_0002.ppm,0.967095,0.967095,0.000e0,0.999999
lfw,all,rgb,rgb/Larry_Nichols_0001.ppm,0.972331,0.972331,0.000e0,1.000000
lfw,all,rgb,rgb/Larry_Pleau_0001.ppm,0.904776,0.904776,0.000e0,1.000000
lfw,all,rgb,rgb/Larry_Ralston_0001.ppm,0.914452,0.914452,0.000e0,0.999999
lfw,all,rgb,rgb/Larry_Tanenbaum_0001.ppm,0.949326,0.949326,1.192e-7,1.000000
lfw,all,rgb,rgb/Larry_Templeton_0001.ppm,0.926956,0.926956,5.960e-8,1.000000
lfw,all,rgb,rgb/Larry_Thompson_0001.ppm,0.934583,0.934583,5.960e-8,1.000000
lfw,all,rgb,rgb/Larry_Thompson_0002.ppm,0.924684,0.924684,0.000e0,1.000000
lfw,all,rgb,rgb/Larry_Thompson_0003.ppm,0.907511,0.907511,0.000e0,1.000000
lfw,all,rgb,rgb/Larry_Thompson_0004.ppm,0.942256,0.942256,0.000e0,1.000000
lfw,all,rgb,rgb/Larry_Wilmore_0001.ppm,0.918318,0.918318,0.000e0,1.000000
lfw,all,rgb,rgb/Lars_Burgsmuller_0001.ppm,0.922566,0.922566,1.192e-7,1.000000
lfw,all,rgb,rgb/Lars_Von_Trier_0001.ppm,0.918259,0.918259,1.192e-7,1.000000
lfw,all,rgb,rgb/Lars_Von_Trier_0002.ppm,0.900818,0.900818,0.000e0,1.000000
lfw,all,rgb,rgb/Lars_Von_Trier_0003.ppm,0.942684,0.942684,0.000e0,1.000000
lfw,all,rgb,rgb/Laszlo_Kovacs_0001.ppm,0.875146,0.875146,5.960e-8,0.999999
lfw,all,rgb,rgb/Latrell_Sprewell_0001.ppm,0.890333,0.890333,0.000e0,1.000000
lfw,all,rgb,rgb/Latrell_Sprewell_0002.ppm,0.940177,0.940177,0.000e0,1.000000
lfw,all,rgb,rgb/Laura_Bozzo_0001.ppm,0.964082,0.964082,0.000e0,0.999999
lfw,all,rgb,rgb/Laura_Bush_0001.ppm,0.934701,0.934701,1.192e-7,1.000000
lfw,all,rgb,rgb/Laura_Bush_0002.ppm,0.909403,0.909403,0.000e0,1.000000
lfw,all,rgb,rgb/Laura_Bush_0003.ppm,0.904587,0.904587,5.960e-8,1.000000
lfw,all,rgb,rgb/Laura_Bush_0004.ppm,0.967874,0.967874,0.000e0,1.000000
lfw,all,rgb,rgb/Laura_Bush_0005.ppm,0.912924,0.912924,0.000e0,1.000000
lfw,all,rgb,rgb/Laura_Bush_0006.ppm,0.944398,0.944398,5.960e-8,1.000000
lfw,all,rgb,rgb/Laura_Bush_0007.ppm,0.915733,0.915733,0.000e0,1.000000
lfw,all,rgb,rgb/Laura_Bush_0008.ppm,0.928159,0.928159,0.000e0,0.999999
lfw,all,rgb,rgb/Laura_Bush_0009.ppm,0.925176,0.925176,0.000e0,1.000000
lfw,all,rgb,rgb/Laura_Bush_0010.ppm,0.901600,0.901600,0.000e0,1.000000
lfw,all,rgb,rgb/Laura_Bush_0011.ppm,0.869940,0.869940,0.000e0,1.000000
lfw,all,rgb,rgb/Laura_Bush_0012.ppm,0.946233,0.946233,0.000e0,1.000000
lfw,all,rgb,rgb/Laura_Bush_0013.ppm,0.939042,0.939042,0.000e0,1.000000
lfw,all,rgb,rgb/Laura_Bush_0014.ppm,0.933279,0.933279,1.192e-7,1.000000
lfw,all,rgb,rgb/Laura_Bush_0015.ppm,0.964794,0.964794,0.000e0,0.999999
lfw,all,rgb,rgb/Laura_Bush_0016.ppm,0.930327,0.930327,0.000e0,0.999999
lfw,all,rgb,rgb/Laura_Bush_0017.ppm,0.957612,0.957612,1.192e-7,1.000000
lfw,all,rgb,rgb/Laura_Bush_0018.ppm,0.925248,0.925248,1.192e-7,1.000000
lfw,all,rgb,rgb/Laura_Bush_0019.ppm,0.926840,0.926840,0.000e0,1.000000
lfw,all,rgb,rgb/Laura_Bush_0020.ppm,0.904664,0.904664,1.192e-7,1.000000
lfw,all,rgb,rgb/Laura_Bush_0021.ppm,0.949204,0.949204,0.000e0,1.000000
lfw,all,rgb,rgb/Laura_Bush_0022.ppm,0.936995,0.936995,0.000e0,1.000000
lfw,all,rgb,rgb/Laura_Bush_0023.ppm,0.953457,0.953457,0.000e0,1.000000
lfw,all,rgb,rgb/Laura_Bush_0024.ppm,0.914530,0.914530,2.384e-7,1.000000
lfw,all,rgb,rgb/Laura_Bush_0025.ppm,0.943972,0.943972,0.000e0,1.000000
lfw,all,rgb,rgb/Laura_Bush_0026.ppm,0.880697,0.880697,0.000e0,1.000000
lfw,all,rgb,rgb/Laura_Bush_0027.ppm,0.909508,0.909508,1.192e-7,1.000000
lfw,all,rgb,rgb/Laura_Bush_0028.ppm,0.936532,0.936532,0.000e0,1.000000
lfw,all,rgb,rgb/Laura_Bush_0029.ppm,0.908023,0.908023,0.000e0,1.000000
lfw,all,rgb,rgb/Laura_Bush_0030.ppm,0.936241,0.936242,1.788e-7,1.000000
lfw,all,rgb,rgb/Laura_Bush_0031.ppm,0.968038,0.968038,0.000e0,1.000000
lfw,all,rgb,rgb/Laura_Bush_0032.ppm,0.866582,0.866582,0.000e0,1.000000
lfw,all,rgb,rgb/Laura_Bush_0033.ppm,0.960870,0.960870,1.192e-7,1.000000
lfw,all,rgb,rgb/Laura_Bush_0034.ppm,0.956013,0.956013,0.000e0,1.000000
lfw,all,rgb,rgb/Laura_Bush_0035.ppm,0.912656,0.912656,1.192e-7,1.000000
lfw,all,rgb,rgb/Laura_Bush_0036.ppm,0.939529,0.939529,1.788e-7,1.000000
lfw,all,rgb,rgb/Laura_Bush_0037.ppm,0.950962,0.950962,0.000e0,1.000000
lfw,all,rgb,rgb/Laura_Bush_0038.ppm,0.957033,0.957033,0.000e0,1.000000
lfw,all,rgb,rgb/Laura_Bush_0039.ppm,0.908023,0.908023,0.000e0,1.000000
lfw,all,rgb,rgb/Laura_Bush_0040.ppm,0.946525,0.946525,1.192e-7,1.000000
lfw,all,rgb,rgb/Laura_Bush_0041.ppm,0.941570,0.941570,0.000e0,1.000000
lfw,all,rgb,rgb/Laura_Elena_Harring_0001.ppm,0.925391,0.925391,0.000e0,1.000000
lfw,all,rgb,rgb/Laura_Flessel_0001.ppm,0.988765,0.988765,0.000e0,1.000000
lfw,all,rgb,rgb/Laura_Gobai_0001.ppm,0.958975,0.958975,0.000e0,1.000000
lfw,all,rgb,rgb/Laura_Hernandez_0001.ppm,0.943477,0.943478,1.192e-7,1.000000
lfw,all,rgb,rgb/Laura_Hernandez_0002.ppm,0.952506,0.952506,1.192e-7,1.000000
lfw,all,rgb,rgb/Laura_Linney_0001.ppm,0.969527,0.969527,0.000e0,1.000000
lfw,all,rgb,rgb/Laura_Linney_0002.ppm,0.938480,0.938480,0.000e0,1.000000
lfw,all,rgb,rgb/Laura_Linney_0003.ppm,0.912831,0.912831,0.000e0,1.000000
lfw,all,rgb,rgb/Laura_Linney_0004.ppm,0.958317,0.958317,0.000e0,1.000000
lfw,all,rgb,rgb/Laura_Marlow_0001.ppm,0.926902,0.926902,1.192e-7,1.000000
lfw,all,rgb,rgb/Laura_Morante_0001.ppm,0.941131,0.941131,0.000e0,1.000000
lfw,all,rgb,rgb/Laura_Pausini_0001.ppm,0.923518,0.923518,0.000e0,1.000000
lfw,all,rgb,rgb/Laura_Romero_0001.ppm,0.923519,0.923519,5.960e-8,1.000000
lfw,all,rgb,rgb/Laura_Schlessinger_0001.ppm,0.931029,0.931029,0.000e0,1.000000
lfw,all,rgb,rgb/Laura_Ziskin_0001.ppm,0.917250,0.917250,0.000e0,1.000000
lfw,all,rgb,rgb/Laurel_Clark_0001.ppm,0.900127,0.900127,5.960e-8,1.000000
lfw,all,rgb,rgb/Lauren_Hutton_0001.ppm,0.910908,0.910909,1.192e-7,1.000000
lfw,all,rgb,rgb/Lauren_Hutton_0002.ppm,0.947730,0.947730,5.960e-8,0.999999
lfw,all,rgb,rgb/Lauren_Killian_0001.ppm,0.946732,0.946732,0.000e0,1.000000
lfw,all,rgb,rgb/Lauren_Killian_0002.ppm,0.924443,0.924443,1.192e-7,1.000000
lfw,all,rgb,rgb/Laurence_Fishburne_0001.ppm,0.948865,0.948865,0.000e0,0.999999
lfw,all,rgb,rgb/Laurence_Tribe_0001.ppm,0.945983,0.945983,0.000e0,1.000000
lfw,all,rgb,rgb/Laurent_Gbagbo_0001.ppm,0.921359,0.921359,0.000e0,1.000000
lfw,all,rgb,rgb/Laurent_Gbagbo_0002.ppm,0.896108,0.896108,5.960e-8,1.000000
lfw,all,rgb,rgb/Laurent_Jalabert_0001.ppm,0.877696,0.877696,0.000e0,1.000000
lfw,all,rgb,rgb/Laurent_Jalabert_0002.ppm,0.901165,0.901165,0.000e0,1.000000
lfw,all,rgb,rgb/Laurent_Woulzy_0001.ppm,0.935849,0.935849,0.000e0,1.000000
lfw,all,rgb,rgb/Laurie_Chan_0001.ppm,0.883547,0.883547,0.000e0,1.000000
lfw,all,rgb,rgb/Laurie_Hobbs_0001.ppm,0.917515,0.917515,5.960e-8,0.999999
lfw,all,rgb,rgb/Laurie_Laychak_0001.ppm,0.942310,0.942310,0.000e0,1.000000
lfw,all,rgb,rgb/Laurie_Pirtle_0001.ppm,0.916938,0.916938,0.000e0,1.000000
lfw,all,rgb,rgb/Lawrence_Di_Rita_0001.ppm,0.955650,0.955650,0.000e0,1.000000
lfw,all,rgb,rgb/Lawrence_Foley_0001.ppm,0.890584,0.890584,0.000e0,1.000000
lfw,all,rgb,rgb/Lawrence_MacAulay_0001.ppm,0.923966,0.923967,1.192e-7,0.999999
lfw,all,rgb,rgb/Lawrence_MacAulay_0002.ppm,0.967415,0.967415,0.000e0,1.000000
lfw,all,rgb,rgb/Lawrence_Roberts_0001.ppm,0.824729,0.824729,2.384e-7,1.000000
lfw,all,rgb,rgb/Lawrence_Vito_0001.ppm,0.914515,0.914515,1.192e-7,1.000000
lfw,all,rgb,rgb/Lazaro_Castro_0001.ppm,0.861546,0.861546,0.000e0,1.000000
lfw,all,rgb,rgb/LeAnn_Rimes_0001.ppm,0.943332,0.943332,0.000e0,1.000000
lfw,all,rgb,rgb/LeAnn_Rimes_0002.ppm,0.942698,0.942698,1.192e-7,1.000000
lfw,all,rgb,rgb/LeBron_James_0001.ppm,0.960733,0.960733,5.960e-8,1.000000
lfw,all,rgb,rgb/LeBron_James_0002.ppm,0.901888,0.901888,5.960e-8,0.999999
lfw,all,rgb,rgb/LeBron_James_0003.ppm,0.917062,0.917062,1.192e-7,1.000000
lfw,all,rgb,rgb/LeBron_James_0004.ppm,0.902368,0.902368,0.000e0,1.000000
lfw,all,rgb,rgb/LeBron_James_0005.ppm,0.948418,0.948418,1.192e-7,1.000000
lfw,all,rgb,rgb/LeRoy_Millette_Jr_0001.ppm,0.935017,0.935017,0.000e0,1.000000
lfw,all,rgb,rgb/Lea_Fastow_0001.ppm,0.956075,0.956075,1.192e-7,1.000000
lfw,all,rgb,rgb/Lea_Fastow_0002.ppm,0.970959,0.970959,1.192e-7,1.000000
lfw,all,rgb,rgb/Leah_Remini_0001.ppm,0.985450,0.985450,0.000e0,1.000000
lfw,all,rgb,rgb/Leander_Paes_0001.ppm,0.967461,0.967461,0.000e0,1.000000
lfw,all,rgb,rgb/Leander_Paes_0002.ppm,0.928657,0.928657,0.000e0,1.000000
lfw,all,rgb,rgb/Leandrinho_Barbosa_0001.ppm,0.917152,0.917152,0.000e0,1.000000
lfw,all,rgb,rgb/Leandro_Andrade_0001.ppm,0.944550,0.944550,1.192e-7,1.000000
lfw,all,rgb,rgb/Leandro_Garcia_0001.ppm,0.935288,0.935288,0.000e0,1.000000
lfw,all,rgb,rgb/Lech_Walesa_0001.ppm,0.936635,0.936635,0.000e0,1.000000
lfw,all,rgb,rgb/Lech_Walesa_0002.ppm,0.945098,0.945098,0.000e0,1.000000
lfw,all,rgb,rgb/Lee_Ann_Knight_0001.ppm,0.894033,0.894033,0.000e0,1.000000
lfw,all,rgb,rgb/Lee_Ann_Terlaji_0001.ppm,0.970874,0.970874,0.000e0,1.000000
lfw,all,rgb,rgb/Lee_Ann_Womack_0001.ppm,0.932899,0.932899,0.000e0,0.999999
lfw,all,rgb,rgb/Lee_Baca_0001.ppm,0.932672,0.932672,0.000e0,1.000000
lfw,all,rgb,rgb/Lee_Byung-woong_0001.ppm,0.962655,0.962655,1.192e-7,1.000000
lfw,all,rgb,rgb/Lee_Chang-dong_0001.ppm,0.942364,0.942364,0.000e0,1.000000
lfw,all,rgb,rgb/Lee_Hoi-chang_0001.ppm,0.935026,0.935026,0.000e0,1.000000
lfw,all,rgb,rgb/Lee_Hoi-chang_0002.ppm,0.949105,0.949105,0.000e0,1.000000
lfw,all,rgb,rgb/Lee_Hoi-chang_0003.ppm,0.919743,0.919743,1.192e-7,1.000000
lfw,all,rgb,rgb/Lee_Hoi-chang_0004.ppm,0.952427,0.952427,0.000e0,1.000000
lfw,all,rgb,rgb/Lee_Hong-ki_0001.ppm,0.955704,0.955704,0.000e0,0.999999
lfw,all,rgb,rgb/Lee_Hyung-taik_0001.ppm,0.932484,0.932485,1.192e-7,1.000000
lfw,all,rgb,rgb/Lee_Jun_0001.ppm,0.922164,0.922164,0.000e0,1.000000
lfw,all,rgb,rgb/Lee_Jun_0002.ppm,0.892702,0.892702,0.000e0,1.000000
lfw,all,rgb,rgb/Lee_Nam-shin_0001.ppm,0.958028,0.958028,0.000e0,1.000000
lfw,all,rgb,rgb/Lee_Soo-hyuck_0001.ppm,0.957181,0.957181,1.192e-7,1.000000
lfw,all,rgb,rgb/Lee_Soo-hyuck_0002.ppm,0.931648,0.931648,0.000e0,1.000000
lfw,all,rgb,rgb/Lee_Soo-hyuck_0003.ppm,0.964278,0.964278,0.000e0,0.999999
lfw,all,rgb,rgb/Lee_Tae-sik_0001.ppm,0.942582,0.942582,0.000e0,1.000000
lfw,all,rgb,rgb/Lee_Tae-sik_0002.ppm,0.918771,0.918771,5.960e-8,1.000000
lfw,all,rgb,rgb/Lee_Yeo-jin_0001.ppm,0.927990,0.927990,0.000e0,0.999999
lfw,all,rgb,rgb/Lee_Yuan-tseh_0001.ppm,0.950858,0.950858,0.000e0,1.000000
lfw,all,rgb,rgb/Leigh_Winchell_0001.ppm,0.915786,0.915786,0.000e0,1.000000
lfw,all,rgb,rgb/Leisel_Jones_0001.ppm,0.927770,0.927770,0.000e0,1.000000
lfw,all,rgb,rgb/Lela_Rochon_0001.ppm,0.914169,0.914169,1.192e-7,1.000000
lfw,all,rgb,rgb/Leland_Chapman_0001.ppm,0.891480,0.891480,0.000e0,1.000000
lfw,all,rgb,rgb/Leland_Chapman_0002.ppm,0.935283,0.935283,1.192e-7,1.000000
lfw,all,rgb,rgb/Lemuel_Montulo_0001.ppm,0.919939,0.919939,0.000e0,1.000000
lfw,all,rgb,rgb/Len_Jenoff_0001.ppm,0.929179,0.929179,0.000e0,1.000000
lfw,all,rgb,rgb/Len_Jenoff_0002.ppm,0.905200,0.905200,0.000e0,1.000000
lfw,all,rgb,rgb/Lena_Katina_0001.ppm,0.950577,0.950577,0.000e0,1.000000
lfw,all,rgb,rgb/Lena_Olin_0001.ppm,0.932054,0.932054,1.192e-7,1.000000
lfw,all,rgb,rgb/Lene_Espersen_0001.ppm,0.934226,0.934226,0.000e0,1.000000
lfw,all,rgb,rgb/Leni_Bjorklund_0001.ppm,0.948803,0.948803,0.000e0,1.000000
lfw,all,rgb,rgb/Lennart_Johansson_0001.ppm,0.971396,0.971396,1.192e-7,0.999999
lfw,all,rgb,rgb/Lennox_Lewis_0001.ppm,0.965189,0.965189,0.000e0,1.000000
lfw,all,rgb,rgb/Lennox_Lewis_0002.ppm,0.955032,0.955033,1.192e-7,1.000000
lfw,all,rgb,rgb/Lennox_Lewis_0003.ppm,0.898397,0.898397,0.000e0,1.000000
lfw,all,rgb,rgb/Lenny_Kravitz_0001.ppm,0.967478,0.967478,0.000e0,1.000000
lfw,all,rgb,rgb/Lenny_Wilkens_0001.ppm,0.916448,0.916449,1.192e-7,1.000000
lfw,all,rgb,rgb/Lenny_Wilkens_0002.ppm,0.956874,0.956874,0.000e0,1.000000
lfw,all,rgb,rgb/Lenny_Wilkens_0003.ppm,0.942386,0.942386,0.000e0,1.000000
lfw,all,rgb,rgb/Leo_Mullin_0001.ppm,0.916596,0.916596,0.000e0,1.000000
lfw,all,rgb,rgb/Leo_Ramirez_0001.ppm,0.935321,0.935321,5.960e-8,0.999999
lfw,all,rgb,rgb/Leon_Barmore_0001.ppm,0.905902,0.905902,0.000e0,0.999999
lfw,all,rgb,rgb/Leon_LaPorte_0001.ppm,0.924535,0.924535,0.000e0,1.000000
lfw,all,rgb,rgb/Leon_LaPorte_0002.ppm,0.914420,0.914420,5.960e-8,1.000000
lfw,all,rgb,rgb/Leon_Lai_0001.ppm,0.921271,0.921271,1.192e-7,1.000000
lfw,all,rgb,rgb/Leon_Silver_0001.ppm,0.945764,0.945764,0.000e0,1.000000
lfw,all,rgb,rgb/Leonard_Glick_0001.ppm,0.932789,0.932789,1.192e-7,1.000000
lfw,all,rgb,rgb/Leonard_Hamilton_0001.ppm,0.894789,0.894789,5.960e-8,1.000000
lfw,all,rgb,rgb/Leonard_Hamilton_0002.ppm,0.898957,0.898957,1.192e-7,1.000000
lfw,all,rgb,rgb/Leonard_Schrank_0001.ppm,0.950602,0.950602,0.000e0,1.000000
lfw,all,rgb,rgb/Leonardo_Del_Vecchio_0001.ppm,0.960980,0.960980,0.000e0,1.000000
lfw,all,rgb,rgb/Leonardo_DiCaprio_0001.ppm,0.927419,0.927419,0.000e0,1.000000
lfw,all,rgb,rgb/Leonardo_DiCaprio_0002.ppm,0.964681,0.964681,0.000e0,0.999999
lfw,all,rgb,rgb/Leonardo_DiCaprio_0003.ppm,0.988833,0.988833,0.000e0,1.000000
lfw,all,rgb,rgb/Leonardo_DiCaprio_0004.ppm,0.947874,0.947874,0.000e0,1.000000
lfw,all,rgb,rgb/Leonardo_DiCaprio_0005.ppm,0.959452,0.959452,0.000e0,1.000000
lfw,all,rgb,rgb/Leonardo_DiCaprio_0006.ppm,0.973127,0.973128,2.384e-7,1.000000
lfw,all,rgb,rgb/Leonardo_DiCaprio_0007.ppm,0.925869,0.925869,0.000e0,1.000000
lfw,all,rgb,rgb/Leonardo_DiCaprio_0008.ppm,0.980364,0.980364,1.192e-7,1.000000
lfw,all,rgb,rgb/Leonardo_DiCaprio_0009.ppm,0.941767,0.941767,1.192e-7,1.000000
lfw,all,rgb,rgb/Leonardo_Fernandez_0001.ppm,0.878913,0.878913,0.000e0,1.000000
lfw,all,rgb,rgb/Leonid_Kuchma_0001.ppm,0.980223,0.980223,1.192e-7,1.000000
lfw,all,rgb,rgb/Leonid_Kuchma_0002.ppm,0.926408,0.926408,1.192e-7,1.000000
lfw,all,rgb,rgb/Leonid_Kuchma_0003.ppm,0.926055,0.926055,1.192e-7,1.000000
lfw,all,rgb,rgb/Leonid_Kuchma_0004.ppm,0.906476,0.906476,0.000e0,0.999999
lfw,all,rgb,rgb/Leonid_Kuchma_0005.ppm,0.962677,0.962678,1.192e-7,1.000000
lfw,all,rgb,rgb/Leonid_Kuchma_0006.ppm,0.930065,0.930065,0.000e0,1.000000
lfw,all,rgb,rgb/Lesia_Burlak_0001.ppm,0.915470,0.915470,0.000e0,1.000000
lfw,all,rgb,rgb/Lesley_Coppin_0001.ppm,0.932185,0.932185,5.960e-8,1.000000
lfw,all,rgb,rgb/Lesley_Flood_0001.ppm,0.931776,0.931776,0.000e0,1.000000
lfw,all,rgb,rgb/Lesley_McCulloch_0001.ppm,0.898552,0.898552,0.000e0,1.000000
lfw,all,rgb,rgb/Lesley_McCulloch_0002.ppm,0.954286,0.954286,1.192e-7,1.000000
lfw,all,rgb,rgb/Lesley_McCulloch_0003.ppm,0.950742,0.950742,0.000e0,0.999999
lfw,all,rgb,rgb/Leslie_Ann_Woodward_0001.ppm,0.931657,0.931657,0.000e0,1.000000
lfw,all,rgb,rgb/Leslie_Ann_Woodward_0002.ppm,0.925707,0.925707,0.000e0,0.999999
lfw,all,rgb,rgb/Leslie_Caldwell_0001.ppm,0.966051,0.966051,1.192e-7,1.000000
lfw,all,rgb,rgb/Leslie_Caldwell_0002.ppm,0.944409,0.944409,0.000e0,1.000000
lfw,all,rgb,rgb/Leslie_Caldwell_0003.ppm,0.982733,0.982733,0.000e0,1.000000
lfw,all,rgb,rgb/Leslie_Moonves_0001.ppm,0.925328,0.925328,0.000e0,1.000000
lfw,all,rgb,rgb/Leslie_Moonves_0002.ppm,0.923526,0.923526,0.000e0,1.000000
lfw,all,rgb,rgb/Leslie_Wiser_Jr_0001.ppm,0.918457,0.918457,0.000e0,1.000000
lfw,all,rgb,rgb/Lester_Holt_0001.ppm,0.924447,0.924447,0.000e0,1.000000
lfw,all,rgb,rgb/Leszek_Miller_0001.ppm,0.917668,0.917668,0.000e0,1.000000
lfw,all,rgb,rgb/Leszek_Miller_0002.ppm,0.940232,0.940232,0.000e0,1.000000
lfw,all,rgb,rgb/Leszek_Miller_0003.ppm,0.908974,0.908974,1.192e-7,1.000000
lfw,all,rgb,rgb/Leticia_Dolera_0001.ppm,0.970379,0.970379,0.000e0,1.000000
lfw,all,rgb,rgb/Leticia_Van_de_Putte_0001.ppm,0.939052,0.939052,0.000e0,1.000000
lfw,all,rgb,rgb/Leuris_Pupo_0001.ppm,0.917024,0.917024,0.000e0,1.000000
lfw,all,rgb,rgb/Lew_Rywin_0001.ppm,0.961613,0.961613,1.192e-7,0.999999
lfw,all,rgb,rgb/Lewis_Booth_0001.ppm,0.917288,0.917288,0.000e0,1.000000
lfw,all,rgb,rgb/Li_Changchun_0001.ppm,0.925410,0.925410,0.000e0,1.000000
lfw,all,rgb,rgb/Li_Ka-shing_0001.ppm,0.923934,0.923934,0.000e0,1.000000
lfw,all,rgb,rgb/Li_Peng_0001.ppm,0.925641,0.925641,0.000e0,1.000000
lfw,all,rgb,rgb/Li_Peng_0002.ppm,0.923375,0.923375,0.000e0,1.000000
lfw,all,rgb,rgb/Li_Peng_0003.ppm,0.964315,0.964315,0.000e0,0.999999
lfw,all,rgb,rgb/Li_Peng_0004.ppm,0.883110,0.883110,5.960e-8,1.000000
lfw,all,rgb,rgb/Li_Peng_0005.ppm,0.947168,0.947168,0.000e0,1.000000
lfw,all,rgb,rgb/Li_Peng_0006.ppm,0.945670,0.945670,0.000e0,1.000000
lfw,all,rgb,rgb/Li_Peng_0007.ppm,0.974168,0.974168,0.000e0,0.999999
lfw,all,rgb,rgb/Li_Peng_0008.ppm,0.926964,0.926964,0.000e0,1.000000
lfw,all,rgb,rgb/Li_Peng_0009.ppm,0.958495,0.958495,0.000e0,1.000000
lfw,all,rgb,rgb/Li_Ruihuan_0001.ppm,0.936421,0.936421,5.960e-8,1.000000
lfw,all,rgb,rgb/Li_Zhaoxing_0001.ppm,0.948712,0.948712,1.192e-7,1.000000
lfw,all,rgb,rgb/Li_Zhaoxing_0002.ppm,0.955629,0.955629,0.000e0,1.000000
lfw,all,rgb,rgb/Li_Zhaoxing_0003.ppm,0.912263,0.912263,0.000e0,1.000000
lfw,all,rgb,rgb/Li_Zhaoxing_0004.ppm,0.914113,0.914113,0.000e0,1.000000
lfw,all,rgb,rgb/Li_Zhaoxing_0005.ppm,0.930988,0.930988,0.000e0,1.000000
lfw,all,rgb,rgb/Li_Zhaoxing_0006.ppm,0.967525,0.967525,0.000e0,1.000000
lfw,all,rgb,rgb/Li_Zhaoxing_0007.ppm,0.935936,0.935936,0.000e0,1.000000
lfw,all,rgb,rgb/Li_Zhaoxing_0008.ppm,0.976821,0.976821,0.000e0,1.000000
lfw,all,rgb,rgb/Liam_Neeson_0001.ppm,0.944773,0.944773,0.000e0,1.000000
lfw,all,rgb,rgb/Liam_Neeson_0002.ppm,0.912217,0.912217,0.000e0,1.000000
lfw,all,rgb,rgb/Liam_Neeson_0003.ppm,0.955150,0.955150,0.000e0,1.000000
lfw,all,rgb,rgb/Liane_Janda_0001.ppm,0.964009,0.964009,0.000e0,0.999999
lfw,all,rgb,rgb/Lidija_Djukanovic_0001.ppm,0.916045,0.916045,2.384e-7,1.000000
lfw,all,rgb,rgb/Lili_Marinho_0001.ppm,0.952673,0.952673,5.960e-8,1.000000
lfw,all,rgb,rgb/Lili_Taylor_0001.ppm,0.942555,0.942555,0.000e0,1.000000
lfw,all,rgb,rgb/Lili_Taylor_0002.ppm,0.903210,0.903210,0.000e0,1.000000
lfw,all,rgb,rgb/Liliana_Cavani_0001.ppm,0.926605,0.926605,0.000e0,1.000000
lfw,all,rgb,rgb/Lily_Safra_0001.ppm,0.926336,0.926336,0.000e0,1.000000
lfw,all,rgb,rgb/Lily_Tomlin_0001.ppm,0.898966,0.898966,1.192e-7,1.000000
lfw,all,rgb,rgb/Lily_Tomlin_0002.ppm,0.888362,0.888362,0.000e0,1.000000
lfw,all,rgb,rgb/Lim_Dong-won_0001.ppm,0.975669,0.975669,1.192e-7,1.000000
lfw,all,rgb,rgb/Lim_Dong-won_0002.ppm,0.923780,0.923780,1.192e-7,1.000000
lfw,all,rgb,rgb/Lima_Azimi_0001.ppm,0.958939,0.958939,0.000e0,1.000000
lfw,all,rgb,rgb/Lin_Yi-fu_0001.ppm,0.943135,0.943135,0.000e0,1.000000
lfw,all,rgb,rgb/Lin_Yung_Hsi_0001.ppm,0.886422,0.886422,1.192e-7,1.000000
lfw,all,rgb,rgb/Lina_Krasnoroutskaya_0001.ppm,0.876996,0.876996,1.788e-7,1.000000
lfw,all,rgb,rgb/Lina_Krasnoroutskaya_0002.ppm,0.930198,0.930198,1.192e-7,1.000000
lfw,all,rgb,rgb/Lincoln_Chafee_0001.ppm,0.937596,0.937596,1.192e-7,1.000000
lfw,all,rgb,rgb/Linda_Amicangioli_0001.ppm,0.951195,0.951195,0.000e0,1.000000
lfw,all,rgb,rgb/Linda_Baboolal_0001.ppm,0.966587,0.966586,1.192e-7,1.000000
lfw,all,rgb,rgb/Linda_Dano_0001.ppm,0.952177,0.952177,0.000e0,1.000000
lfw,all,rgb,rgb/Linda_Franklin_0001.ppm,0.894856,0.894856,0.000e0,0.999999
lfw,all,rgb,rgb/Linda_Ham_0001.ppm,0.946619,0.946619,0.000e0,1.000000
lfw,all,rgb,rgb/Linda_Lingle_0001.ppm,0.964468,0.964468,0.000e0,1.000000
lfw,all,rgb,rgb/Linda_Mason_0001.ppm,0.942977,0.942977,1.192e-7,1.000000
lfw,all,rgb,rgb/Linda_Sanchez_0001.ppm,0.942159,0.942159,0.000e0,1.000000
lfw,all,rgb,rgb/Lindsay_Benko_0001.ppm,0.946751,0.946751,0.000e0,1.000000
lfw,all,rgb,rgb/Lindsay_Benko_0002.ppm,0.916315,0.916315,5.960e-8,1.000000
lfw,all,rgb,rgb/Lindsay_Davenport_0001.ppm,0.962605,0.962605,0.000e0,1.000000
lfw,all,rgb,rgb/Lindsay_Davenport_0002.ppm,0.956046,0.956046,0.000e0,1.000000
lfw,all,rgb,rgb/Lindsay_Davenport_0003.ppm,0.962200,0.962200,0.000e0,1.000000
lfw,all,rgb,rgb/Lindsay_Davenport_0004.ppm,0.942773,0.942773,0.000e0,1.000000
lfw,all,rgb,rgb/Lindsay_Davenport_0005.ppm,0.927296,0.927296,0.000e0,1.000000
lfw,all,rgb,rgb/Lindsay_Davenport_0006.ppm,0.973429,0.973429,1.192e-7,1.000000
lfw,all,rgb,rgb/Lindsay_Davenport_0007.ppm,0.944538,0.944538,0.000e0,1.000000
lfw,all,rgb,rgb/Lindsay_Davenport_0008.ppm,0.941754,0.941754,0.000e0,1.000000
lfw,all,rgb,rgb/Lindsay_Davenport_0009.ppm,0.950106,0.950106,1.192e-7,1.000000
lfw,all,rgb,rgb/Lindsay_Davenport_0010.ppm,0.930207,0.930207,0.000e0,1.000000
lfw,all,rgb,rgb/Lindsay_Davenport_0011.ppm,0.875037,0.875037,0.000e0,1.000000
lfw,all,rgb,rgb/Lindsay_Davenport_0012.ppm,0.921634,0.921634,1.192e-7,1.000000
lfw,all,rgb,rgb/Lindsay_Davenport_0013.ppm,0.855665,0.855665,5.960e-8,1.000000
lfw,all,rgb,rgb/Lindsay_Davenport_0014.ppm,0.914166,0.914166,1.192e-7,1.000000
lfw,all,rgb,rgb/Lindsay_Davenport_0015.ppm,0.889937,0.889937,1.192e-7,1.000000
lfw,all,rgb,rgb/Lindsay_Davenport_0016.ppm,0.933776,0.933776,0.000e0,1.000000
lfw,all,rgb,rgb/Lindsay_Davenport_0017.ppm,0.924331,0.924331,0.000e0,1.000000
lfw,all,rgb,rgb/Lindsay_Davenport_0018.ppm,0.910428,0.910428,0.000e0,1.000000
lfw,all,rgb,rgb/Lindsay_Davenport_0019.ppm,0.878335,0.878335,0.000e0,0.999999
lfw,all,rgb,rgb/Lindsay_Davenport_0020.ppm,0.945450,0.945450,0.000e0,1.000000
lfw,all,rgb,rgb/Lindsay_Davenport_0021.ppm,0.928061,0.928061,1.788e-7,1.000000
lfw,all,rgb,rgb/Lindsay_Davenport_0022.ppm,0.916959,0.916959,0.000e0,1.000000
lfw,all,rgb,rgb/Lindsay_Lohan_0001.ppm,0.927554,0.927554,0.000e0,1.000000
lfw,all,rgb,rgb/Lindsey_Graham_0001.ppm,0.933986,0.933986,5.960e-8,1.000000
lfw,all,rgb,rgb/Lindsey_Graham_0002.ppm,0.942312,0.942312,0.000e0,1.000000
lfw,all,rgb,rgb/Lindy_Ruff_0001.ppm,0.945344,0.945344,1.192e-7,1.000000
lfw,all,rgb,rgb/Linn_Thornton_0001.ppm,0.922687,0.922687,0.000e0,1.000000
lfw,all,rgb,rgb/Lino_Oviedo_0001.ppm,0.939790,0.939790,1.192e-7,1.000000
lfw,all,rgb,rgb/Lino_Oviedo_0002.ppm,0.912688,0.912688,5.960e-8,1.000000
lfw,all,rgb,rgb/Lino_Oviedo_0003.ppm,0.952859,0.952859,1.192e-7,1.000000
lfw,all,rgb,rgb/Linus_Roache_0001.ppm,0.930400,0.930400,0.000e0,1.000000
lfw,all,rgb,rgb/Lionel_Chalmers_0001.ppm,0.960198,0.960198,0.000e0,1.000000
lfw,all,rgb,rgb/Lionel_Hampton_0001.ppm,0.931825,0.931825,1.192e-7,1.000000
lfw,all,rgb,rgb/Lionel_Richie_0001.ppm,0.902751,0.902751,1.192e-7,1.000000
lfw,all,rgb,rgb/Lionel_Richie_0002.ppm,0.934889,0.934889,0.000e0,1.000000
lfw,all,rgb,rgb/Lisa_Girman_0001.ppm,0.872529,0.872529,5.960e-8,1.000000
lfw,all,rgb,rgb/Lisa_Gottsegen_0001.ppm,0.941119,0.941119,0.000e0,0.999999
lfw,all,rgb,rgb/Lisa_Gottsegen_0002.ppm,0.957103,0.957103,0.000e0,1.000000
lfw,all,rgb,rgb/Lisa_Leslie_0001.ppm,0.933221,0.933221,0.000e0,1.000000
lfw,all,rgb,rgb/Lisa_Ling_0001.ppm,0.937953,0.937954,1.192e-7,1.000000
lfw,all,rgb,rgb/Lisa_Ling_0002.ppm,0.935772,0.935772,0.000e0,1.000000
lfw,all,rgb,rgb/Lisa_Marie_Presley_0001.ppm,0.926885,0.926885,0.000e0,1.000000
lfw,all,rgb,rgb/Lisa_Marie_Presley_0002.ppm,0.946446,0.946446,0.000e0,1.000000
lfw,all,rgb,rgb/Lisa_Marie_Presley_0003.ppm,0.952572,0.952572,1.192e-7,1.000000
lfw,all,rgb,rgb/Lisa_Marie_Presley_0004.ppm,0.965566,0.965566,1.192e-7,1.000000
lfw,all,rgb,rgb/Lisa_Murkowski_0001.ppm,0.884815,0.884816,1.192e-7,1.000000
lfw,all,rgb,rgb/Lisa_Raymond_0001.ppm,0.895074,0.895074,0.000e0,1.000000
lfw,all,rgb,rgb/Lisa_Raymond_0002.ppm,0.892635,0.892635,1.192e-7,1.000000
lfw,all,rgb,rgb/Lisa_Stansfield_0001.ppm,0.955961,0.955961,1.192e-7,1.000000
lfw,all,rgb,rgb/Lisa_Stone_0001.ppm,0.898923,0.898923,0.000e0,1.000000
lfw,all,rgb,rgb/Liu_Mingkang_0001.ppm,0.911743,0.911743,0.000e0,1.000000
lfw,all,rgb,rgb/Liu_Mingkang_0002.ppm,0.927343,0.927343,1.192e-7,0.999999
lfw,all,rgb,rgb/Liu_Xiaoqing_0001.ppm,0.949655,0.949655,0.000e0,1.000000
lfw,all,rgb,rgb/Liu_Ye_0001.ppm,0.945819,0.945819,1.788e-7,1.000000
lfw,all,rgb,rgb/Liv_Tyler_0001.ppm,0.947207,0.947207,0.000e0,1.000000
lfw,all,rgb,rgb/Liza_Minnelli_0001.ppm,0.927053,0.927053,0.000e0,1.000000
lfw,all,rgb,rgb/Liza_Minnelli_0002.ppm,0.924794,0.924794,0.000e0,0.999999
lfw,all,rgb,rgb/Liza_Minnelli_0003.ppm,0.934032,0.934032,2.384e-7,1.000000
lfw,all,rgb,rgb/Liza_Minnelli_0004.ppm,0.947641,0.947641,1.192e-7,1.000000
lfw,all,rgb,rgb/Liza_Minnelli_0005.ppm,0.924934,0.924934,0.000e0,1.000000
lfw,all,rgb,rgb/Liza_Minnelli_0006.ppm,0.958994,0.958994,5.960e-8,1.000000
lfw,all,rgb,rgb/Liza_Minnelli_0007.ppm,0.937523,0.937523,0.000e0,1.000000
lfw,all,rgb,rgb/Lleyton_Hewitt_0001.ppm,0.913348,0.913348,0.000e0,1.000000
lfw,all,rgb,rgb/Lleyton_Hewitt_0002.ppm,0.946724,0.946724,0.000e0,1.000000
lfw,all,rgb,rgb/Lleyton_Hewitt_0003.ppm,0.892234,0.892234,0.000e0,1.000000
lfw,all,rgb,rgb/Lleyton_Hewitt_0004.ppm,0.929824,0.929824,0.000e0,1.000000
lfw,all,rgb,rgb/Lleyton_Hewitt_0005.ppm,0.930294,0.930294,0.000e0,1.000000
lfw,all,rgb,rgb/Lleyton_Hewitt_0006.ppm,0.892369,0.892369,0.000e0,1.000000
lfw,all,rgb,rgb/Lleyton_Hewitt_0007.ppm,0.943941,0.943941,0.000e0,1.000000
lfw,all,rgb,rgb/Lleyton_Hewitt_0008.ppm,0.831394,0.831395,1.192e-7,1.000000
lfw,all,rgb,rgb/Lleyton_Hewitt_0009.ppm,0.897939,0.897939,0.000e0,1.000000
lfw,all,rgb,rgb/Lleyton_Hewitt_0010.ppm,0.938445,0.938445,1.192e-7,0.999999
lfw,all,rgb,rgb/Lleyton_Hewitt_0011.ppm,0.883746,0.883746,5.960e-8,1.000000
lfw,all,rgb,rgb/Lleyton_Hewitt_0012.ppm,0.854203,0.854203,0.000e0,1.000000
lfw,all,rgb,rgb/Lleyton_Hewitt_0013.ppm,0.940765,0.940765,0.000e0,1.000000
lfw,all,rgb,rgb/Lleyton_Hewitt_0014.ppm,0.904212,0.904212,1.192e-7,1.000000
lfw,all,rgb,rgb/Lleyton_Hewitt_0015.ppm,0.862485,0.862485,5.960e-8,1.000000
lfw,all,rgb,rgb/Lleyton_Hewitt_0016.ppm,0.902761,0.902761,5.960e-8,1.000000
lfw,all,rgb,rgb/Lleyton_Hewitt_0017.ppm,0.906690,0.906690,1.192e-7,1.000000
lfw,all,rgb,rgb/Lleyton_Hewitt_0018.ppm,0.897297,0.897297,5.960e-8,1.000000
lfw,all,rgb,rgb/Lleyton_Hewitt_0019.ppm,0.904625,0.904625,0.000e0,1.000000
lfw,all,rgb,rgb/Lleyton_Hewitt_0020.ppm,0.905569,0.905569,0.000e0,1.000000
lfw,all,rgb,rgb/Lleyton_Hewitt_0021.ppm,0.904982,0.904982,1.192e-7,1.000000
lfw,all,rgb,rgb/Lleyton_Hewitt_0022.ppm,0.866640,0.866640,1.192e-7,1.000000
lfw,all,rgb,rgb/Lleyton_Hewitt_0023.ppm,0.921212,0.921212,1.192e-7,1.000000
lfw,all,rgb,rgb/Lleyton_Hewitt_0024.ppm,0.923356,0.923356,0.000e0,1.000000
lfw,all,rgb,rgb/Lleyton_Hewitt_0025.ppm,0.931058,0.931058,0.000e0,1.000000
lfw,all,rgb,rgb/Lleyton_Hewitt_0026.ppm,0.878114,0.878114,1.192e-7,0.999999
lfw,all,rgb,rgb/Lleyton_Hewitt_0027.ppm,0.877291,0.877291,5.960e-8,1.000000
lfw,all,rgb,rgb/Lleyton_Hewitt_0028.ppm,0.988320,0.988320,0.000e0,1.000000
lfw,all,rgb,rgb/Lleyton_Hewitt_0029.ppm,0.916094,0.916094,1.192e-7,1.000000
lfw,all,rgb,rgb/Lleyton_Hewitt_0030.ppm,0.935486,0.935486,1.192e-7,1.000000
lfw,all,rgb,rgb/Lleyton_Hewitt_0031.ppm,0.939793,0.939793,5.960e-8,1.000000
lfw,all,rgb,rgb/Lleyton_Hewitt_0032.ppm,0.923575,0.923575,0.000e0,1.000000
lfw,all,rgb,rgb/Lleyton_Hewitt_0033.ppm,0.943078,0.943078,0.000e0,1.000000
lfw,all,rgb,rgb/Lleyton_Hewitt_0034.ppm,0.882229,0.882229,0.000e0,1.000000
lfw,all,rgb,rgb/Lleyton_Hewitt_0035.ppm,0.925470,0.925470,5.960e-8,1.000000
lfw,all,rgb,rgb/Lleyton_Hewitt_0036.ppm,0.921458,0.921458,1.192e-7,1.000000
lfw,all,rgb,rgb/Lleyton_Hewitt_0037.ppm,0.901487,0.901487,1.192e-7,1.000000
lfw,all,rgb,rgb/Lleyton_Hewitt_0038.ppm,0.960801,0.960801,0.000e0,1.000000
lfw,all,rgb,rgb/Lleyton_Hewitt_0039.ppm,0.948649,0.948650,2.384e-7,1.000000
lfw,all,rgb,rgb/Lleyton_Hewitt_0040.ppm,0.913477,0.913477,0.000e0,1.000000
lfw,all,rgb,rgb/Lleyton_Hewitt_0041.ppm,0.881570,0.881570,5.960e-8,1.000000
lfw,all,rgb,rgb/Lloyd_Mudiwa_0001.ppm,0.961088,0.961088,0.000e0,1.000000
lfw,all,rgb,rgb/Lloyd_Novick_0001.ppm,0.947447,0.947447,0.000e0,1.000000
lfw,all,rgb,rgb/Lloyd_Richards_0001.ppm,0.924327,0.924327,1.192e-7,1.000000
lfw,all,rgb,rgb/Lloyd_Ward_0001.ppm,0.944369,0.944369,1.192e-7,1.000000
lfw,all,rgb,rgb/Lloyd_Ward_0002.ppm,0.947549,0.947549,0.000e0,1.000000
lfw,all,rgb,rgb/Lois_Smart_0001.ppm,0.959824,0.959824,0.000e0,1.000000
lfw,all,rgb,rgb/Lokendra_Bahadur_Chand_0001.ppm,0.885278,0.885278,0.000e0,1.000000
lfw,all,rgb,rgb/Lon_Kruger_0001.ppm,0.948299,0.948299,1.192e-7,1.000000
lfw,all,rgb,rgb/Lon_Kruger_0002.ppm,0.926621,0.926621,1.192e-7,1.000000
lfw,all,rgb,rgb/Lonnie_Donegan_0001.ppm,0.930512,0.930512,0.000e0,0.999999
lfw,all,rgb,rgb/Lope_Mendoza_0001.ppm,0.895769,0.895769,0.000e0,1.000000
lfw,all,rgb,rgb/Lord_Hutton_0001.ppm,0.932098,0.932098,1.192e-7,1.000000
lfw,all,rgb,rgb/Lord_Hutton_0002.ppm,0.945243,0.945243,1.192e-7,0.999999
lfw,all,rgb,rgb/Loretta_Lynn_Harper_0001.ppm,0.921306,0.921306,0.000e0,1.000000
lfw,all,rgb,rgb/Lori_Berenson_0001.ppm,0.944184,0.944184,0.000e0,1.000000
lfw,all,rgb,rgb/Lorne_Michaels_0001.ppm,0.936798,0.936798,5.960e-8,1.000000
lfw,all,rgb,rgb/Lorraine_Bracco_0001.ppm,0.919161,0.919161,0.000e0,1.000000
lfw,all,rgb,rgb/Lorraine_Fenton_0001.ppm,0.945635,0.945635,1.192e-7,1.000000
lfw,all,rgb,rgb/Lou_Lang_0001.ppm,0.972196,0.972196,1.192e-7,1.000000
lfw,all,rgb,rgb/Lou_Piniella_0001.ppm,0.939939,0.939939,0.000e0,1.000000
lfw,all,rgb,rgb/Lou_Piniella_0002.ppm,0.896100,0.896100,0.000e0,1.000000
lfw,all,rgb,rgb/Lou_Piniella_0003.ppm,0.910107,0.910107,0.000e0,1.000000
lfw,all,rgb,rgb/Lou_Reed_0001.ppm,0.922460,0.922460,1.788e-7,1.000000
lfw,all,rgb,rgb/Lou_Ye_0001.ppm,0.956498,0.956498,1.192e-7,1.000000
lfw,all,rgb,rgb/Louis_Van_Gaal_0001.ppm,0.949843,0.949843,5.960e-8,1.000000
lfw,all,rgb,rgb/Louisa_Baileche_0001.ppm,0.938667,0.938667,1.192e-7,1.000000
lfw,all,rgb,rgb/Lubomir_Zaoralek_0001.ppm,0.912593,0.912593,0.000e0,1.000000
lfw,all,rgb,rgb/Luc_Montagnier_0001.ppm,0.913547,0.913547,0.000e0,1.000000
lfw,all,rgb,rgb/Luca_Cordero_di_Montezemolo_0001.ppm,0.934329,0.934329,0.000e0,1.000000
lfw,all,rgb,rgb/Lucas_Wysocki_0001.ppm,0.929906,0.929907,1.192e-7,1.000000
lfw,all,rgb,rgb/Lucia_Kenny_Anthony_0001.ppm,0.921298,0.921298,0.000e0,1.000000
lfw,all,rgb,rgb/Luciano_Bovicelli_0001.ppm,0.927225,0.927225,0.000e0,1.000000
lfw,all,rgb,rgb/Luciano_Pavarotti_0001.ppm,0.898573,0.898572,1.192e-7,1.000000
lfw,all,rgb,rgb/Luciano_Pavarotti_0002.ppm,0.898486,0.898486,0.000e0,1.000000
lfw,all,rgb,rgb/Luciano_Pavarotti_0003.ppm,0.925836,0.925836,0.000e0,1.000000
lfw,all,rgb,rgb/Lucie_Lapovsky_0001.ppm,0.924282,0.924282,5.960e-8,1.000000
lfw,all,rgb,rgb/Lucio_Angulo_0001.ppm,0.846984,0.846984,5.960e-8,1.000000
lfw,all,rgb,rgb/Lucio_Cecchinello_0001.ppm,0.911653,0.911653,1.192e-7,1.000000
lfw,all,rgb,rgb/Lucio_Gutierrez_0001.ppm,0.884705,0.884705,5.960e-8,1.000000
lfw,all,rgb,rgb/Lucio_Gutierrez_0002.ppm,0.898937,0.898937,5.960e-8,1.000000
lfw,all,rgb,rgb/Lucio_Gutierrez_0003.ppm,0.973840,0.973840,1.192e-7,1.000000
lfw,all,rgb,rgb/Lucio_Gutierrez_0004.ppm,0.929045,0.929045,0.000e0,1.000000
lfw,all,rgb,rgb/Lucio_Gutierrez_0005.ppm,0.981027,0.981027,1.192e-7,1.000000
lfw,all,rgb,rgb/Lucio_Gutierrez_0006.ppm,0.931845,0.931845,0.000e0,1.000000
lfw,all,rgb,rgb/Lucio_Gutierrez_0007.ppm,0.935015,0.935015,0.000e0,1.000000
lfw,all,rgb,rgb/Lucio_Gutierrez_0008.ppm,0.957372,0.957372,1.192e-7,1.000000
lfw,all,rgb,rgb/Lucio_Gutierrez_0009.ppm,0.934302,0.934302,1.192e-7,1.000000
lfw,all,rgb,rgb/Lucio_Gutierrez_0010.ppm,0.971345,0.971345,0.000e0,0.999999
lfw,all,rgb,rgb/Lucio_Gutierrez_0011.ppm,0.955217,0.955217,1.192e-7,1.000000
lfw,all,rgb,rgb/Lucio_Gutierrez_0012.ppm,0.949693,0.949692,1.192e-7,1.000000
lfw,all,rgb,rgb/Lucio_Gutierrez_0013.ppm,0.924586,0.924586,0.000e0,1.000000
lfw,all,rgb,rgb/Lucio_Stanca_0001.ppm,0.929510,0.929510,0.000e0,1.000000
lfw,all,rgb,rgb/Lucrecia_Orozco_0001.ppm,0.938233,0.938233,1.192e-7,1.000000
lfw,all,rgb,rgb/Lucy_Liu_0001.ppm,0.899257,0.899257,1.192e-7,1.000000
lfw,all,rgb,rgb/Lucy_Liu_0002.ppm,0.905358,0.905358,1.192e-7,1.000000
lfw,all,rgb,rgb/Lucy_Liu_0003.ppm,0.968735,0.968735,0.000e0,1.000000
lfw,all,rgb,rgb/Lucy_Liu_0004.ppm,0.974751,0.974751,1.192e-7,1.000000
lfw,all,rgb,rgb/Lucy_Liu_0005.ppm,0.959447,0.959447,0.000e0,1.000000
lfw,all,rgb,rgb/Ludivine_Sagnier_0001.ppm,0.879990,0.879990,0.000e0,1.000000
lfw,all,rgb,rgb/Ludivine_Sagnier_0002.ppm,0.912328,0.912328,0.000e0,1.000000
lfw,all,rgb,rgb/Ludivine_Sagnier_0003.ppm,0.930696,0.930696,0.000e0,1.000000
lfw,all,rgb,rgb/Ludivine_Sagnier_0004.ppm,0.869986,0.869986,1.192e-7,1.000000
lfw,all,rgb,rgb/Ludivine_Sagnier_0005.ppm,0.951887,0.951887,0.000e0,1.000000
lfw,all,rgb,rgb/Ludwig_Ovalle_0001.ppm,0.892471,0.892471,1.192e-7,1.000000
lfw,all,rgb,rgb/Luis_Berrondo_0001.ppm,0.955185,0.955185,5.960e-8,0.999999
lfw,all,rgb,rgb/Luis_Ernesto_Derbez_Bautista_0001.ppm,0.923401,0.923401,0.000e0,0.999999
lfw,all,rgb,rgb/Luis_Ernesto_Derbez_Bautista_0002.ppm,0.926478,0.926478,0.000e0,1.000000
lfw,all,rgb,rgb/Luis_Ernesto_Derbez_Bautista_0003.ppm,0.948777,0.948777,0.000e0,1.000000
lfw,all,rgb,rgb/Luis_Ernesto_Derbez_Bautista_0004.ppm,0.890956,0.890956,1.192e-7,1.000000
lfw,all,rgb,rgb/Luis_Ernesto_Derbez_Bautista_0005.ppm,0.926755,0.926754,1.192e-7,1.000000
lfw,all,rgb,rgb/Luis_Ernesto_Derbez_Bautista_0006.ppm,0.936137,0.936137,1.192e-7,1.000000
lfw,all,rgb,rgb/Luis_Figo_0001.ppm,0.886078,0.886078,1.788e-7,1.000000
lfw,all,rgb,rgb/Luis_Figo_0002.ppm,0.893235,0.893235,0.000e0,1.000000
lfw,all,rgb,rgb/Luis_Figo_0003.ppm,0.960581,0.960581,0.000e0,1.000000
lfw,all,rgb,rgb/Luis_Figo_0004.ppm,0.931753,0.931753,0.000e0,1.000000
lfw,all,rgb,rgb/Luis_Fonsi_0001.ppm,0.955221,0.955221,1.192e-7,0.999999
lfw,all,rgb,rgb/Luis_Gonzalez_0001.ppm,0.916834,0.916834,0.000e0,1.000000
lfw,all,rgb,rgb/Luis_Gonzalez_Macchi_0001.ppm,0.931925,0.931925,0.000e0,1.000000
lfw,all,rgb,rgb/Luis_Gonzalez_Macchi_0002.ppm,0.966786,0.966786,0.000e0,1.000000
lfw,all,rgb,rgb/Luis_Gonzalez_Macchi_0003.ppm,0.954011,0.954011,0.000e0,1.000000
lfw,all,rgb,rgb/Luis_Gonzalez_Macchi_0004.ppm,0.955151,0.955151,5.960e-8,1.000000
lfw,all,rgb,rgb/Luis_Gonzalez_Macchi_0005.ppm,0.943947,0.943947,1.192e-7,1.000000
lfw,all,rgb,rgb/Luis_Guzman_0001.ppm,0.937892,0.937892,0.000e0,1.000000
lfw,all,rgb,rgb/Luis_Horna_0001.ppm,0.927200,0.927200,0.000e0,1.000000
lfw,all,rgb,rgb/Luis_Horna_0002.ppm,0.787686,0.787686,1.192e-7,1.000000
lfw,all,rgb,rgb/Luis_Horna_0003.ppm,0.925261,0.925261,0.000e0,1.000000
lfw,all,rgb,rgb/Luis_Horna_0004.ppm,0.927942,0.927942,1.192e-7,1.000000
lfw,all,rgb,rgb/Luis_Horna_0005.ppm,0.924897,0.924897,1.192e-7,1.000000
lfw,all,rgb,rgb/Luis_Horna_0006.ppm,0.914665,0.914665,0.000e0,1.000000
lfw,all,rgb,rgb/Luis_Pujols_0001.ppm,0.891345,0.891345,1.192e-7,1.000000
lfw,all,rgb,rgb/Luis_Rosario_Huertas_0001.ppm,0.890019,0.890019,1.192e-7,1.000000
lfw,all,rgb,rgb/Luis_Sanchez_0001.ppm,0.930605,0.930605,0.000e0,1.000000
lfw,all,rgb,rgb/Luiz_Felipe_Scolari_0001.ppm,0.960767,0.960767,1.192e-7,1.000000
lfw,all,rgb,rgb/Luiz_Felipe_Scolari_0002.ppm,0.938501,0.938501,0.000e0,1.000000
lfw,all,rgb,rgb/Luiz_Inacio_Lula_da_Silva_0001.ppm,0.940812,0.940812,0.000e0,1.000000
lfw,all,rgb,rgb/Luiz_Inacio_Lula_da_Silva_0002.ppm,0.915045,0.915045,0.000e0,1.000000
lfw,all,rgb,rgb/Luiz_Inacio_Lula_da_Silva_0003.ppm,0.941505,0.941505,0.000e0,1.000000
lfw,all,rgb,rgb/Luiz_Inacio_Lula_da_Silva_0004.ppm,0.961140,0.961140,0.000e0,1.000000
lfw,all,rgb,rgb/Luiz_Inacio_Lula_da_Silva_0005.ppm,0.904377,0.904377,5.960e-8,0.999999
lfw,all,rgb,rgb/Luiz_Inacio_Lula_da_Silva_0006.ppm,0.900889,0.900889,0.000e0,1.000000
lfw,all,rgb,rgb/Luiz_Inacio_Lula_da_Silva_0007.ppm,0.917143,0.917143,1.192e-7,1.000000
lfw,all,rgb,rgb/Luiz_Inacio_Lula_da_Silva_0008.ppm,0.909604,0.909604,0.000e0,1.000000
lfw,all,rgb,rgb/Luiz_Inacio_Lula_da_Silva_0009.ppm,0.933245,0.933245,5.960e-8,1.000000
lfw,all,rgb,rgb/Luiz_Inacio_Lula_da_Silva_0010.ppm,0.924814,0.924814,1.192e-7,1.000000
lfw,all,rgb,rgb/Luiz_Inacio_Lula_da_Silva_0011.ppm,0.953334,0.953334,0.000e0,1.000000
lfw,all,rgb,rgb/Luiz_Inacio_Lula_da_Silva_0012.ppm,0.902590,0.902590,5.960e-8,1.000000
lfw,all,rgb,rgb/Luiz_Inacio_Lula_da_Silva_0013.ppm,0.938662,0.938662,0.000e0,1.000000
lfw,all,rgb,rgb/Luiz_Inacio_Lula_da_Silva_0014.ppm,0.926230,0.926230,0.000e0,1.000000
lfw,all,rgb,rgb/Luiz_Inacio_Lula_da_Silva_0015.ppm,0.930602,0.930602,0.000e0,1.000000
lfw,all,rgb,rgb/Luiz_Inacio_Lula_da_Silva_0016.ppm,0.924864,0.924864,1.192e-7,1.000000
lfw,all,rgb,rgb/Luiz_Inacio_Lula_da_Silva_0017.ppm,0.907670,0.907670,0.000e0,1.000000
lfw,all,rgb,rgb/Luiz_Inacio_Lula_da_Silva_0018.ppm,0.881453,0.881453,0.000e0,1.000000
lfw,all,rgb,rgb/Luiz_Inacio_Lula_da_Silva_0019.ppm,0.922840,0.922840,0.000e0,1.000000
lfw,all,rgb,rgb/Luiz_Inacio_Lula_da_Silva_0020.ppm,0.945183,0.945183,0.000e0,1.000000
lfw,all,rgb,rgb/Luiz_Inacio_Lula_da_Silva_0021.ppm,0.943213,0.943213,0.000e0,1.000000
lfw,all,rgb,rgb/Luiz_Inacio_Lula_da_Silva_0022.ppm,0.938523,0.938523,1.192e-7,1.000000
lfw,all,rgb,rgb/Luiz_Inacio_Lula_da_Silva_0023.ppm,0.963868,0.963868,0.000e0,0.999999
lfw,all,rgb,rgb/Luiz_Inacio_Lula_da_Silva_0024.ppm,0.934622,0.934622,1.192e-7,1.000000
lfw,all,rgb,rgb/Luiz_Inacio_Lula_da_Silva_0025.ppm,0.929325,0.929325,0.000e0,1.000000
lfw,all,rgb,rgb/Luiz_Inacio_Lula_da_Silva_0026.ppm,0.908029,0.908029,1.192e-7,0.999999
lfw,all,rgb,rgb/Luiz_Inacio_Lula_da_Silva_0027.ppm,0.931241,0.931241,1.192e-7,1.000000
lfw,all,rgb,rgb/Luiz_Inacio_Lula_da_Silva_0028.ppm,0.838950,0.838950,5.960e-8,1.000000
lfw,all,rgb,rgb/Luiz_Inacio_Lula_da_Silva_0029.ppm,0.935269,0.935269,0.000e0,1.000000
lfw,all,rgb,rgb/Luiz_Inacio_Lula_da_Silva_0030.ppm,0.916764,0.916765,1.192e-7,1.000000
lfw,all,rgb,rgb/Luiz_Inacio_Lula_da_Silva_0031.ppm,0.867310,0.867310,5.960e-8,1.000000
lfw,all,rgb,rgb/Luiz_Inacio_Lula_da_Silva_0032.ppm,0.934022,0.934022,0.000e0,1.000000
lfw,all,rgb,rgb/Luiz_Inacio_Lula_da_Silva_0033.ppm,0.827368,0.827368,0.000e0,1.000000
lfw,all,rgb,rgb/Luiz_Inacio_Lula_da_Silva_0034.ppm,0.940055,0.940055,5.960e-8,0.999999
lfw,all,rgb,rgb/Luiz_Inacio_Lula_da_Silva_0035.ppm,0.946618,0.946618,0.000e0,1.000000
lfw,all,rgb,rgb/Luiz_Inacio_Lula_da_Silva_0036.ppm,0.908431,0.908431,0.000e0,0.999999
lfw,all,rgb,rgb/Luiz_Inacio_Lula_da_Silva_0037.ppm,0.942231,0.942232,1.192e-7,1.000000
lfw,all,rgb,rgb/Luiz_Inacio_Lula_da_Silva_0038.ppm,0.947407,0.947407,0.000e0,1.000000
lfw,all,rgb,rgb/Luiz_Inacio_Lula_da_Silva_0039.ppm,0.914943,0.914943,1.192e-7,1.000000
lfw,all,rgb,rgb/Luiz_Inacio_Lula_da_Silva_0040.ppm,0.941073,0.941073,1.192e-7,1.000000
lfw,all,rgb,rgb/Luiz_Inacio_Lula_da_Silva_0041.ppm,0.875216,0.875216,0.000e0,1.000000
lfw,all,rgb,rgb/Luiz_Inacio_Lula_da_Silva_0042.ppm,0.941771,0.941771,0.000e0,1.000000
lfw,all,rgb,rgb/Luiz_Inacio_Lula_da_Silva_0043.ppm,0.929197,0.929196,1.192e-7,1.000000
lfw,all,rgb,rgb/Luiz_Inacio_Lula_da_Silva_0044.ppm,0.833539,0.833539,1.788e-7,1.000000
lfw,all,rgb,rgb/Luiz_Inacio_Lula_da_Silva_0045.ppm,0.910742,0.910742,0.000e0,0.999999
lfw,all,rgb,rgb/Luiz_Inacio_Lula_da_Silva_0046.ppm,0.941175,0.941175,0.000e0,1.000000
lfw,all,rgb,rgb/Luiz_Inacio_Lula_da_Silva_0047.ppm,0.903345,0.903345,1.192e-7,1.000000
lfw,all,rgb,rgb/Luiz_Inacio_Lula_da_Silva_0048.ppm,0.944610,0.944610,0.000e0,1.000000
lfw,all,rgb,rgb/Luke_Ridnour_0001.ppm,0.915418,0.915418,0.000e0,1.000000
lfw,all,rgb,rgb/Luke_Smith_0001.ppm,0.914936,0.914936,5.960e-8,1.000000
lfw,all,rgb,rgb/Luke_Walton_0001.ppm,0.936617,0.936617,1.192e-7,1.000000
lfw,all,rgb,rgb/Luke_Walton_0002.ppm,0.900724,0.900724,0.000e0,1.000000
lfw,all,rgb,rgb/Luo_Linquan_0001.ppm,0.957710,0.957710,0.000e0,1.000000
lfw,all,rgb,rgb/Luther_Htu_0001.ppm,0.922511,0.922511,0.000e0,1.000000
lfw,all,rgb,rgb/Lutz_Freitag_0001.ppm,0.925888,0.925888,1.192e-7,1.000000
lfw,all,rgb,rgb/Lydia_Shum_0001.ppm,0.833276,0.833276,0.000e0,1.000000
lfw,all,rgb,rgb/Lyle_Lovett_0001.ppm,0.903819,0.903819,0.000e0,1.000000
lfw,all,rgb,rgb/Lyle_Vanclief_0001.ppm,0.950748,0.950748,0.000e0,1.000000
lfw,all,rgb,rgb/Lyle_Vanclief_0002.ppm,0.953185,0.953185,0.000e0,1.000000
lfw,all,rgb,rgb/Lynn_Abraham_0001.ppm,0.950770,0.950770,0.000e0,1.000000
lfw,all,rgb,rgb/Lynn_Abraham_0002.ppm,0.917423,0.917423,0.000e0,1.000000
lfw,all,rgb,rgb/Lynn_Redgrave_0001.ppm,0.930324,0.930324,1.192e-7,1.000000
lfw,all,rgb,rgb/Lynn_Redgrave_0002.ppm,0.945551,0.945551,0.000e0,1.000000
lfw,all,rgb,rgb/Lynn_Redgrave_0003.ppm,0.929106,0.929106,1.192e-7,1.000000
lfw,all,rgb,rgb/Lynne_Cheney_0001.ppm,0.933230,0.933229,5.960e-8,1.000000
lfw,all,rgb,rgb/Lynne_Cheney_0002.ppm,0.936959,0.936959,0.000e0,1.000000
lfw,all,rgb,rgb/Lynne_Cheney_0003.ppm,0.941894,0.941894,0.000e0,1.000000
lfw,all,rgb,rgb/Lynne_Slepian_0001.ppm,0.897237,0.897237,5.960e-8,0.999999
lfw,all,rgb,rgb/Lynne_Thigpen_0001.ppm,0.912692,0.912692,1.192e-7,1.000000
lfw,all,rgb,rgb/Lyudmila_Putin_0001.ppm,0.894473,0.894473,0.000e0,1.000000
lfw,all,rgb,rgb/MC_Hammer_0001.ppm,0.937191,0.937191,0.000e0,1.000000
lfw,all,rgb,rgb/Mack_Brown_0001.ppm,0.942147,0.942147,0.000e0,1.000000
lfw,all,rgb,rgb/Mack_Brown_0002.ppm,0.906141,0.906141,0.000e0,0.999999
lfw,all,rgb,rgb/Madeleine_Albright_0001.ppm,0.950966,0.950966,0.000e0,1.000000
lfw,all,rgb,rgb/Madeleine_Albright_0002.ppm,0.942364,0.942364,0.000e0,1.000000
lfw,all,rgb,rgb/Madeleine_Albright_0003.ppm,0.944625,0.944625,0.000e0,1.000000
lfw,all,rgb,rgb/Madeleine_Webber_0001.ppm,0.929026,0.929026,5.960e-8,1.000000
lfw,all,rgb,rgb/Madge_Overhouse_0001.ppm,0.854826,0.854826,0.000e0,1.000000
lfw,all,rgb,rgb/Madonna_0001.ppm,0.961483,0.961483,0.000e0,1.000000
lfw,all,rgb,rgb/Madonna_0002.ppm,0.905288,0.905288,0.000e0,0.999999
lfw,all,rgb,rgb/Madonna_0003.ppm,0.961206,0.961206,1.192e-7,1.000000
lfw,all,rgb,rgb/Madonna_0004.ppm,0.864136,0.864136,0.000e0,1.000000
lfw,all,rgb,rgb/Madonna_0005.ppm,0.945565,0.945565,0.000e0,1.000000
lfw,all,rgb,rgb/Mae_Jemison_0001.ppm,0.952391,0.952391,0.000e0,1.000000
lfw,all,rgb,rgb/Magda_Kertasz_0001.ppm,0.977278,0.977278,1.192e-7,1.000000
lfw,all,rgb,rgb/Magdalena_Maleeva_0001.ppm,0.949998,0.949998,0.000e0,1.000000
lfw,all,rgb,rgb/Magdalena_Maleeva_0002.ppm,0.892444,0.892444,0.000e0,1.000000
lfw,all,rgb,rgb/Magdalena_Maleeva_0003.ppm,0.903243,0.903243,5.960e-8,1.000000
lfw,all,rgb,rgb/Maggie_Cheung_0001.ppm,0.965578,0.965578,5.960e-8,1.000000
lfw,all,rgb,rgb/Maggie_Smith_0001.ppm,0.920059,0.920059,1.192e-7,1.000000
lfw,all,rgb,rgb/Maggie_Smith_0002.ppm,0.953988,0.953988,0.000e0,1.000000
lfw,all,rgb,rgb/Magui_Serna_0001.ppm,0.868400,0.868400,5.960e-8,1.000000
lfw,all,rgb,rgb/Magui_Serna_0002.ppm,0.930126,0.930126,0.000e0,1.000000
lfw,all,rgb,rgb/Maha_Habib_0001.ppm,0.881931,0.881931,0.000e0,1.000000
lfw,all,rgb,rgb/Mahathir_Mohamad_0001.ppm,0.937430,0.937430,0.000e0,1.000000
lfw,all,rgb,rgb/Mahathir_Mohamad_0002.ppm,0.903953,0.903953,0.000e0,1.000000
lfw,all,rgb,rgb/Mahathir_Mohamad_0003.ppm,0.928272,0.928272,1.192e-7,1.000000
lfw,all,rgb,rgb/Mahathir_Mohamad_0004.ppm,0.925517,0.925517,0.000e0,1.000000
lfw,all,rgb,rgb/Mahathir_Mohamad_0005.ppm,0.930398,0.930398,0.000e0,1.000000
lfw,all,rgb,rgb/Mahathir_Mohamad_0006.ppm,0.958981,0.958981,1.192e-7,0.999999
lfw,all,rgb,rgb/Mahathir_Mohamad_0007.ppm,0.928109,0.928109,0.000e0,1.000000
lfw,all,rgb,rgb/Mahathir_Mohamad_0008.ppm,0.965730,0.965730,1.192e-7,0.999999
lfw,all,rgb,rgb/Mahathir_Mohamad_0009.ppm,0.915171,0.915171,0.000e0,1.000000
lfw,all,rgb,rgb/Mahathir_Mohamad_0010.ppm,0.926740,0.926740,0.000e0,0.999999
lfw,all,rgb,rgb/Mahathir_Mohamad_0011.ppm,0.936922,0.936922,0.000e0,1.000000
lfw,all,rgb,rgb/Mahathir_Mohamad_0012.ppm,0.970936,0.970936,0.000e0,1.000000
lfw,all,rgb,rgb/Mahathir_Mohamad_0013.ppm,0.876609,0.876609,0.000e0,1.000000
lfw,all,rgb,rgb/Mahathir_Mohamad_0014.ppm,0.865774,0.865774,1.788e-7,1.000000
lfw,all,rgb,rgb/Mahdi_Al_Bassam_0001.ppm,0.912000,0.912000,1.192e-7,0.999999
lfw,all,rgb,rgb/Mahendra_Chaudhry_0001.ppm,0.917037,0.917037,1.192e-7,1.000000
lfw,all,rgb,rgb/Mahima_Chaudhari_0001.ppm,0.944950,0.944950,0.000e0,1.000000
lfw,all,rgb,rgb/Mahmoud_Abbas_0001.ppm,0.911650,0.911650,0.000e0,1.000000
lfw,all,rgb,rgb/Mahmoud_Abbas_0002.ppm,0.948123,0.948123,0.000e0,1.000000
lfw,all,rgb,rgb/Mahmoud_Abbas_0003.ppm,0.938866,0.938866,0.000e0,1.000000
lfw,all,rgb,rgb/Mahmoud_Abbas_0004.ppm,0.915222,0.915222,0.000e0,1.000000
lfw,all,rgb,rgb/Mahmoud_Abbas_0005.ppm,0.897084,0.897084,0.000e0,1.000000
lfw,all,rgb,rgb/Mahmoud_Abbas_0006.ppm,0.927890,0.927890,1.192e-7,0.999999
lfw,all,rgb,rgb/Mahmoud_Abbas_0007.ppm,0.893249,0.893249,0.000e0,1.000000
lfw,all,rgb,rgb/Mahmoud_Abbas_0008.ppm,0.910513,0.910513,0.000e0,1.000000
lfw,all,rgb,rgb/Mahmoud_Abbas_0009.ppm,0.927515,0.927515,0.000e0,1.000000
lfw,all,rgb,rgb/Mahmoud_Abbas_0010.ppm,0.919614,0.919614,0.000e0,1.000000
lfw,all,rgb,rgb/Mahmoud_Abbas_0011.ppm,0.906818,0.906817,1.192e-7,0.999999
lfw,all,rgb,rgb/Mahmoud_Abbas_0012.ppm,0.888432,0.888432,0.000e0,1.000000
lfw,all,rgb,rgb/Mahmoud_Abbas_0013.ppm,0.901256,0.901256,5.960e-8,1.000000
lfw,all,rgb,rgb/Mahmoud_Abbas_0014.ppm,0.934432,0.934432,0.000e0,1.000000
lfw,all,rgb,rgb/Mahmoud_Abbas_0015.ppm,0.928289,0.928289,0.000e0,0.999999
lfw,all,rgb,rgb/Mahmoud_Abbas_0016.ppm,0.939798,0.939798,0.000e0,1.000000
lfw,all,rgb,rgb/Mahmoud_Abbas_0017.ppm,0.962477,0.962477,0.000e0,1.000000
lfw,all,rgb,rgb/Mahmoud_Abbas_0018.ppm,0.939827,0.939827,0.000e0,0.999999
lfw,all,rgb,rgb/Mahmoud_Abbas_0019.ppm,0.923790,0.923790,0.000e0,1.000000
lfw,all,rgb,rgb/Mahmoud_Abbas_0020.ppm,0.909181,0.909181,0.000e0,1.000000
lfw,all,rgb,rgb/Mahmoud_Abbas_0021.ppm,0.909587,0.909587,1.192e-7,1.000000
lfw,all,rgb,rgb/Mahmoud_Abbas_0022.ppm,0.961351,0.961351,1.192e-7,1.000000
lfw,all,rgb,rgb/Mahmoud_Abbas_0023.ppm,0.924515,0.924515,0.000e0,1.000000
lfw,all,rgb,rgb/Mahmoud_Abbas_0024.ppm,0.975976,0.975976,1.192e-7,1.000000
lfw,all,rgb,rgb/Mahmoud_Abbas_0025.ppm,0.972995,0.972995,0.000e0,1.000000
lfw,all,rgb,rgb/Mahmoud_Abbas_0026.ppm,0.946093,0.946093,1.192e-7,0.999999
lfw,all,rgb,rgb/Mahmoud_Abbas_0027.ppm,0.938202,0.938202,0.000e0,1.000000
lfw,all,rgb,rgb/Mahmoud_Abbas_0028.ppm,0.891372,0.891372,0.000e0,1.000000
lfw,all,rgb,rgb/Mahmoud_Abbas_0029.ppm,0.937411,0.937411,0.000e0,1.000000
lfw,all,rgb,rgb/Mahmoud_Al_Zhar_0001.ppm,0.898602,0.898602,0.000e0,1.000000
lfw,all,rgb,rgb/Mahmoud_Diyab_al-Ahmed_0001.ppm,0.889282,0.889282,0.000e0,1.000000
lfw,all,rgb,rgb/Makhdoom_Amin_Fahim_0001.ppm,0.895450,0.895449,5.960e-8,1.000000
lfw,all,rgb,rgb/Makhdoom_Amin_Fahim_0002.ppm,0.905117,0.905117,0.000e0,1.000000
lfw,all,rgb,rgb/Makhdoom_Amin_Fahim_0003.ppm,0.948556,0.948556,0.000e0,1.000000
lfw,all,rgb,rgb/Makiko_Tanaka_0001.ppm,0.978196,0.978196,0.000e0,1.000000
lfw,all,rgb,rgb/Makiya_Ali_Hassan_0001.ppm,0.880850,0.880851,1.192e-7,1.000000
lfw,all,rgb,rgb/Malak_Habbak_0001.ppm,0.955927,0.955927,0.000e0,1.000000
lfw,all,rgb,rgb/Malcolm_Glazer_0001.ppm,0.904725,0.904725,5.960e-8,1.000000
lfw,all,rgb,rgb/Malcolm_Jamal_Warner_0001.ppm,0.871101,0.871101,0.000e0,1.000000
lfw,all,rgb,rgb/Malcolm_Wild_0001.ppm,0.897915,0.897915,1.192e-7,0.999999
lfw,all,rgb,rgb/Malik_Mahmud_0001.ppm,0.967305,0.967305,1.192e-7,1.000000
lfw,all,rgb,rgb/Mamdouh_Habib_0001.ppm,0.909972,0.909972,0.000e0,1.000000
lfw,all,rgb,rgb/Manfred_Reyes_Villa_0001.ppm,0.918725,0.918725,5.960e-8,1.000000
lfw,all,rgb,rgb/Manfred_Stolpe_0001.ppm,0.931907,0.931907,0.000e0,0.999999
lfw,all,rgb,rgb/Manfred_Stolpe_0002.ppm,0.924834,0.924834,0.000e0,1.000000
lfw,all,rgb,rgb/Manijeh_Hekmat_0001.ppm,0.927102,0.927102,0.000e0,1.000000
lfw,all,rgb,rgb/Manuel_Gehring_0001.ppm,0.971432,0.971432,0.000e0,1.000000
lfw,all,rgb,rgb/Manuel_Jesus_0001.ppm,0.912992,0.912992,5.960e-8,1.000000
lfw,all,rgb,rgb/Manuel_Llorente_0001.ppm,0.899322,0.899322,0.000e0,1.000000
lfw,all,rgb,rgb/Manuel_Pellegrini_0001.ppm,0.920555,0.920555,5.960e-8,1.000000
lfw,all,rgb,rgb/Manuel_Poggiali_0001.ppm,0.918001,0.918001,0.000e0,1.000000
lfw,all,rgb,rgb/Manuel_Poggiali_0002.ppm,0.893004,0.893004,0.000e0,1.000000
lfw,all,rgb,rgb/Manuel_Rosendo_0001.ppm,0.950543,0.950543,1.192e-7,1.000000
lfw,all,rgb,rgb/Manuela_Montebrun_0001.ppm,0.939582,0.939582,0.000e0,1.000000
lfw,all,rgb,rgb/Mara_Georges_0001.ppm,0.943795,0.943795,0.000e0,1.000000
lfw,all,rgb,rgb/Marat_Safin_0001.ppm,0.936068,0.936068,0.000e0,1.000000
lfw,all,rgb,rgb/Marat_Safin_0002.ppm,0.917584,0.917584,1.192e-7,1.000000
lfw,all,rgb,rgb/Marat_Safin_0003.ppm,0.952120,0.952120,0.000e0,1.000000
lfw,all,rgb,rgb/Marc-Andre_Fleury_0001.ppm,0.958120,0.958120,0.000e0,1.000000
lfw,all,rgb,rgb/Marc-Andre_Fleury_0002.ppm,0.924941,0.924941,0.000e0,1.000000
lfw,all,rgb,rgb/Marc_Anthony_0001.ppm,0.903385,0.903385,5.960e-8,1.000000
lfw,all,rgb,rgb/Marc_Bulger_0001.ppm,0.933844,0.933844,0.000e0,1.000000
lfw,all,rgb,rgb/Marc_Gold_0001.ppm,0.937545,0.937545,1.192e-7,1.000000
lfw,all,rgb,rgb/Marc_Grossman_0001.ppm,0.912501,0.912501,1.192e-7,1.000000
lfw,all,rgb,rgb/Marc_Grossman_0002.ppm,0.940552,0.940552,0.000e0,1.000000
lfw,all,rgb,rgb/Marc_Grossman_0003.ppm,0.884711,0.884711,0.000e0,1.000000
lfw,all,rgb,rgb/Marc_Grossman_0004.ppm,0.938459,0.938459,0.000e0,0.999999
lfw,all,rgb,rgb/Marc_Leger_0001.ppm,0.949128,0.949127,2.384e-7,1.000000
lfw,all,rgb,rgb/Marc_Racicot_0001.ppm,0.950857,0.950857,0.000e0,0.999999
lfw,all,rgb,rgb/Marc_Shaiman_0001.ppm,0.929835,0.929835,0.000e0,1.000000
lfw,all,rgb,rgb/Marcella_Anderson_0001.ppm,0.929288,0.929288,0.000e0,0.999999
lfw,all,rgb,rgb/Marcelo_Bielsa_0001.ppm,0.960411,0.960411,0.000e0,1.000000
lfw,all,rgb,rgb/Marcelo_Ebrard_0001.ppm,0.951801,0.951801,0.000e0,1.000000
lfw,all,rgb,rgb/Marcelo_Ebrard_0002.ppm,0.927522,0.927522,1.192e-7,1.000000
lfw,all,rgb,rgb/Marcelo_Ebrard_0003.ppm,0.918356,0.918356,0.000e0,1.000000
lfw,all,rgb,rgb/Marcelo_Rios_0001.ppm,0.920606,0.920606,1.192e-7,1.000000
lfw,all,rgb,rgb/Marcelo_Rios_0002.ppm,0.950568,0.950568,0.000e0,1.000000
lfw,all,rgb,rgb/Marcelo_Rios_0003.ppm,0.893482,0.893482,1.788e-7,1.000000
lfw,all,rgb,rgb/Marcelo_Rios_0004.ppm,0.918197,0.918197,0.000e0,1.000000
lfw,all,rgb,rgb/Marcelo_Rios_0005.ppm,0.945497,0.945497,1.192e-7,1.000000
lfw,all,rgb,rgb/Marcelo_Salas_0001.ppm,0.940993,0.940993,0.000e0,1.000000
lfw,all,rgb,rgb/Marcelo_Salas_0002.ppm,0.919415,0.919415,0.000e0,1.000000
lfw,all,rgb,rgb/Marcelo_Salas_0003.ppm,0.937579,0.937579,5.960e-8,1.000000
lfw,all,rgb,rgb/Marcio_de_Souza_0001.ppm,0.878298,0.878298,0.000e0,1.000000
lfw,all,rgb,rgb/Marco_Antonio_Barrera_0001.ppm,0.955384,0.955384,0.000e0,1.000000
lfw,all,rgb,rgb/Marco_Antonio_Barrera_0002.ppm,0.922493,0.922493,0.000e0,1.000000
lfw,all,rgb,rgb/Marco_Antonio_Barrera_0003.ppm,0.948707,0.948707,5.960e-8,1.000000
lfw,all,rgb,rgb/Marco_Antonio_Barrera_0004.ppm,0.922967,0.922967,1.192e-7,1.000000
lfw,all,rgb,rgb/Marco_Antonio_Barrera_0005.ppm,0.932262,0.932262,5.960e-8,1.000000
lfw,all,rgb,rgb/Marco_Antonio_Barrera_0006.ppm,0.916388,0.916388,0.000e0,1.000000
lfw,all,rgb,rgb/Marco_Archer_Cardoso_Moreira_0001.ppm,0.939001,0.939001,0.000e0,1.000000
lfw,all,rgb,rgb/Marco_Irizarry_0001.ppm,0.936303,0.936303,1.192e-7,1.000000
lfw,all,rgb,rgb/Marco_Pantani_0001.ppm,0.912760,0.912760,0.000e0,0.999999
lfw,all,rgb,rgb/Marcos_Cafu_0001.ppm,0.941053,0.941053,0.000e0,1.000000
lfw,all,rgb,rgb/Marcos_Daniel_Jimenez_0001.ppm,0.939458,0.939458,1.192e-7,1.000000
lfw,all,rgb,rgb/Marcos_Milinkovic_0001.ppm,0.890719,0.890719,1.192e-7,1.000000
lfw,all,rgb,rgb/Marcus_Allen_0001.ppm,0.965834,0.965834,1.192e-7,1.000000
lfw,all,rgb,rgb/Marcus_Garrettson_0001.ppm,0.916155,0.916155,0.000e0,1.000000
lfw,all,rgb,rgb/Marcus_Gronholm_0001.ppm,0.939094,0.939094,0.000e0,0.999999
lfw,all,rgb,rgb/Marcus_Gronholm_0002.ppm,0.910267,0.910267,0.000e0,1.000000
lfw,all,rgb,rgb/Margaret_Caruso_0001.ppm,0.927237,0.927237,1.192e-7,1.000000
lfw,all,rgb,rgb/Margaret_Hasley_0001.ppm,0.887168,0.887168,1.192e-7,0.999999
lfw,all,rgb,rgb/Margaret_Hoelzer_0001.ppm,0.934332,0.934332,0.000e0,1.000000
lfw,all,rgb,rgb/Margaret_Okayo_0001.ppm,0.966415,0.966415,0.000e0,1.000000
lfw,all,rgb,rgb/Margaret_Thatcher_0001.ppm,0.929271,0.929271,0.000e0,1.000000
lfw,all,rgb,rgb/Margaret_Thatcher_0002.ppm,0.922029,0.922029,1.192e-7,1.000000
lfw,all,rgb,rgb/Margerry_Bakley_0001.ppm,0.899189,0.899189,1.192e-7,1.000000
lfw,all,rgb,rgb/Margie_Puente_0001.ppm,0.941840,0.941840,0.000e0,0.999999
lfw,all,rgb,rgb/Maria_Bello_0001.ppm,0.926111,0.926111,0.000e0,1.000000
lfw,all,rgb,rgb/Maria_Burks_0001.ppm,0.906061,0.906061,0.000e0,1.000000
lfw,all,rgb,rgb/Maria_Callas_0001.ppm,0.974341,0.974341,1.192e-7,1.000000
lfw,all,rgb,rgb/Maria_Conchita_Alonso_0001.ppm,0.887030,0.887030,5.960e-8,1.000000
lfw,all,rgb,rgb/Maria_Garcia_0001.ppm,0.956815,0.956815,5.960e-8,1.000000
lfw,all,rgb,rgb/Maria_Guida_0001.ppm,0.943604,0.943604,0.000e0,1.000000
lfw,all,rgb,rgb/Maria_Luisa_Mendonca_0001.ppm,0.946017,0.946017,0.000e0,1.000000
lfw,all,rgb,rgb/Maria_Luisa_Mendonca_0002.ppm,0.909630,0.909630,5.960e-8,1.000000
lfw,all,rgb,rgb/Maria_Sanchez_Lorenzo_0001.ppm,0.914126,0.914126,0.000e0,1.000000
lfw,all,rgb,rgb/Maria_Shkolnikova_0001.ppm,0.973820,0.973820,0.000e0,1.000000
lfw,all,rgb,rgb/Maria_Shriver_0001.ppm,0.810479,0.810479,5.960e-8,1.000000
lfw,all,rgb,rgb/Maria_Shriver_0002.ppm,0.927728,0.927728,0.000e0,1.000000
lfw,all,rgb,rgb/Maria_Shriver_0003.ppm,0.932282,0.932282,0.000e0,1.000000
lfw,all,rgb,rgb/Maria_Shriver_0004.ppm,0.916744,0.916744,5.960e-8,1.000000
lfw,all,rgb,rgb/Maria_Shriver_0005.ppm,0.918881,0.918881,0.000e0,0.999999
lfw,all,rgb,rgb/Maria_Shriver_0006.ppm,0.878192,0.878192,0.000e0,1.000000
lfw,all,rgb,rgb/Maria_Shriver_0007.ppm,0.941996,0.941996,0.000e0,1.000000
lfw,all,rgb,rgb/Maria_Shriver_0008.ppm,0.921832,0.921833,1.192e-7,1.000000
lfw,all,rgb,rgb/Maria_Simon_0001.ppm,0.933496,0.933496,1.192e-7,0.999999
lfw,all,rgb,rgb/Maria_Soledad_Alvear_Valenzuela_0001.ppm,0.860866,0.860866,0.000e0,1.000000
lfw,all,rgb,rgb/Maria_Soledad_Alvear_Valenzuela_0002.ppm,0.951599,0.951599,1.192e-7,1.000000
lfw,all,rgb,rgb/Maria_Soledad_Alvear_Valenzuela_0003.ppm,0.949389,0.949389,5.960e-8,1.000000
lfw,all,rgb,rgb/Maria_Soledad_Alvear_Valenzuela_0004.ppm,0.891938,0.891938,5.960e-8,1.000000
lfw,all,rgb,rgb/Maria_Soledad_Alvear_Valenzuela_0005.ppm,0.899634,0.899634,0.000e0,1.000000
lfw,all,rgb,rgb/Maria_Wetterstrand_0001.ppm,0.959944,0.959944,1.192e-7,1.000000
lfw,all,rgb,rgb/Mariah_Carey_0001.ppm,0.946196,0.946196,0.000e0,1.000000
lfw,all,rgb,rgb/Mariah_Carey_0002.ppm,0.915110,0.915110,0.000e0,1.000000
lfw,all,rgb,rgb/Mariah_Carey_0003.ppm,0.906244,0.906244,1.192e-7,1.000000
lfw,all,rgb,rgb/Mariah_Carey_0004.ppm,0.907496,0.907496,5.960e-8,1.000000
lfw,all,rgb,rgb/Mariah_Carey_0005.ppm,0.945289,0.945290,1.192e-7,1.000000
lfw,all,rgb,rgb/Mariah_Carey_0006.ppm,0.890996,0.890996,1.192e-7,1.000000
lfw,all,rgb,rgb/Mariah_Carey_0007.ppm,0.931154,0.931154,1.192e-7,1.000000
lfw,all,rgb,rgb/Mariam_Ali_Hassan_0001.ppm,0.935541,0.935541,0.000e0,1.000000
lfw,all,rgb,rgb/Marian_Dolan_0001.ppm,0.909413,0.909413,0.000e0,1.000000
lfw,all,rgb,rgb/Mariana_Gonzalez_0001.ppm,0.893020,0.893020,0.000e0,1.000000
lfw,all,rgb,rgb/Mariana_Ohata_0001.ppm,0.887712,0.887712,1.192e-7,1.000000
lfw,all,rgb,rgb/Mariana_Pollack_0001.ppm,0.963821,0.963821,0.000e0,1.000000
lfw,all,rgb,rgb/Mariana_Pollack_0002.ppm,0.953779,0.953779,1.192e-7,1.000000
lfw,all,rgb,rgb/Mariana_Pollack_0003.ppm,0.954842,0.954842,0.000e0,1.000000
lfw,all,rgb,rgb/Mariangel_Ruiz_Torrealba_0001.ppm,0.957665,0.957665,1.192e-7,1.000000
lfw,all,rgb,rgb/Mariangel_Ruiz_Torrealba_0002.ppm,0.952220,0.952220,0.000e0,1.000000
lfw,all,rgb,rgb/Mariangel_Ruiz_Torrealba_0003.ppm,0.965184,0.965184,0.000e0,1.000000
lfw,all,rgb,rgb/Marianne_Stanley_0001.ppm,0.919835,0.919835,1.192e-7,1.000000
lfw,all,rgb,rgb/Mariano_Zabaleta_0001.ppm,0.870310,0.870310,0.000e0,0.999999
lfw,all,rgb,rgb/Maribel_Dominguez_0001.ppm,0.916489,0.916489,0.000e0,1.000000
lfw,all,rgb,rgb/Marie-Josee_Croze_0001.ppm,0.958541,0.958541,0.000e0,1.000000
lfw,all,rgb,rgb/Marie-Reine_Le_Gougne_0001.ppm,0.927537,0.927536,1.192e-7,0.999999
lfw,all,rgb,rgb/Marie-Reine_Le_Gougne_0002.ppm,0.964490,0.964490,0.000e0,1.000000
lfw,all,rgb,rgb/Marie_Haghal_0001.ppm,0.887901,0.887901,0.000e0,1.000000
lfw,all,rgb,rgb/Marieta_Chrousala_0001.ppm,0.950827,0.950827,5.960e-8,1.000000
lfw,all,rgb,rgb/Marieta_Chrousala_0002.ppm,0.953048,0.953048,1.192e-7,1.000000
lfw,all,rgb,rgb/Marieta_Chrousala_0003.ppm,0.934561,0.934561,1.192e-7,1.000000
lfw,all,rgb,rgb/Marilyn_Monroe_0001.ppm,0.898466,0.898466,1.192e-7,1.000000
lfw,all,rgb,rgb/Marilyn_Monroe_0002.ppm,0.911819,0.911819,0.000e0,1.000000
lfw,all,rgb,rgb/Marina_Anissina_0001.ppm,0.942208,0.942208,1.192e-7,1.000000
lfw,all,rgb,rgb/Marina_Anissina_0002.ppm,0.922211,0.922211,1.192e-7,1.000000
lfw,all,rgb,rgb/Marina_Canetti_0001.ppm,0.904350,0.904350,0.000e0,1.000000
lfw,all,rgb,rgb/Marina_Hands_0001.ppm,0.904164,0.904164,2.384e-7,1.000000
lfw,all,rgb,rgb/Marina_Kuptsova_0001.ppm,0.938865,0.938865,1.192e-7,1.000000
lfw,all,rgb,rgb/Marina_Silva_0001.ppm,0.942834,0.942834,1.192e-7,1.000000
lfw,all,rgb,rgb/Mario_Alfaro-Lopez_0001.ppm,0.935800,0.935800,0.000e0,1.000000
lfw,all,rgb,rgb/Mario_Austin_0001.ppm,0.938635,0.938635,0.000e0,1.000000
lfw,all,rgb,rgb/Mario_Cipollini_0001.ppm,0.926085,0.926085,0.000e0,1.000000
lfw,all,rgb,rgb/Mario_Cipollini_0002.ppm,0.951577,0.951577,0.000e0,1.000000
lfw,all,rgb,rgb/Mario_Dominguez_0001.ppm,0.944675,0.944675,0.000e0,1.000000
lfw,all,rgb,rgb/Mario_Dumont_0001.ppm,0.875668,0.875668,5.960e-8,1.000000
lfw,all,rgb,rgb/Mario_Dumont_0002.ppm,0.923400,0.923400,1.192e-7,1.000000
lfw,all,rgb,rgb/Mario_Gallegos_0001.ppm,0.909133,0.909133,1.192e-7,1.000000
lfw,all,rgb,rgb/Mario_Jardel_0001.ppm,0.966265,0.966265,0.000e0,1.000000
lfw,all,rgb,rgb/Mario_Kreutzberger_0001.ppm,0.952829,0.952829,0.000e0,1.000000
lfw,all,rgb,rgb/Mario_Kreutzberger_0002.ppm,0.942866,0.942866,0.000e0,1.000000
lfw,all,rgb,rgb/Mario_Lemieux_0001.ppm,0.917750,0.917750,0.000e0,1.000000
lfw,all,rgb,rgb/Mario_Lobo_Zagallo_0001.ppm,0.887299,0.887299,1.192e-7,1.000000
lfw,all,rgb,rgb/Mario_Puzo_0001.ppm,0.950083,0.950083,0.000e0,1.000000
lfw,all,rgb,rgb/Mario_Vasquez_Rana_0001.ppm,0.927737,0.927737,5.960e-8,1.000000
lfw,all,rgb,rgb/Marion_Barry_0001.ppm,0.918758,0.918758,0.000e0,1.000000
lfw,all,rgb,rgb/Marion_Fahnestock_0001.ppm,0.851190,0.851189,2.980e-7,0.999999
lfw,all,rgb,rgb/Marisa_Tomei_0001.ppm,0.924508,0.924508,0.000e0,1.000000
lfw,all,rgb,rgb/Marisa_Tomei_0002.ppm,0.959001,0.959001,1.192e-7,1.000000
lfw,all,rgb,rgb/Marisol_Breton_0001.ppm,0.945089,0.945089,5.960e-8,1.000000
lfw,all,rgb,rgb/Marisol_Martinez_Sambran_0001.ppm,0.955050,0.955050,0.000e0,1.000000
lfw,all,rgb,rgb/Marissa_Jaret_Winokur_0001.ppm,0.935361,0.935361,0.000e0,1.000000
lfw,all,rgb,rgb/Marissa_Jaret_Winokur_0002.ppm,0.940652,0.940652,0.000e0,1.000000
lfw,all,rgb,rgb/Maritza_Macias_Furano_0001.ppm,0.955765,0.955765,0.000e0,1.000000
lfw,all,rgb,rgb/Mark_Andrew_0001.ppm,0.912854,0.912854,0.000e0,1.000000
lfw,all,rgb,rgb/Mark_Bellhorn_0001.ppm,0.887348,0.887348,1.788e-7,1.000000
lfw,all,rgb,rgb/Mark_Broxmeyer_0001.ppm,0.931182,0.931182,0.000e0,1.000000
lfw,all,rgb,rgb/Mark_Butcher_0001.ppm,0.944691,0.944691,1.192e-7,1.000000
lfw,all,rgb,rgb/Mark_Cuban_0001.ppm,0.975777,0.975777,0.000e0,1.000000
lfw,all,rgb,rgb/Mark_Cuban_0002.ppm,0.910068,0.910068,5.960e-8,1.000000
lfw,all,rgb,rgb/Mark_Dacey_0001.ppm,0.872369,0.872369,5.960e-8,1.000000
lfw,all,rgb,rgb/Mark_Dacey_0002.ppm,0.904349,0.904349,0.000e0,1.000000
lfw,all,rgb,rgb/Mark_Everson_0001.ppm,0.958862,0.958862,0.000e0,1.000000
lfw,all,rgb,rgb/Mark_Foley_0001.ppm,0.909065,0.909065,5.960e-8,1.000000
lfw,all,rgb,rgb/Mark_Gangloff_0001.ppm,0.931244,0.931244,5.960e-8,1.000000
lfw,all,rgb,rgb/Mark_Geragos_0001.ppm,0.945691,0.945691,0.000e0,1.000000
lfw,all,rgb,rgb/Mark_Geragos_0002.ppm,0.964205,0.964205,0.000e0,0.999999
lfw,all,rgb,rgb/Mark_Gottfried_0001.ppm,0.944627,0.944627,0.000e0,1.000000
lfw,all,rgb,rgb/Mark_Gottfried_0002.ppm,0.928490,0.928490,0.000e0,1.000000
lfw,all,rgb,rgb/Mark_Gottfried_0003.ppm,0.882246,0.882246,5.960e-8,1.000000
lfw,all,rgb,rgb/Mark_Hamister_0001.ppm,0.926340,0.926340,0.000e0,1.000000
lfw,all,rgb,rgb/Mark_Hamister_0002.ppm,0.926604,0.926604,0.000e0,1.000000
lfw,all,rgb,rgb/Mark_Hanson_0001.ppm,0.905391,0.905391,1.192e-7,1.000000
lfw,all,rgb,rgb/Mark_Heller_0001.ppm,0.888177,0.888177,1.192e-7,1.000000
lfw,all,rgb,rgb/Mark_Heller_0002.ppm,0.870345,0.870345,1.788e-7,0.999999
lfw,all,rgb,rgb/Mark_Hogan_0001.ppm,0.924486,0.924486,0.000e0,1.000000
lfw,all,rgb,rgb/Mark_Hurlbert_0001.ppm,0.932227,0.932227,0.000e0,1.000000
lfw,all,rgb,rgb/Mark_Hurlbert_0002.ppm,0.936239,0.936240,1.788e-7,1.000000
lfw,all,rgb,rgb/Mark_Hurlbert_0003.ppm,0.910317,0.910317,0.000e0,1.000000
lfw,all,rgb,rgb/Mark_Hurlbert_0004.ppm,0.908079,0.908079,1.192e-7,1.000000
lfw,all,rgb,rgb/Mark_Hurlbert_0005.ppm,0.933301,0.933302,1.192e-7,1.000000
lfw,all,rgb,rgb/Mark_Kelly_0001.ppm,0.921021,0.921021,0.000e0,0.999999
lfw,all,rgb,rgb/Mark_Komara_0001.ppm,0.939923,0.939923,0.000e0,1.000000
lfw,all,rgb,rgb/Mark_Lazarus_0001.ppm,0.947716,0.947716,0.000e0,1.000000
lfw,all,rgb,rgb/Mark_Leno_0001.ppm,0.963790,0.963790,0.000e0,1.000000
lfw,all,rgb,rgb/Mark_Mariscal_0001.ppm,0.939770,0.939770,0.000e0,1.000000
lfw,all,rgb,rgb/Mark_Martin_0001.ppm,0.881284,0.881284,0.000e0,1.000000
lfw,all,rgb,rgb/Mark_McClellan_0001.ppm,0.961622,0.961622,0.000e0,0.999999
lfw,all,rgb,rgb/Mark_Mishkin_0001.ppm,0.931361,0.931361,0.000e0,1.000000
lfw,all,rgb,rgb/Mark_Mulder_0001.ppm,0.930069,0.930069,0.000e0,1.000000
lfw,all,rgb,rgb/Mark_Philippoussis_0001.ppm,0.960348,0.960347,1.788e-7,0.999999
lfw,all,rgb,rgb/Mark_Philippoussis_0002.ppm,0.917077,0.917077,0.000e0,1.000000
lfw,all,rgb,rgb/Mark_Philippoussis_0003.ppm,0.948004,0.948004,0.000e0,1.000000
lfw,all,rgb,rgb/Mark_Philippoussis_0004.ppm,0.866335,0.866336,1.788e-7,0.999999
lfw,all,rgb,rgb/Mark_Philippoussis_0005.ppm,0.908192,0.908192,1.192e-7,1.000000
lfw,all,rgb,rgb/Mark_Philippoussis_0006.ppm,0.922436,0.922436,0.000e0,1.000000
lfw,all,rgb,rgb/Mark_Philippoussis_0007.ppm,0.911648,0.911648,0.000e0,1.000000
lfw,all,rgb,rgb/Mark_Philippoussis_0008.ppm,0.926948,0.926948,1.192e-7,1.000000
lfw,all,rgb,rgb/Mark_Philippoussis_0009.ppm,0.950910,0.950910,1.192e-7,1.000000
lfw,all,rgb,rgb/Mark_Philippoussis_0010.ppm,0.981437,0.981437,0.000e0,1.000000
lfw,all,rgb,rgb/Mark_Philippoussis_0011.ppm,0.932445,0.932445,5.960e-8,1.000000
lfw,all,rgb,rgb/Mark_Podlesny_0001.ppm,0.952854,0.952854,0.000e0,1.000000
lfw,all,rgb,rgb/Mark_Polansky_0001.ppm,0.954151,0.954152,1.192e-7,1.000000
lfw,all,rgb,rgb/Mark_Redman_0001.ppm,0.913791,0.913791,0.000e0,1.000000
lfw,all,rgb,rgb/Mark_Richt_0001.ppm,0.905643,0.905643,1.192e-7,1.000000
lfw,all,rgb,rgb/Mark_Richt_0002.ppm,0.921106,0.921107,1.192e-7,1.000000
lfw,all,rgb,rgb/Mark_Richt_0003.ppm,0.931910,0.931910,0.000e0,1.000000
lfw,all,rgb,rgb/Mark_Rosenbaum_0001.ppm,0.921955,0.921955,1.192e-7,1.000000
lfw,all,rgb,rgb/Mark_Sacco_0001.ppm,0.924352,0.924352,0.000e0,1.000000
lfw,all,rgb,rgb/Mark_Salter_0001.ppm,0.965758,0.965758,1.192e-7,1.000000
lfw,all,rgb,rgb/Mark_Schweiker_0001.ppm,0.929296,0.929296,5.960e-8,1.000000
lfw,all,rgb,rgb/Mark_Schweiker_0002.ppm,0.910301,0.910301,5.960e-8,1.000000
lfw,all,rgb,rgb/Mark_Shapiro_0001.ppm,0.932166,0.932167,1.192e-7,1.000000
lfw,all,rgb,rgb/Mark_Sisk_0001.ppm,0.934024,0.934023,1.192e-7,1.000000
lfw,all,rgb,rgb/Mark_Stuart_0001.ppm,0.927486,0.927486,0.000e0,1.000000
lfw,all,rgb,rgb/Mark_Swartz_0001.ppm,0.917788,0.917788,0.000e0,1.000000
lfw,all,rgb,rgb/Mark_Wahlberg_0001.ppm,0.905372,0.905372,1.192e-7,1.000000
lfw,all,rgb,rgb/Mark_Wahlberg_0002.ppm,0.929778,0.929778,5.960e-8,1.000000
lfw,all,rgb,rgb/Mark_Wahlberg_0003.ppm,0.921038,0.921038,0.000e0,1.000000
lfw,all,rgb,rgb/Mark_Wahlberg_0004.ppm,0.955970,0.955970,0.000e0,1.000000
lfw,all,rgb,rgb/Mark_Warner_0001.ppm,0.950309,0.950309,0.000e0,1.000000
lfw,all,rgb,rgb/Mark_Warner_0002.ppm,0.961598,0.961598,0.000e0,1.000000
lfw,all,rgb,rgb/Markus_Beyer_0001.ppm,0.953197,0.953197,0.000e0,1.000000
lfw,all,rgb,rgb/Markus_Naslund_0001.ppm,0.948851,0.948851,0.000e0,1.000000
lfw,all,rgb,rgb/Markus_Naslund_0002.ppm,0.929790,0.929790,1.192e-7,1.000000
lfw,all,rgb,rgb/Marlene_Weingartner_0001.ppm,0.893699,0.893699,0.000e0,1.000000
lfw,all,rgb,rgb/Marlene_Weingartner_0002.ppm,0.906045,0.906045,0.000e0,1.000000
lfw,all,rgb,rgb/Marlon_Devonish_0001.ppm,0.852518,0.852518,0.000e0,1.000000
lfw,all,rgb,rgb/Marquier_Montano_Contreras_0001.ppm,0.920809,0.920809,1.192e-7,1.000000
lfw,all,rgb,rgb/Marquis_Estill_0001.ppm,0.910194,0.910194,0.000e0,1.000000
lfw,all,rgb,rgb/Marricia_Tate_0001.ppm,0.955473,0.955473,0.000e0,1.000000
lfw,all,rgb,rgb/Marsah_Ambrosius_0001.ppm,0.968819,0.968819,0.000e0,1.000000
lfw,all,rgb,rgb/Marsha_Sharp_0001.ppm,0.932844,0.932844,0.000e0,1.000000
lfw,all,rgb,rgb/Marsha_Thomason_0001.ppm,0.962269,0.962269,1.192e-7,1.000000
lfw,all,rgb,rgb/Marta_Dominguz_0001.ppm,0.928449,0.928449,0.000e0,1.000000
lfw,all,rgb,rgb/Martha_Beatriz_Roque_0001.ppm,0.957151,0.957151,1.192e-7,1.000000
lfw,all,rgb,rgb/Martha_Beatriz_Roque_0002.ppm,0.949797,0.949797,0.000e0,1.000000
lfw,all,rgb,rgb/Martha_Bowen_0001.ppm,0.917492,0.917492,1.192e-7,1.000000
lfw,all,rgb,rgb/Martha_Bowen_0002.ppm,0.925459,0.925459,0.000e0,1.000000
lfw,all,rgb,rgb/Martha_Burk_0001.ppm,0.932155,0.932155,1.192e-7,1.000000
lfw,all,rgb,rgb/Martha_Burk_0002.ppm,0.940544,0.940544,0.000e0,1.000000
lfw,all,rgb,rgb/Martha_Burk_0003.ppm,0.929194,0.929194,0.000e0,1.000000
lfw,all,rgb,rgb/Martha_Burk_0004.ppm,0.967938,0.967938,1.192e-7,1.000000
lfw,all,rgb,rgb/Martha_Lucia_Ramirez_0001.ppm,0.920041,0.920041,1.192e-7,1.000000
lfw,all,rgb,rgb/Martha_Lucia_Ramirez_0002.ppm,0.914252,0.914252,1.192e-7,1.000000
lfw,all,rgb,rgb/Martha_Lucia_Ramirez_0003.ppm,0.942751,0.942751,0.000e0,1.000000
lfw,all,rgb,rgb/Martha_Lucia_Ramirez_0004.ppm,0.933794,0.933794,1.192e-7,1.000000
lfw,all,rgb,rgb/Martha_Martinez_Flores_0001.ppm,0.882551,0.882551,0.000e0,1.000000
lfw,all,rgb,rgb/Martha_Sahagun_de_Fox_0001.ppm,0.940438,0.940438,0.000e0,0.999999
lfw,all,rgb,rgb/Martha_Smith_0001.ppm,0.896233,0.896233,1.192e-7,0.999999
lfw,all,rgb,rgb/Martha_Stewart_0001.ppm,0.909740,0.909740,0.000e0,1.000000
lfw,all,rgb,rgb/Martha_Stewart_0002.ppm,0.884526,0.884526,5.960e-8,1.000000
lfw,all,rgb,rgb/Martha_Stewart_0003.ppm,0.912732,0.912732,0.000e0,1.000000
lfw,all,rgb,rgb/Martha_Stewart_0004.ppm,0.869230,0.869230,5.960e-8,1.000000
lfw,all,rgb,rgb/Martha_Stewart_0005.ppm,0.898261,0.898261,0.000e0,1.000000
lfw,all,rgb,rgb/Martie_Maguire_0001.ppm,0.926980,0.926980,1.192e-7,1.000000
lfw,all,rgb,rgb/Martin_Bandier_0001.ppm,0.919620,0.919620,5.960e-8,1.000000
lfw,all,rgb,rgb/Martin_Boryczewski_0001.ppm,0.890708,0.890708,0.000e0,1.000000
lfw,all,rgb,rgb/Martin_Brodeur_0001.ppm,0.948940,0.948940,1.192e-7,0.999999
lfw,all,rgb,rgb/Martin_Brodeur_0002.ppm,0.900816,0.900817,2.980e-7,1.000000
lfw,all,rgb,rgb/Martin_Brooke_0001.ppm,0.947723,0.947723,0.000e0,1.000000
lfw,all,rgb,rgb/Martin_Burnham_0001.ppm,0.896685,0.896685,0.000e0,1.000000
lfw,all,rgb,rgb/Martin_Cauchon_0001.ppm,0.928005,0.928005,1.192e-7,1.000000
lfw,all,rgb,rgb/Martin_Cauchon_0002.ppm,0.953918,0.953918,1.192e-7,1.000000
lfw,all,rgb,rgb/Martin_Frost_0001.ppm,0.915372,0.915372,0.000e0,1.000000
lfw,all,rgb,rgb/Martin_Gecht_0001.ppm,0.889400,0.889400,1.192e-7,1.000000
lfw,all,rgb,rgb/Martin_Hoellwarth_0001.ppm,0.867875,0.867875,0.000e0,1.000000
lfw,all,rgb,rgb/Martin_Hoellwarth_0002.ppm,0.943270,0.943270,5.960e-8,1.000000
lfw,all,rgb,rgb/Martin_Howard_0001.ppm,0.902691,0.902690,1.192e-7,1.000000
lfw,all,rgb,rgb/Martin_Keown_0001.ppm,0.898551,0.898551,1.192e-7,1.000000
lfw,all,rgb,rgb/Martin_Kristof_0001.ppm,0.941529,0.941529,0.000e0,1.000000
lfw,all,rgb,rgb/Martin_Landau_0001.ppm,0.883073,0.883073,0.000e0,1.000000
lfw,all,rgb,rgb/Martin_Lawrence_0001.ppm,0.928621,0.928621,1.192e-7,1.000000
lfw,all,rgb,rgb/Martin_Luther_King_III_0001.ppm,0.945834,0.945834,1.192e-7,1.000000
lfw,all,rgb,rgb/Martin_McCauley_0001.ppm,0.971688,0.971688,0.000e0,0.999999
lfw,all,rgb,rgb/Martin_McCauley_0002.ppm,0.922960,0.922960,0.000e0,1.000000
lfw,all,rgb,rgb/Martin_McGuinness_0001.ppm,0.963312,0.963312,0.000e0,1.000000
lfw,all,rgb,rgb/Martin_McGuinness_0002.ppm,0.930349,0.930349,1.192e-7,1.000000
lfw,all,rgb,rgb/Martin_McGuinness_0003.ppm,0.953470,0.953470,0.000e0,1.000000
lfw,all,rgb,rgb/Martin_McGuinness_0004.ppm,0.942460,0.942460,5.960e-8,1.000000
lfw,all,rgb,rgb/Martin_McGuinness_0005.ppm,0.919222,0.919222,0.000e0,1.000000
lfw,all,rgb,rgb/Martin_ONeill_0001.ppm,0.946342,0.946342,0.000e0,0.999999
lfw,all,rgb,rgb/Martin_Rodriguez_0001.ppm,0.887934,0.887934,0.000e0,1.000000
lfw,all,rgb,rgb/Martin_Scorsese_0001.ppm,0.919841,0.919841,0.000e0,1.000000
lfw,all,rgb,rgb/Martin_Scorsese_0002.ppm,0.932282,0.932282,0.000e0,0.999999
lfw,all,rgb,rgb/Martin_Scorsese_0003.ppm,0.889316,0.889316,1.192e-7,1.000000
lfw,all,rgb,rgb/Martin_Scorsese_0004.ppm,0.913035,0.913034,1.192e-7,1.000000
lfw,all,rgb,rgb/Martin_Scorsese_0005.ppm,0.915853,0.915853,0.000e0,1.000000
lfw,all,rgb,rgb/Martin_Scorsese_0006.ppm,0.917418,0.917418,0.000e0,1.000000
lfw,all,rgb,rgb/Martin_Scorsese_0007.ppm,0.909667,0.909667,1.192e-7,1.000000
lfw,all,rgb,rgb/Martin_Sheen_0001.ppm,0.888628,0.888628,0.000e0,1.000000
lfw,all,rgb,rgb/Martin_Sheen_0002.ppm,0.932644,0.932644,0.000e0,0.999999
lfw,all,rgb,rgb/Martin_Short_0001.ppm,0.919122,0.919122,0.000e0,1.000000
lfw,all,rgb,rgb/Martin_Torrijos_0001.ppm,0.941311,0.941311,0.000e0,1.000000
lfw,all,rgb,rgb/Martin_Verkerk_0001.ppm,0.937257,0.937257,0.000e0,1.000000
lfw,all,rgb,rgb/Martin_Verkerk_0002.ppm,0.972971,0.972971,1.192e-7,1.000000
lfw,all,rgb,rgb/Martin_Verkerk_0003.ppm,0.922900,0.922900,5.960e-8,1.000000
lfw,all,rgb,rgb/Martina_Hingis_0001.ppm,0.916022,0.916022,1.788e-7,0.999999
lfw,all,rgb,rgb/Martina_Hingis_0002.ppm,0.865699,0.865700,1.192e-7,1.000000
lfw,all,rgb,rgb/Martina_Hingis_0003.ppm,0.925365,0.925365,0.000e0,1.000000
lfw,all,rgb,rgb/Martina_McBride_0001.ppm,0.913042,0.913042,0.000e0,1.000000
lfw,all,rgb,rgb/Martina_McBride_0002.ppm,0.976739,0.976739,0.000e0,0.999999
lfw,all,rgb,rgb/Martina_McBride_0003.ppm,0.937220,0.937220,0.000e0,1.000000
lfw,all,rgb,rgb/Martina_McBride_0004.ppm,0.944208,0.944208,1.192e-7,1.000000
lfw,all,rgb,rgb/Martina_McBride_0005.ppm,0.932700,0.932700,1.192e-7,1.000000
lfw,all,rgb,rgb/Marty_Mornhinweg_0001.ppm,0.961364,0.961364,0.000e0,1.000000
lfw,all,rgb,rgb/Marty_Mornhinweg_0002.ppm,0.892640,0.892640,5.960e-8,1.000000
lfw,all,rgb,rgb/Marty_Mornhinweg_0003.ppm,0.930762,0.930762,0.000e0,0.999999
lfw,all,rgb,rgb/Marvan_Atapattu_0001.ppm,0.918745,0.918745,1.192e-7,1.000000
lfw,all,rgb,rgb/Marwan_Barghouthi_0001.ppm,0.891686,0.891686,1.192e-7,1.000000
lfw,all,rgb,rgb/Marwan_Barghouthi_0002.ppm,0.884221,0.884221,0.000e0,1.000000
lfw,all,rgb,rgb/Marwan_Muasher_0001.ppm,0.935539,0.935539,0.000e0,1.000000
lfw,all,rgb,rgb/Mary-Kate_Olsen_0001.ppm,0.954198,0.954198,0.000e0,1.000000
lfw,all,rgb,rgb/Mary-Kate_Olsen_0002.ppm,0.938544,0.938544,5.960e-8,1.000000
lfw,all,rgb,rgb/Mary-Kate_Olsen_0003.ppm,0.929899,0.929899,0.000e0,1.000000
lfw,all,rgb,rgb/Mary_Anne_Souza_0001.ppm,0.956086,0.956086,0.000e0,1.000000
lfw,all,rgb,rgb/Mary_Blige_0001.ppm,0.937248,0.937248,0.000e0,1.000000
lfw,all,rgb,rgb/Mary_Bono_0001.ppm,0.942611,0.942611,0.000e0,1.000000
lfw,all,rgb,rgb/Mary_Carey_0001.ppm,0.904855,0.904855,0.000e0,1.000000
lfw,all,rgb,rgb/Mary_Carey_0002.ppm,0.921922,0.921922,0.000e0,0.999999
lfw,all,rgb,rgb/Mary_Carey_0003.ppm,0.919915,0.919915,5.960e-8,0.999999
lfw,all,rgb,rgb/Mary_Carey_0004.ppm,0.940584,0.940584,0.000e0,1.000000
lfw,all,rgb,rgb/Mary_Catherine_Correll_0001.ppm,0.900582,0.900582,0.000e0,1.000000
lfw,all,rgb,rgb/Mary_Descenza_0001.ppm,0.895331,0.895331,0.000e0,1.000000
lfw,all,rgb,rgb/Mary_Elizabeth_Mastrantonio_0001.ppm,0.934670,0.934670,1.192e-7,1.000000
lfw,all,rgb,rgb/Mary_Frances_Seiter_0001.ppm,0.880054,0.880054,0.000e0,1.000000
lfw,all,rgb,rgb/Mary_Hill_0001.ppm,0.956754,0.956754,0.000e0,1.000000
lfw,all,rgb,rgb/Mary_Jo_Myers_0001.ppm,0.940068,0.940068,0.000e0,1.000000
lfw,all,rgb,rgb/Mary_Katherine_Smart_0001.ppm,0.931867,0.931867,0.000e0,1.000000
lfw,all,rgb,rgb/Mary_Landrieu_0001.ppm,0.873247,0.873247,5.960e-8,1.000000
lfw,all,rgb,rgb/Mary_Landrieu_0002.ppm,0.908825,0.908825,5.960e-8,1.000000
lfw,all,rgb,rgb/Mary_Landrieu_0003.ppm,0.924419,0.924419,0.000e0,1.000000
lfw,all,rgb,rgb/Mary_Lou_Markakis_0001.ppm,0.888524,0.888524,0.000e0,1.000000
lfw,all,rgb,rgb/Mary_Lou_Retton_0001.ppm,0.943741,0.943741,0.000e0,0.999999
lfw,all,rgb,rgb/Mary_Maddux_0001.ppm,0.944455,0.944455,1.192e-7,1.000000
lfw,all,rgb,rgb/Mary_Matalin_0001.ppm,0.954711,0.954711,0.000e0,1.000000
lfw,all,rgb,rgb/Mary_McCarty_0001.ppm,0.910485,0.910485,5.960e-8,0.999999
lfw,all,rgb,rgb/Mary_Robinson_0001.ppm,0.957681,0.957681,1.192e-7,1.000000
lfw,all,rgb,rgb/Mary_Steenburgen_0001.ppm,0.916804,0.916804,5.960e-8,1.000000
lfw,all,rgb,rgb/Mary_Steenburgen_0002.ppm,0.902483,0.902483,1.192e-7,1.000000
lfw,all,rgb,rgb/Mary_Steenburgen_0003.ppm,0.940712,0.940712,1.192e-7,1.000000
lfw,all,rgb,rgb/Mary_Sue_Coleman_0001.ppm,0.973968,0.973969,1.192e-7,1.000000
lfw,all,rgb,rgb/Mary_Tyler_Moore_0001.ppm,0.923351,0.923351,0.000e0,1.000000
lfw,all,rgb,rgb/Mary_Tyler_Moore_0002.ppm,0.957315,0.957315,0.000e0,1.000000
lfw,all,rgb,rgb/Mary_Zorn_0001.ppm,0.970545,0.970545,5.960e-8,1.000000
lfw,all,rgb,rgb/Maryn_McKenna_0001.ppm,0.955540,0.955540,0.000e0,1.000000
lfw,all,rgb,rgb/Masahiko_Nagasawa_0001.ppm,0.922869,0.922869,0.000e0,1.000000
lfw,all,rgb,rgb/Masahiko_Nagasawa_0002.ppm,0.868490,0.868490,5.960e-8,1.000000
lfw,all,rgb,rgb/Masamori_Tokuyama_0001.ppm,0.952304,0.952304,1.192e-7,1.000000
lfw,all,rgb,rgb/Masao_Azuma_0001.ppm,0.904578,0.904578,0.000e0,1.000000
lfw,all,rgb,rgb/Masaru_Hayami_0001.ppm,0.881954,0.881954,0.000e0,1.000000
lfw,all,rgb,rgb/Masatoshi_Koshiba_0001.ppm,0.950058,0.950058,0.000e0,1.000000
lfw,all,rgb,rgb/Masja_Juel_0001.ppm,0.953839,0.953839,0.000e0,1.000000
lfw,all,rgb,rgb/Massoud_Barzani_0001.ppm,0.941935,0.941935,0.000e0,1.000000
lfw,all,rgb,rgb/Masum_Turker_0001.ppm,0.930181,0.930181,0.000e0,1.000000
lfw,all,rgb,rgb/Masum_Turker_0002.ppm,0.930340,0.930340,0.000e0,1.000000
lfw,all,rgb,rgb/Masum_Turker_0003.ppm,0.943676,0.943676,0.000e0,1.000000
lfw,all,rgb,rgb/Mathias_Reichhold_0001.ppm,0.931337,0.931337,1.192e-7,1.000000
lfw,all,rgb,rgb/Mathias_Reichhold_0002.ppm,0.922844,0.922844,0.000e0,1.000000
lfw,all,rgb,rgb/Mathias_Reichhold_0003.ppm,0.937043,0.937043,1.192e-7,0.999999
lfw,all,rgb,rgb/Mathilda_Karel_Spak_0001.ppm,0.913833,0.913833,1.192e-7,0.999999
lfw,all,rgb,rgb/Matt_Anderson_0001.ppm,0.926415,0.926415,0.000e0,1.000000
lfw,all,rgb,rgb/Matt_Braker_0001.ppm,0.939980,0.939979,1.788e-7,1.000000
lfw,all,rgb,rgb/Matt_Damon_0001.ppm,0.964619,0.964619,0.000e0,1.000000
lfw,all,rgb,rgb/Matt_Damon_0002.ppm,0.933154,0.933154,0.000e0,1.000000
lfw,all,rgb,rgb/Matt_Damon_0003.ppm,0.911866,0.911866,5.960e-8,1.000000
lfw,all,rgb,rgb/Matt_Damon_0004.ppm,0.946325,0.946324,1.192e-7,1.000000
lfw,all,rgb,rgb/Matt_Dillon_0001.ppm,0.915566,0.915566,0.000e0,1.000000
lfw,all,rgb,rgb/Matt_Dillon_0002.ppm,0.933536,0.933536,1.192e-7,1.000000
lfw,all,rgb,rgb/Matt_Dillon_0003.ppm,0.919407,0.919407,1.192e-7,1.000000
lfw,all,rgb,rgb/Matt_Doherty_0001.ppm,0.855779,0.855779,5.960e-8,1.000000
lfw,all,rgb,rgb/Matt_Doherty_0002.ppm,0.920562,0.920562,1.192e-7,1.000000
lfw,all,rgb,rgb/Matt_Doherty_0003.ppm,0.907867,0.907866,5.960e-8,1.000000
lfw,all,rgb,rgb/Matt_Herden_0001.ppm,0.936478,0.936478,0.000e0,0.999999
lfw,all,rgb,rgb/Matt_LeBlanc_0001.ppm,0.930882,0.930882,0.000e0,1.000000
lfw,all,rgb,rgb/Matt_Morris_0001.ppm,0.900230,0.900230,0.000e0,1.000000
lfw,all,rgb,rgb/Matt_Roney_0001.ppm,0.901409,0.901409,0.000e0,1.000000
lfw,all,rgb,rgb/Matt_Siebrandt_0001.ppm,0.900381,0.900381,0.000e0,1.000000
lfw,all,rgb,rgb/Matt_Walters_0001.ppm,0.924389,0.924389,1.192e-7,1.000000
lfw,all,rgb,rgb/Matt_Welsh_0001.ppm,0.925908,0.925908,0.000e0,1.000000
lfw,all,rgb,rgb/Matthew_Broderick_0001.ppm,0.869122,0.869122,0.000e0,1.000000
lfw,all,rgb,rgb/Matthew_Broderick_0002.ppm,0.910257,0.910257,1.192e-7,1.000000
lfw,all,rgb,rgb/Matthew_Broderick_0003.ppm,0.956217,0.956217,0.000e0,1.000000
lfw,all,rgb,rgb/Matthew_Broderick_0004.ppm,0.948688,0.948688,0.000e0,1.000000
lfw,all,rgb,rgb/Matthew_During_0001.ppm,0.937618,0.937618,0.000e0,1.000000
lfw,all,rgb,rgb/Matthew_McConaughey_0001.ppm,0.932694,0.932694,5.960e-8,1.000000
lfw,all,rgb,rgb/Matthew_Ouimet_0001.ppm,0.873471,0.873471,5.960e-8,1.000000
lfw,all,rgb,rgb/Matthew_Perry_0001.ppm,0.937757,0.937757,0.000e0,1.000000
lfw,all,rgb,rgb/Matthew_Perry_0002.ppm,0.953777,0.953777,1.192e-7,1.000000
lfw,all,rgb,rgb/Matthew_Perry_0003.ppm,0.955509,0.955509,0.000e0,1.000000
lfw,all,rgb,rgb/Matthew_Perry_0004.ppm,0.908368,0.908368,0.000e0,1.000000
lfw,all,rgb,rgb/Matthew_Perry_0005.ppm,0.919596,0.919596,5.960e-8,1.000000
lfw,all,rgb,rgb/Matthew_Perry_0006.ppm,0.932960,0.932960,0.000e0,0.999999
lfw,all,rgb,rgb/Matthew_Perry_0007.ppm,0.950321,0.950321,1.192e-7,1.000000
lfw,all,rgb,rgb/Matthew_Vaughan_0001.ppm,0.931078,0.931078,0.000e0,1.000000
lfw,all,rgb,rgb/Matthias_Sammer_0001.ppm,0.909781,0.909780,1.192e-7,1.000000
lfw,all,rgb,rgb/Maura_Tierney_0001.ppm,0.920299,0.920299,0.000e0,1.000000
lfw,all,rgb,rgb/Maureen_Fanning_0001.ppm,0.956472,0.956472,0.000e0,1.000000
lfw,all,rgb,rgb/Maureen_Fanning_0002.ppm,0.968082,0.968082,5.960e-8,1.000000
lfw,all,rgb,rgb/Maureen_Kanka_0001.ppm,0.927182,0.927182,1.192e-7,1.000000
lfw,all,rgb,rgb/Maurice_Cheeks_0001.ppm,0.871640,0.871640,5.960e-8,1.000000
lfw,all,rgb,rgb/Maurice_Papon_0001.ppm,0.905024,0.905023,5.960e-8,1.000000
lfw,all,rgb,rgb/Maurice_Strong_0001.ppm,0.898812,0.898812,0.000e0,1.000000
lfw,all,rgb,rgb/Mauricio_Macri_0001.ppm,0.906027,0.906027,1.192e-7,1.000000
lfw,all,rgb,rgb/Mauricio_Pochetino_0001.ppm,0.971367,0.971367,0.000e0,1.000000
lfw,all,rgb,rgb/Mauro_Viza_0001.ppm,0.932151,0.932151,0.000e0,1.000000
lfw,all,rgb,rgb/Max_Baucus_0001.ppm,0.945846,0.945846,1.192e-7,1.000000
lfw,all,rgb,rgb/Max_Biaggi_0001.ppm,0.912372,0.912372,0.000e0,1.000000
lfw,all,rgb,rgb/Max_Mayfield_0001.ppm,0.912202,0.912202,0.000e0,1.000000
lfw,all,rgb,rgb/Max_Mayfield_0002.ppm,0.925721,0.925721,5.960e-8,1.000000
lfw,all,rgb,rgb/Max_Mosley_0001.ppm,0.932834,0.932834,1.192e-7,0.999999
lfw,all,rgb,rgb/Max_von_Sydow_0001.ppm,0.903897,0.903896,4.172e-7,1.000000
lfw,all,rgb,rgb/Maxim_Afinogenov_0001.ppm,0.892762,0.892762,5.960e-8,1.000000
lfw,all,rgb,rgb/Mayumi_Moriyama_0001.ppm,0.990914,0.990914,0.000e0,1.000000
lfw,all,rgb,rgb/McGuire_Gibson_0001.ppm,0.815187,0.815187,1.192e-7,1.000000
lfw,all,rgb,rgb/Meg_Mallon_0001.ppm,0.889943,0.889943,0.000e0,1.000000
lfw,all,rgb,rgb/Meg_Wakeman_0001.ppm,0.914458,0.914458,1.192e-7,1.000000
lfw,all,rgb,rgb/Megan_Mullally_0001.ppm,0.912679,0.912679,5.960e-8,0.999999
lfw,all,rgb,rgb/Megan_Mullally_0002.ppm,0.905644,0.905644,0.000e0,1.000000
lfw,all,rgb,rgb/Megan_Mullally_0003.ppm,0.908493,0.908493,5.960e-8,1.000000
lfw,all,rgb,rgb/Megawati_Sukarnoputri_0001.ppm,0.988784,0.988784,1.192e-7,0.999999
lfw,all,rgb,rgb/Megawati_Sukarnoputri_0002.ppm,0.977230,0.977230,0.000e0,1.000000
lfw,all,rgb,rgb/Megawati_Sukarnoputri_0003.ppm,0.945491,0.945491,0.000e0,1.000000
lfw,all,rgb,rgb/Megawati_Sukarnoputri_0004.ppm,0.976638,0.976638,5.960e-8,0.999999
lfw,all,rgb,rgb/Megawati_Sukarnoputri_0005.ppm,0.945596,0.945596,1.192e-7,1.000000
lfw,all,rgb,rgb/Megawati_Sukarnoputri_0006.ppm,0.965065,0.965065,1.192e-7,1.000000
lfw,all,rgb,rgb/Megawati_Sukarnoputri_0007.ppm,0.953858,0.953858,5.960e-8,1.000000
lfw,all,rgb,rgb/Megawati_Sukarnoputri_0008.ppm,0.980572,0.980572,0.000e0,1.000000
lfw,all,rgb,rgb/Megawati_Sukarnoputri_0009.ppm,0.982790,0.982790,1.192e-7,0.999999
lfw,all,rgb,rgb/Megawati_Sukarnoputri_0010.ppm,0.945514,0.945514,0.000e0,1.000000
lfw,all,rgb,rgb/Megawati_Sukarnoputri_0011.ppm,0.968437,0.968437,0.000e0,1.000000
lfw,all,rgb,rgb/Megawati_Sukarnoputri_0012.ppm,0.897900,0.897900,0.000e0,1.000000
lfw,all,rgb,rgb/Megawati_Sukarnoputri_0013.ppm,0.909606,0.909606,1.192e-7,0.999999
lfw,all,rgb,rgb/Megawati_Sukarnoputri_0014.ppm,0.972667,0.972667,1.192e-7,1.000000
lfw,all,rgb,rgb/Megawati_Sukarnoputri_0015.ppm,0.935651,0.935651,5.960e-8,1.000000
lfw,all,rgb,rgb/Megawati_Sukarnoputri_0016.ppm,0.970137,0.970137,0.000e0,1.000000
lfw,all,rgb,rgb/Megawati_Sukarnoputri_0017.ppm,0.981447,0.981447,0.000e0,0.999999
lfw,all,rgb,rgb/Megawati_Sukarnoputri_0018.ppm,0.947251,0.947251,0.000e0,1.000000
lfw,all,rgb,rgb/Megawati_Sukarnoputri_0019.ppm,0.930730,0.930730,0.000e0,1.000000
lfw,all,rgb,rgb/Megawati_Sukarnoputri_0020.ppm,0.942634,0.942634,0.000e0,1.000000
lfw,all,rgb,rgb/Megawati_Sukarnoputri_0021.ppm,0.973769,0.973769,1.192e-7,1.000000
lfw,all,rgb,rgb/Megawati_Sukarnoputri_0022.ppm,0.963951,0.963951,0.000e0,0.999999
lfw,all,rgb,rgb/Megawati_Sukarnoputri_0023.ppm,0.938755,0.938755,1.192e-7,1.000000
lfw,all,rgb,rgb/Megawati_Sukarnoputri_0024.ppm,0.965120,0.965120,0.000e0,1.000000
lfw,all,rgb,rgb/Megawati_Sukarnoputri_0025.ppm,0.933752,0.933752,1.192e-7,1.000000
lfw,all,rgb,rgb/Megawati_Sukarnoputri_0026.ppm,0.977781,0.977781,0.000e0,0.999999
lfw,all,rgb,rgb/Megawati_Sukarnoputri_0027.ppm,0.976661,0.976661,1.192e-7,0.999999
lfw,all,rgb,rgb/Megawati_Sukarnoputri_0028.ppm,0.968181,0.968181,0.000e0,1.000000
lfw,all,rgb,rgb/Megawati_Sukarnoputri_0029.ppm,0.925655,0.925655,5.960e-8,0.999999
lfw,all,rgb,rgb/Megawati_Sukarnoputri_0030.ppm,0.938702,0.938702,1.192e-7,0.999999
lfw,all,rgb,rgb/Megawati_Sukarnoputri_0031.ppm,0.925607,0.925607,0.000e0,0.999999
lfw,all,rgb,rgb/Megawati_Sukarnoputri_0032.ppm,0.948053,0.948053,0.000e0,1.000000
lfw,all,rgb,rgb/Megawati_Sukarnoputri_0033.ppm,0.969358,0.969358,1.192e-7,1.000000
lfw,all,rgb,rgb/Meghann_Shaughnessy_0001.ppm,0.966448,0.966448,0.000e0,1.000000
lfw,all,rgb,rgb/Meghann_Shaughnessy_0002.ppm,0.943030,0.943030,0.000e0,0.999999
lfw,all,rgb,rgb/Mehdi_Baala_0001.ppm,0.857432,0.857432,0.000e0,1.000000
lfw,all,rgb,rgb/Mehmet_Ali_Sahin_0001.ppm,0.907505,0.907505,0.000e0,1.000000
lfw,all,rgb,rgb/Mehmet_Okur_0001.ppm,0.916575,0.916575,0.000e0,1.000000
lfw,all,rgb,rgb/Meirion_Evans_0001.ppm,0.942841,0.942841,1.192e-7,0.999999
lfw,all,rgb,rgb/Mekhi_Phifer_0001.ppm,0.923371,0.923371,0.000e0,1.000000
lfw,all,rgb,rgb/Mel_Brooks_0001.ppm,0.933378,0.933378,0.000e0,0.999999
lfw,all,rgb,rgb/Mel_Brooks_0002.ppm,0.908606,0.908606,1.788e-7,1.000000
lfw,all,rgb,rgb/Mel_Gibson_0001.ppm,0.943093,0.943093,1.192e-7,0.999999
lfw,all,rgb,rgb/Mel_Gibson_0002.ppm,0.916721,0.916721,1.192e-7,1.000000
lfw,all,rgb,rgb/Mel_Karmazin_0001.ppm,0.919552,0.919552,0.000e0,1.000000
lfw,all,rgb,rgb/Melana_Scantlin_0001.ppm,0.935016,0.935016,1.192e-7,1.000000
lfw,all,rgb,rgb/Melanie_Griffith_0001.ppm,0.937923,0.937923,1.192e-7,1.000000
lfw,all,rgb,rgb/Melanie_Griffith_0002.ppm,0.921209,0.921209,1.192e-7,1.000000
lfw,all,rgb,rgb/Melanie_Griffith_0003.ppm,0.939995,0.939995,1.192e-7,1.000000
lfw,all,rgb,rgb/Melchor_Cob_Castro_0001.ppm,0.910733,0.910733,0.000e0,1.000000
lfw,all,rgb,rgb/Meles_Zenawi_0001.ppm,0.932641,0.932641,0.000e0,1.000000
lfw,all,rgb,rgb/Melina_Kanakaredes_0001.ppm,0.916273,0.916273,0.000e0,1.000000
lfw,all,rgb,rgb/Melinda_Czink_0001.ppm,0.914789,0.914789,5.960e-8,1.000000
lfw,all,rgb,rgb/Melissa_Etheridge_0001.ppm,0.944664,0.944664,0.000e0,1.000000
lfw,all,rgb,rgb/Melissa_Etheridge_0002.ppm,0.929462,0.929462,0.000e0,1.000000
lfw,all,rgb,rgb/Melissa_Gilbert_0001.ppm,0.949049,0.949049,0.000e0,1.000000
lfw,all,rgb,rgb/Melissa_Joan_Hart_0001.ppm,0.918817,0.918817,1.192e-7,1.000000
lfw,all,rgb,rgb/Melissa_Manchester_0001.ppm,0.935721,0.935721,0.000e0,1.000000
lfw,all,rgb,rgb/Melissa_Mulloy_0001.ppm,0.980516,0.980516,0.000e0,1.000000
lfw,all,rgb,rgb/Melissa_Stark_0001.ppm,0.935477,0.935477,0.000e0,1.000000
lfw,all,rgb,rgb/Melvin_Talbert_0001.ppm,0.912296,0.912296,5.960e-8,0.999999
lfw,all,rgb,rgb/Mercedes_Amor_0001.ppm,0.825566,0.825566,0.000e0,1.000000
lfw,all,rgb,rgb/Meryl_Streep_0001.ppm,0.922745,0.922745,1.192e-7,1.000000
lfw,all,rgb,rgb/Meryl_Streep_0002.ppm,0.957407,0.957407,1.192e-7,0.999999
lfw,all,rgb,rgb/Meryl_Streep_0003.ppm,0.931734,0.931734,1.192e-7,0.999999
lfw,all,rgb,rgb/Meryl_Streep_0004.ppm,0.921391,0.921391,0.000e0,1.000000
lfw,all,rgb,rgb/Meryl_Streep_0005.ppm,0.950124,0.950124,0.000e0,1.000000
lfw,all,rgb,rgb/Meryl_Streep_0006.ppm,0.900988,0.900988,1.192e-7,1.000000
lfw,all,rgb,rgb/Meryl_Streep_0007.ppm,0.935744,0.935744,0.000e0,1.000000
lfw,all,rgb,rgb/Meryl_Streep_0008.ppm,0.921374,0.921374,1.192e-7,1.000000
lfw,all,rgb,rgb/Meryl_Streep_0009.ppm,0.938079,0.938079,5.960e-8,1.000000
lfw,all,rgb,rgb/Meryl_Streep_0010.ppm,0.942420,0.942420,0.000e0,1.000000
lfw,all,rgb,rgb/Meryl_Streep_0011.ppm,0.942553,0.942553,2.384e-7,1.000000
lfw,all,rgb,rgb/Meryl_Streep_0012.ppm,0.944541,0.944541,1.192e-7,0.999999
lfw,all,rgb,rgb/Meryl_Streep_0013.ppm,0.928328,0.928328,1.192e-7,1.000000
lfw,all,rgb,rgb/Meryl_Streep_0014.ppm,0.935673,0.935673,0.000e0,1.000000
lfw,all,rgb,rgb/Meryl_Streep_0015.ppm,0.912048,0.912048,1.192e-7,1.000000
lfw,all,rgb,rgb/Mesut_Yilmaz_0001.ppm,0.911051,0.911051,0.000e0,1.000000
lfw,all,rgb,rgb/Mesut_Yilmaz_0002.ppm,0.928973,0.928973,0.000e0,0.999999
lfw,all,rgb,rgb/Mia_Mottley_0001.ppm,0.934755,0.934755,0.000e0,1.000000
lfw,all,rgb,rgb/Mian_Khursheed_Mehmood_Kasuri_0001.ppm,0.914248,0.914248,1.192e-7,1.000000
lfw,all,rgb,rgb/Mian_Khursheed_Mehmood_Kasuri_0002.ppm,0.926246,0.926246,1.192e-7,1.000000
lfw,all,rgb,rgb/Mian_Khursheed_Mehmood_Kasuri_0003.ppm,0.940985,0.940985,0.000e0,1.000000
lfw,all,rgb,rgb/Mian_Khursheed_Mehmood_Kasuri_0004.ppm,0.955754,0.955754,0.000e0,1.000000
lfw,all,rgb,rgb/Micah_Knorr_0001.ppm,0.983178,0.983178,0.000e0,1.000000
lfw,all,rgb,rgb/Michael_Adams_0001.ppm,0.964190,0.964190,0.000e0,1.000000
lfw,all,rgb,rgb/Michael_Andretti_0001.ppm,0.938138,0.938138,0.000e0,1.000000
lfw,all,rgb,rgb/Michael_Arif_0001.ppm,0.943185,0.943185,0.000e0,1.000000
lfw,all,rgb,rgb/Michael_Ballack_0001.ppm,0.901939,0.901939,0.000e0,1.000000
lfw,all,rgb,rgb/Michael_Ballack_0002.ppm,0.921401,0.921401,0.000e0,1.000000
lfw,all,rgb,rgb/Michael_Ballack_0003.ppm,0.908889,0.908889,5.960e-8,1.000000
lfw,all,rgb,rgb/Michael_Bloomberg_0001.ppm,0.927784,0.927784,1.192e-7,1.000000
lfw,all,rgb,rgb/Michael_Bloomberg_0002.ppm,0.908631,0.908631,0.000e0,1.000000
lfw,all,rgb,rgb/Michael_Bloomberg_0003.ppm,0.907679,0.907679,1.192e-7,1.000000
lfw,all,rgb,rgb/Michael_Bloomberg_0004.ppm,0.942227,0.942227,0.000e0,1.000000
lfw,all,rgb,rgb/Michael_Bloomberg_0005.ppm,0.923513,0.923513,0.000e0,1.000000
lfw,all,rgb,rgb/Michael_Bloomberg_0006.ppm,0.933628,0.933628,1.192e-7,1.000000
lfw,all,rgb,rgb/Michael_Bloomberg_0007.ppm,0.958773,0.958773,1.192e-7,1.000000
lfw,all,rgb,rgb/Michael_Bloomberg_0008.ppm,0.929791,0.929791,0.000e0,1.000000
lfw,all,rgb,rgb/Michael_Bloomberg_0009.ppm,0.916648,0.916648,0.000e0,1.000000
lfw,all,rgb,rgb/Michael_Bloomberg_0010.ppm,0.923815,0.923815,0.000e0,1.000000
lfw,all,rgb,rgb/Michael_Bloomberg_0011.ppm,0.916893,0.916893,0.000e0,1.000000
lfw,all,rgb,rgb/Michael_Bloomberg_0012.ppm,0.916888,0.916888,1.192e-7,1.000000
lfw,all,rgb,rgb/Michael_Bloomberg_0013.ppm,0.953700,0.953700,0.000e0,1.000000
lfw,all,rgb,rgb/Michael_Bloomberg_0014.ppm,0.931759,0.931759,5.960e-8,1.000000
lfw,all,rgb,rgb/Michael_Bloomberg_0015.ppm,0.888689,0.888689,5.960e-8,1.000000
lfw,all,rgb,rgb/Michael_Bloomberg_0016.ppm,0.910326,0.910326,0.000e0,1.000000
lfw,all,rgb,rgb/Michael_Bloomberg_0017.ppm,0.907900,0.907900,1.192e-7,1.000000
lfw,all,rgb,rgb/Michael_Bloomberg_0018.ppm,0.905398,0.905398,5.960e-8,1.000000
lfw,all,rgb,rgb/Michael_Bloomberg_0019.ppm,0.908973,0.908973,0.000e0,1.000000
lfw,all,rgb,rgb/Michael_Bloomberg_0020.ppm,0.928728,0.928728,0.000e0,1.000000
lfw,all,rgb,rgb/Michael_Bolton_0001.ppm,0.918231,0.918231,0.000e0,1.000000
lfw,all,rgb,rgb/Michael_Bouchard_0001.ppm,0.958540,0.958540,1.192e-7,1.000000
lfw,all,rgb,rgb/Michael_Boyce_0001.ppm,0.920374,0.920374,0.000e0,1.000000
lfw,all,rgb,rgb/Michael_Brandon_0001.ppm,0.889785,0.889784,1.788e-7,0.999999
lfw,all,rgb,rgb/Michael_Broad_0001.ppm,0.931154,0.931154,5.960e-8,1.000000
lfw,all,rgb,rgb/Michael_Caine_0001.ppm,0.888683,0.888683,1.788e-7,0.999999
lfw,all,rgb,rgb/Michael_Caine_0002.ppm,0.940630,0.940630,0.000e0,1.000000
lfw,all,rgb,rgb/Michael_Caine_0003.ppm,0.953340,0.953340,0.000e0,1.000000
lfw,all,rgb,rgb/Michael_Caine_0004.ppm,0.914818,0.914818,1.192e-7,1.000000
lfw,all,rgb,rgb/Michael_Capellas_0001.ppm,0.928073,0.928073,0.000e0,1.000000
lfw,all,rgb,rgb/Michael_Capellas_0002.ppm,0.970004,0.970004,1.192e-7,1.000000
lfw,all,rgb,rgb/Michael_Chang_0001.ppm,0.900931,0.900931,0.000e0,1.000000
lfw,all,rgb,rgb/Michael_Chang_0002.ppm,0.915915,0.915914,2.384e-7,1.000000
lfw,all,rgb,rgb/Michael_Chang_0003.ppm,0.900563,0.900563,0.000e0,1.000000
lfw,all,rgb,rgb/Michael_Chang_0004.ppm,0.961454,0.961454,0.000e0,1.000000
lfw,all,rgb,rgb/Michael_Chang_0005.ppm,0.924663,0.924663,0.000e0,1.000000
lfw,all,rgb,rgb/Michael_Chang_0006.ppm,0.943537,0.943537,0.000e0,1.000000
lfw,all,rgb,rgb/Michael_Chang_0007.ppm,0.905479,0.905479,0.000e0,0.999999
lfw,all,rgb,rgb/Michael_Chang_0008.ppm,0.950239,0.950239,1.192e-7,1.000000
lfw,all,rgb,rgb/Michael_Chertoff_0001.ppm,0.956033,0.956033,0.000e0,1.000000
lfw,all,rgb,rgb/Michael_Chiklis_0001.ppm,0.894184,0.894184,1.192e-7,1.000000
lfw,all,rgb,rgb/Michael_Chiklis_0002.ppm,0.950713,0.950713,0.000e0,1.000000
lfw,all,rgb,rgb/Michael_Chiklis_0003.ppm,0.878348,0.878348,0.000e0,0.999999
lfw,all,rgb,rgb/Michael_Chiklis_0004.ppm,0.918269,0.918269,0.000e0,1.000000
lfw,all,rgb,rgb/Michael_Chiklis_0005.ppm,0.895755,0.895755,0.000e0,1.000000
lfw,all,rgb,rgb/Michael_Clarke_Duncan_0001.ppm,0.886331,0.886331,0.000e0,1.000000
lfw,all,rgb,rgb/Michael_DeMinico_0001.ppm,0.941579,0.941579,0.000e0,1.000000
lfw,all,rgb,rgb/Michael_Dell_0001.ppm,0.920839,0.920839,1.192e-7,1.000000
lfw,all,rgb,rgb/Michael_Denzel_0001.ppm,0.960244,0.960244,1.192e-7,1.000000
lfw,all,rgb,rgb/Michael_Deutsch_0001.ppm,0.939966,0.939966,0.000e0,1.000000
lfw,all,rgb,rgb/Michael_Diekmann_0001.ppm,0.939593,0.939593,0.000e0,1.000000
lfw,all,rgb,rgb/Michael_Doleac_0001.ppm,0.960460,0.960460,0.000e0,1.000000
lfw,all,rgb,rgb/Michael_Donovan_0001.ppm,0.905616,0.905616,0.000e0,1.000000
lfw,all,rgb,rgb/Michael_Douglas_0001.ppm,0.883709,0.883709,1.192e-7,1.000000
lfw,all,rgb,rgb/Michael_Douglas_0002.ppm,0.949661,0.949661,1.192e-7,0.999999
lfw,all,rgb,rgb/Michael_Douglas_0003.ppm,0.949035,0.949035,0.000e0,1.000000
lfw,all,rgb,rgb/Michael_Douglas_0004.ppm,0.933492,0.933492,1.192e-7,1.000000
lfw,all,rgb,rgb/Michael_Douglas_0005.ppm,0.960587,0.960587,0.000e0,1.000000
lfw,all,rgb,rgb/Michael_Douglas_0006.ppm,0.939418,0.939418,5.960e-8,1.000000
lfw,all,rgb,rgb/Michael_Fitzgerald_0001.ppm,0.944444,0.944444,1.192e-7,1.000000
lfw,all,rgb,rgb/Michael_Frayn_0001.ppm,0.969086,0.969086,0.000e0,1.000000
lfw,all,rgb,rgb/Michael_Friedman_0001.ppm,0.955955,0.955955,5.960e-8,1.000000
lfw,all,rgb,rgb/Michael_Goldrich_0001.ppm,0.926876,0.926876,0.000e0,1.000000
lfw,all,rgb,rgb/Michael_Guiler_0001.ppm,0.923861,0.923861,5.960e-8,0.999999
lfw,all,rgb,rgb/Michael_Hagee_0001.ppm,0.914668,0.914668,0.000e0,1.000000
lfw,all,rgb,rgb/Michael_Haneke_0001.ppm,0.903050,0.903050,0.000e0,1.000000
lfw,all,rgb,rgb/Michael_Hoffa_0001.ppm,0.897129,0.897129,0.000e0,1.000000
lfw,all,rgb,rgb/Michael_J_Fox_0001.ppm,0.877433,0.877433,1.192e-7,1.000000
lfw,all,rgb,rgb/Michael_J_Sheehan_0001.ppm,0.936080,0.936080,0.000e0,0.999999
lfw,all,rgb,rgb/Michael_J_Sheehan_0002.ppm,0.950089,0.950089,1.192e-7,1.000000
lfw,all,rgb,rgb/Michael_Jackson_0001.ppm,0.924230,0.924230,0.000e0,1.000000
lfw,all,rgb,rgb/Michael_Jackson_0002.ppm,0.900155,0.900155,0.000e0,1.000000
lfw,all,rgb,rgb/Michael_Jackson_0003.ppm,0.877332,0.877332,5.960e-8,1.000000
lfw,all,rgb,rgb/Michael_Jackson_0004.ppm,0.916151,0.916151,0.000e0,1.000000
lfw,all,rgb,rgb/Michael_Jackson_0005.ppm,0.896629,0.896629,0.000e0,1.000000
lfw,all,rgb,rgb/Michael_Jackson_0006.ppm,0.906420,0.906420,0.000e0,0.999999
lfw,all,rgb,rgb/Michael_Jackson_0007.ppm,0.802590,0.802590,5.960e-8,1.000000
lfw,all,rgb,rgb/Michael_Jackson_0008.ppm,0.918288,0.918288,0.000e0,1.000000
lfw,all,rgb,rgb/Michael_Jackson_0009.ppm,0.937140,0.937140,1.192e-7,1.000000
lfw,all,rgb,rgb/Michael_Jackson_0010.ppm,0.964907,0.964907,0.000e0,1.000000
lfw,all,rgb,rgb/Michael_Jackson_0011.ppm,0.919671,0.919671,0.000e0,1.000000
lfw,all,rgb,rgb/Michael_Jackson_0012.ppm,0.948902,0.948902,0.000e0,1.000000
lfw,all,rgb,rgb/Michael_Jasny_0001.ppm,0.874290,0.874290,0.000e0,1.000000
lfw,all,rgb,rgb/Michael_Jordan_0001.ppm,0.940701,0.940701,5.960e-8,1.000000
lfw,all,rgb,rgb/Michael_Jordan_0002.ppm,0.936464,0.936464,1.192e-7,1.000000
lfw,all,rgb,rgb/Michael_Jordan_0003.ppm,0.945503,0.945503,0.000e0,1.000000
lfw,all,rgb,rgb/Michael_Jordan_0004.ppm,0.930322,0.930322,0.000e0,0.999999
lfw,all,rgb,rgb/Michael_Kahn_0001.ppm,0.973476,0.973476,0.000e0,1.000000
lfw,all,rgb,rgb/Michael_Keaton_0001.ppm,0.912084,0.912084,0.000e0,1.000000
lfw,all,rgb,rgb/Michael_Keaton_0002.ppm,0.883901,0.883901,5.960e-8,0.999999
lfw,all,rgb,rgb/Michael_Killeen_0001.ppm,0.926312,0.926312,0.000e0,1.000000
lfw,all,rgb,rgb/Michael_Kirby_0001.ppm,0.892922,0.892922,5.960e-8,1.000000
lfw,all,rgb,rgb/Michael_Kors_0001.ppm,0.930937,0.930937,0.000e0,1.000000
lfw,all,rgb,rgb/Michael_Kostelnik_0001.ppm,0.968388,0.968388,1.192e-7,0.999999
lfw,all,rgb,rgb/Michael_Kostelnik_0002.ppm,0.945029,0.945029,0.000e0,1.000000
lfw,all,rgb,rgb/Michael_Leavitt_0001.ppm,0.919474,0.919474,5.960e-8,1.000000
lfw,all,rgb,rgb/Michael_Leavitt_0002.ppm,0.956020,0.956020,1.192e-7,1.000000
lfw,all,rgb,rgb/Michael_Lechner_0001.ppm,0.903741,0.903741,5.960e-8,0.999999
lfw,all,rgb,rgb/Michael_Linscott_0001.ppm,0.904476,0.904476,0.000e0,0.999999
lfw,all,rgb,rgb/Michael_Lopez-Alegria_0001.ppm,0.923747,0.923747,5.960e-8,1.000000
lfw,all,rgb,rgb/Michael_McNeely_0001.ppm,0.949193,0.949193,1.192e-7,1.000000
lfw,all,rgb,rgb/Michael_Michele_0001.ppm,0.912869,0.912869,0.000e0,1.000000
lfw,all,rgb,rgb/Michael_Milton_0001.ppm,0.946373,0.946373,0.000e0,1.000000
lfw,all,rgb,rgb/Michael_Moore_0001.ppm,0.911064,0.911064,1.192e-7,1.000000
lfw,all,rgb,rgb/Michael_Moore_0002.ppm,0.882910,0.882910,0.000e0,0.999999
lfw,all,rgb,rgb/Michael_Moore_0003.ppm,0.854571,0.854571,0.000e0,1.000000
lfw,all,rgb,rgb/Michael_Munoz_0001.ppm,0.957173,0.957173,0.000e0,1.000000
lfw,all,rgb,rgb/Michael_Olowokandi_0001.ppm,0.873914,0.873913,1.788e-7,1.000000
lfw,all,rgb,rgb/Michael_Patrick_King_0001.ppm,0.945560,0.945560,0.000e0,1.000000
lfw,all,rgb,rgb/Michael_Patrick_King_0002.ppm,0.971422,0.971422,0.000e0,1.000000
lfw,all,rgb,rgb/Michael_Peat_0001.ppm,0.943437,0.943437,0.000e0,0.999999
lfw,all,rgb,rgb/Michael_Pfleger_0001.ppm,0.932528,0.932528,0.000e0,1.000000
lfw,all,rgb,rgb/Michael_Phelps_0001.ppm,0.853307,0.853307,5.960e-8,1.000000
lfw,all,rgb,rgb/Michael_Phelps_0002.ppm,0.865391,0.865391,0.000e0,1.000000
lfw,all,rgb,rgb/Michael_Phelps_0003.ppm,0.909827,0.909827,1.192e-7,1.000000
lfw,all,rgb,rgb/Michael_Phelps_0004.ppm,0.896665,0.896665,0.000e0,0.999999
lfw,all,rgb,rgb/Michael_Phelps_0005.ppm,0.928623,0.928623,0.000e0,1.000000
lfw,all,rgb,rgb/Michael_Piuze_0001.ppm,0.935716,0.935716,0.000e0,1.000000
lfw,all,rgb,rgb/Michael_Powell_0001.ppm,0.947616,0.947616,0.000e0,1.000000
lfw,all,rgb,rgb/Michael_Powell_0002.ppm,0.967232,0.967232,0.000e0,1.000000
lfw,all,rgb,rgb/Michael_Powell_0003.ppm,0.955257,0.955257,0.000e0,1.000000
lfw,all,rgb,rgb/Michael_Powell_0004.ppm,0.953614,0.953614,5.960e-8,1.000000
lfw,all,rgb,rgb/Michael_Powell_0005.ppm,0.960861,0.960861,0.000e0,1.000000
lfw,all,rgb,rgb/Michael_Richards_0001.ppm,0.928049,0.928049,0.000e0,1.000000
lfw,all,rgb,rgb/Michael_Rolinee_0001.ppm,0.923098,0.923099,5.960e-8,1.000000
lfw,all,rgb,rgb/Michael_Schumacher_0001.ppm,0.837956,0.837956,0.000e0,0.999999
lfw,all,rgb,rgb/Michael_Schumacher_0002.ppm,0.925693,0.925693,0.000e0,1.000000
lfw,all,rgb,rgb/Michael_Schumacher_0003.ppm,0.914358,0.914358,0.000e0,1.000000
lfw,all,rgb,rgb/Michael_Schumacher_0004.ppm,0.924897,0.924897,0.000e0,1.000000
lfw,all,rgb,rgb/Michael_Schumacher_0005.ppm,0.927505,0.927505,0.000e0,1.000000
lfw,all,rgb,rgb/Michael_Schumacher_0006.ppm,0.926359,0.926359,1.192e-7,1.000000
lfw,all,rgb,rgb/Michael_Schumacher_0007.ppm,0.901480,0.901480,1.192e-7,0.999999
lfw,all,rgb,rgb/Michael_Schumacher_0008.ppm,0.937769,0.937769,0.000e0,1.000000
lfw,all,rgb,rgb/Michael_Schumacher_0009.ppm,0.906485,0.906485,1.192e-7,0.999999
lfw,all,rgb,rgb/Michael_Schumacher_0010.ppm,0.949796,0.949796,0.000e0,1.000000
lfw,all,rgb,rgb/Michael_Schumacher_0011.ppm,0.939838,0.939838,0.000e0,1.000000
lfw,all,rgb,rgb/Michael_Schumacher_0012.ppm,0.910593,0.910593,0.000e0,1.000000
lfw,all,rgb,rgb/Michael_Schumacher_0013.ppm,0.964771,0.964771,1.192e-7,1.000000
lfw,all,rgb,rgb/Michael_Schumacher_0014.ppm,0.933559,0.933559,0.000e0,0.999999
lfw,all,rgb,rgb/Michael_Schumacher_0015.ppm,0.876072,0.876072,0.000e0,1.000000
lfw,all,rgb,rgb/Michael_Schumacher_0016.ppm,0.923308,0.923308,0.000e0,1.000000
lfw,all,rgb,rgb/Michael_Schumacher_0017.ppm,0.901067,0.901067,5.960e-8,1.000000
lfw,all,rgb,rgb/Michael_Schumacher_0018.ppm,0.891587,0.891587,0.000e0,1.000000
lfw,all,rgb,rgb/Michael_Shane_Jolly_0001.ppm,0.873922,0.873922,5.960e-8,1.000000
lfw,all,rgb,rgb/Michael_Sheehan_0001.ppm,0.961223,0.961223,0.000e0,1.000000
lfw,all,rgb,rgb/Michael_Shelby_0001.ppm,0.964795,0.964795,1.192e-7,1.000000
lfw,all,rgb,rgb/Michael_Smith_Foster_0001.ppm,0.896041,0.896041,0.000e0,1.000000
lfw,all,rgb,rgb/Michael_Stark_0001.ppm,0.927724,0.927724,1.192e-7,1.000000
lfw,all,rgb,rgb/Michael_Sullivan_0001.ppm,0.957496,0.957496,1.192e-7,1.000000
lfw,all,rgb,rgb/Michael_Sullivan_0002.ppm,0.930552,0.930552,0.000e0,1.000000
lfw,all,rgb,rgb/Michael_Taylor_0001.ppm,0.918559,0.918559,0.000e0,1.000000
lfw,all,rgb,rgb/Michael_Wayne_0001.ppm,0.904799,0.904799,0.000e0,1.000000
lfw,all,rgb,rgb/Michael_Weiss_0001.ppm,0.944401,0.944401,0.000e0,1.000000
lfw,all,rgb,rgb/Michael_Winterbottom_0001.ppm,0.930927,0.930927,0.000e0,1.000000
lfw,all,rgb,rgb/Michael_Winterbottom_0002.ppm,0.956186,0.956186,1.192e-7,1.000000
lfw,all,rgb,rgb/Michael_Winterbottom_0003.ppm,0.933988,0.933988,5.960e-8,1.000000
lfw,all,rgb,rgb/Michalis_Chrisohoides_0001.ppm,0.941070,0.941070,1.192e-7,1.000000
lfw,all,rgb,rgb/Micheal_Jourdain_Jr_0001.ppm,0.934381,0.934380,1.192e-7,1.000000
lfw,all,rgb,rgb/Michel_Charles_Chretien_0001.ppm,0.957806,0.957806,5.960e-8,0.999999
lfw,all,rgb,rgb/Michel_Duclos_0001.ppm,0.941535,0.941535,1.192e-7,1.000000
lfw,all,rgb,rgb/Michel_Duclos_0002.ppm,0.899570,0.899570,0.000e0,1.000000
lfw,all,rgb,rgb/Michel_Kratochvil_0001.ppm,0.903012,0.903012,0.000e0,1.000000
lfw,all,rgb,rgb/Michel_Minard_0001.ppm,0.937554,0.937554,0.000e0,1.000000
lfw,all,rgb,rgb/Michel_Temer_0001.ppm,0.902591,0.902591,0.000e0,1.000000
lfw,all,rgb,rgb/Michel_Temer_0002.ppm,0.952076,0.952076,0.000e0,1.000000
lfw,all,rgb,rgb/Michel_Therrien_0001.ppm,0.947710,0.947710,0.000e0,1.000000
lfw,all,rgb,rgb/Michel_Therrien_0002.ppm,0.870056,0.870056,0.000e0,1.000000
lfw,all,rgb,rgb/Michelangelo_Antonioni_0001.ppm,0.849886,0.849886,0.000e0,1.000000
lfw,all,rgb,rgb/Michele_Placido_0001.ppm,0.931342,0.931342,1.192e-7,1.000000
lfw,all,rgb,rgb/Michelle_Bachelet_0001.ppm,0.955020,0.955020,0.000e0,1.000000
lfw,all,rgb,rgb/Michelle_Branch_0001.ppm,0.916939,0.916939,0.000e0,1.000000
lfw,all,rgb,rgb/Michelle_Branch_0002.ppm,0.906043,0.906043,0.000e0,1.000000
lfw,all,rgb,rgb/Michelle_Chiklis_0001.ppm,0.919256,0.919256,0.000e0,1.000000
lfw,all,rgb,rgb/Michelle_Collins_0001.ppm,0.909820,0.909820,0.000e0,1.000000
lfw,all,rgb,rgb/Michelle_Collins_0002.ppm,0.957545,0.957545,0.000e0,0.999999
lfw,all,rgb,rgb/Michelle_Hofland_0001.ppm,0.946046,0.946046,5.960e-8,1.000000
lfw,all,rgb,rgb/Michelle_Kwan_0001.ppm,0.958341,0.958341,1.192e-7,1.000000
lfw,all,rgb,rgb/Michelle_Kwan_0002.ppm,0.924657,0.924657,0.000e0,1.000000
lfw,all,rgb,rgb/Michelle_Kwan_0003.ppm,0.953790,0.953790,1.192e-7,1.000000
lfw,all,rgb,rgb/Michelle_Kwan_0004.ppm,0.952549,0.952549,0.000e0,1.000000
lfw,all,rgb,rgb/Michelle_Kwan_0005.ppm,0.930857,0.930857,5.960e-8,1.000000
lfw,all,rgb,rgb/Michelle_Kwan_0006.ppm,0.881263,0.881263,0.000e0,1.000000
lfw,all,rgb,rgb/Michelle_Kwan_0007.ppm,0.846316,0.846316,0.000e0,1.000000
lfw,all,rgb,rgb/Michelle_Kwan_0008.ppm,0.959745,0.959745,0.000e0,1.000000
lfw,all,rgb,rgb/Michelle_Lecky_0001.ppm,0.940515,0.940515,1.192e-7,1.000000
lfw,all,rgb,rgb/Michelle_Pfeiffer_0001.ppm,0.862135,0.862135,1.192e-7,1.000000
lfw,all,rgb,rgb/Michelle_Pfeiffer_0002.ppm,0.931426,0.931426,0.000e0,1.000000
lfw,all,rgb,rgb/Michelle_Pfeiffer_0003.ppm,0.929691,0.929691,0.000e0,1.000000
lfw,all,rgb,rgb/Michelle_Rodriguez_0001.ppm,0.936778,0.936778,1.192e-7,1.000000
lfw,all,rgb,rgb/Michelle_Rodriguez_0002.ppm,0.968513,0.968513,0.000e0,1.000000
lfw,all,rgb,rgb/Michelle_Yeoh_0001.ppm,0.912840,0.912840,0.000e0,1.000000
lfw,all,rgb,rgb/Michelle_Yeoh_0002.ppm,0.913416,0.913416,0.000e0,1.000000
lfw,all,rgb,rgb/Michelle_Yeoh_0003.ppm,0.904926,0.904926,0.000e0,1.000000
lfw,all,rgb,rgb/Michelle_Yeoh_0004.ppm,0.933681,0.933681,0.000e0,1.000000
lfw,all,rgb,rgb/Michelle_Yeoh_0005.ppm,0.941124,0.941124,0.000e0,1.000000
lfw,all,rgb,rgb/Mick_Jagger_0001.ppm,0.898719,0.898719,0.000e0,1.000000
lfw,all,rgb,rgb/Mick_Jagger_0002.ppm,0.852849,0.852849,0.000e0,1.000000
lfw,all,rgb,rgb/Mick_Jagger_0003.ppm,0.932370,0.932370,0.000e0,1.000000
lfw,all,rgb,rgb/Mick_Jagger_0004.ppm,0.937920,0.937920,0.000e0,0.999999
lfw,all,rgb,rgb/Mick_Jagger_0005.ppm,0.914335,0.914335,0.000e0,1.000000
lfw,all,rgb,rgb/Mick_McCarthy_0001.ppm,0.943452,0.943452,5.960e-8,1.000000
lfw,all,rgb,rgb/Mickey_Gilley_0001.ppm,0.914889,0.914889,0.000e0,1.000000
lfw,all,rgb,rgb/Mickey_Loomis_0001.ppm,0.932355,0.932355,0.000e0,1.000000
lfw,all,rgb,rgb/Mickey_Rooney_0001.ppm,0.888869,0.888869,0.000e0,1.000000
lfw,all,rgb,rgb/Mickey_Sherman_0001.ppm,0.913282,0.913282,0.000e0,1.000000
lfw,all,rgb,rgb/Micky_Arison_0001.ppm,0.925561,0.925561,0.000e0,1.000000
lfw,all,rgb,rgb/Micky_Ward_0001.ppm,0.890431,0.890431,5.960e-8,0.999999
lfw,all,rgb,rgb/Miguel_Aldana_Ibarra_0001.ppm,0.969140,0.969140,0.000e0,0.999999
lfw,all,rgb,rgb/Miguel_Angel_Rodriguez_0001.ppm,0.934261,0.934261,0.000e0,1.000000
lfw,all,rgb,rgb/Miguel_Contreras_0001.ppm,0.931005,0.931005,0.000e0,1.000000
lfw,all,rgb,rgb/Miguel_Contreras_0002.ppm,0.949629,0.949629,0.000e0,1.000000
lfw,all,rgb,rgb/Miguel_Cotto_0001.ppm,0.929592,0.929592,0.000e0,1.000000
lfw,all,rgb,rgb/Miguel_Estrada_0001.ppm,0.980670,0.980670,0.000e0,1.000000
lfw,all,rgb,rgb/Miguel_Estrada_0002.ppm,0.944141,0.944141,0.000e0,0.999999
lfw,all,rgb,rgb/Miguel_Hakim_0001.ppm,0.934641,0.934641,0.000e0,1.000000
lfw,all,rgb,rgb/Miguel_Jimenez_0001.ppm,0.963752,0.963752,1.192e-7,1.000000
lfw,all,rgb,rgb/Miguel_Juarez_Perez_0001.ppm,0.908180,0.908180,0.000e0,1.000000
lfw,all,rgb,rgb/Miguel_Rosseto_0001.ppm,0.892387,0.892387,5.960e-8,1.000000
lfw,all,rgb,rgb/Mika_Hakkinen_0001.ppm,0.906791,0.906791,0.000e0,1.000000
lfw,all,rgb,rgb/Mike_Alden_0001.ppm,0.953441,0.953441,0.000e0,0.999999
lfw,all,rgb,rgb/Mike_Babcock_0001.ppm,0.950913,0.950913,0.000e0,1.000000
lfw,all,rgb,rgb/Mike_Babcock_0002.ppm,0.924902,0.924902,0.000e0,0.999999
lfw,all,rgb,rgb/Mike_Bair_0001.ppm,0.912731,0.912731,0.000e0,1.000000
lfw,all,rgb,rgb/Mike_Brey_0001.ppm,0.954138,0.954138,1.192e-7,1.000000
lfw,all,rgb,rgb/Mike_Brey_0002.ppm,0.959991,0.959991,0.000e0,1.000000
lfw,all,rgb,rgb/Mike_Bryan_0001.ppm,0.915879,0.915879,5.960e-8,1.000000
lfw,all,rgb,rgb/Mike_Carona_0001.ppm,0.922773,0.922773,0.000e0,1.000000
lfw,all,rgb,rgb/Mike_Cunning_0001.ppm,0.842781,0.842781,1.788e-7,1.000000
lfw,all,rgb,rgb/Mike_Davis_0001.ppm,0.943484,0.943483,1.192e-7,1.000000
lfw,all,rgb,rgb/Mike_Duke_0001.ppm,0.947950,0.947950,1.192e-7,1.000000
lfw,all,rgb,rgb/Mike_Easley_0001.ppm,0.903835,0.903835,0.000e0,1.000000
lfw,all,rgb,rgb/Mike_Eskew_0001.ppm,0.955032,0.955032,0.000e0,1.000000
lfw,all,rgb,rgb/Mike_Farrar_0001.ppm,0.969997,0.969997,1.192e-7,1.000000
lfw,all,rgb,rgb/Mike_Fisher_0001.ppm,0.926826,0.926826,0.000e0,1.000000
lfw,all,rgb,rgb/Mike_Flanagan_0001.ppm,0.961326,0.961325,1.192e-7,1.000000
lfw,all,rgb,rgb/Mike_Gable_0001.ppm,0.898777,0.898777,0.000e0,1.000000
lfw,all,rgb,rgb/Mike_Helton_0001.ppm,0.935400,0.935400,0.000e0,1.000000
lfw,all,rgb,rgb/Mike_Helton_0002.ppm,0.890266,0.890266,1.192e-7,1.000000
lfw,all,rgb,rgb/Mike_Holmgren_0001.ppm,0.935990,0.935990,1.192e-7,1.000000
lfw,all,rgb,rgb/Mike_Holmgren_0002.ppm,0.946505,0.946504,1.192e-7,0.999999
lfw,all,rgb,rgb/Mike_Johanns_0001.ppm,0.954270,0.954270,0.000e0,1.000000
lfw,all,rgb,rgb/Mike_Krzyzewski_0001.ppm,0.955978,0.955978,0.000e0,1.000000
lfw,all,rgb,rgb/Mike_Krzyzewski_0002.ppm,0.927144,0.927144,0.000e0,1.000000
lfw,all,rgb,rgb/Mike_Krzyzewski_0003.ppm,0.894388,0.894388,0.000e0,1.000000
lfw,all,rgb,rgb/Mike_Krzyzewski_0004.ppm,0.954022,0.954022,1.788e-7,1.000000
lfw,all,rgb,rgb/Mike_Krzyzewski_0005.ppm,0.920904,0.920904,1.192e-7,1.000000
lfw,all,rgb,rgb/Mike_Krzyzewski_0006.ppm,0.882942,0.882941,1.788e-7,1.000000
lfw,all,rgb,rgb/Mike_Leach_0001.ppm,0.871673,0.871673,0.000e0,1.000000
lfw,all,rgb,rgb/Mike_Maroth_0001.ppm,0.929153,0.929153,0.000e0,1.000000
lfw,all,rgb,rgb/Mike_Martz_0001.ppm,0.938157,0.938157,0.000e0,1.000000
lfw,all,rgb,rgb/Mike_Martz_0002.ppm,0.925756,0.925756,5.960e-8,1.000000
lfw,all,rgb,rgb/Mike_Martz_0003.ppm,0.908765,0.908765,0.000e0,1.000000
lfw,all,rgb,rgb/Mike_Martz_0004.ppm,0.941883,0.941883,0.000e0,1.000000
lfw,all,rgb,rgb/Mike_Martz_0005.ppm,0.946412,0.946412,0.000e0,1.000000
lfw,all,rgb,rgb/Mike_Martz_0006.ppm,0.939997,0.939997,0.000e0,0.999999
lfw,all,rgb,rgb/Mike_Martz_0007.ppm,0.914267,0.914267,5.960e-8,1.000000
lfw,all,rgb,rgb/Mike_Matheny_0001.ppm,0.904337,0.904337,0.000e0,1.000000
lfw,all,rgb,rgb/Mike_Matthews_0001.ppm,0.950792,0.950791,2.384e-7,0.999999
lfw,all,rgb,rgb/Mike_Miller_0001.ppm,0.898315,0.898315,0.000e0,1.000000
lfw,all,rgb,rgb/Mike_Miller_0002.ppm,0.949653,0.949653,0.000e0,1.000000
lfw,all,rgb,rgb/Mike_Montgomery_0001.ppm,0.903062,0.903062,1.192e-7,1.000000
lfw,all,rgb,rgb/Mike_Montgomery_0002.ppm,0.919429,0.919429,0.000e0,1.000000
lfw,all,rgb,rgb/Mike_Myers_0001.ppm,0.933723,0.933722,1.192e-7,1.000000
lfw,all,rgb,rgb/Mike_Myers_0002.ppm,0.951682,0.951682,0.000e0,1.000000
lfw,all,rgb,rgb/Mike_Myers_0003.ppm,0.971875,0.971875,0.000e0,1.000000
lfw,all,rgb,rgb/Mike_Myers_0004.ppm,0.932733,0.932733,0.000e0,1.000000
lfw,all,rgb,rgb/Mike_Myers_0005.ppm,0.948572,0.948572,1.192e-7,1.000000
lfw,all,rgb,rgb/Mike_Myers_0006.ppm,0.921859,0.921860,1.192e-7,1.000000
lfw,all,rgb,rgb/Mike_Myers_0007.ppm,0.953552,0.953552,0.000e0,1.000000
lfw,all,rgb,rgb/Mike_OConnell_0001.ppm,0.961291,0.961291,0.000e0,1.000000
lfw,all,rgb,rgb/Mike_Price_0001.ppm,0.938967,0.938967,1.192e-7,1.000000
lfw,all,rgb,rgb/Mike_Price_0002.ppm,0.888006,0.888006,0.000e0,1.000000
lfw,all,rgb,rgb/Mike_Richter_0001.ppm,0.960373,0.960373,0.000e0,1.000000
lfw,all,rgb,rgb/Mike_Samp_0001.ppm,0.960837,0.960837,1.192e-7,1.000000
lfw,all,rgb,rgb/Mike_Scioscia_0001.ppm,0.919906,0.919906,0.000e0,1.000000
lfw,all,rgb,rgb/Mike_Scioscia_0002.ppm,0.928889,0.928889,0.000e0,1.000000
lfw,all,rgb,rgb/Mike_Sherman_0001.ppm,0.868814,0.868814,0.000e0,1.000000
lfw,all,rgb,rgb/Mike_Slive_0001.ppm,0.938358,0.938358,1.192e-7,1.000000
lfw,all,rgb,rgb/Mike_Smith_0001.ppm,0.968626,0.968626,0.000e0,0.999999
lfw,all,rgb,rgb/Mike_Stefanik_0001.ppm,0.946574,0.946574,0.000e0,0.999999
lfw,all,rgb,rgb/Mike_Sweeney_0001.ppm,0.918797,0.918797,5.960e-8,1.000000
lfw,all,rgb,rgb/Mike_Szymanczyk_0001.ppm,0.958267,0.958267,0.000e0,1.000000
lfw,all,rgb,rgb/Mike_Thibault_0001.ppm,0.901365,0.901365,1.192e-7,1.000000
lfw,all,rgb,rgb/Mike_Tice_0001.ppm,0.910919,0.910919,1.192e-7,1.000000
lfw,all,rgb,rgb/Mike_Tyson_0001.ppm,0.935163,0.935163,0.000e0,1.000000
lfw,all,rgb,rgb/Mike_Tyson_0002.ppm,0.911499,0.911499,0.000e0,1.000000
lfw,all,rgb,rgb/Mike_Tyson_0003.ppm,0.908233,0.908233,5.960e-8,1.000000
lfw,all,rgb,rgb/Mike_Tyson_0004.ppm,0.905168,0.905168,0.000e0,1.000000
lfw,all,rgb,rgb/Mike_Webster_0001.ppm,0.908612,0.908612,0.000e0,1.000000
lfw,all,rgb,rgb/Mike_Weir_0001.ppm,0.917499,0.917499,1.192e-7,1.000000
lfw,all,rgb,rgb/Mike_Weir_0002.ppm,0.947535,0.947535,0.000e0,1.000000
lfw,all,rgb,rgb/Mike_Weir_0003.ppm,0.895626,0.895626,0.000e0,1.000000
lfw,all,rgb,rgb/Mike_Weir_0004.ppm,0.964220,0.964220,0.000e0,1.000000
lfw,all,rgb,rgb/Mike_Weir_0005.ppm,0.919048,0.919048,5.960e-8,1.000000
lfw,all,rgb,rgb/Mike_Weir_0006.ppm,0.946657,0.946657,0.000e0,1.000000
lfw,all,rgb,rgb/Mike_Weir_0007.ppm,0.946187,0.946188,1.192e-7,1.000000
lfw,all,rgb,rgb/Mike_Weir_0008.ppm,0.924136,0.924136,1.192e-7,1.000000
lfw,all,rgb,rgb/Mike_Weir_0009.ppm,0.922834,0.922834,0.000e0,1.000000
lfw,all,rgb,rgb/Mike_Weir_0010.ppm,0.923324,0.923324,5.960e-8,1.000000
lfw,all,rgb,rgb/Mike_Weir_0011.ppm,0.907736,0.907736,0.000e0,1.000000
lfw,all,rgb,rgb/Mikhail_Gorbachev_0001.ppm,0.912299,0.912300,1.192e-7,1.000000
lfw,all,rgb,rgb/Mikhail_Gorbachev_0002.ppm,0.914545,0.914545,0.000e0,1.000000
lfw,all,rgb,rgb/Mikhail_Kalashnikov_0001.ppm,0.912041,0.912041,0.000e0,0.999999
lfw,all,rgb,rgb/Mikhail_Kasyanov_0001.ppm,0.946940,0.946940,0.000e0,1.000000
lfw,all,rgb,rgb/Mikhail_Kasyanov_0002.ppm,0.974091,0.974091,0.000e0,1.000000
lfw,all,rgb,rgb/Mikhail_Kasyanov_0003.ppm,0.940965,0.940965,0.000e0,1.000000
lfw,all,rgb,rgb/Mikhail_Kasyanov_0004.ppm,0.964840,0.964840,0.000e0,1.000000
lfw,all,rgb,rgb/Mikhail_Khodorkovsky_0001.ppm,0.920689,0.920689,0.000e0,0.999999
lfw,all,rgb,rgb/Mikhail_Shvydkoi_0001.ppm,0.946790,0.946790,1.192e-7,1.000000
lfw,all,rgb,rgb/Mikhail_Wehbe_0001.ppm,0.913708,0.913708,0.000e0,0.999999
lfw,all,rgb,rgb/Mikhail_Wehbe_0002.ppm,0.927406,0.927406,0.000e0,1.000000
lfw,all,rgb,rgb/Mikhail_Wehbe_0003.ppm,0.934141,0.934141,1.192e-7,1.000000
lfw,all,rgb,rgb/Mikhail_Wehbe_0004.ppm,0.929787,0.929787,0.000e0,1.000000
lfw,all,rgb,rgb/Mikhail_Youzhny_0001.ppm,0.958727,0.958727,0.000e0,1.000000
lfw,all,rgb,rgb/Mikhail_Youzhny_0002.ppm,0.930493,0.930493,5.960e-8,1.000000
lfw,all,rgb,rgb/Mikhail_Youzhny_0003.ppm,0.914689,0.914689,0.000e0,1.000000
lfw,all,rgb,rgb/Mikulas_Dzurinda_0001.ppm,0.909184,0.909184,0.000e0,1.000000
lfw,all,rgb,rgb/Mikulas_Dzurinda_0002.ppm,0.932859,0.932859,0.000e0,1.000000
lfw,all,rgb,rgb/Milan_Kucan_0001.ppm,0.947177,0.947177,0.000e0,1.000000
lfw,all,rgb,rgb/Milan_Milutinovic_0001.ppm,0.886599,0.886599,0.000e0,1.000000
lfw,all,rgb,rgb/Mile_Mrksic_0001.ppm,0.930335,0.930335,5.960e-8,1.000000
lfw,all,rgb,rgb/Miles_Stewart_0001.ppm,0.939048,0.939048,0.000e0,0.999999
lfw,all,rgb,rgb/Millicent_Martin_0001.ppm,0.948437,0.948437,0.000e0,1.000000
lfw,all,rgb,rgb/Milo_Djukanovic_0001.ppm,0.980549,0.980549,0.000e0,1.000000
lfw,all,rgb,rgb/Milo_Djukanovic_0002.ppm,0.958354,0.958354,0.000e0,1.000000
lfw,all,rgb,rgb/Milo_Djukanovic_0003.ppm,0.929337,0.929337,1.192e-7,1.000000
lfw,all,rgb,rgb/Milo_Maestrecampo_0001.ppm,0.957914,0.957914,0.000e0,1.000000
lfw,all,rgb,rgb/Milo_Maestrecampo_0002.ppm,0.964634,0.964634,5.960e-8,1.000000
lfw,all,rgb,rgb/Milo_Maestrecampo_0003.ppm,0.959409,0.959409,0.000e0,1.000000
lfw,all,rgb,rgb/Milt_Heflin_0001.ppm,0.925270,0.925270,0.000e0,0.999999
lfw,all,rgb,rgb/Milt_Palacio_0001.ppm,0.943864,0.943864,0.000e0,1.000000
lfw,all,rgb,rgb/Milton_Berle_0001.ppm,0.928352,0.928352,1.192e-7,1.000000
lfw,all,rgb,rgb/Milton_Wynants_0001.ppm,0.909568,0.909569,5.960e-8,1.000000
lfw,all,rgb,rgb/Minnie_Driver_0001.ppm,0.943538,0.943538,0.000e0,1.000000
lfw,all,rgb,rgb/Minnie_Driver_0002.ppm,0.944735,0.944735,0.000e0,1.000000
lfw,all,rgb,rgb/Minnie_Mendoza_0001.ppm,0.881019,0.881019,1.192e-7,1.000000
lfw,all,rgb,rgb/Mira_Sorvino_0001.ppm,0.909393,0.909393,5.960e-8,1.000000
lfw,all,rgb,rgb/Miranda_Gaddis_0001.ppm,0.944991,0.944991,0.000e0,1.000000
lfw,all,rgb,rgb/Miranda_Otto_0001.ppm,0.953742,0.953742,1.192e-7,1.000000
lfw,all,rgb,rgb/Mireille_Jospin-Dandieu_0001.ppm,0.951658,0.951658,0.000e0,1.000000
lfw,all,rgb,rgb/Mirela_Manjani_0001.ppm,0.923007,0.923007,1.192e-7,1.000000
lfw,all,rgb,rgb/Mireya_Elisa_Moscoso_Rodriguez_0001.ppm,0.951836,0.951836,0.000e0,1.000000
lfw,all,rgb,rgb/Mireya_Moscoso_0001.ppm,0.903893,0.903893,0.000e0,1.000000
lfw,all,rgb,rgb/Mireya_Moscoso_0002.ppm,0.938932,0.938932,0.000e0,1.000000
lfw,all,rgb,rgb/Mireya_Moscoso_0003.ppm,0.959040,0.959040,1.192e-7,1.000000
lfw,all,rgb,rgb/Mireya_Moscoso_0004.ppm,0.951822,0.951822,1.192e-7,1.000000
lfw,all,rgb,rgb/Mireya_Moscoso_0005.ppm,0.929198,0.929198,1.192e-7,1.000000
lfw,all,rgb,rgb/Miroljub_0001.ppm,0.927544,0.927544,0.000e0,0.999999
lfw,all,rgb,rgb/Miroljub_0002.ppm,0.941438,0.941438,1.788e-7,1.000000
lfw,all,rgb,rgb/Missy_Crider_0001.ppm,0.924302,0.924302,0.000e0,1.000000
lfw,all,rgb,rgb/Misty_Dawn_Clymer_0001.ppm,0.968327,0.968327,0.000e0,1.000000
lfw,all,rgb,rgb/Mitar_Rasevic_0001.ppm,0.932221,0.932221,1.192e-7,1.000000
lfw,all,rgb,rgb/Mitch_Kupchak_0001.ppm,0.934350,0.934350,1.192e-7,1.000000
lfw,all,rgb,rgb/Mitchell_Crooks_0001.ppm,0.949544,0.949544,0.000e0,1.000000
lfw,all,rgb,rgb/Mitchell_Daniels_0001.ppm,0.896171,0.896171,1.192e-7,1.000000
lfw,all,rgb,rgb/Mitchell_Daniels_0002.ppm,0.891459,0.891460,1.192e-7,1.000000
lfw,all,rgb,rgb/Mitchell_Daniels_0003.ppm,0.959016,0.959016,0.000e0,1.000000
lfw,all,rgb,rgb/Mitchell_Daniels_0004.ppm,0.925169,0.925168,1.192e-7,1.000000
lfw,all,rgb,rgb/Mitchell_Garabedian_0001.ppm,0.945176,0.945176,0.000e0,1.000000
lfw,all,rgb,rgb/Mitchell_McLaughlin_0001.ppm,0.883512,0.883512,0.000e0,1.000000
lfw,all,rgb,rgb/Mitchell_Potter_0001.ppm,0.909557,0.909557,0.000e0,1.000000
lfw,all,rgb,rgb/Mitchell_Swartz_0001.ppm,0.920253,0.920253,0.000e0,1.000000
lfw,all,rgb,rgb/Mitoji_Yabunaka_0001.ppm,0.906524,0.906524,1.192e-7,1.000000
lfw,all,rgb,rgb/Mitoji_Yabunaka_0002.ppm,0.933651,0.933651,0.000e0,0.999999
lfw,all,rgb,rgb/Mitsou_Gelinas_0001.ppm,0.945900,0.945900,0.000e0,0.999999
lfw,all,rgb,rgb/Mitt_Romney_0001.ppm,0.905957,0.905957,1.192e-7,1.000000
lfw,all,rgb,rgb/Mitzi_Gaynor_0001.ppm,0.929197,0.929197,0.000e0,1.000000
lfw,all,rgb,rgb/Miyako_Miyazaki_0001.ppm,0.923162,0.923162,0.000e0,1.000000
lfw,all,rgb,rgb/Miyako_Miyazaki_0002.ppm,0.945177,0.945177,1.192e-7,1.000000
lfw,all,rgb,rgb/Mladen_Naletilic_0001.ppm,0.849908,0.849908,0.000e0,1.000000
lfw,all,rgb,rgb/Mo_Elleithee_0001.ppm,0.854995,0.854995,5.960e-8,0.999999
lfw,all,rgb,rgb/Moby_0001.ppm,0.935440,0.935440,1.192e-7,0.999999
lfw,all,rgb,rgb/Mohamed_Benaissa_0001.ppm,0.921663,0.921663,0.000e0,1.000000
lfw,all,rgb,rgb/Mohamed_Benaissa_0002.ppm,0.949022,0.949022,0.000e0,1.000000
lfw,all,rgb,rgb/Mohamed_ElBaradei_0001.ppm,0.912457,0.912457,0.000e0,1.000000
lfw,all,rgb,rgb/Mohamed_ElBaradei_0002.ppm,0.924273,0.924273,0.000e0,1.000000
lfw,all,rgb,rgb/Mohamed_ElBaradei_0003.ppm,0.935380,0.935380,1.192e-7,1.000000
lfw,all,rgb,rgb/Mohamed_ElBaradei_0004.ppm,0.930169,0.930169,0.000e0,1.000000
lfw,all,rgb,rgb/Mohamed_ElBaradei_0005.ppm,0.926857,0.926857,5.960e-8,1.000000
lfw,all,rgb,rgb/Mohamed_ElBaradei_0006.ppm,0.915308,0.915308,0.000e0,1.000000
lfw,all,rgb,rgb/Mohamed_ElBaradei_0007.ppm,0.943404,0.943404,1.192e-7,1.000000
lfw,all,rgb,rgb/Mohamed_ElBaradei_0008.ppm,0.933751,0.933751,0.000e0,1.000000
lfw,all,rgb,rgb/Mohamed_Hammam_0001.ppm,0.948888,0.948888,1.192e-7,1.000000
lfw,all,rgb,rgb/Mohamed_Seineldin_0001.ppm,0.900816,0.900816,1.192e-7,1.000000
lfw,all,rgb,rgb/Mohammad_Aktar_0001.ppm,0.897710,0.897710,0.000e0,1.000000
lfw,all,rgb,rgb/Mohammad_Al-Sharief_0001.ppm,0.907694,0.907694,0.000e0,1.000000
lfw,all,rgb,rgb/Mohammad_Fares_0001.ppm,0.681927,0.681927,0.000e0,1.000000
lfw,all,rgb,rgb/Mohammad_Hasanein_0001.ppm,0.930971,0.930971,0.000e0,0.999999
lfw,all,rgb,rgb/Mohammad_Khatami_0001.ppm,0.910197,0.910197,0.000e0,1.000000
lfw,all,rgb,rgb/Mohammad_Khatami_0002.ppm,0.894797,0.894797,5.960e-8,1.000000
lfw,all,rgb,rgb/Mohammad_Khatami_0003.ppm,0.937035,0.937035,0.000e0,0.999999
lfw,all,rgb,rgb/Mohammad_Khatami_0004.ppm,0.961807,0.961807,0.000e0,1.000000
lfw,all,rgb,rgb/Mohammad_Khatami_0005.ppm,0.937851,0.937851,0.000e0,1.000000
lfw,all,rgb,rgb/Mohammad_Khatami_0006.ppm,0.952705,0.952705,0.000e0,1.000000
lfw,all,rgb,rgb/Mohammad_Khatami_0007.ppm,0.861543,0.861543,0.000e0,1.000000
lfw,all,rgb,rgb/Mohammad_Khatami_0008.ppm,0.916563,0.916563,5.960e-8,1.000000
lfw,all,rgb,rgb/Mohammad_Khatami_0009.ppm,0.858167,0.858167,0.000e0,1.000000
lfw,all,rgb,rgb/Mohammad_Khatami_0010.ppm,0.914482,0.914482,0.000e0,1.000000
lfw,all,rgb,rgb/Mohammad_Mustapha_Miro_0001.ppm,0.935749,0.935749,5.960e-8,1.000000
lfw,all,rgb,rgb/Mohammaed_Ahmad_Al_Jarallah_0001.ppm,0.871051,0.871051,0.000e0,0.999999
lfw,all,rgb,rgb/Mohammed_Abu_Sharia_0001.ppm,0.876637,0.876637,1.192e-7,1.000000
lfw,all,rgb,rgb/Mohammed_Abulhasan_0001.ppm,0.956888,0.956888,0.000e0,1.000000
lfw,all,rgb,rgb/Mohammed_Al-Douri_0001.ppm,0.953906,0.953906,0.000e0,1.000000
lfw,all,rgb,rgb/Mohammed_Al-Douri_0002.ppm,0.935180,0.935180,0.000e0,1.000000
lfw,all,rgb,rgb/Mohammed_Al-Douri_0003.ppm,0.920812,0.920812,0.000e0,0.999999
lfw,all,rgb,rgb/Mohammed_Al-Douri_0004.ppm,0.886951,0.886951,5.960e-8,1.000000
lfw,all,rgb,rgb/Mohammed_Al-Douri_0005.ppm,0.915438,0.915438,1.192e-7,1.000000
lfw,all,rgb,rgb/Mohammed_Al-Douri_0006.ppm,0.958948,0.958948,0.000e0,1.000000
lfw,all,rgb,rgb/Mohammed_Al-Douri_0007.ppm,0.924546,0.924546,0.000e0,1.000000
lfw,all,rgb,rgb/Mohammed_Al-Douri_0008.ppm,0.940914,0.940914,1.192e-7,1.000000
lfw,all,rgb,rgb/Mohammed_Al-Douri_0009.ppm,0.952905,0.952905,0.000e0,1.000000
lfw,all,rgb,rgb/Mohammed_Al-Douri_0010.ppm,0.980911,0.980910,1.192e-7,1.000000
lfw,all,rgb,rgb/Mohammed_Al-Douri_0011.ppm,0.900887,0.900887,1.192e-7,1.000000
lfw,all,rgb,rgb/Mohammed_Al-Douri_0012.ppm,0.934043,0.934043,0.000e0,1.000000
lfw,all,rgb,rgb/Mohammed_Al-Douri_0013.ppm,0.951536,0.951536,1.192e-7,0.999999
lfw,all,rgb,rgb/Mohammed_Al-Douri_0014.ppm,0.938084,0.938084,0.000e0,1.000000
lfw,all,rgb,rgb/Mohammed_Al-Douri_0015.ppm,0.936051,0.936051,1.192e-7,1.000000
lfw,all,rgb,rgb/Mohammed_Al_Hindi_0001.ppm,0.899192,0.899192,1.192e-7,1.000000
lfw,all,rgb,rgb/Mohammed_Ashraf_Hafiz_0001.ppm,0.885173,0.885173,1.192e-7,1.000000
lfw,all,rgb,rgb/Mohammed_Baqir_al-Hakim_0001.ppm,0.939742,0.939742,1.192e-7,1.000000
lfw,all,rgb,rgb/Mohammed_Baqir_al-Hakim_0002.ppm,0.936263,0.936263,1.192e-7,1.000000
lfw,all,rgb,rgb/Mohammed_Baqir_al-Hakim_0003.ppm,0.919552,0.919552,5.960e-8,1.000000
lfw,all,rgb,rgb/Mohammed_Dahlan_0001.ppm,0.933991,0.933991,1.192e-7,0.999999
lfw,all,rgb,rgb/Mohammed_Mehdi_Saleh_0001.ppm,0.880636,0.880637,1.788e-7,1.000000
lfw,all,rgb,rgb/Mohammed_Salmane_0001.ppm,0.958827,0.958827,0.000e0,1.000000
lfw,all,rgb,rgb/Molly_Sims_0001.ppm,0.940327,0.940327,0.000e0,1.000000
lfw,all,rgb,rgb/Momcilo_Perisic_0001.ppm,0.934569,0.934569,5.960e-8,1.000000
lfw,all,rgb,rgb/Momir_Nikolic_0001.ppm,0.937455,0.937455,0.000e0,1.000000
lfw,all,rgb,rgb/Mona_Ayoub_0001.ppm,0.928813,0.928813,0.000e0,1.000000
lfw,all,rgb,rgb/Mona_Locke_0001.ppm,0.911409,0.911408,5.960e-8,1.000000
lfw,all,rgb,rgb/Mona_Rishmawi_0001.ppm,0.962531,0.962531,0.000e0,1.000000
lfw,all,rgb,rgb/Monica_Bellucci_0001.ppm,0.938331,0.938331,1.192e-7,1.000000
lfw,all,rgb,rgb/Monica_Bellucci_0002.ppm,0.929987,0.929987,0.000e0,1.000000
lfw,all,rgb,rgb/Monica_Bellucci_0003.ppm,0.943550,0.943550,0.000e0,1.000000
lfw,all,rgb,rgb/Monica_Bellucci_0004.ppm,0.986588,0.986588,0.000e0,1.000000
lfw,all,rgb,rgb/Monica_Gabrielle_0001.ppm,0.926311,0.926311,1.192e-7,1.000000
lfw,all,rgb,rgb/Monica_Lewinsky_0001.ppm,0.910701,0.910701,0.000e0,1.000000
lfw,all,rgb,rgb/Monica_Lewinsky_0002.ppm,0.962797,0.962797,0.000e0,1.000000
lfw,all,rgb,rgb/Monica_Lewinsky_0003.ppm,0.918727,0.918727,1.192e-7,1.000000
lfw,all,rgb,rgb/Monica_Seles_0001.ppm,0.913870,0.913870,1.192e-7,1.000000
lfw,all,rgb,rgb/Monica_Seles_0002.ppm,0.897300,0.897300,0.000e0,1.000000
lfw,all,rgb,rgb/Monica_Seles_0003.ppm,0.918727,0.918727,1.192e-7,1.000000
lfw,all,rgb,rgb/Monica_Seles_0004.ppm,0.894200,0.894200,0.000e0,1.000000
lfw,all,rgb,rgb/Monica_Seles_0005.ppm,0.906563,0.906563,0.000e0,1.000000
lfw,all,rgb,rgb/Monica_Seles_0006.ppm,0.944587,0.944587,1.192e-7,1.000000
lfw,all,rgb,rgb/Monica_Serra_0001.ppm,0.962059,0.962059,5.960e-8,1.000000
lfw,all,rgb,rgb/Monica_Vergara_0001.ppm,0.897162,0.897162,1.192e-7,0.999999
lfw,all,rgb,rgb/Monique_Ferreira_0001.ppm,0.925973,0.925973,0.000e0,1.000000
lfw,all,rgb,rgb/Monique_Gagnon-Tremblay_0001.ppm,0.915221,0.915221,0.000e0,1.000000
lfw,all,rgb,rgb/Monique_Garbrecht-Enfeldt_0001.ppm,0.906382,0.906381,1.192e-7,1.000000
lfw,all,rgb,rgb/Monique_Garbrecht-Enfeldt_0002.ppm,0.912041,0.912041,1.192e-7,1.000000
lfw,all,rgb,rgb/Monique_Garbrecht-Enfeldt_0003.ppm,0.935001,0.935001,5.960e-8,1.000000
lfw,all,rgb,rgb/Monte_Kiffin_0001.ppm,0.948263,0.948263,5.960e-8,1.000000
lfw,all,rgb,rgb/Moon-So-ri_0001.ppm,0.967681,0.967681,0.000e0,1.000000
lfw,all,rgb,rgb/Morgan_Fairchild_0001.ppm,0.948903,0.948903,0.000e0,1.000000
lfw,all,rgb,rgb/Morgan_Freeman_0001.ppm,0.891758,0.891758,0.000e0,1.000000
lfw,all,rgb,rgb/Morgan_Freeman_0002.ppm,0.865852,0.865852,0.000e0,1.000000
lfw,all,rgb,rgb/Morgan_Hentzen_0001.ppm,0.897252,0.897252,0.000e0,1.000000
lfw,all,rgb,rgb/Morris_Dees_0001.ppm,0.935926,0.935926,0.000e0,1.000000
lfw,all,rgb,rgb/Morris_Watts_0001.ppm,0.888843,0.888843,1.192e-7,1.000000
lfw,all,rgb,rgb/Moshe_Katsav_0001.ppm,0.892617,0.892617,0.000e0,1.000000
lfw,all,rgb,rgb/Moshe_Katsav_0002.ppm,0.928445,0.928445,0.000e0,1.000000
lfw,all,rgb,rgb/Moshe_Katsav_0003.ppm,0.936946,0.936945,1.192e-7,1.000000
lfw,all,rgb,rgb/Moshe_Katsav_0004.ppm,0.958838,0.958838,1.192e-7,1.000000
lfw,all,rgb,rgb/Mother_Teresa_0001.ppm,0.897023,0.897023,0.000e0,0.999999
lfw,all,rgb,rgb/Ms_Dynamite_0001.ppm,0.946495,0.946495,0.000e0,1.000000
lfw,all,rgb,rgb/Mstislav_Rostropovich_0001.ppm,0.906648,0.906648,5.960e-8,0.999999
lfw,all,rgb,rgb/Muammar_Gaddafi_0001.ppm,0.918751,0.918751,0.000e0,1.000000
lfw,all,rgb,rgb/Muammar_Gaddafi_0002.ppm,0.942485,0.942485,0.000e0,0.999999
lfw,all,rgb,rgb/Muffet_McGraw_0001.ppm,0.965349,0.965349,0.000e0,1.000000
lfw,all,rgb,rgb/Mufti_Mohammad_Syed_0001.ppm,0.913633,0.913633,0.000e0,1.000000
lfw,all,rgb,rgb/Muhammad_Ali_0001.ppm,0.967164,0.967164,1.192e-7,1.000000
lfw,all,rgb,rgb/Muhammad_Ali_0002.ppm,0.949332,0.949332,0.000e0,1.000000
lfw,all,rgb,rgb/Muhammad_Ali_0003.ppm,0.943015,0.943015,0.000e0,1.000000
lfw,all,rgb,rgb/Muhammad_Ali_0004.ppm,0.931114,0.931114,0.000e0,1.000000
lfw,all,rgb,rgb/Muhammad_Ali_0005.ppm,0.957967,0.957967,0.000e0,1.000000
lfw,all,rgb,rgb/Muhammad_Ali_0006.ppm,0.929927,0.929927,0.000e0,1.000000
lfw,all,rgb,rgb/Muhammad_Ali_0007.ppm,0.924647,0.924647,0.000e0,1.000000
lfw,all,rgb,rgb/Muhammad_Ali_0008.ppm,0.956119,0.956118,1.192e-7,0.999999
lfw,all,rgb,rgb/Muhammad_Ali_0009.ppm,0.898739,0.898739,0.000e0,0.999999
lfw,all,rgb,rgb/Muhammad_Ali_0010.ppm,0.958117,0.958117,1.192e-7,1.000000
lfw,all,rgb,rgb/Muhammad_Ibrahim_Bilal_0001.ppm,0.951521,0.951521,5.960e-8,1.000000
lfw,all,rgb,rgb/Muhammad_Saeed_al-Sahhaf_0001.ppm,0.945647,0.945647,0.000e0,1.000000
lfw,all,rgb,rgb/Muhammad_Saeed_al-Sahhaf_0002.ppm,0.900644,0.900644,5.960e-8,1.000000
lfw,all,rgb,rgb/Muhammad_Saeed_al-Sahhaf_0003.ppm,0.840003,0.840003,0.000e0,1.000000
lfw,all,rgb,rgb/Muhammad_Saeed_al-Sahhaf_0004.ppm,0.905408,0.905408,5.960e-8,1.000000
lfw,all,rgb,rgb/Muhammad_Saeed_al-Sahhaf_0005.ppm,0.908350,0.908350,1.788e-7,1.000000
lfw,all,rgb,rgb/Mukesh_Ambani_0001.ppm,0.862541,0.862541,1.192e-7,1.000000
lfw,all,rgb,rgb/Mukesh_Ambani_0002.ppm,0.900036,0.900036,1.788e-7,1.000000
lfw,all,rgb,rgb/Mukesh_Ambani_0003.ppm,0.928471,0.928471,0.000e0,1.000000
lfw,all,rgb,rgb/Mukhtar_Alytnbayev_0001.ppm,0.961496,0.961496,0.000e0,1.000000
lfw,all,rgb,rgb/Munir_Akram_0001.ppm,0.919803,0.919803,0.000e0,1.000000
lfw,all,rgb,rgb/Munir_Akram_0002.ppm,0.945214,0.945214,0.000e0,1.000000
lfw,all,rgb,rgb/Muwafak_al-Ani_0001.ppm,0.930063,0.930063,0.000e0,1.000000
lfw,all,rgb,rgb/Myung_Yang_0001.ppm,0.948444,0.948444,1.192e-7,1.000000
lfw,all,rgb,rgb/Na_Na_Keum_0001.ppm,0.952659,0.952659,0.000e0,1.000000
lfw,all,rgb,rgb/Nabil_Shaath_0001.ppm,0.899973,0.899973,0.000e0,1.000000
lfw,all,rgb,rgb/Nabil_Shaath_0002.ppm,0.871243,0.871243,1.192e-7,1.000000
lfw,all,rgb,rgb/Nabil_Shaath_0003.ppm,0.927474,0.927474,1.192e-7,1.000000
lfw,all,rgb,rgb/Nadia_Forte_0001.ppm,0.946883,0.946883,0.000e0,1.000000
lfw,all,rgb,rgb/Nadia_Petrova_0001.ppm,0.905268,0.905268,0.000e0,1.000000
lfw,all,rgb,rgb/Nadia_Petrova_0002.ppm,0.917369,0.917369,0.000e0,1.000000
lfw,all,rgb,rgb/Nadia_Petrova_0003.ppm,0.922433,0.922433,5.960e-8,0.999999
lfw,all,rgb,rgb/Nadia_Petrova_0004.ppm,0.901642,0.901642,0.000e0,1.000000
lfw,all,rgb,rgb/Nadia_Petrova_0005.ppm,0.868987,0.868987,1.192e-7,1.000000
lfw,all,rgb,rgb/Nadine_Vinzens_0001.ppm,0.918570,0.918570,0.000e0,1.000000
lfw,all,rgb,rgb/Nadine_Vinzens_0002.ppm,0.934626,0.934626,0.000e0,1.000000
lfw,all,rgb,rgb/Naji_Sabri_0001.ppm,0.953045,0.953045,1.192e-7,1.000000
lfw,all,rgb,rgb/Naji_Sabri_0002.ppm,0.887896,0.887896,0.000e0,1.000000
lfw,all,rgb,rgb/Naji_Sabri_0003.ppm,0.980425,0.980425,0.000e0,1.000000
lfw,all,rgb,rgb/Naji_Sabri_0004.ppm,0.952042,0.952042,0.000e0,1.000000
lfw,all,rgb,rgb/Naji_Sabri_0005.ppm,0.925132,0.925132,0.000e0,1.000000
lfw,all,rgb,rgb/Naji_Sabri_0006.ppm,0.858781,0.858781,1.192e-7,1.000000
lfw,all,rgb,rgb/Naji_Sabri_0007.ppm,0.917932,0.917932,0.000e0,1.000000
lfw,all,rgb,rgb/Naji_Sabri_0008.ppm,0.819461,0.819461,1.192e-7,1.000000
lfw,all,rgb,rgb/Najib_al-Salhi_0001.ppm,0.939303,0.939303,0.000e0,1.000000
lfw,all,rgb,rgb/Namuddu_Florence_0001.ppm,0.922297,0.922297,1.192e-7,0.999999
lfw,all,rgb,rgb/Nan_Wang_0001.ppm,0.947196,0.947196,0.000e0,1.000000
lfw,all,rgb,rgb/Nan_Wang_0002.ppm,0.954719,0.954719,0.000e0,1.000000
lfw,all,rgb,rgb/Nan_Wang_0003.ppm,0.962284,0.962284,0.000e0,1.000000
lfw,all,rgb,rgb/Nan_Wang_0004.ppm,0.934107,0.934108,1.192e-7,1.000000
lfw,all,rgb,rgb/Nancy_Demme_0001.ppm,0.907308,0.907308,0.000e0,1.000000
lfw,all,rgb,rgb/Nancy_Demme_0002.ppm,0.941101,0.941101,0.000e0,1.000000
lfw,all,rgb,rgb/Nancy_Greenlaw_0001.ppm,0.915048,0.915048,0.000e0,1.000000
lfw,all,rgb,rgb/Nancy_Humbert_0001.ppm,0.869379,0.869379,5.960e-8,1.000000
lfw,all,rgb,rgb/Nancy_Kerrigan_0001.ppm,0.967429,0.967429,0.000e0,1.000000
lfw,all,rgb,rgb/Nancy_Pelosi_0001.ppm,0.925679,0.925679,0.000e0,1.000000
lfw,all,rgb,rgb/Nancy_Pelosi_0002.ppm,0.909525,0.909525,0.000e0,1.000000
lfw,all,rgb,rgb/Nancy_Pelosi_0003.ppm,0.925404,0.925404,0.000e0,1.000000
lfw,all,rgb,rgb/Nancy_Pelosi_0004.ppm,0.937593,0.937593,0.000e0,1.000000
lfw,all,rgb,rgb/Nancy_Pelosi_0005.ppm,0.939025,0.939025,1.192e-7,1.000000
lfw,all,rgb,rgb/Nancy_Pelosi_0006.ppm,0.945661,0.945661,5.960e-8,1.000000
lfw,all,rgb,rgb/Nancy_Pelosi_0007.ppm,0.922061,0.922061,0.000e0,1.000000
lfw,all,rgb,rgb/Nancy_Pelosi_0008.ppm,0.961978,0.961978,0.000e0,1.000000
lfw,all,rgb,rgb/Nancy_Pelosi_0009.ppm,0.905022,0.905022,1.192e-7,1.000000
lfw,all,rgb,rgb/Nancy_Pelosi_0010.ppm,0.957595,0.957595,0.000e0,1.000000
lfw,all,rgb,rgb/Nancy_Pelosi_0011.ppm,0.941878,0.941878,0.000e0,0.999999
lfw,all,rgb,rgb/Nancy_Pelosi_0012.ppm,0.943852,0.943852,5.960e-8,0.999999
lfw,all,rgb,rgb/Nancy_Pelosi_0013.ppm,0.907976,0.907976,0.000e0,0.999999
lfw,all,rgb,rgb/Nancy_Pelosi_0014.ppm,0.922219,0.922219,2.384e-7,1.000000
lfw,all,rgb,rgb/Nancy_Pelosi_0015.ppm,0.884697,0.884697,1.192e-7,1.000000
lfw,all,rgb,rgb/Nancy_Powell_0001.ppm,0.903904,0.903904,0.000e0,1.000000
lfw,all,rgb,rgb/Nancy_Reagan_0001.ppm,0.942741,0.942741,1.192e-7,1.000000
lfw,all,rgb,rgb/Nancy_Reagan_0002.ppm,0.891822,0.891822,1.192e-7,0.999999
lfw,all,rgb,rgb/Nancy_Sinatra_0001.ppm,0.922962,0.922962,0.000e0,1.000000
lfw,all,rgb,rgb/Nancy_Sinatra_0002.ppm,0.880658,0.880658,0.000e0,1.000000
lfw,all,rgb,rgb/Nancy_Smith_0001.ppm,0.925392,0.925392,0.000e0,1.000000
lfw,all,rgb,rgb/Nanni_Moretti_0001.ppm,0.828928,0.828928,1.192e-7,1.000000
lfw,all,rgb,rgb/Nanni_Moretti_0002.ppm,0.898478,0.898478,0.000e0,1.000000
lfw,all,rgb,rgb/Naomi_Bronstein_0001.ppm,0.913169,0.913169,1.192e-7,1.000000
lfw,all,rgb,rgb/Naomi_Campbell_0001.ppm,0.902200,0.902200,5.960e-8,1.000000
lfw,all,rgb,rgb/Naomi_Campbell_0002.ppm,0.868414,0.868414,5.960e-8,0.999999
lfw,all,rgb,rgb/Naomi_Hayashi_0001.ppm,0.959146,0.959146,0.000e0,1.000000
lfw,all,rgb,rgb/Naomi_Watts_0001.ppm,0.899790,0.899790,0.000e0,1.000000
lfw,all,rgb,rgb/Naomi_Watts_0002.ppm,0.933141,0.933141,0.000e0,1.000000
lfw,all,rgb,rgb/Naomi_Watts_0003.ppm,0.950976,0.950976,0.000e0,1.000000
lfw,all,rgb,rgb/Naomi_Watts_0004.ppm,0.934393,0.934393,0.000e0,1.000000
lfw,all,rgb,rgb/Naomi_Watts_0005.ppm,0.947027,0.947027,1.192e-7,1.000000
lfw,all,rgb,rgb/Naomi_Watts_0006.ppm,0.945530,0.945530,0.000e0,1.000000
lfw,all,rgb,rgb/Naomi_Watts_0007.ppm,0.940066,0.940066,0.000e0,1.000000
lfw,all,rgb,rgb/Naomi_Watts_0008.ppm,0.964322,0.964321,1.192e-7,1.000000
lfw,all,rgb,rgb/Naomi_Watts_0009.ppm,0.922471,0.922471,1.192e-7,1.000000
lfw,all,rgb,rgb/Naomi_Watts_0010.ppm,0.916888,0.916888,1.192e-7,1.000000
lfw,all,rgb,rgb/Naomi_Watts_0011.ppm,0.941230,0.941230,0.000e0,1.000000
lfw,all,rgb,rgb/Naomi_Watts_0012.ppm,0.934981,0.934981,0.000e0,1.000000
lfw,all,rgb,rgb/Naomi_Watts_0013.ppm,0.940427,0.940427,2.384e-7,1.000000
lfw,all,rgb,rgb/Naomi_Watts_0014.ppm,0.932270,0.932270,0.000e0,1.000000
lfw,all,rgb,rgb/Naomi_Watts_0015.ppm,0.915191,0.915191,0.000e0,1.000000
lfw,all,rgb,rgb/Naomi_Watts_0016.ppm,0.949207,0.949208,1.192e-7,1.000000
lfw,all,rgb,rgb/Naomi_Watts_0017.ppm,0.926155,0.926155,0.000e0,1.000000
lfw,all,rgb,rgb/Naomi_Watts_0018.ppm,0.938235,0.938235,0.000e0,1.000000
lfw,all,rgb,rgb/Naomi_Watts_0019.ppm,0.907599,0.907599,0.000e0,1.000000
lfw,all,rgb,rgb/Naomi_Watts_0020.ppm,0.869504,0.869504,0.000e0,1.000000
lfw,all,rgb,rgb/Naomi_Watts_0021.ppm,0.895578,0.895578,0.000e0,1.000000
lfw,all,rgb,rgb/Naomi_Watts_0022.ppm,0.932786,0.932786,0.000e0,1.000000
lfw,all,rgb,rgb/Naoto_Kan_0001.ppm,0.951195,0.951195,0.000e0,1.000000
lfw,all,rgb,rgb/Naoto_Kan_0002.ppm,0.967029,0.967029,0.000e0,1.000000
lfw,all,rgb,rgb/Naoto_Kan_0003.ppm,0.932747,0.932747,0.000e0,0.999999
lfw,all,rgb,rgb/Naoto_Kan_0004.ppm,0.977211,0.977211,0.000e0,1.000000
lfw,all,rgb,rgb/Narayan_Singh_Pun_0001.ppm,0.947993,0.947993,0.000e0,1.000000
lfw,all,rgb,rgb/Narendra_Modi_0001.ppm,0.924475,0.924475,5.960e-8,1.000000
lfw,all,rgb,rgb/Nasser_al-Kidwa_0001.ppm,0.928833,0.928833,1.192e-7,0.999999
lfw,all,rgb,rgb/Nasser_al-Kidwa_0002.ppm,0.954077,0.954077,0.000e0,1.000000
lfw,all,rgb,rgb/Nastassia_Kinski_0001.ppm,0.958695,0.958695,0.000e0,1.000000
lfw,all,rgb,rgb/Nastassia_Kinski_0002.ppm,0.917218,0.917218,1.192e-7,1.000000
lfw,all,rgb,rgb/Nastia_Liukin_0001.ppm,0.955048,0.955049,1.192e-7,1.000000
lfw,all,rgb,rgb/Natalia_Dmitrieva_0001.ppm,0.932335,0.932335,0.000e0,1.000000
lfw,all,rgb,rgb/Natalia_Motuziuk_0001.ppm,0.897093,0.897093,5.960e-8,1.000000
lfw,all,rgb,rgb/Natalia_Verbeke_0001.ppm,0.971165,0.971165,0.000e0,1.000000
lfw,all,rgb,rgb/Natalia_Vodonova_0001.ppm,0.918526,0.918526,1.192e-7,1.000000
lfw,all,rgb,rgb/Natalie_Cole_0001.ppm,0.955809,0.955809,1.192e-7,1.000000
lfw,all,rgb,rgb/Natalie_Cole_0002.ppm,0.905411,0.905411,0.000e0,1.000000
lfw,all,rgb,rgb/Natalie_Cole_0003.ppm,0.911325,0.911325,1.192e-7,1.000000
lfw,all,rgb,rgb/Natalie_Coughlin_0001.ppm,0.953588,0.953588,0.000e0,0.999999
lfw,all,rgb,rgb/Natalie_Coughlin_0002.ppm,0.925921,0.925921,0.000e0,1.000000
lfw,all,rgb,rgb/Natalie_Coughlin_0003.ppm,0.906681,0.906681,0.000e0,1.000000
lfw,all,rgb,rgb/Natalie_Coughlin_0004.ppm,0.925516,0.925516,0.000e0,1.000000
lfw,all,rgb,rgb/Natalie_Coughlin_0005.ppm,0.944899,0.944899,0.000e0,1.000000
lfw,all,rgb,rgb/Natalie_Coughlin_0006.ppm,0.916660,0.916660,0.000e0,1.000000
lfw,all,rgb,rgb/Natalie_Imbruglia_0001.ppm,0.972100,0.972100,0.000e0,1.000000
lfw,all,rgb,rgb/Natalie_Juniardi_0001.ppm,0.966876,0.966876,0.000e0,1.000000
lfw,all,rgb,rgb/Natalie_Maines_0001.ppm,0.919140,0.919140,0.000e0,1.000000
lfw,all,rgb,rgb/Natalie_Maines_0002.ppm,0.932194,0.932194,5.960e-8,1.000000
lfw,all,rgb,rgb/Natalie_Maines_0003.ppm,0.837567,0.837567,5.960e-8,1.000000
lfw,all,rgb,rgb/Natalie_Maines_0004.ppm,0.870425,0.870425,0.000e0,1.000000
lfw,all,rgb,rgb/Natalie_Maines_0005.ppm,0.848395,0.848395,0.000e0,1.000000
lfw,all,rgb,rgb/Natalie_Stewart_0001.ppm,0.899200,0.899200,0.000e0,0.999999
lfw,all,rgb,rgb/Natalie_Williams_0001.ppm,0.934952,0.934952,1.192e-7,1.000000
lfw,all,rgb,rgb/Natalya_Sazanovich_0001.ppm,0.897898,0.897898,1.788e-7,1.000000
lfw,all,rgb,rgb/Natanaela_Barnova_0001.ppm,0.894835,0.894835,1.192e-7,1.000000
lfw,all,rgb,rgb/Natasa_Micic_0001.ppm,0.959808,0.959808,0.000e0,1.000000
lfw,all,rgb,rgb/Natasha_Henstridge_0001.ppm,0.913552,0.913552,0.000e0,1.000000
lfw,all,rgb,rgb/Natasha_Lyonne_0001.ppm,0.969141,0.969141,0.000e0,1.000000
lfw,all,rgb,rgb/Natasha_McElhone_0001.ppm,0.958937,0.958937,1.192e-7,1.000000
lfw,all,rgb,rgb/Natasha_McElhone_0002.ppm,0.914056,0.914056,1.192e-7,1.000000
lfw,all,rgb,rgb/Natasha_McElhone_0003.ppm,0.922571,0.922571,1.192e-7,1.000000
lfw,all,rgb,rgb/Nate_Blackwell_0001.ppm,0.867522,0.867522,0.000e0,0.999999
lfw,all,rgb,rgb/Nate_Huffman_0001.ppm,0.877845,0.877845,0.000e0,1.000000
lfw,all,rgb,rgb/Nate_Hybl_0001.ppm,0.938176,0.938176,1.192e-7,1.000000
lfw,all,rgb,rgb/Nathalia_Gillot_0001.ppm,0.941948,0.941948,0.000e0,0.999999
lfw,all,rgb,rgb/Nathalie_Baye_0001.ppm,0.933787,0.933787,0.000e0,0.999999
lfw,all,rgb,rgb/Nathalie_Baye_0002.ppm,0.942633,0.942633,1.192e-7,1.000000
lfw,all,rgb,rgb/Nathalie_Baye_0003.ppm,0.944623,0.944623,1.192e-7,1.000000
lfw,all,rgb,rgb/Nathalie_Baye_0004.ppm,0.939772,0.939772,5.960e-8,1.000000
lfw,all,rgb,rgb/Nathalie_Dechy_0001.ppm,0.893163,0.893163,5.960e-8,1.000000
lfw,all,rgb,rgb/Nathalie_Gagnon_0001.ppm,0.923369,0.923369,1.192e-7,1.000000
lfw,all,rgb,rgb/Nathan_Doudney_0001.ppm,0.862859,0.862858,5.960e-8,1.000000
lfw,all,rgb,rgb/Nathan_Lane_0001.ppm,0.907264,0.907264,5.960e-8,1.000000
lfw,all,rgb,rgb/Nathan_Lane_0002.ppm,0.950627,0.950627,5.960e-8,1.000000
lfw,all,rgb,rgb/Nathan_Powell_0001.ppm,0.932929,0.932929,1.192e-7,1.000000
lfw,all,rgb,rgb/Nathan_Smith_0001.ppm,0.960650,0.960650,0.000e0,1.000000
lfw,all,rgb,rgb/Nathirah_Hussein_0001.ppm,0.931042,0.931042,0.000e0,1.000000
lfw,all,rgb,rgb/Nawabzada_Nasrullah_Khan_0001.ppm,0.921969,0.921969,0.000e0,1.000000
lfw,all,rgb,rgb/Nebojsa_Pavkovic_0001.ppm,0.934932,0.934932,0.000e0,1.000000
lfw,all,rgb,rgb/Nebojsa_Pavkovic_0002.ppm,0.953988,0.953988,1.192e-7,1.000000
lfw,all,rgb,rgb/Neil_Goldman_0001.ppm,0.945373,0.945373,0.000e0,1.000000
lfw,all,rgb,rgb/Neil_Moritz_0001.ppm,0.935199,0.935199,0.000e0,1.000000
lfw,all,rgb,rgb/Nelson_Acosta_0001.ppm,0.932106,0.932106,0.000e0,1.000000
lfw,all,rgb,rgb/Nelson_Mandela_0001.ppm,0.911203,0.911203,1.192e-7,1.000000
lfw,all,rgb,rgb/Nelson_Mandela_0002.ppm,0.925097,0.925097,5.960e-8,0.999999
lfw,all,rgb,rgb/Nelson_Mandela_0003.ppm,0.894233,0.894233,0.000e0,1.000000
lfw,all,rgb,rgb/Nelson_Mandela_0004.ppm,0.961110,0.961110,5.960e-8,1.000000
lfw,all,rgb,rgb/Nelson_Shanks_0001.ppm,0.950972,0.950972,0.000e0,1.000000
lfw,all,rgb,rgb/Neri_Marcore_0001.ppm,0.936890,0.936890,1.192e-7,1.000000
lfw,all,rgb,rgb/Neri_Marcore_0002.ppm,0.933128,0.933128,0.000e0,1.000000
lfw,all,rgb,rgb/Nestor_Gonzalez_0001.ppm,0.912547,0.912547,1.192e-7,1.000000
lfw,all,rgb,rgb/Nestor_Kirchner_0001.ppm,0.967758,0.967758,0.000e0,1.000000
lfw,all,rgb,rgb/Nestor_Kirchner_0002.ppm,0.929791,0.929791,1.192e-7,1.000000
lfw,all,rgb,rgb/Nestor_Kirchner_0003.ppm,0.943033,0.943033,0.000e0,1.000000
lfw,all,rgb,rgb/Nestor_Kirchner_0004.ppm,0.917127,0.917127,0.000e0,0.999999
lfw,all,rgb,rgb/Nestor_Kirchner_0005.ppm,0.910302,0.910302,2.384e-7,1.000000
lfw,all,rgb,rgb/Nestor_Kirchner_0006.ppm,0.955814,0.955814,0.000e0,1.000000
lfw,all,rgb,rgb/Nestor_Kirchner_0007.ppm,0.924355,0.924355,0.000e0,0.999999
lfw,all,rgb,rgb/Nestor_Kirchner_0008.ppm,0.906372,0.906372,0.000e0,1.000000
lfw,all,rgb,rgb/Nestor_Kirchner_0009.ppm,0.943580,0.943580,1.192e-7,1.000000
lfw,all,rgb,rgb/Nestor_Kirchner_0010.ppm,0.913275,0.913275,1.192e-7,0.999999
lfw,all,rgb,rgb/Nestor_Kirchner_0011.ppm,0.928950,0.928950,0.000e0,1.000000
lfw,all,rgb,rgb/Nestor_Kirchner_0012.ppm,0.905085,0.905085,1.192e-7,1.000000
lfw,all,rgb,rgb/Nestor_Kirchner_0013.ppm,0.935426,0.935426,0.000e0,1.000000
lfw,all,rgb,rgb/Nestor_Kirchner_0014.ppm,0.929476,0.929476,0.000e0,1.000000
lfw,all,rgb,rgb/Nestor_Kirchner_0015.ppm,0.942797,0.942797,1.192e-7,1.000000
lfw,all,rgb,rgb/Nestor_Kirchner_0016.ppm,0.930326,0.930326,0.000e0,1.000000
lfw,all,rgb,rgb/Nestor_Kirchner_0017.ppm,0.917394,0.917394,1.192e-7,1.000000
lfw,all,rgb,rgb/Nestor_Kirchner_0018.ppm,0.934763,0.934763,0.000e0,1.000000
lfw,all,rgb,rgb/Nestor_Kirchner_0019.ppm,0.905970,0.905970,0.000e0,1.000000
lfw,all,rgb,rgb/Nestor_Kirchner_0020.ppm,0.957876,0.957876,1.192e-7,1.000000
lfw,all,rgb,rgb/Nestor_Kirchner_0021.ppm,0.953663,0.953663,1.192e-7,1.000000
lfw,all,rgb,rgb/Nestor_Kirchner_0022.ppm,0.921071,0.921071,0.000e0,1.000000
lfw,all,rgb,rgb/Nestor_Kirchner_0023.ppm,0.924677,0.924677,0.000e0,1.000000
lfw,all,rgb,rgb/Nestor_Kirchner_0024.ppm,0.940762,0.940762,0.000e0,1.000000
lfw,all,rgb,rgb/Nestor_Kirchner_0025.ppm,0.889661,0.889661,5.960e-8,1.000000
lfw,all,rgb,rgb/Nestor_Kirchner_0026.ppm,0.937491,0.937491,0.000e0,1.000000
lfw,all,rgb,rgb/Nestor_Kirchner_0027.ppm,0.917357,0.917357,0.000e0,1.000000
lfw,all,rgb,rgb/Nestor_Kirchner_0028.ppm,0.929920,0.929920,5.960e-8,1.000000
lfw,all,rgb,rgb/Nestor_Kirchner_0029.ppm,0.915963,0.915963,1.192e-7,1.000000
lfw,all,rgb,rgb/Nestor_Kirchner_0030.ppm,0.935735,0.935735,0.000e0,1.000000
lfw,all,rgb,rgb/Nestor_Kirchner_0031.ppm,0.943617,0.943617,0.000e0,1.000000
lfw,all,rgb,rgb/Nestor_Kirchner_0032.ppm,0.896968,0.896968,0.000e0,1.000000
lfw,all,rgb,rgb/Nestor_Kirchner_0033.ppm,0.912613,0.912613,1.192e-7,1.000000
lfw,all,rgb,rgb/Nestor_Kirchner_0034.ppm,0.920620,0.920620,0.000e0,1.000000
lfw,all,rgb,rgb/Nestor_Kirchner_0035.ppm,0.900392,0.900392,0.000e0,1.000000
lfw,all,rgb,rgb/Nestor_Kirchner_0036.ppm,0.958212,0.958212,1.192e-7,1.000000
lfw,all,rgb,rgb/Nestor_Kirchner_0037.ppm,0.921292,0.921292,1.192e-7,1.000000
lfw,all,rgb,rgb/Nestor_Santillan_0001.ppm,0.950736,0.950736,5.960e-8,1.000000
lfw,all,rgb,rgb/Newt_Gingrich_0001.ppm,0.941002,0.941002,0.000e0,1.000000
lfw,all,rgb,rgb/Newton_Carlton_Slawson_0001.ppm,0.906711,0.906711,0.000e0,1.000000
lfw,all,rgb,rgb/Nia_Vardalos_0001.ppm,0.929819,0.929819,0.000e0,1.000000
lfw,all,rgb,rgb/Nia_Vardalos_0002.ppm,0.927297,0.927297,0.000e0,1.000000
lfw,all,rgb,rgb/Nia_Vardalos_0003.ppm,0.859198,0.859198,5.960e-8,1.000000
lfw,all,rgb,rgb/Nia_Vardalos_0004.ppm,0.950389,0.950389,0.000e0,1.000000
lfw,all,rgb,rgb/Nia_Vardalos_0005.ppm,0.910222,0.910222,5.960e-8,1.000000
lfw,all,rgb,rgb/Niall_Connolly_0001.ppm,0.961447,0.961447,1.192e-7,1.000000
lfw,all,rgb,rgb/Nicanor_Duarte_Frutos_0001.ppm,0.928868,0.928868,0.000e0,1.000000
lfw,all,rgb,rgb/Nicanor_Duarte_Frutos_0002.ppm,0.954754,0.954754,0.000e0,1.000000
lfw,all,rgb,rgb/Nicanor_Duarte_Frutos_0003.ppm,0.937033,0.937033,0.000e0,1.000000
lfw,all,rgb,rgb/Nicanor_Duarte_Frutos_0004.ppm,0.953912,0.953912,0.000e0,1.000000
lfw,all,rgb,rgb/Nicanor_Duarte_Frutos_0005.ppm,0.944633,0.944633,0.000e0,1.000000
lfw,all,rgb,rgb/Nicanor_Duarte_Frutos_0006.ppm,0.881121,0.881121,5.960e-8,1.000000
lfw,all,rgb,rgb/Nicanor_Duarte_Frutos_0007.ppm,0.901816,0.901816,0.000e0,1.000000
lfw,all,rgb,rgb/Nicanor_Duarte_Frutos_0008.ppm,0.951796,0.951796,0.000e0,1.000000
lfw,all,rgb,rgb/Nicanor_Duarte_Frutos_0009.ppm,0.923225,0.923225,5.960e-8,0.999999
lfw,all,rgb,rgb/Nicanor_Duarte_Frutos_0010.ppm,0.929190,0.929190,0.000e0,1.000000
lfw,all,rgb,rgb/Nicanor_Duarte_Frutos_0011.ppm,0.915780,0.915780,0.000e0,0.999999
lfw,all,rgb,rgb/Nicholas_Byron_0001.ppm,0.907691,0.907691,5.960e-8,1.000000
lfw,all,rgb,rgb/Nicholas_Byron_0002.ppm,0.859474,0.859474,1.192e-7,1.000000
lfw,all,rgb,rgb/Nicholas_Tse_0001.ppm,0.920873,0.920873,0.000e0,1.000000
lfw,all,rgb,rgb/Nicholas_Tse_0002.ppm,0.959010,0.959010,0.000e0,1.000000
lfw,all,rgb,rgb/Nicholoas_DiMarzio_0001.ppm,0.933692,0.933693,1.192e-7,1.000000
lfw,all,rgb,rgb/Nick_Cassavetes_0001.ppm,0.941287,0.941287,0.000e0,1.000000
lfw,all,rgb,rgb/Nick_Markakis_0001.ppm,0.959354,0.959354,0.000e0,1.000000
lfw,all,rgb,rgb/Nick_Nolte_0001.ppm,0.872913,0.872913,5.960e-8,1.000000
lfw,all,rgb,rgb/Nick_Nolte_0002.ppm,0.899787,0.899787,0.000e0,1.000000
lfw,all,rgb,rgb/Nick_Nolte_0003.ppm,0.909116,0.909116,0.000e0,1.000000
lfw,all,rgb,rgb/Nick_Nolte_0004.ppm,0.917563,0.917563,0.000e0,1.000000
lfw,all,rgb,rgb/Nick_Nolte_0005.ppm,0.895005,0.895005,0.000e0,1.000000
lfw,all,rgb,rgb/Nick_Price_0001.ppm,0.904008,0.904008,5.960e-8,1.000000
lfw,all,rgb,rgb/Nick_Rahall_0001.ppm,0.966084,0.966084,1.192e-7,1.000000
lfw,all,rgb,rgb/Nick_Reilly_0001.ppm,0.931597,0.931597,0.000e0,1.000000
lfw,all,rgb,rgb/Nick_Rimando_0001.ppm,0.891951,0.891951,0.000e0,1.000000
lfw,all,rgb,rgb/Nick_Turner_0001.ppm,0.965846,0.965846,0.000e0,1.000000
lfw,all,rgb,rgb/Nicklas_Lidstrom_0001.ppm,0.917980,0.917980,0.000e0,1.000000
lfw,all,rgb,rgb/Nicola_Bono_0001.ppm,0.961274,0.961274,0.000e0,0.999999
lfw,all,rgb,rgb/Nicola_Wells_0001.ppm,0.957194,0.957194,0.000e0,1.000000
lfw,all,rgb,rgb/Nicolas_Cage_0001.ppm,0.896433,0.896433,1.192e-7,1.000000
lfw,all,rgb,rgb/Nicolas_Cage_0002.ppm,0.894781,0.894781,0.000e0,0.999999
lfw,all,rgb,rgb/Nicolas_Cage_0003.ppm,0.916636,0.916636,1.192e-7,1.000000
lfw,all,rgb,rgb/Nicolas_Cage_0004.ppm,0.909383,0.909383,1.192e-7,1.000000
lfw,all,rgb,rgb/Nicolas_Escude_0001.ppm,0.950855,0.950855,1.192e-7,1.000000
lfw,all,rgb,rgb/Nicolas_Escude_0002.ppm,0.915511,0.915511,0.000e0,1.000000
lfw,all,rgb,rgb/Nicolas_Eyzaguirre_0001.ppm,0.946269,0.946269,1.192e-7,1.000000
lfw,all,rgb,rgb/Nicolas_Kiefer_0001.ppm,0.935801,0.935801,0.000e0,1.000000
lfw,all,rgb,rgb/Nicolas_Lapentti_0001.ppm,0.944166,0.944166,5.960e-8,1.000000
lfw,all,rgb,rgb/Nicolas_Lapentti_0002.ppm,0.921433,0.921433,0.000e0,1.000000
lfw,all,rgb,rgb/Nicolas_Latorre_0001.ppm,0.934130,0.934130,1.192e-7,1.000000
lfw,all,rgb,rgb/Nicolas_Macrozonaris_0001.ppm,0.931170,0.931170,0.000e0,1.000000
lfw,all,rgb,rgb/Nicolas_Massu_0001.ppm,0.917890,0.917890,0.000e0,1.000000
lfw,all,rgb,rgb/Nicolas_Sarkozy_0001.ppm,0.934815,0.934815,0.000e0,1.000000
lfw,all,rgb,rgb/Nicole_0001.ppm,0.930470,0.930470,0.000e0,1.000000
lfw,all,rgb,rgb/Nicole_Hiltz_0001.ppm,0.919243,0.919243,0.000e0,1.000000
lfw,all,rgb,rgb/Nicole_Kidman_0001.ppm,0.948384,0.948384,0.000e0,1.000000
lfw,all,rgb,rgb/Nicole_Kidman_0002.ppm,0.912742,0.912742,5.960e-8,0.999999
lfw,all,rgb,rgb/Nicole_Kidman_0003.ppm,0.910263,0.910263,5.960e-8,1.000000
lfw,all,rgb,rgb/Nicole_Kidman_0004.ppm,0.891223,0.891223,0.000e0,1.000000
lfw,all,rgb,rgb/Nicole_Kidman_0005.ppm,0.898085,0.898085,5.960e-8,1.000000
lfw,all,rgb,rgb/Nicole_Kidman_0006.ppm,0.910226,0.910226,0.000e0,1.000000
lfw,all,rgb,rgb/Nicole_Kidman_0007.ppm,0.915425,0.915425,0.000e0,1.000000
lfw,all,rgb,rgb/Nicole_Kidman_0008.ppm,0.910081,0.910081,0.000e0,1.000000
lfw,all,rgb,rgb/Nicole_Kidman_0009.ppm,0.921520,0.921520,5.960e-8,1.000000
lfw,all,rgb,rgb/Nicole_Kidman_0010.ppm,0.906874,0.906874,0.000e0,1.000000
lfw,all,rgb,rgb/Nicole_Kidman_0011.ppm,0.916762,0.916762,0.000e0,1.000000
lfw,all,rgb,rgb/Nicole_Kidman_0012.ppm,0.964482,0.964482,1.192e-7,1.000000
lfw,all,rgb,rgb/Nicole_Kidman_0013.ppm,0.912830,0.912830,1.192e-7,1.000000
lfw,all,rgb,rgb/Nicole_Kidman_0014.ppm,0.900812,0.900812,0.000e0,1.000000
lfw,all,rgb,rgb/Nicole_Kidman_0015.ppm,0.936488,0.936488,0.000e0,1.000000
lfw,all,rgb,rgb/Nicole_Kidman_0016.ppm,0.910340,0.910340,1.192e-7,1.000000
lfw,all,rgb,rgb/Nicole_Kidman_0017.ppm,0.923841,0.923841,0.000e0,1.000000
lfw,all,rgb,rgb/Nicole_Kidman_0018.ppm,0.915850,0.915850,1.192e-7,1.000000
lfw,all,rgb,rgb/Nicole_Kidman_0019.ppm,0.900784,0.900784,0.000e0,1.000000
lfw,all,rgb,rgb/Nicole_Parker_0001.ppm,0.904845,0.904845,1.192e-7,1.000000
lfw,all,rgb,rgb/Nicoletta_Braschi_0001.ppm,0.890432,0.890432,0.000e0,1.000000
lfw,all,rgb,rgb/Nida_Blanca_0001.ppm,0.911503,0.911504,1.192e-7,1.000000
lfw,all,rgb,rgb/Nigel_Redden_0001.ppm,0.935924,0.935924,5.960e-8,1.000000
lfw,all,rgb,rgb/Nikki_Cascone_0001.ppm,0.941084,0.941084,0.000e0,1.000000
lfw,all,rgb,rgb/Nikki_McKibbin_0001.ppm,0.963811,0.963811,5.960e-8,1.000000
lfw,all,rgb,rgb/Nikki_Reed_0001.ppm,0.940817,0.940817,0.000e0,1.000000
lfw,all,rgb,rgb/Nikki_Reed_0002.ppm,0.918700,0.918700,0.000e0,1.000000
lfw,all,rgb,rgb/Nikki_Teasley_0001.ppm,0.903016,0.903016,1.788e-7,0.999999
lfw,all,rgb,rgb/Nikolay_Davydenko_0001.ppm,0.881865,0.881865,5.960e-8,0.999999
lfw,all,rgb,rgb/Nila_Ferran_0001.ppm,0.960535,0.960535,0.000e0,1.000000
lfw,all,rgb,rgb/Nina_Jacobson_0001.ppm,0.985236,0.985236,0.000e0,1.000000
lfw,all,rgb,rgb/Nina_Pecari_0001.ppm,0.952947,0.952947,1.192e-7,0.999999
lfw,all,rgb,rgb/Nino_DAngelo_0001.ppm,0.963655,0.963655,0.000e0,1.000000
lfw,all,rgb,rgb/Nizar_Trabelsi_0001.ppm,0.919961,0.919961,1.192e-7,0.999999
lfw,all,rgb,rgb/Noah_Wyle_0001.ppm,0.927184,0.927184,1.192e-7,1.000000
lfw,all,rgb,rgb/Noah_Wyle_0002.ppm,0.956522,0.956522,1.192e-7,1.000000
lfw,all,rgb,rgb/Noah_Wyle_0003.ppm,0.925822,0.925822,0.000e0,1.000000
lfw,all,rgb,rgb/Nobuyuki_Idei_0001.ppm,0.947142,0.947142,5.960e-8,1.000000
lfw,all,rgb,rgb/Noel_Forgeard_0001.ppm,0.932117,0.932117,0.000e0,1.000000
lfw,all,rgb,rgb/Noel_Niell_0001.ppm,0.936153,0.936153,1.192e-7,1.000000
lfw,all,rgb,rgb/Noelle_Bush_0001.ppm,0.927116,0.927116,0.000e0,1.000000
lfw,all,rgb,rgb/Noelle_Bush_0002.ppm,0.880355,0.880355,1.192e-7,1.000000
lfw,all,rgb,rgb/Noelle_Bush_0003.ppm,0.943969,0.943969,1.192e-7,1.000000
lfw,all,rgb,rgb/Noelle_Bush_0004.ppm,0.947363,0.947363,5.960e-8,0.999999
lfw,all,rgb,rgb/Noer_Moeis_0001.ppm,0.968807,0.968807,0.000e0,1.000000
lfw,all,rgb,rgb/Noer_Muis_0001.ppm,0.960275,0.960275,5.960e-8,1.000000
lfw,all,rgb,rgb/Nona_Gaye_0001.ppm,0.904931,0.904931,0.000e0,1.000000
lfw,all,rgb,rgb/Nong_Duc_Manh_0001.ppm,0.974398,0.974398,0.000e0,1.000000
lfw,all,rgb,rgb/Noor_Mohammed_0001.ppm,0.949645,0.949645,2.384e-7,1.000000
lfw,all,rgb,rgb/Nora_Bendijo_0001.ppm,0.934689,0.934689,1.192e-7,1.000000
lfw,all,rgb,rgb/Nora_Bendijo_0002.ppm,0.913460,0.913460,0.000e0,1.000000
lfw,all,rgb,rgb/Nora_Ephron_0001.ppm,0.823026,0.823026,0.000e0,0.999999
lfw,all,rgb,rgb/Norah_Jones_0001.ppm,0.925430,0.925430,0.000e0,1.000000
lfw,all,rgb,rgb/Norah_Jones_0002.ppm,0.954869,0.954869,5.960e-8,0.999999
lfw,all,rgb,rgb/Norah_Jones_0003.ppm,0.907003,0.907003,0.000e0,1.000000
lfw,all,rgb,rgb/Norah_Jones_0004.ppm,0.896252,0.896252,1.192e-7,1.000000
lfw,all,rgb,rgb/Norah_Jones_0005.ppm,0.929596,0.929596,0.000e0,0.999999
lfw,all,rgb,rgb/Norah_Jones_0006.ppm,0.953258,0.953258,0.000e0,1.000000
lfw,all,rgb,rgb/Norah_Jones_0007.ppm,0.956163,0.956163,0.000e0,0.999999
lfw,all,rgb,rgb/Norah_Jones_0008.ppm,0.944575,0.944575,0.000e0,1.000000
lfw,all,rgb,rgb/Norah_Jones_0009.ppm,0.967535,0.967535,0.000e0,1.000000
lfw,all,rgb,rgb/Norah_Jones_0010.ppm,0.913970,0.913971,1.192e-7,1.000000
lfw,all,rgb,rgb/Norah_Jones_0011.ppm,0.907116,0.907116,0.000e0,1.000000
lfw,all,rgb,rgb/Norah_Jones_0012.ppm,0.971655,0.971655,1.192e-7,1.000000
lfw,all,rgb,rgb/Norah_Jones_0013.ppm,0.865294,0.865294,0.000e0,0.999999
lfw,all,rgb,rgb/Norah_Jones_0014.ppm,0.889765,0.889765,1.192e-7,1.000000
lfw,all,rgb,rgb/Norah_Jones_0015.ppm,0.970242,0.970242,0.000e0,1.000000
lfw,all,rgb,rgb/Norbert_van_Heyst_0001.ppm,0.934181,0.934181,0.000e0,1.000000
lfw,all,rgb,rgb/Norio_Ohga_0001.ppm,0.948125,0.948125,1.192e-7,1.000000
lfw,all,rgb,rgb/Norm_Coleman_0001.ppm,0.962783,0.962783,0.000e0,1.000000
lfw,all,rgb,rgb/Norm_Coleman_0002.ppm,0.917608,0.917608,0.000e0,1.000000
lfw,all,rgb,rgb/Norm_Coleman_0003.ppm,0.943343,0.943343,1.192e-7,1.000000
lfw,all,rgb,rgb/Norm_Coleman_0004.ppm,0.947145,0.947145,5.960e-8,1.000000
lfw,all,rgb,rgb/Norm_Coleman_0005.ppm,0.886467,0.886467,0.000e0,1.000000
lfw,all,rgb,rgb/Norm_Coleman_0006.ppm,0.879388,0.879388,1.192e-7,1.000000
lfw,all,rgb,rgb/Norm_Coleman_0007.ppm,0.947717,0.947717,5.960e-8,1.000000
lfw,all,rgb,rgb/Norm_Macdonald_0001.ppm,0.927629,0.927629,1.192e-7,1.000000
lfw,all,rgb,rgb/Norman_Jewison_0001.ppm,0.861762,0.861762,5.960e-8,1.000000
lfw,all,rgb,rgb/Norman_Jewison_0002.ppm,0.904181,0.904181,0.000e0,1.000000
lfw,all,rgb,rgb/Norman_Mailer_0001.ppm,0.920854,0.920854,1.192e-7,1.000000
lfw,all,rgb,rgb/Norman_Mineta_0001.ppm,0.961675,0.961675,0.000e0,1.000000
lfw,all,rgb,rgb/Normand_Legault_0001.ppm,0.900591,0.900591,0.000e0,1.000000
lfw,all,rgb,rgb/Norodom_Chakrapong_0001.ppm,0.922453,0.922452,5.960e-8,1.000000
lfw,all,rgb,rgb/Norodom_Sihanouk_0001.ppm,0.939876,0.939876,1.192e-7,1.000000
lfw,all,rgb,rgb/Norodom_Sihanouk_0002.ppm,0.917290,0.917290,0.000e0,1.000000
lfw,all,rgb,rgb/Norodom_Sihanouk_0003.ppm,0.960604,0.960604,1.192e-7,1.000000
lfw,all,rgb,rgb/Nova_Esther_Guthrie_0001.ppm,0.971557,0.971557,1.192e-7,1.000000
lfw,all,rgb,rgb/Nuon_Chea_0001.ppm,0.950796,0.950796,1.192e-7,1.000000
lfw,all,rgb,rgb/Nur_Jaafar_0001.ppm,0.949326,0.949326,1.192e-7,1.000000
lfw,all,rgb,rgb/Nursultan_Nazarbayev_0001.ppm,0.952555,0.952555,0.000e0,1.000000
lfw,all,rgb,rgb/Nursultan_Nazarbayev_0002.ppm,0.919973,0.919973,0.000e0,1.000000
lfw,all,rgb,rgb/OJ_Simpson_0001.ppm,0.941870,0.941870,1.192e-7,1.000000
lfw,all,rgb,rgb/OJ_Simpson_0002.ppm,0.878461,0.878462,1.192e-7,1.000000
lfw,all,rgb,rgb/Octavio_Lara_0001.ppm,0.920398,0.920398,0.000e0,1.000000
lfw,all,rgb,rgb/Odai_Hussein_0001.ppm,0.963819,0.963819,0.000e0,0.999999
lfw,all,rgb,rgb/Odilia_Collazo_0001.ppm,0.964433,0.964433,0.000e0,1.000000
lfw,all,rgb,rgb/Oleg_Romantsev_0001.ppm,0.922934,0.922934,1.192e-7,1.000000
lfw,all,rgb,rgb/Oleksandr_Moroz_0001.ppm,0.930386,0.930387,1.192e-7,1.000000
lfw,all,rgb,rgb/Oleksandr_Moroz_0002.ppm,0.912379,0.912378,1.192e-7,1.000000
lfw,all,rgb,rgb/Olene_Walker_0001.ppm,0.957142,0.957141,1.192e-7,1.000000
lfw,all,rgb,rgb/Olesya_Bonabarenko_0001.ppm,0.917020,0.917020,1.192e-7,1.000000
lfw,all,rgb,rgb/Olesya_Bonabarenko_0002.ppm,0.937258,0.937258,0.000e0,1.000000
lfw,all,rgb,rgb/Oliver_Neuville_0001.ppm,0.954877,0.954877,0.000e0,1.000000
lfw,all,rgb,rgb/Oliver_Phelps_0001.ppm,0.937341,0.937341,0.000e0,1.000000
lfw,all,rgb,rgb/Oliver_Stone_0001.ppm,0.923539,0.923539,0.000e0,0.999999
lfw,all,rgb,rgb/Olivera_Labus_0001.ppm,0.928347,0.928347,0.000e0,0.999999
lfw,all,rgb,rgb/Olivia_Newton-John_0001.ppm,0.931469,0.931468,1.192e-7,1.000000
lfw,all,rgb,rgb/Olivia_Newton-John_0002.ppm,0.933079,0.933079,0.000e0,1.000000
lfw,all,rgb,rgb/Olivier_Boulay_0001.ppm,0.929437,0.929437,0.000e0,1.000000
lfw,all,rgb,rgb/Olivier_Rochus_0001.ppm,0.955606,0.955606,1.192e-7,1.000000
lfw,all,rgb,rgb/Olympia_Dukakis_0001.ppm,0.933745,0.933745,0.000e0,1.000000
lfw,all,rgb,rgb/Omar_Khan_Sharif_0001.ppm,0.934643,0.934643,0.000e0,0.999999
lfw,all,rgb,rgb/Omar_Sharif_0001.ppm,0.881355,0.881355,1.192e-7,1.000000
lfw,all,rgb,rgb/Omar_Sharif_0002.ppm,0.925097,0.925097,0.000e0,1.000000
lfw,all,rgb,rgb/Omar_Sharif_0003.ppm,0.900141,0.900141,1.192e-7,1.000000
lfw,all,rgb,rgb/Omar_Sharif_0004.ppm,0.896472,0.896472,0.000e0,1.000000
lfw,all,rgb,rgb/Omar_Vizquel_0001.ppm,0.908404,0.908404,1.192e-7,1.000000
lfw,all,rgb,rgb/Omar_el-Heib_0001.ppm,0.804970,0.804970,1.788e-7,1.000000
lfw,all,rgb,rgb/Ontario_Lett_0001.ppm,0.928179,0.928179,0.000e0,1.000000
lfw,all,rgb,rgb/Oprah_Winfrey_0001.ppm,0.911596,0.911596,0.000e0,1.000000
lfw,all,rgb,rgb/Oprah_Winfrey_0002.ppm,0.911302,0.911302,1.192e-7,1.000000
lfw,all,rgb,rgb/Oprah_Winfrey_0003.ppm,0.918515,0.918515,2.384e-7,1.000000
lfw,all,rgb,rgb/Oprah_Winfrey_0004.ppm,0.936583,0.936583,0.000e0,1.000000
lfw,all,rgb,rgb/Oracene_Williams_0001.ppm,0.893436,0.893436,0.000e0,1.000000
lfw,all,rgb,rgb/Orlando_Bloom_0001.ppm,0.940752,0.940752,0.000e0,1.000000
lfw,all,rgb,rgb/Orlando_Bloom_0002.ppm,0.945309,0.945309,0.000e0,1.000000
lfw,all,rgb,rgb/Orlando_Bloom_0003.ppm,0.935844,0.935844,1.192e-7,0.999999
lfw,all,rgb,rgb/Ornella_Muti_0001.ppm,0.941343,0.941343,5.960e-8,1.000000
lfw,all,rgb,rgb/Orrin_Hatch_0001.ppm,0.936769,0.936769,0.000e0,1.000000
lfw,all,rgb,rgb/Orrin_Hatch_0002.ppm,0.921284,0.921284,1.192e-7,1.000000
lfw,all,rgb,rgb/Osama_Al_Baz_0001.ppm,0.936702,0.936701,1.192e-7,1.000000
lfw,all,rgb,rgb/Osama_bin_Laden_0001.ppm,0.928719,0.928719,5.960e-8,1.000000
lfw,all,rgb,rgb/Osama_bin_Laden_0002.ppm,0.907506,0.907506,0.000e0,1.000000
lfw,all,rgb,rgb/Osama_bin_Laden_0003.ppm,0.921651,0.921651,0.000e0,1.000000
lfw,all,rgb,rgb/Osama_bin_Laden_0004.ppm,0.956624,0.956624,0.000e0,1.000000
lfw,all,rgb,rgb/Oscar_Bolanos_0001.ppm,0.885363,0.885363,0.000e0,1.000000
lfw,all,rgb,rgb/Oscar_DLeon_0001.ppm,0.916598,0.916598,1.192e-7,1.000000
lfw,all,rgb,rgb/Oscar_De_La_Hoya_0001.ppm,0.930882,0.930882,5.960e-8,1.000000
lfw,all,rgb,rgb/Oscar_De_La_Hoya_0002.ppm,0.921177,0.921177,0.000e0,1.000000
lfw,all,rgb,rgb/Oscar_De_La_Hoya_0003.ppm,0.940101,0.940101,0.000e0,1.000000
lfw,all,rgb,rgb/Oscar_De_La_Hoya_0004.ppm,0.946156,0.946156,0.000e0,1.000000
lfw,all,rgb,rgb/Oscar_De_La_Hoya_0005.ppm,0.936765,0.936765,0.000e0,0.999999
lfw,all,rgb,rgb/Oscar_De_La_Hoya_0006.ppm,0.943869,0.943870,1.192e-7,1.000000
lfw,all,rgb,rgb/Oscar_De_La_Hoya_0007.ppm,0.935792,0.935792,0.000e0,1.000000
lfw,all,rgb,rgb/Oscar_Elias_Biscet_0001.ppm,0.937539,0.937539,0.000e0,1.000000
lfw,all,rgb,rgb/Oscar_Elias_Biscet_0002.ppm,0.970619,0.970619,0.000e0,1.000000
lfw,all,rgb,rgb/Oscar_de_la_Renta_0001.ppm,0.900504,0.900504,0.000e0,1.000000
lfw,all,rgb,rgb/Osmond_Smith_0001.ppm,0.942733,0.942733,0.000e0,1.000000
lfw,all,rgb,rgb/Osrat_Iosef_0001.ppm,0.948859,0.948859,1.192e-7,1.000000
lfw,all,rgb,rgb/Oswald_Gruebel_0001.ppm,0.937171,0.937171,0.000e0,1.000000
lfw,all,rgb,rgb/Oswaldo_Paya_0001.ppm,0.931829,0.931829,0.000e0,1.000000
lfw,all,rgb,rgb/Oswaldo_Paya_0002.ppm,0.934314,0.934314,1.192e-7,1.000000
lfw,all,rgb,rgb/Oswaldo_Paya_0003.ppm,0.945609,0.945609,1.192e-7,1.000000
lfw,all,rgb,rgb/Oswaldo_Paya_0004.ppm,0.947445,0.947445,0.000e0,1.000000
lfw,all,rgb,rgb/Oswaldo_Paya_0005.ppm,0.903786,0.903786,0.000e0,1.000000
lfw,all,rgb,rgb/Otto_Reich_0001.ppm,0.977394,0.977394,0.000e0,1.000000
lfw,all,rgb,rgb/Otto_Schily_0001.ppm,0.912759,0.912759,1.192e-7,1.000000
lfw,all,rgb,rgb/Owen_Nolan_0001.ppm,0.959026,0.959026,1.192e-7,1.000000
lfw,all,rgb,rgb/Owen_Wilson_0001.ppm,0.947726,0.947726,0.000e0,1.000000
lfw,all,rgb,rgb/Owen_Wilson_0002.ppm,0.916492,0.916492,0.000e0,0.999999
lfw,all,rgb,rgb/Oxana_Fedorova_0001.ppm,0.964948,0.964948,1.192e-7,1.000000
lfw,all,rgb,rgb/Oxana_Fedorova_0002.ppm,0.922794,0.922794,1.192e-7,1.000000
lfw,all,rgb,rgb/Oxana_Fedorova_0003.ppm,0.966156,0.966156,1.192e-7,1.000000
lfw,all,rgb,rgb/Oxana_Fedorova_0004.ppm,0.952097,0.952097,0.000e0,1.000000
lfw,all,rgb,rgb/Ozzie_Smith_0001.ppm,0.949312,0.949311,1.192e-7,1.000000
lfw,all,rgb,rgb/Ozzy_Osbourne_0001.ppm,0.879768,0.879768,0.000e0,0.999999
lfw,all,rgb,rgb/Ozzy_Osbourne_0002.ppm,0.919156,0.919156,0.000e0,1.000000
lfw,all,rgb,rgb/Ozzy_Osbourne_0003.ppm,0.905094,0.905094,1.192e-7,1.000000
lfw,all,rgb,rgb/Pa_Kou_Hang_0001.ppm,0.921856,0.921856,0.000e0,1.000000
lfw,all,rgb,rgb/Pablo_Khulental_0001.ppm,0.936903,0.936903,0.000e0,1.000000
lfw,all,rgb,rgb/Pablo_Latras_0001.ppm,0.931159,0.931159,0.000e0,1.000000
lfw,all,rgb,rgb/Paddy_Long_0001.ppm,0.949769,0.949769,0.000e0,1.000000
lfw,all,rgb,rgb/Paddy_Torsney_0001.ppm,0.934426,0.934426,0.000e0,1.000000
lfw,all,rgb,rgb/Padraig_Harrington_0001.ppm,0.909371,0.909371,1.192e-7,1.000000
lfw,all,rgb,rgb/Padraig_Harrington_0002.ppm,0.927382,0.927382,1.192e-7,1.000000
lfw,all,rgb,rgb/Padraig_Harrington_0003.ppm,0.894952,0.894952,1.192e-7,1.000000
lfw,all,rgb,rgb/Padraig_Harrington_0004.ppm,0.933954,0.933954,1.192e-7,1.000000
lfw,all,rgb,rgb/Paek_Nam_Sun_0001.ppm,0.923828,0.923828,0.000e0,1.000000
lfw,all,rgb,rgb/Paige_Fitzgerald_0001.ppm,0.890304,0.890304,0.000e0,1.000000
lfw,all,rgb,rgb/Pak_Gil_Yon_0001.ppm,0.968979,0.968979,0.000e0,1.000000
lfw,all,rgb,rgb/Pamela_Anderson_0001.ppm,0.912460,0.912460,0.000e0,1.000000
lfw,all,rgb,rgb/Pamela_Anderson_0002.ppm,0.931396,0.931396,0.000e0,1.000000
lfw,all,rgb,rgb/Pamela_Anderson_0003.ppm,0.918046,0.918046,5.960e-8,1.000000
lfw,all,rgb,rgb/Pamela_Anderson_0004.ppm,0.942720,0.942720,0.000e0,1.000000
lfw,all,rgb,rgb/Pamela_Anderson_0005.ppm,0.927717,0.927717,0.000e0,1.000000
lfw,all,rgb,rgb/Pamela_Melroy_0001.ppm,0.877868,0.877868,1.192e-7,1.000000
lfw,all,rgb,rgb/Paola_Espinoza_0001.ppm,0.961964,0.961964,0.000e0,1.000000
lfw,all,rgb,rgb/Paradorn_Srichaphan_0001.ppm,0.926800,0.926800,1.192e-7,1.000000
lfw,all,rgb,rgb/Paradorn_Srichaphan_0002.ppm,0.944269,0.944269,0.000e0,1.000000
lfw,all,rgb,rgb/Paradorn_Srichaphan_0003.ppm,0.927038,0.927038,0.000e0,1.000000
lfw,all,rgb,rgb/Paradorn_Srichaphan_0004.ppm,0.933524,0.933524,0.000e0,1.000000
lfw,all,rgb,rgb/Paradorn_Srichaphan_0005.ppm,0.925122,0.925122,0.000e0,1.000000
lfw,all,rgb,rgb/Paradorn_Srichaphan_0006.ppm,0.930866,0.930866,1.788e-7,1.000000
lfw,all,rgb,rgb/Paradorn_Srichaphan_0007.ppm,0.966904,0.966904,0.000e0,1.000000
lfw,all,rgb,rgb/Paradorn_Srichaphan_0008.ppm,0.949152,0.949152,1.192e-7,1.000000
lfw,all,rgb,rgb/Paradorn_Srichaphan_0009.ppm,0.849340,0.849340,5.960e-8,1.000000
lfw,all,rgb,rgb/Paradorn_Srichaphan_0010.ppm,0.945134,0.945134,0.000e0,1.000000
lfw,all,rgb,rgb/Paris_Hilton_0001.ppm,0.948601,0.948601,1.192e-7,1.000000
lfw,all,rgb,rgb/Paris_Hilton_0002.ppm,0.940089,0.940089,1.192e-7,1.000000
lfw,all,rgb,rgb/Park_Jie-won_0001.ppm,0.964979,0.964979,1.192e-7,1.000000
lfw,all,rgb,rgb/Park_Jung_Sung_0001.ppm,0.945441,0.945441,5.960e-8,1.000000
lfw,all,rgb,rgb/Park_Na-kyong_0001.ppm,0.950364,0.950364,0.000e0,0.999999
lfw,all,rgb,rgb/Parris_Glendening_0001.ppm,0.934152,0.934153,1.192e-7,1.000000
lfw,all,rgb,rgb/Parris_Glendening_0002.ppm,0.910138,0.910138,0.000e0,1.000000
lfw,all,rgb,rgb/Parthiv_Patel_0001.ppm,0.970970,0.970970,0.000e0,1.000000
lfw,all,rgb,rgb/Pascal_Affi_Nguessan_0001.ppm,0.964358,0.964358,0.000e0,1.000000
lfw,all,rgb,rgb/Pascal_Lamy_0001.ppm,0.908019,0.908019,1.192e-7,1.000000
lfw,all,rgb,rgb/Pascal_Lamy_0002.ppm,0.923931,0.923932,1.192e-7,1.000000
lfw,all,rgb,rgb/Pascal_Quignard_0001.ppm,0.930399,0.930399,0.000e0,1.000000
lfw,all,rgb,rgb/Pascal_Quignard_0002.ppm,0.917813,0.917814,1.788e-7,1.000000
lfw,all,rgb,rgb/Pascal_Quignard_0003.ppm,0.931078,0.931078,1.192e-7,1.000000
lfw,all,rgb,rgb/Pascal_Rheaume_0001.ppm,0.896124,0.896124,1.192e-7,1.000000
lfw,all,rgb,rgb/Pat_Burns_0001.ppm,0.944058,0.944058,0.000e0,1.000000
lfw,all,rgb,rgb/Pat_Burns_0002.ppm,0.935524,0.935524,0.000e0,1.000000
lfw,all,rgb,rgb/Pat_Cox_0001.ppm,0.946921,0.946921,0.000e0,1.000000
lfw,all,rgb,rgb/Pat_Cox_0002.ppm,0.905454,0.905455,5.960e-8,1.000000
lfw,all,rgb,rgb/Pat_DAmuro_0001.ppm,0.959401,0.959401,0.000e0,1.000000
lfw,all,rgb,rgb/Pat_Riley_0001.ppm,0.902236,0.902236,1.192e-7,1.000000
lfw,all,rgb,rgb/Pat_Rochester_0001.ppm,0.921070,0.921070,0.000e0,0.999999
lfw,all,rgb,rgb/Pat_Summerall_0001.ppm,0.908648,0.908648,0.000e0,1.000000
lfw,all,rgb,rgb/Pat_Summitt_0001.ppm,0.893818,0.893818,0.000e0,1.000000
lfw,all,rgb,rgb/Pat_Wharton_0001.ppm,0.922943,0.922943,1.192e-7,1.000000
lfw,all,rgb,rgb/Patrice_Chereau_0001.ppm,0.939588,0.939588,0.000e0,1.000000
lfw,all,rgb,rgb/Patrice_Chereau_0002.ppm,0.914888,0.914888,1.192e-7,1.000000
lfw,all,rgb,rgb/Patricia_Clarkson_0001.ppm,0.903217,0.903217,1.192e-7,1.000000
lfw,all,rgb,rgb/Patricia_Clarkson_0002.ppm,0.909872,0.909872,0.000e0,1.000000
lfw,all,rgb,rgb/Patricia_Clarkson_0003.ppm,0.945370,0.945370,1.192e-7,0.999999
lfw,all,rgb,rgb/Patricia_Clarkson_0004.ppm,0.865214,0.865214,5.960e-8,1.000000
lfw,all,rgb,rgb/Patricia_Garone_0001.ppm,0.872793,0.872794,1.788e-7,1.000000
lfw,all,rgb,rgb/Patricia_Hearst_0001.ppm,0.909963,0.909963,0.000e0,1.000000
lfw,all,rgb,rgb/Patricia_Heaton_0001.ppm,0.953385,0.953385,1.192e-7,1.000000
lfw,all,rgb,rgb/Patricia_Heaton_0002.ppm,0.912270,0.912270,0.000e0,1.000000
lfw,all,rgb,rgb/Patricia_Johnson_0001.ppm,0.884102,0.884102,0.000e0,1.000000
lfw,all,rgb,rgb/Patricia_Medina_0001.ppm,0.929327,0.929327,1.192e-7,1.000000
lfw,all,rgb,rgb/Patricia_Phillips_0001.ppm,0.962483,0.962483,0.000e0,1.000000
lfw,all,rgb,rgb/Patricia_Russo_0001.ppm,0.899681,0.899680,1.192e-7,1.000000
lfw,all,rgb,rgb/Patricia_Wartusch_0001.ppm,0.886646,0.886647,1.788e-7,1.000000
lfw,all,rgb,rgb/Patrick_Bourrat_0001.ppm,0.936983,0.936984,1.192e-7,1.000000
lfw,all,rgb,rgb/Patrick_Clawsen_0001.ppm,0.948564,0.948564,0.000e0,0.999999
lfw,all,rgb,rgb/Patrick_Coleman_0001.ppm,0.956722,0.956722,1.192e-7,1.000000
lfw,all,rgb,rgb/Patrick_Dennehy_0001.ppm,0.904263,0.904263,0.000e0,1.000000
lfw,all,rgb,rgb/Patrick_Eaves_0001.ppm,0.922652,0.922652,1.192e-7,1.000000
lfw,all,rgb,rgb/Patrick_Ewing_0001.ppm,0.868228,0.868228,1.788e-7,1.000000
lfw,all,rgb,rgb/Patrick_Ewing_0002.ppm,0.887841,0.887841,0.000e0,1.000000
lfw,all,rgb,rgb/Patrick_Kron_0001.ppm,0.986075,0.986075,0.000e0,0.999999
lfw,all,rgb,rgb/Patrick_Leahy_0001.ppm,0.915260,0.915260,0.000e0,1.000000
lfw,all,rgb,rgb/Patrick_Leahy_0002.ppm,0.898528,0.898528,5.960e-8,1.000000
lfw,all,rgb,rgb/Patrick_McEnroe_0001.ppm,0.937958,0.937958,1.192e-7,1.000000
lfw,all,rgb,rgb/Patrick_McEnroe_0002.ppm,0.936687,0.936687,0.000e0,1.000000
lfw,all,rgb,rgb/Patrick_Rafter_0001.ppm,0.943549,0.943549,1.192e-7,1.000000
lfw,all,rgb,rgb/Patrick_Roy_0001.ppm,0.912154,0.912154,1.192e-7,1.000000
lfw,all,rgb,rgb/Patrick_Roy_0002.ppm,0.922136,0.922136,0.000e0,1.000000
lfw,all,rgb,rgb/Patrick_Stewart_0001.ppm,0.906599,0.906599,1.192e-7,1.000000
lfw,all,rgb,rgb/Patrick_Stewart_0002.ppm,0.921833,0.921833,1.192e-7,1.000000
lfw,all,rgb,rgb/Patrik_Kristiansson_0001.ppm,0.851486,0.851486,1.192e-7,1.000000
lfw,all,rgb,rgb/Patsy_Hardy_0001.ppm,0.930387,0.930387,1.192e-7,1.000000
lfw,all,rgb,rgb/Patsy_Kensit_0001.ppm,0.959352,0.959352,0.000e0,1.000000
lfw,all,rgb,rgb/Patsy_Mink_0001.ppm,0.908562,0.908562,1.192e-7,1.000000
lfw,all,rgb,rgb/Patti_Balgojevich_0001.ppm,0.844917,0.844916,1.788e-7,1.000000
lfw,all,rgb,rgb/Patti_Labelle_0001.ppm,0.945278,0.945278,0.000e0,1.000000
lfw,all,rgb,rgb/Patti_Labelle_0002.ppm,0.927383,0.927383,0.000e0,1.000000
lfw,all,rgb,rgb/Patti_Labelle_0003.ppm,0.968661,0.968661,0.000e0,1.000000
lfw,all,rgb,rgb/Patti_Lank_0001.ppm,0.916346,0.916346,1.192e-7,1.000000
lfw,all,rgb,rgb/Patti_Smith_0001.ppm,0.946296,0.946296,1.192e-7,1.000000
lfw,all,rgb,rgb/Patty_Duke_0001.ppm,0.936833,0.936833,1.192e-7,1.000000
lfw,all,rgb,rgb/Patty_Schnyder_0001.ppm,0.933813,0.933813,0.000e0,1.000000
lfw,all,rgb,rgb/Patty_Schnyder_0002.ppm,0.932188,0.932188,1.192e-7,1.000000
lfw,all,rgb,rgb/Patty_Schnyder_0003.ppm,0.971578,0.971578,0.000e0,1.000000
lfw,all,rgb,rgb/Patty_Schnyder_0004.ppm,0.918189,0.918189,0.000e0,1.000000
lfw,all,rgb,rgb/Patty_Sheehan_0001.ppm,0.920686,0.920686,0.000e0,1.000000
lfw,all,rgb,rgb/Paul-Henri_Mathieu_0001.ppm,0.907167,0.907167,0.000e0,0.999999
lfw,all,rgb,rgb/Paul-Henri_Mathieu_0002.ppm,0.940838,0.940838,1.788e-7,1.000000
lfw,all,rgb,rgb/Paul-Henri_Mathieu_0003.ppm,0.925707,0.925707,0.000e0,1.000000
lfw,all,rgb,rgb/Paul_Bettany_0001.ppm,0.934475,0.934475,0.000e0,1.000000
lfw,all,rgb,rgb/Paul_Brandt_0001.ppm,0.891583,0.891583,0.000e0,1.000000
lfw,all,rgb,rgb/Paul_Bremer_0001.ppm,0.942107,0.942107,0.000e0,1.000000
lfw,all,rgb,rgb/Paul_Bremer_0002.ppm,0.910304,0.910304,5.960e-8,1.000000
lfw,all,rgb,rgb/Paul_Bremer_0003.ppm,0.926247,0.926247,0.000e0,1.000000
lfw,all,rgb,rgb/Paul_Bremer_0004.ppm,0.962832,0.962832,0.000e0,1.000000
lfw,all,rgb,rgb/Paul_Bremer_0005.ppm,0.935421,0.935421,0.000e0,1.000000
lfw,all,rgb,rgb/Paul_Bremer_0006.ppm,0.952654,0.952654,0.000e0,1.000000
lfw,all,rgb,rgb/Paul_Bremer_0007.ppm,0.954763,0.954763,3.576e-7,1.000000
lfw,all,rgb,rgb/Paul_Bremer_0008.ppm,0.937704,0.937705,1.192e-7,1.000000
lfw,all,rgb,rgb/Paul_Bremer_0009.ppm,0.960977,0.960977,1.192e-7,1.000000
lfw,all,rgb,rgb/Paul_Bremer_0010.ppm,0.950439,0.950439,1.192e-7,1.000000
lfw,all,rgb,rgb/Paul_Bremer_0011.ppm,0.940105,0.940105,0.000e0,1.000000
lfw,all,rgb,rgb/Paul_Bremer_0012.ppm,0.961015,0.961015,5.960e-8,1.000000
lfw,all,rgb,rgb/Paul_Bremer_0013.ppm,0.934822,0.934822,0.000e0,1.000000
lfw,all,rgb,rgb/Paul_Bremer_0014.ppm,0.840204,0.840204,5.960e-8,1.000000
lfw,all,rgb,rgb/Paul_Bremer_0015.ppm,0.906279,0.906279,1.192e-7,1.000000
lfw,all,rgb,rgb/Paul_Bremer_0016.ppm,0.868104,0.868104,0.000e0,1.000000
lfw,all,rgb,rgb/Paul_Bremer_0017.ppm,0.943779,0.943779,0.000e0,1.000000
lfw,all,rgb,rgb/Paul_Bremer_0018.ppm,0.968907,0.968907,1.192e-7,0.999999
lfw,all,rgb,rgb/Paul_Bremer_0019.ppm,0.969518,0.969518,1.192e-7,1.000000
lfw,all,rgb,rgb/Paul_Bremer_0020.ppm,0.966599,0.966599,0.000e0,1.000000
lfw,all,rgb,rgb/Paul_Burrell_0001.ppm,0.956737,0.956737,0.000e0,1.000000
lfw,all,rgb,rgb/Paul_Burrell_0002.ppm,0.937312,0.937312,0.000e0,1.000000
lfw,all,rgb,rgb/Paul_Burrell_0003.ppm,0.960336,0.960336,1.192e-7,1.000000
lfw,all,rgb,rgb/Paul_Burrell_0004.ppm,0.968706,0.968706,0.000e0,1.000000
lfw,all,rgb,rgb/Paul_Burrell_0005.ppm,0.984219,0.984219,1.192e-7,1.000000
lfw,all,rgb,rgb/Paul_Burrell_0006.ppm,0.960827,0.960827,0.000e0,1.000000
lfw,all,rgb,rgb/Paul_Burrell_0007.ppm,0.929450,0.929450,1.192e-7,1.000000
lfw,all,rgb,rgb/Paul_Burrell_0008.ppm,0.913194,0.913193,1.192e-7,1.000000
lfw,all,rgb,rgb/Paul_Burrell_0009.ppm,0.975258,0.975258,0.000e0,1.000000
lfw,all,rgb,rgb/Paul_Burrell_0010.ppm,0.963706,0.963706,1.192e-7,1.000000
lfw,all,rgb,rgb/Paul_Burrell_0011.ppm,0.931861,0.931861,5.960e-8,1.000000
lfw,all,rgb,rgb/Paul_Byrd_0001.ppm,0.903254,0.903254,1.192e-7,1.000000
lfw,all,rgb,rgb/Paul_Byrd_0002.ppm,0.942890,0.942890,1.192e-7,1.000000
lfw,all,rgb,rgb/Paul_Celluci_0001.ppm,0.926515,0.926515,0.000e0,1.000000
lfw,all,rgb,rgb/Paul_Cerjan_0001.ppm,0.979077,0.979077,1.192e-7,1.000000
lfw,all,rgb,rgb/Paul_Clark_0001.ppm,0.926735,0.926735,1.192e-7,1.000000
lfw,all,rgb,rgb/Paul_Coppin_0001.ppm,0.897056,0.897056,0.000e0,1.000000
lfw,all,rgb,rgb/Paul_Coppin_0002.ppm,0.931763,0.931763,0.000e0,1.000000
lfw,all,rgb,rgb/Paul_Crake_0001.ppm,0.942214,0.942213,1.192e-7,1.000000
lfw,all,rgb,rgb/Paul_Desmarais_0001.ppm,0.960381,0.960381,0.000e0,1.000000
lfw,all,rgb,rgb/Paul_Ebert_0001.ppm,0.912967,0.912967,5.960e-8,0.999999
lfw,all,rgb,rgb/Paul_Farley_0001.ppm,0.916579,0.916579,1.192e-7,0.999999
lfw,all,rgb,rgb/Paul_Gannon_0001.ppm,0.889468,0.889468,0.000e0,1.000000
lfw,all,rgb,rgb/Paul_Gascoigne_0001.ppm,0.903399,0.903399,0.000e0,1.000000
lfw,all,rgb,rgb/Paul_Gascoigne_0002.ppm,0.910352,0.910352,0.000e0,1.000000
lfw,all,rgb,rgb/Paul_Gascoigne_0003.ppm,0.931549,0.931549,1.192e-7,1.000000
lfw,all,rgb,rgb/Paul_Greengrass_0001.ppm,0.899263,0.899262,1.788e-7,1.000000
lfw,all,rgb,rgb/Paul_Henderson_0001.ppm,0.958234,0.958234,5.960e-8,1.000000
lfw,all,rgb,rgb/Paul_Hogan_0001.ppm,0.923408,0.923408,0.000e0,0.999999
lfw,all,rgb,rgb/Paul_Hogan_0002.ppm,0.927323,0.927323,0.000e0,1.000000
lfw,all,rgb,rgb/Paul_Johnson_0001.ppm,0.869498,0.869498,0.000e0,1.000000
lfw,all,rgb,rgb/Paul_Kagame_0001.ppm,0.938648,0.938648,0.000e0,1.000000
lfw,all,rgb,rgb/Paul_Kagame_0002.ppm,0.910849,0.910849,5.960e-8,1.000000
lfw,all,rgb,rgb/Paul_Kariya_0001.ppm,0.956278,0.956278,0.000e0,0.999999
lfw,all,rgb,rgb/Paul_Kelleher_0001.ppm,0.945665,0.945665,1.192e-7,1.000000
lfw,all,rgb,rgb/Paul_Krueger_0001.ppm,0.935553,0.935553,0.000e0,1.000000
lfw,all,rgb,rgb/Paul_LeClerc_0001.ppm,0.944748,0.944748,1.192e-7,1.000000
lfw,all,rgb,rgb/Paul_Li_Calsi_0001.ppm,0.933436,0.933437,1.192e-7,1.000000
lfw,all,rgb,rgb/Paul_Lo_Duca_0001.ppm,0.939430,0.939430,0.000e0,1.000000
lfw,all,rgb,rgb/Paul_Lockhart_0001.ppm,0.886162,0.886162,0.000e0,1.000000
lfw,all,rgb,rgb/Paul_Luvera_0001.ppm,0.922170,0.922170,0.000e0,1.000000
lfw,all,rgb,rgb/Paul_Martin_0001.ppm,0.925634,0.925634,0.000e0,0.999999
lfw,all,rgb,rgb/Paul_Martin_0002.ppm,0.942679,0.942678,1.192e-7,1.000000
lfw,all,rgb,rgb/Paul_Martin_0003.ppm,0.934484,0.934484,0.000e0,1.000000
lfw,all,rgb,rgb/Paul_Martin_0004.ppm,0.909704,0.909704,0.000e0,0.999999
lfw,all,rgb,rgb/Paul_Martin_0005.ppm,0.880952,0.880952,0.000e0,1.000000
lfw,all,rgb,rgb/Paul_Martin_0006.ppm,0.913250,0.913250,0.000e0,1.000000
lfw,all,rgb,rgb/Paul_Martin_0007.ppm,0.871775,0.871775,5.960e-8,1.000000
lfw,all,rgb,rgb/Paul_Martin_0008.ppm,0.924672,0.924672,0.000e0,1.000000
lfw,all,rgb,rgb/Paul_McCartney_0001.ppm,0.960216,0.960216,0.000e0,1.000000
lfw,all,rgb,rgb/Paul_McCartney_0002.ppm,0.922641,0.922641,0.000e0,1.000000
lfw,all,rgb,rgb/Paul_McCartney_0003.ppm,0.928609,0.928609,0.000e0,1.000000
lfw,all,rgb,rgb/Paul_McCartney_0004.ppm,0.970262,0.970262,1.192e-7,1.000000
lfw,all,rgb,rgb/Paul_McCartney_0005.ppm,0.968863,0.968863,5.960e-8,1.000000
lfw,all,rgb,rgb/Paul_McCartney_0006.ppm,0.921668,0.921668,0.000e0,1.000000
lfw,all,rgb,rgb/Paul_McCartney_0007.ppm,0.904622,0.904622,1.192e-7,1.000000
lfw,all,rgb,rgb/Paul_McNulty_0001.ppm,0.965641,0.965641,0.000e0,1.000000
lfw,all,rgb,rgb/Paul_McNulty_0002.ppm,0.909771,0.909771,0.000e0,1.000000
lfw,all,rgb,rgb/Paul_Michael_Daniels_0001.ppm,0.930249,0.930249,1.192e-7,1.000000
lfw,all,rgb,rgb/Paul_Murphy_0001.ppm,0.937084,0.937084,0.000e0,1.000000
lfw,all,rgb,rgb/Paul_Newman_0001.ppm,0.887753,0.887752,1.192e-7,1.000000
lfw,all,rgb,rgb/Paul_ONeill_0001.ppm,0.925123,0.925123,5.960e-8,1.000000
lfw,all,rgb,rgb/Paul_ONeill_0002.ppm,0.943339,0.943339,0.000e0,1.000000
lfw,all,rgb,rgb/Paul_ONeill_0003.ppm,0.915558,0.915558,0.000e0,1.000000
lfw,all,rgb,rgb/Paul_ONeill_0004.ppm,0.897777,0.897777,1.192e-7,1.000000
lfw,all,rgb,rgb/Paul_ONeill_0005.ppm,0.899724,0.899724,1.192e-7,1.000000
lfw,all,rgb,rgb/Paul_ONeill_0006.ppm,0.925988,0.925988,1.192e-7,1.000000
lfw,all,rgb,rgb/Paul_ONeill_0007.ppm,0.944310,0.944310,0.000e0,1.000000
lfw,all,rgb,rgb/Paul_ONeill_0008.ppm,0.899598,0.899598,0.000e0,0.999999
lfw,all,rgb,rgb/Paul_ONeill_0009.ppm,0.925339,0.925339,0.000e0,1.000000
lfw,all,rgb,rgb/Paul_Otellini_0001.ppm,0.931051,0.931051,0.000e0,1.000000
lfw,all,rgb,rgb/Paul_Patton_0001.ppm,0.951030,0.951030,0.000e0,1.000000
lfw,all,rgb,rgb/Paul_Patton_0002.ppm,0.891437,0.891437,0.000e0,1.000000
lfw,all,rgb,rgb/Paul_Pierce_0001.ppm,0.941641,0.941641,0.000e0,1.000000
lfw,all,rgb,rgb/Paul_Pierce_0002.ppm,0.952990,0.952990,1.192e-7,1.000000
lfw,all,rgb,rgb/Paul_Reiser_0001.ppm,0.913797,0.913797,0.000e0,1.000000
lfw,all,rgb,rgb/Paul_Sarbanes_0001.ppm,0.933625,0.933625,0.000e0,1.000000
lfw,all,rgb,rgb/Paul_Sarbanes_0002.ppm,0.910472,0.910472,5.960e-8,1.000000
lfw,all,rgb,rgb/Paul_Sarbanes_0003.ppm,0.930367,0.930367,0.000e0,1.000000
lfw,all,rgb,rgb/Paul_Schrader_0001.ppm,0.929443,0.929443,0.000e0,1.000000
lfw,all,rgb,rgb/Paul_Shanley_0001.ppm,0.945949,0.945949,0.000e0,1.000000
lfw,all,rgb,rgb/Paul_Shanley_0002.ppm,0.917080,0.917080,0.000e0,1.000000
lfw,all,rgb,rgb/Paul_Shanley_0003.ppm,0.894396,0.894396,5.960e-8,1.000000
lfw,all,rgb,rgb/Paul_Tagliabue_0001.ppm,0.892796,0.892796,0.000e0,1.000000
lfw,all,rgb,rgb/Paul_Tagliabue_0002.ppm,0.929653,0.929654,2.384e-7,1.000000
lfw,all,rgb,rgb/Paul_Tagliabue_0003.ppm,0.939556,0.939556,0.000e0,0.999999
lfw,all,rgb,rgb/Paul_Tagliabue_0004.ppm,0.920338,0.920338,0.000e0,0.999999
lfw,all,rgb,rgb/Paul_Tracy_0001.ppm,0.894154,0.894154,0.000e0,1.000000
lfw,all,rgb,rgb/Paul_Vathis_0001.ppm,0.899316,0.899316,5.960e-8,1.000000
lfw,all,rgb,rgb/Paul_Walker_0001.ppm,0.930825,0.930825,1.192e-7,1.000000
lfw,all,rgb,rgb/Paul_Wals_0001.ppm,0.860531,0.860531,0.000e0,1.000000
lfw,all,rgb,rgb/Paul_Wellstone_0001.ppm,0.954669,0.954669,0.000e0,1.000000
lfw,all,rgb,rgb/Paul_Wellstone_0002.ppm,0.965409,0.965409,1.192e-7,1.000000
lfw,all,rgb,rgb/Paul_Wellstone_0003.ppm,0.918317,0.918317,1.192e-7,1.000000
lfw,all,rgb,rgb/Paul_William_Hurley_0001.ppm,0.953396,0.953396,0.000e0,1.000000
lfw,all,rgb,rgb/Paul_William_Hurley_0002.ppm,0.906306,0.906306,5.960e-8,1.000000
lfw,all,rgb,rgb/Paul_Wilson_0001.ppm,0.874317,0.874317,5.960e-8,1.000000
lfw,all,rgb,rgb/Paul_Wolfowitz_0001.ppm,0.967677,0.967677,0.000e0,1.000000
lfw,all,rgb,rgb/Paul_Wolfowitz_0002.ppm,0.933407,0.933407,0.000e0,1.000000
lfw,all,rgb,rgb/Paul_Wolfowitz_0003.ppm,0.930339,0.930339,1.192e-7,1.000000
lfw,all,rgb,rgb/Paul_Wolfowitz_0004.ppm,0.938303,0.938304,1.192e-7,1.000000
lfw,all,rgb,rgb/Paul_Wolfowitz_0005.ppm,0.935877,0.935877,0.000e0,1.000000
lfw,all,rgb,rgb/Paul_Wolfowitz_0006.ppm,0.910721,0.910721,5.960e-8,1.000000
lfw,all,rgb,rgb/Paul_Wolfowitz_0007.ppm,0.967194,0.967194,0.000e0,1.000000
lfw,all,rgb,rgb/Paul_Wolfowitz_0008.ppm,0.921974,0.921974,1.192e-7,1.000000
lfw,all,rgb,rgb/Paul_Wolfowitz_0009.ppm,0.931699,0.931699,0.000e0,1.000000
lfw,all,rgb,rgb/Paul_Wolfowitz_0010.ppm,0.944400,0.944400,1.192e-7,0.999999
lfw,all,rgb,rgb/Paul_Wollnough_0001.ppm,0.961272,0.961272,1.192e-7,1.000000
lfw,all,rgb,rgb/Paula_Abdul_0001.ppm,0.942692,0.942692,0.000e0,1.000000
lfw,all,rgb,rgb/Paula_Dobriansky_0001.ppm,0.920694,0.920694,0.000e0,1.000000
lfw,all,rgb,rgb/Paula_Locke_0001.ppm,0.874461,0.874461,1.192e-7,1.000000
lfw,all,rgb,rgb/Paula_Prentiss_0001.ppm,0.911706,0.911706,1.192e-7,1.000000
lfw,all,rgb,rgb/Paula_Radcliffe_0001.ppm,0.941056,0.941056,0.000e0,1.000000
lfw,all,rgb,rgb/Paula_Radcliffe_0002.ppm,0.959029,0.959029,0.000e0,1.000000
lfw,all,rgb,rgb/Paula_Radcliffe_0003.ppm,0.939545,0.939545,0.000e0,1.000000
lfw,all,rgb,rgb/Paula_Radcliffe_0004.ppm,0.914790,0.914790,0.000e0,1.000000
lfw,all,rgb,rgb/Paula_Radcliffe_0005.ppm,0.905838,0.905838,0.000e0,1.000000
lfw,all,rgb,rgb/Paula_Radcliffe_0006.ppm,0.846242,0.846242,0.000e0,1.000000
lfw,all,rgb,rgb/Paula_Zahn_0001.ppm,0.925441,0.925441,2.384e-7,1.000000
lfw,all,rgb,rgb/Paula_Zahn_0002.ppm,0.960393,0.960393,1.192e-7,1.000000
lfw,all,rgb,rgb/Pauley_Perrette_0001.ppm,0.919493,0.919493,0.000e0,1.000000
lfw,all,rgb,rgb/Paulie_Ayala_0001.ppm,0.971207,0.971207,0.000e0,1.000000
lfw,all,rgb,rgb/Paulina_Rodriguez_Davila_0001.ppm,0.859449,0.859449,1.192e-7,1.000000
lfw,all,rgb,rgb/Pauline_Landers_0001.ppm,0.876181,0.876181,1.788e-7,1.000000
lfw,all,rgb,rgb/Pauline_Phillips_0001.ppm,0.912049,0.912049,1.192e-7,1.000000
lfw,all,rgb,rgb/Paulo_Cesar_Pinheiro_0001.ppm,0.931747,0.931747,0.000e0,1.000000
lfw,all,rgb,rgb/Paulo_Cesar_Pinheiro_0002.ppm,0.915056,0.915056,0.000e0,1.000000
lfw,all,rgb,rgb/Pedro_Almodovar_0001.ppm,0.937641,0.937641,0.000e0,1.000000
lfw,all,rgb,rgb/Pedro_Almodovar_0002.ppm,0.887085,0.887085,0.000e0,1.000000
lfw,all,rgb,rgb/Pedro_Almodovar_0003.ppm,0.825885,0.825885,0.000e0,1.000000
lfw,all,rgb,rgb/Pedro_Almodovar_0004.ppm,0.921786,0.921786,5.960e-8,1.000000
lfw,all,rgb,rgb/Pedro_Almodovar_0005.ppm,0.897654,0.897654,0.000e0,1.000000
lfw,all,rgb,rgb/Pedro_Almodovar_0006.ppm,0.904641,0.904641,5.960e-8,1.000000
lfw,all,rgb,rgb/Pedro_Almodovar_0007.ppm,0.908333,0.908333,5.960e-8,1.000000
lfw,all,rgb,rgb/Pedro_Alvarez_0001.ppm,0.919875,0.919875,0.000e0,0.999999
lfw,all,rgb,rgb/Pedro_Duque_0001.ppm,0.975171,0.975171,0.000e0,1.000000
lfw,all,rgb,rgb/Pedro_Mahecha_0001.ppm,0.859549,0.859549,1.192e-7,1.000000
lfw,all,rgb,rgb/Pedro_Malan_0001.ppm,0.951688,0.951688,5.960e-8,1.000000
lfw,all,rgb,rgb/Pedro_Malan_0002.ppm,0.986146,0.986146,0.000e0,0.999999
lfw,all,rgb,rgb/Pedro_Malan_0003.ppm,0.925793,0.925793,0.000e0,0.999999
lfw,all,rgb,rgb/Pedro_Malan_0004.ppm,0.938155,0.938155,1.192e-7,1.000000
lfw,all,rgb,rgb/Pedro_Malan_0005.ppm,0.906798,0.906798,1.192e-7,1.000000
lfw,all,rgb,rgb/Pedro_Martinez_0001.ppm,0.965101,0.965101,0.000e0,1.000000
lfw,all,rgb,rgb/Pedro_Pauleta_0001.ppm,0.924370,0.924370,0.000e0,1.000000
lfw,all,rgb,rgb/Pedro_Solbes_0001.ppm,0.897725,0.897725,1.192e-7,1.000000
lfw,all,rgb,rgb/Pedro_Solbes_0002.ppm,0.942442,0.942442,0.000e0,0.999999
lfw,all,rgb,rgb/Pedro_Solbes_0003.ppm,0.923368,0.923368,1.192e-7,1.000000
lfw,all,rgb,rgb/Pedro_Solbes_0004.ppm,0.898462,0.898462,0.000e0,1.000000
lfw,all,rgb,rgb/Pedro_Velasquez_0001.ppm,0.966054,0.966054,0.000e0,1.000000
lfw,all,rgb,rgb/Peggy_McGuinness_0001.ppm,0.918982,0.918982,1.192e-7,1.000000
lfw,all,rgb,rgb/Pele_0001.ppm,0.920694,0.920694,0.000e0,1.000000
lfw,all,rgb,rgb/Penelope_Ann_Miller_0001.ppm,0.956640,0.956640,0.000e0,0.999999
lfw,all,rgb,rgb/Penelope_Ann_Miller_0002.ppm,0.952958,0.952958,0.000e0,1.000000
lfw,all,rgb,rgb/Penelope_Cruz_0001.ppm,0.939362,0.939362,0.000e0,1.000000
lfw,all,rgb,rgb/Penelope_Cruz_0002.ppm,0.928698,0.928698,1.192e-7,1.000000
lfw,all,rgb,rgb/Penelope_Cruz_0003.ppm,0.960036,0.960036,0.000e0,1.000000
lfw,all,rgb,rgb/Penelope_Taylor_0001.ppm,0.896375,0.896376,1.192e-7,0.999999
lfw,all,rgb,rgb/Penny_Dupuie_0001.ppm,0.932186,0.932186,1.788e-7,1.000000
lfw,all,rgb,rgb/Penny_Lancaster_0001.ppm,0.909565,0.909566,1.192e-7,1.000000
lfw,all,rgb,rgb/Percy_Gibson_0001.ppm,0.933074,0.933074,0.000e0,1.000000
lfw,all,rgb,rgb/Peri_Gilpin_0001.ppm,0.926137,0.926137,0.000e0,1.000000
lfw,all,rgb,rgb/Pernilla_Bjorn_0001.ppm,0.900175,0.900176,5.960e-8,1.000000
lfw,all,rgb,rgb/Perri_Shaw_0001.ppm,0.932927,0.932927,0.000e0,1.000000
lfw,all,rgb,rgb/Perry_Compton_0001.ppm,0.897919,0.897919,0.000e0,1.000000
lfw,all,rgb,rgb/Perry_Farrell_0001.ppm,0.923984,0.923984,0.000e0,1.000000
lfw,all,rgb,rgb/Perry_Gibbs_0001.ppm,0.938287,0.938286,1.192e-7,1.000000
lfw,all,rgb,rgb/Pervez_Musharraf_0001.ppm,0.932642,0.932642,0.000e0,1.000000
lfw,all,rgb,rgb/Pervez_Musharraf_0002.ppm,0.954857,0.954857,0.000e0,1.000000
lfw,all,rgb,rgb/Pervez_Musharraf_0003.ppm,0.954232,0.954232,0.000e0,1.000000
lfw,all,rgb,rgb/Pervez_Musharraf_0004.ppm,0.956571,0.956571,0.000e0,0.999999
lfw,all,rgb,rgb/Pervez_Musharraf_0005.ppm,0.857677,0.857677,0.000e0,1.000000
lfw,all,rgb,rgb/Pervez_Musharraf_0006.ppm,0.901813,0.901813,5.960e-8,1.000000
lfw,all,rgb,rgb/Pervez_Musharraf_0007.ppm,0.921757,0.921757,0.000e0,1.000000
lfw,all,rgb,rgb/Pervez_Musharraf_0008.ppm,0.960396,0.960396,1.192e-7,1.000000
lfw,all,rgb,rgb/Pervez_Musharraf_0009.ppm,0.944148,0.944148,1.192e-7,1.000000
lfw,all,rgb,rgb/Pervez_Musharraf_0010.ppm,0.908509,0.908509,0.000e0,1.000000
lfw,all,rgb,rgb/Pervez_Musharraf_0011.ppm,0.959062,0.959062,0.000e0,1.000000
lfw,all,rgb,rgb/Pervez_Musharraf_0012.ppm,0.956411,0.956411,1.192e-7,1.000000
lfw,all,rgb,rgb/Pervez_Musharraf_0013.ppm,0.941341,0.941342,5.960e-8,1.000000
lfw,all,rgb,rgb/Pervez_Musharraf_0014.ppm,0.968888,0.968888,0.000e0,1.000000
lfw,all,rgb,rgb/Pervez_Musharraf_0015.ppm,0.954484,0.954484,0.000e0,0.999999
lfw,all,rgb,rgb/Pervez_Musharraf_0016.ppm,0.934644,0.934644,0.000e0,1.000000
lfw,all,rgb,rgb/Pervez_Musharraf_0017.ppm,0.908081,0.908081,1.192e-7,1.000000
lfw,all,rgb,rgb/Pervez_Musharraf_0018.ppm,0.903089,0.903089,0.000e0,1.000000
lfw,all,rgb,rgb/Pete_Aldridge_0001.ppm,0.939138,0.939139,1.192e-7,1.000000
lfw,all,rgb,rgb/Pete_Beaudrault_0001.ppm,0.948296,0.948296,0.000e0,1.000000
lfw,all,rgb,rgb/Pete_Carroll_0001.ppm,0.876307,0.876307,5.960e-8,1.000000
lfw,all,rgb,rgb/Pete_Carroll_0002.ppm,0.875004,0.875004,5.960e-8,1.000000
lfw,all,rgb,rgb/Pete_Carroll_0003.ppm,0.871441,0.871441,1.788e-7,1.000000
lfw,all,rgb,rgb/Pete_Gillen_0001.ppm,0.925024,0.925024,1.192e-7,1.000000
lfw,all,rgb,rgb/Pete_Rose_0001.ppm,0.927988,0.927988,0.000e0,1.000000
lfw,all,rgb,rgb/Pete_Rose_0002.ppm,0.908195,0.908195,0.000e0,1.000000
lfw,all,rgb,rgb/Pete_Sampras_0001.ppm,0.883810,0.883810,0.000e0,1.000000
lfw,all,rgb,rgb/Pete_Sampras_0002.ppm,0.876672,0.876672,0.000e0,1.000000
lfw,all,rgb,rgb/Pete_Sampras_0003.ppm,0.891369,0.891369,0.000e0,1.000000
lfw,all,rgb,rgb/Pete_Sampras_0004.ppm,0.949102,0.949102,1.192e-7,1.000000
lfw,all,rgb,rgb/Pete_Sampras_0005.ppm,0.942383,0.942384,1.192e-7,1.000000
lfw,all,rgb,rgb/Pete_Sampras_0006.ppm,0.969328,0.969328,0.000e0,1.000000
lfw,all,rgb,rgb/Pete_Sampras_0007.ppm,0.925482,0.925483,1.192e-7,1.000000
lfw,all,rgb,rgb/Pete_Sampras_0008.ppm,0.895907,0.895907,1.192e-7,1.000000
lfw,all,rgb,rgb/Pete_Sampras_0009.ppm,0.948590,0.948590,0.000e0,1.000000
lfw,all,rgb,rgb/Pete_Sampras_0010.ppm,0.917698,0.917698,1.192e-7,1.000000
lfw,all,rgb,rgb/Pete_Sampras_0011.ppm,0.925790,0.925790,0.000e0,1.000000
lfw,all,rgb,rgb/Pete_Sampras_0012.ppm,0.891506,0.891506,0.000e0,1.000000
lfw,all,rgb,rgb/Pete_Sampras_0013.ppm,0.950022,0.950022,1.192e-7,1.000000
lfw,all,rgb,rgb/Pete_Sampras_0014.ppm,0.950409,0.950409,0.000e0,1.000000
lfw,all,rgb,rgb/Pete_Sampras_0015.ppm,0.869254,0.869254,1.192e-7,1.000000
lfw,all,rgb,rgb/Pete_Sampras_0016.ppm,0.951863,0.951863,0.000e0,1.000000
lfw,all,rgb,rgb/Pete_Sampras_0017.ppm,0.927383,0.927383,1.192e-7,1.000000
lfw,all,rgb,rgb/Pete_Sampras_0018.ppm,0.934860,0.934860,0.000e0,1.000000
lfw,all,rgb,rgb/Pete_Sampras_0019.ppm,0.883651,0.883651,1.192e-7,1.000000
lfw,all,rgb,rgb/Pete_Sampras_0020.ppm,0.937040,0.937040,0.000e0,1.000000
lfw,all,rgb,rgb/Pete_Sampras_0021.ppm,0.961649,0.961649,0.000e0,1.000000
lfw,all,rgb,rgb/Pete_Sampras_0022.ppm,0.944768,0.944768,5.960e-8,1.000000
lfw,all,rgb,rgb/Peter_Ahearn_0001.ppm,0.960740,0.960740,1.192e-7,0.999999
lfw,all,rgb,rgb/Peter_Albertsen_0001.ppm,0.894896,0.894896,5.960e-8,1.000000
lfw,all,rgb,rgb/Peter_Arnett_0001.ppm,0.928658,0.928658,0.000e0,1.000000
lfw,all,rgb,rgb/Peter_Arnett_0002.ppm,0.914199,0.914199,1.192e-7,1.000000
lfw,all,rgb,rgb/Peter_Arnett_0003.ppm,0.935349,0.935349,0.000e0,1.000000
lfw,all,rgb,rgb/Peter_Bacanovic_0001.ppm,0.949168,0.949168,0.000e0,1.000000
lfw,all,rgb,rgb/Peter_Bacanovic_0002.ppm,0.968948,0.968948,0.000e0,1.000000
lfw,all,rgb,rgb/Peter_Camejo_0001.ppm,0.920803,0.920802,5.960e-8,1.000000
lfw,all,rgb,rgb/Peter_Care_0001.ppm,0.955024,0.955024,0.000e0,1.000000
lfw,all,rgb,rgb/Peter_Caruana_0001.ppm,0.884506,0.884505,1.788e-7,0.999999
lfw,all,rgb,rgb/Peter_Chan_0001.ppm,0.972182,0.972182,0.000e0,1.000000
lfw,all,rgb,rgb/Peter_Costello_0001.ppm,0.924180,0.924180,0.000e0,1.000000
lfw,all,rgb,rgb/Peter_Costello_0002.ppm,0.945434,0.945434,1.192e-7,1.000000
lfw,all,rgb,rgb/Peter_Fisher_0001.ppm,0.917208,0.917208,0.000e0,0.999999
lfw,all,rgb,rgb/Peter_Fitzgerald_0001.ppm,0.929271,0.929271,0.000e0,1.000000
lfw,all,rgb,rgb/Peter_Fonda_0001.ppm,0.904279,0.904279,1.192e-7,1.000000
lfw,all,rgb,rgb/Peter_Gabriel_0001.ppm,0.918564,0.918564,0.000e0,1.000000
lfw,all,rgb,rgb/Peter_Gilmour_0001.ppm,0.917617,0.917617,0.000e0,0.999999
lfw,all,rgb,rgb/Peter_Goldmark_0001.ppm,0.926907,0.926907,1.192e-7,1.000000
lfw,all,rgb,rgb/Peter_Greenaway_0001.ppm,0.941700,0.941700,0.000e0,1.000000
lfw,all,rgb,rgb/Peter_Greenaway_0002.ppm,0.929093,0.929093,0.000e0,1.000000
lfw,all,rgb,rgb/Peter_Greenspun_0001.ppm,0.917228,0.917228,5.960e-8,1.000000
lfw,all,rgb,rgb/Peter_Harrison_0001.ppm,0.908260,0.908260,0.000e0,1.000000
lfw,all,rgb,rgb/Peter_Harrison_0002.ppm,0.863205,0.863205,0.000e0,1.000000
lfw,all,rgb,rgb/Peter_Hartz_0001.ppm,0.894493,0.894493,0.000e0,1.000000
lfw,all,rgb,rgb/Peter_Harvey_0001.ppm,0.932324,0.932324,0.000e0,1.000000
lfw,all,rgb,rgb/Peter_Hillary_0001.ppm,0.917042,0.917042,0.000e0,1.000000
lfw,all,rgb,rgb/Peter_Hillary_0002.ppm,0.913608,0.913608,0.000e0,1.000000
lfw,all,rgb,rgb/Peter_Hollingworth_0001.ppm,0.889376,0.889376,0.000e0,1.000000
lfw,all,rgb,rgb/Peter_Holmberg_0001.ppm,0.871959,0.871959,0.000e0,1.000000
lfw,all,rgb,rgb/Peter_Hunt_0001.ppm,0.897135,0.897134,1.192e-7,0.999999
lfw,all,rgb,rgb/Peter_Lundgren_0001.ppm,0.956965,0.956965,1.192e-7,1.000000
lfw,all,rgb,rgb/Peter_Mackay_0001.ppm,0.911184,0.911184,0.000e0,1.000000
lfw,all,rgb,rgb/Peter_Mansbridge_0001.ppm,0.921471,0.921471,0.000e0,0.999999
lfw,all,rgb,rgb/Peter_Max_0001.ppm,0.948804,0.948804,0.000e0,1.000000
lfw,all,rgb,rgb/Peter_Medgyessy_0001.ppm,0.911608,0.911608,1.192e-7,1.000000
lfw,all,rgb,rgb/Peter_Mugyeni_0001.ppm,0.766498,0.766498,2.384e-7,1.000000
lfw,all,rgb,rgb/Peter_Mullan_0001.ppm,0.943170,0.943170,1.192e-7,1.000000
lfw,all,rgb,rgb/Peter_OToole_0001.ppm,0.919341,0.919341,0.000e0,1.000000
lfw,all,rgb,rgb/Peter_Rasch_0001.ppm,0.945553,0.945553,1.192e-7,1.000000
lfw,all,rgb,rgb/Peter_Rasmussen_0001.ppm,0.917464,0.917464,1.192e-7,1.000000
lfw,all,rgb,rgb/Peter_Schultz_0001.ppm,0.942314,0.942314,0.000e0,1.000000
lfw,all,rgb,rgb/Peter_Sejna_0001.ppm,0.906647,0.906647,0.000e0,1.000000
lfw,all,rgb,rgb/Peter_Shaw_0001.ppm,0.920144,0.920144,0.000e0,1.000000
lfw,all,rgb,rgb/Peter_Struck_0001.ppm,0.937460,0.937460,0.000e0,1.000000
lfw,all,rgb,rgb/Peter_Struck_0002.ppm,0.872093,0.872093,5.960e-8,1.000000
lfw,all,rgb,rgb/Peter_Struck_0003.ppm,0.944942,0.944942,0.000e0,1.000000
lfw,all,rgb,rgb/Peter_Struck_0004.ppm,0.900576,0.900576,0.000e0,1.000000
lfw,all,rgb,rgb/Peter_Struck_0005.ppm,0.820933,0.820933,1.192e-7,1.000000
lfw,all,rgb,rgb/Peter_Ueberroth_0001.ppm,0.901115,0.901115,0.000e0,1.000000
lfw,all,rgb,rgb/Petria_Thomas_0001.ppm,0.925225,0.925225,5.960e-8,1.000000
lfw,all,rgb,rgb/Petria_Thomas_0002.ppm,0.896955,0.896955,0.000e0,1.000000
lfw,all,rgb,rgb/Petria_Thomas_0003.ppm,0.940267,0.940267,0.000e0,1.000000
lfw,all,rgb,rgb/Petro_Symonenko_0001.ppm,0.959196,0.959196,1.192e-7,0.999999
lfw,all,rgb,rgb/Petro_Symonenko_0002.ppm,0.917750,0.917750,5.960e-8,1.000000
lfw,all,rgb,rgb/Pham_Sy_Chien_0001.ppm,0.940675,0.940675,1.192e-7,1.000000
lfw,all,rgb,rgb/Pham_Thi_Mai_Phuong_0001.ppm,0.947105,0.947105,0.000e0,1.000000
lfw,all,rgb,rgb/Phan_Van_Khai_0001.ppm,0.959314,0.959314,1.192e-7,1.000000
lfw,all,rgb,rgb/Phan_Van_Khai_0002.ppm,0.955183,0.955183,0.000e0,1.000000
lfw,all,rgb,rgb/Phan_Van_Khai_0003.ppm,0.943087,0.943087,1.192e-7,1.000000
lfw,all,rgb,rgb/Pharrell_Williams_0001.ppm,0.926472,0.926472,5.960e-8,1.000000
lfw,all,rgb,rgb/Phil_Bennett_0001.ppm,0.924196,0.924196,0.000e0,1.000000
lfw,all,rgb,rgb/Phil_Bredesen_0001.ppm,0.918611,0.918611,1.192e-7,0.999999
lfw,all,rgb,rgb/Phil_Cline_0001.ppm,0.914439,0.914439,1.192e-7,1.000000
lfw,all,rgb,rgb/Phil_Cullen_0001.ppm,0.914609,0.914609,0.000e0,1.000000
lfw,all,rgb,rgb/Phil_Donahue_0001.ppm,0.857781,0.857781,0.000e0,1.000000
lfw,all,rgb,rgb/Phil_Gramm_0001.ppm,0.936763,0.936763,0.000e0,1.000000
lfw,all,rgb,rgb/Phil_Gramm_0002.ppm,0.837860,0.837860,1.192e-7,1.000000
lfw,all,rgb,rgb/Phil_Jackson_0001.ppm,0.907999,0.907999,1.192e-7,1.000000
lfw,all,rgb,rgb/Phil_Johnson_0001.ppm,0.933632,0.933631,1.192e-7,1.000000
lfw,all,rgb,rgb/Phil_McGraw_0001.ppm,0.944448,0.944448,1.192e-7,0.999999
lfw,all,rgb,rgb/Phil_Mickelson_0001.ppm,0.856121,0.856121,1.192e-7,1.000000
lfw,all,rgb,rgb/Phil_Mickelson_0002.ppm,0.870172,0.870172,0.000e0,1.000000
lfw,all,rgb,rgb/Phil_Morris_0001.ppm,0.946084,0.946084,5.960e-8,1.000000
lfw,all,rgb,rgb/Phil_Vassar_0001.ppm,0.937456,0.937456,1.192e-7,1.000000
lfw,all,rgb,rgb/Phil_Vassar_0002.ppm,0.916714,0.916714,0.000e0,1.000000
lfw,all,rgb,rgb/Philip_Cummings_0001.ppm,0.944479,0.944479,1.192e-7,1.000000
lfw,all,rgb,rgb/Philip_Murtaugh_0001.ppm,0.928261,0.928261,0.000e0,1.000000
lfw,all,rgb,rgb/Philip_Zalewski_0001.ppm,0.889285,0.889285,1.192e-7,1.000000
lfw,all,rgb,rgb/Philippe_Gagnon_0001.ppm,0.896564,0.896564,0.000e0,1.000000
lfw,all,rgb,rgb/Philippe_Noiret_0001.ppm,0.882471,0.882471,0.000e0,1.000000
lfw,all,rgb,rgb/Philippe_Noiret_0002.ppm,0.884170,0.884170,0.000e0,1.000000
lfw,all,rgb,rgb/Phillip_Fulmer_0001.ppm,0.869729,0.869729,0.000e0,1.000000
lfw,all,rgb,rgb/Phillip_Seymor_Hoffmann_0001.ppm,0.909382,0.909382,0.000e0,0.999999
lfw,all,rgb,rgb/Phillipe_Comtois_0001.ppm,0.925230,0.925229,2.384e-7,0.999999
lfw,all,rgb,rgb/Phillips_Idowu_0001.ppm,0.902858,0.902858,0.000e0,1.000000
lfw,all,rgb,rgb/Phoenix_Chang_0001.ppm,0.965444,0.965444,0.000e0,1.000000
lfw,all,rgb,rgb/Picabo_Street_0001.ppm,0.938481,0.938481,1.192e-7,1.000000
lfw,all,rgb,rgb/Pier_Ferdinando_Casini_0001.ppm,0.921592,0.921592,0.000e0,1.000000
lfw,all,rgb,rgb/Pierce_Brosnan_0001.ppm,0.951906,0.951906,0.000e0,1.000000
lfw,all,rgb,rgb/Pierce_Brosnan_0002.ppm,0.954962,0.954962,0.000e0,1.000000
lfw,all,rgb,rgb/Pierce_Brosnan_0003.ppm,0.920747,0.920747,0.000e0,1.000000
lfw,all,rgb,rgb/Pierce_Brosnan_0004.ppm,0.902641,0.902641,5.960e-8,1.000000
lfw,all,rgb,rgb/Pierce_Brosnan_0005.ppm,0.934322,0.934322,0.000e0,1.000000
lfw,all,rgb,rgb/Pierce_Brosnan_0006.ppm,0.883825,0.883825,0.000e0,0.999999
lfw,all,rgb,rgb/Pierce_Brosnan_0007.ppm,0.892279,0.892279,0.000e0,1.000000
lfw,all,rgb,rgb/Pierce_Brosnan_0008.ppm,0.890868,0.890868,5.960e-8,1.000000
lfw,all,rgb,rgb/Pierce_Brosnan_0009.ppm,0.896014,0.896014,1.192e-7,1.000000
lfw,all,rgb,rgb/Pierce_Brosnan_0010.ppm,0.930118,0.930118,0.000e0,1.000000
lfw,all,rgb,rgb/Pierce_Brosnan_0011.ppm,0.939894,0.939894,0.000e0,1.000000
lfw,all,rgb,rgb/Pierce_Brosnan_0012.ppm,0.886403,0.886403,0.000e0,1.000000
lfw,all,rgb,rgb/Pierce_Brosnan_0013.ppm,0.972330,0.972330,0.000e0,1.000000
lfw,all,rgb,rgb/Pierce_Brosnan_0014.ppm,0.926789,0.926789,1.192e-7,1.000000
lfw,all,rgb,rgb/Pierce_Brosnan_0015.ppm,0.958608,0.958608,0.000e0,1.000000
lfw,all,rgb,rgb/Pierre_Boulanger_0001.ppm,0.955232,0.955232,1.192e-7,1.000000
lfw,all,rgb,rgb/Pierre_Boulanger_0002.ppm,0.913970,0.913970,1.192e-7,1.000000
lfw,all,rgb,rgb/Pierre_Gagnon_0001.ppm,0.936189,0.936189,1.192e-7,1.000000
lfw,all,rgb,rgb/Pierre_Lacroix_0001.ppm,0.962909,0.962909,0.000e0,1.000000
lfw,all,rgb,rgb/Pierre_Pettigrew_0001.ppm,0.943730,0.943730,0.000e0,1.000000
lfw,all,rgb,rgb/Pierre_Pettigrew_0002.ppm,0.933566,0.933566,0.000e0,1.000000
lfw,all,rgb,rgb/Pierre_Pettigrew_0003.ppm,0.945470,0.945470,0.000e0,0.999999
lfw,all,rgb,rgb/Pierre_Png_0001.ppm,0.911618,0.911618,5.960e-8,1.000000
lfw,all,rgb,rgb/Pierre_Van_Hooijdonk_0001.ppm,0.911480,0.911479,5.960e-8,0.999999
lfw,all,rgb,rgb/Piers_Sellers_0001.ppm,0.830110,0.830110,5.960e-8,1.000000
lfw,all,rgb,rgb/Pieter_Bouw_0001.ppm,0.934700,0.934700,0.000e0,1.000000
lfw,all,rgb,rgb/Pilar_Montenegro_0001.ppm,0.943125,0.943125,0.000e0,1.000000
lfw,all,rgb,rgb/Pinar_del_Rio_0001.ppm,0.947129,0.947129,0.000e0,1.000000
lfw,all,rgb,rgb/Pio_Laghi_0001.ppm,0.939263,0.939263,0.000e0,1.000000
lfw,all,rgb,rgb/Piotr_Anderszewski_0001.ppm,0.917829,0.917829,1.192e-7,1.000000
lfw,all,rgb,rgb/Placido_Domingo_0001.ppm,0.913551,0.913551,5.960e-8,1.000000
lfw,all,rgb,rgb/Placido_Domingo_0002.ppm,0.936329,0.936329,1.192e-7,1.000000
lfw,all,rgb,rgb/Placido_Domingo_0003.ppm,0.936362,0.936362,0.000e0,1.000000
lfw,all,rgb,rgb/Platon_Lebedev_0001.ppm,0.951452,0.951451,1.192e-7,1.000000
lfw,all,rgb,rgb/Poala_Suarez_0001.ppm,0.902983,0.902982,1.192e-7,0.999999
lfw,all,rgb,rgb/Polona_Bas_0001.ppm,0.921584,0.921584,0.000e0,1.000000
lfw,all,rgb,rgb/Porter_Goss_0001.ppm,0.958841,0.958841,0.000e0,1.000000
lfw,all,rgb,rgb/Portia_de_Rossi_0001.ppm,0.947842,0.947842,1.192e-7,1.000000
lfw,all,rgb,rgb/Prakash_Hinduja_0001.ppm,0.933101,0.933101,1.192e-7,1.000000
lfw,all,rgb,rgb/Prem_Kumar_Nair_0001.ppm,0.929863,0.929863,0.000e0,1.000000
lfw,all,rgb,rgb/Prince_Charles_0001.ppm,0.904064,0.904064,0.000e0,1.000000
lfw,all,rgb,rgb/Prince_Charles_0002.ppm,0.929224,0.929224,0.000e0,1.000000
lfw,all,rgb,rgb/Prince_Charles_0003.ppm,0.905983,0.905983,0.000e0,1.000000
lfw,all,rgb,rgb/Prince_Charles_0004.ppm,0.911994,0.911994,1.192e-7,1.000000
lfw,all,rgb,rgb/Prince_Charles_0005.ppm,0.919958,0.919958,1.192e-7,1.000000
lfw,all,rgb,rgb/Prince_Claus_0001.ppm,0.948569,0.948569,5.960e-8,1.000000
lfw,all,rgb,rgb/Prince_Claus_0002.ppm,0.926078,0.926078,0.000e0,1.000000
lfw,all,rgb,rgb/Prince_Claus_0003.ppm,0.930310,0.930310,0.000e0,1.000000
lfw,all,rgb,rgb/Prince_Claus_0004.ppm,0.941919,0.941919,1.192e-7,1.000000
lfw,all,rgb,rgb/Prince_Edward_0001.ppm,0.936246,0.936246,0.000e0,1.000000
lfw,all,rgb,rgb/Prince_Edward_0002.ppm,0.919088,0.919088,1.192e-7,1.000000
lfw,all,rgb,rgb/Prince_Felipe_0001.ppm,0.894641,0.894641,1.192e-7,1.000000
lfw,all,rgb,rgb/Prince_Harry_0001.ppm,0.914995,0.914995,1.192e-7,1.000000
lfw,all,rgb,rgb/Prince_Harry_0002.ppm,0.905908,0.905908,0.000e0,1.000000
lfw,all,rgb,rgb/Prince_Harry_0003.ppm,0.836370,0.836370,0.000e0,1.000000
lfw,all,rgb,rgb/Prince_Naruhito_0001.ppm,0.945844,0.945844,1.192e-7,1.000000
lfw,all,rgb,rgb/Prince_Naruhito_0002.ppm,0.945341,0.945341,0.000e0,1.000000
lfw,all,rgb,rgb/Prince_Naruhito_0003.ppm,0.974053,0.974054,1.192e-7,1.000000
lfw,all,rgb,rgb/Prince_Philippe_0001.ppm,0.882932,0.882931,1.192e-7,1.000000
lfw,all,rgb,rgb/Prince_Rainier_III_0001.ppm,0.925324,0.925324,0.000e0,1.000000
lfw,all,rgb,rgb/Prince_Willem-Alexander_0001.ppm,0.930005,0.930005,1.192e-7,1.000000
lfw,all,rgb,rgb/Prince_Willem-Alexander_0002.ppm,0.924476,0.924476,0.000e0,1.000000
lfw,all,rgb,rgb/Prince_Willem-Alexander_0003.ppm,0.919833,0.919833,0.000e0,1.000000
lfw,all,rgb,rgb/Prince_William_0001.ppm,0.935930,0.935930,0.000e0,1.000000
lfw,all,rgb,rgb/Prince_William_0002.ppm,0.945426,0.945426,1.192e-7,1.000000
lfw,all,rgb,rgb/Princess_Aiko_0001.ppm,0.818312,0.818313,1.192e-7,1.000000
lfw,all,rgb,rgb/Princess_Aiko_0002.ppm,0.891091,0.891091,0.000e0,1.000000
lfw,all,rgb,rgb/Princess_Anne_0001.ppm,0.916384,0.916384,0.000e0,1.000000
lfw,all,rgb,rgb/Princess_Anne_0002.ppm,0.936380,0.936380,1.192e-7,1.000000
lfw,all,rgb,rgb/Princess_Caroline_0001.ppm,0.942604,0.942604,1.192e-7,0.999999
lfw,all,rgb,rgb/Princess_Caroline_0002.ppm,0.954158,0.954158,0.000e0,1.000000
lfw,all,rgb,rgb/Princess_Caroline_0003.ppm,0.883257,0.883257,0.000e0,1.000000
lfw,all,rgb,rgb/Princess_Caroline_0004.ppm,0.966460,0.966460,0.000e0,1.000000
lfw,all,rgb,rgb/Princess_Caroline_0005.ppm,0.944832,0.944832,0.000e0,1.000000
lfw,all,rgb,rgb/Princess_Diana_0001.ppm,0.886683,0.886683,0.000e0,1.000000
lfw,all,rgb,rgb/Princess_Elisabeth_0001.ppm,0.945653,0.945653,0.000e0,0.999999
lfw,all,rgb,rgb/Princess_Elisabeth_0002.ppm,0.919083,0.919083,1.192e-7,1.000000
lfw,all,rgb,rgb/Princess_Hisako_0001.ppm,0.938672,0.938672,0.000e0,1.000000
lfw,all,rgb,rgb/Princess_Masako_0001.ppm,0.938652,0.938651,1.192e-7,1.000000
lfw,all,rgb,rgb/Princess_Masako_0002.ppm,0.940504,0.940504,0.000e0,1.000000
lfw,all,rgb,rgb/Princess_Maxima_0001.ppm,0.917873,0.917873,1.192e-7,1.000000
lfw,all,rgb,rgb/Princess_Stephanie_0001.ppm,0.944270,0.944270,0.000e0,1.000000
lfw,all,rgb,rgb/Princess_Victoria_0001.ppm,0.990124,0.990124,0.000e0,1.000000
lfw,all,rgb,rgb/Pringe_Ernst_August_0001.ppm,0.941589,0.941589,1.192e-7,1.000000
lfw,all,rgb,rgb/Priscilla_Owen_0001.ppm,0.960317,0.960317,0.000e0,1.000000
lfw,all,rgb,rgb/Priscilla_Owen_0002.ppm,0.937779,0.937779,1.192e-7,1.000000
lfw,all,rgb,rgb/Priscilla_Presley_0001.ppm,0.927694,0.927693,1.192e-7,1.000000
lfw,all,rgb,rgb/Priscilla_Presley_0002.ppm,0.962659,0.962659,1.192e-7,0.999999
lfw,all,rgb,rgb/Priyanka_Chopra_0001.ppm,0.938870,0.938870,1.192e-7,1.000000
lfw,all,rgb,rgb/Prospero_Pichay_0001.ppm,0.990687,0.990687,0.000e0,1.000000
lfw,all,rgb,rgb/Pupi_Avati_0001.ppm,0.895762,0.895762,1.192e-7,1.000000
lfw,all,rgb,rgb/Pupi_Avati_0002.ppm,0.913689,0.913689,5.960e-8,1.000000
lfw,all,rgb,rgb/Pupi_Avati_0003.ppm,0.884635,0.884635,5.960e-8,1.000000
lfw,all,rgb,rgb/Pupi_Avati_0004.ppm,0.904157,0.904157,0.000e0,1.000000
lfw,all,rgb,rgb/Pyar_Jung_Thapa_0001.ppm,0.892757,0.892757,1.192e-7,1.000000
lfw,all,rgb,rgb/Qais_al-Kazali_0001.ppm,0.893470,0.893470,1.192e-7,1.000000
lfw,all,rgb,rgb/Qazi_Afzal_0001.ppm,0.922673,0.922673,0.000e0,1.000000
lfw,all,rgb,rgb/Qazi_Hussain_Ahmed_0001.ppm,0.868779,0.868779,0.000e0,1.000000
lfw,all,rgb,rgb/Qian_Qichen_0001.ppm,0.958385,0.958385,1.192e-7,1.000000
lfw,all,rgb,rgb/Queen_Beatrix_0001.ppm,0.905841,0.905841,0.000e0,1.000000
lfw,all,rgb,rgb/Queen_Beatrix_0002.ppm,0.899362,0.899362,1.192e-7,1.000000
lfw,all,rgb,rgb/Queen_Beatrix_0003.ppm,0.899925,0.899925,1.192e-7,1.000000
lfw,all,rgb,rgb/Queen_Beatrix_0004.ppm,0.897186,0.897186,1.192e-7,0.999999
lfw,all,rgb,rgb/Queen_Elizabeth_II_0001.ppm,0.908263,0.908263,0.000e0,1.000000
lfw,all,rgb,rgb/Queen_Elizabeth_II_0002.ppm,0.960451,0.960452,5.960e-8,1.000000
lfw,all,rgb,rgb/Queen_Elizabeth_II_0003.ppm,0.877452,0.877452,0.000e0,1.000000
lfw,all,rgb,rgb/Queen_Elizabeth_II_0004.ppm,0.946909,0.946909,0.000e0,1.000000
lfw,all,rgb,rgb/Queen_Elizabeth_II_0005.ppm,0.940952,0.940952,1.192e-7,1.000000
lfw,all,rgb,rgb/Queen_Elizabeth_II_0006.ppm,0.927694,0.927694,0.000e0,1.000000
lfw,all,rgb,rgb/Queen_Elizabeth_II_0007.ppm,0.917962,0.917962,0.000e0,0.999999
lfw,all,rgb,rgb/Queen_Elizabeth_II_0008.ppm,0.889479,0.889479,0.000e0,0.999999
lfw,all,rgb,rgb/Queen_Elizabeth_II_0009.ppm,0.904082,0.904082,5.960e-8,0.999999
lfw,all,rgb,rgb/Queen_Elizabeth_II_0010.ppm,0.932756,0.932756,1.192e-7,1.000000
lfw,all,rgb,rgb/Queen_Elizabeth_II_0011.ppm,0.917991,0.917991,0.000e0,1.000000
lfw,all,rgb,rgb/Queen_Elizabeth_II_0012.ppm,0.900236,0.900236,1.192e-7,1.000000
lfw,all,rgb,rgb/Queen_Elizabeth_II_0013.ppm,0.935784,0.935784,0.000e0,1.000000
lfw,all,rgb,rgb/Queen_Latifah_0001.ppm,0.972427,0.972427,0.000e0,0.999999
lfw,all,rgb,rgb/Queen_Latifah_0002.ppm,0.958515,0.958515,0.000e0,1.000000
lfw,all,rgb,rgb/Queen_Latifah_0003.ppm,0.989212,0.989212,1.192e-7,1.000000
lfw,all,rgb,rgb/Queen_Latifah_0004.ppm,0.930900,0.930900,0.000e0,1.000000
lfw,all,rgb,rgb/Queen_Noor_0001.ppm,0.961167,0.961167,0.000e0,0.999999
lfw,all,rgb,rgb/Queen_Rania_0001.ppm,0.947656,0.947656,0.000e0,1.000000
lfw,all,rgb,rgb/Queen_Rania_0002.ppm,0.920017,0.920017,0.000e0,1.000000
lfw,all,rgb,rgb/Queen_Rania_0003.ppm,0.966838,0.966838,0.000e0,1.000000
lfw,all,rgb,rgb/Queen_Rania_0004.ppm,0.937209,0.937209,0.000e0,1.000000
lfw,all,rgb,rgb/Queen_Rania_0005.ppm,0.923946,0.923946,1.192e-7,1.000000
lfw,all,rgb,rgb/Queen_Silvia_0001.ppm,0.934519,0.934519,0.000e0,1.000000
lfw,all,rgb,rgb/Queen_Sofia_0001.ppm,0.936369,0.936369,0.000e0,1.000000
lfw,all,rgb,rgb/Quin_Snyder_0001.ppm,0.936300,0.936300,0.000e0,1.000000
lfw,all,rgb,rgb/Quincy_Jones_0001.ppm,0.895509,0.895509,1.192e-7,1.000000
lfw,all,rgb,rgb/Qusai_Hussein_0001.ppm,0.913592,0.913592,1.192e-7,1.000000
lfw,all,rgb,rgb/Raaf_Schefter_0001.ppm,0.967049,0.967049,1.192e-7,1.000000
lfw,all,rgb,rgb/Raag_Singhal_0001.ppm,0.941395,0.941396,1.192e-7,1.000000
lfw,all,rgb,rgb/Rachel_Corrie_0001.ppm,0.969637,0.969637,0.000e0,1.000000
lfw,all,rgb,rgb/Rachel_Griffiths_0001.ppm,0.931584,0.931584,0.000e0,1.000000
lfw,all,rgb,rgb/Rachel_Griffiths_0002.ppm,0.924781,0.924781,0.000e0,1.000000
lfw,all,rgb,rgb/Rachel_Griffiths_0003.ppm,0.916658,0.916658,0.000e0,1.000000
lfw,all,rgb,rgb/Rachel_Hunter_0001.ppm,0.941704,0.941704,0.000e0,1.000000
lfw,all,rgb,rgb/Rachel_Hunter_0002.ppm,0.949802,0.949802,0.000e0,1.000000
lfw,all,rgb,rgb/Rachel_Hunter_0003.ppm,0.938237,0.938237,0.000e0,1.000000
lfw,all,rgb,rgb/Rachel_Hunter_0004.ppm,0.891806,0.891806,0.000e0,1.000000
lfw,all,rgb,rgb/Rachel_Kempson_0001.ppm,0.929743,0.929743,5.960e-8,1.000000
lfw,all,rgb,rgb/Rachel_Leigh_Cook_0001.ppm,0.977066,0.977066,0.000e0,0.999999
lfw,all,rgb,rgb/Rachel_Roy_0001.ppm,0.951406,0.951406,1.192e-7,0.999999
lfw,all,rgb,rgb/Rachel_Wadsworth_0001.ppm,0.967047,0.967046,1.192e-7,1.000000
lfw,all,rgb,rgb/Rachel_Wheatley_0001.ppm,0.930735,0.930735,0.000e0,1.000000
lfw,all,rgb,rgb/Radovan_Karadzic_0001.ppm,0.939466,0.939466,0.000e0,1.000000
lfw,all,rgb,rgb/Raf_Vallone_0001.ppm,0.942696,0.942696,0.000e0,1.000000
lfw,all,rgb,rgb/Rafael_Bielsa_0001.ppm,0.886537,0.886537,0.000e0,1.000000
lfw,all,rgb,rgb/Rafael_Ramirez_0001.ppm,0.949885,0.949885,0.000e0,1.000000
lfw,all,rgb,rgb/Rafael_Ramirez_0002.ppm,0.902901,0.902901,1.192e-7,1.000000
lfw,all,rgb,rgb/Rafael_Ramirez_0003.ppm,0.954567,0.954567,1.192e-7,1.000000
lfw,all,rgb,rgb/Rafael_Ramirez_0004.ppm,0.923831,0.923831,0.000e0,0.999999
lfw,all,rgb,rgb/Rafael_Vinoly_0001.ppm,0.958283,0.958283,0.000e0,1.000000
lfw,all,rgb,rgb/Rafeeuddin_Ahmed_0001.ppm,0.930157,0.930157,0.000e0,1.000000
lfw,all,rgb,rgb/Rafidah_Aziz_0001.ppm,0.896060,0.896060,0.000e0,1.000000
lfw,all,rgb,rgb/Rafiq_Hariri_0001.ppm,0.903017,0.903017,0.000e0,1.000000
lfw,all,rgb,rgb/Raghad_Saddam_Hussein_0001.ppm,0.973978,0.973978,1.192e-7,1.000000
lfw,all,rgb,rgb/Raghad_Saddam_Hussein_0002.ppm,0.961582,0.961582,0.000e0,1.000000
lfw,all,rgb,rgb/Rahul_Dravid_0001.ppm,0.973136,0.973136,0.000e0,1.000000
lfw,all,rgb,rgb/Rainer_Geulen_0001.ppm,0.933710,0.933710,0.000e0,1.000000
lfw,all,rgb,rgb/Rainer_Gut_0001.ppm,0.914280,0.914280,0.000e0,1.000000
lfw,all,rgb,rgb/Rainer_Schuettler_0001.ppm,0.898405,0.898405,1.788e-7,1.000000
lfw,all,rgb,rgb/Rainer_Schuettler_0002.ppm,0.937029,0.937029,1.192e-7,0.999999
lfw,all,rgb,rgb/Rainer_Schuettler_0003.ppm,0.954793,0.954793,0.000e0,0.999999
lfw,all,rgb,rgb/Rainer_Schuettler_0004.ppm,0.910278,0.910278,0.000e0,1.000000
lfw,all,rgb,rgb/Rainer_Schuettler_0005.ppm,0.906585,0.906585,0.000e0,1.000000
lfw,all,rgb,rgb/Raja_Ibrahim_0001.ppm,0.897903,0.897904,5.960e-8,1.000000
lfw,all,rgb,rgb/Raja_Qureshi_0001.ppm,0.922078,0.922078,0.000e0,0.999999
lfw,all,rgb,rgb/Raja_Ramani_0001.ppm,0.933354,0.933354,0.000e0,1.000000
lfw,all,rgb,rgb/Raja_Zafar-ul-Haq_0001.ppm,0.911049,0.911049,1.192e-7,1.000000
lfw,all,rgb,rgb/Ralf_Schumacher_0001.ppm,0.962036,0.962036,0.000e0,1.000000
lfw,all,rgb,rgb/Ralf_Schumacher_0002.ppm,0.940318,0.940318,0.000e0,1.000000
lfw,all,rgb,rgb/Ralf_Schumacher_0003.ppm,0.929996,0.929996,0.000e0,1.000000
lfw,all,rgb,rgb/Ralf_Schumacher_0004.ppm,0.950654,0.950654,0.000e0,1.000000
lfw,all,rgb,rgb/Ralf_Schumacher_0005.ppm,0.935565,0.935565,0.000e0,1.000000
lfw,all,rgb,rgb/Ralf_Schumacher_0006.ppm,0.904458,0.904458,0.000e0,1.000000
lfw,all,rgb,rgb/Ralf_Schumacher_0007.ppm,0.962787,0.962787,0.000e0,1.000000
lfw,all,rgb,rgb/Ralf_Schumacher_0008.ppm,0.922534,0.922534,0.000e0,1.000000
lfw,all,rgb,rgb/Ralph_Fiennes_0001.ppm,0.912914,0.912914,0.000e0,1.000000
lfw,all,rgb,rgb/Ralph_Firman_0001.ppm,0.900406,0.900406,0.000e0,1.000000
lfw,all,rgb,rgb/Ralph_Firman_0002.ppm,0.934438,0.934438,1.192e-7,1.000000
lfw,all,rgb,rgb/Ralph_Friedgen_0001.ppm,0.944539,0.944539,0.000e0,1.000000
lfw,all,rgb,rgb/Ralph_Goodale_0001.ppm,0.940022,0.940022,0.000e0,1.000000
lfw,all,rgb,rgb/Ralph_Klein_0001.ppm,0.918741,0.918741,1.192e-7,1.000000
lfw,all,rgb,rgb/Ralph_Klein_0002.ppm,0.900008,0.900008,0.000e0,1.000000
lfw,all,rgb,rgb/Ralph_Lauren_0001.ppm,0.928446,0.928446,0.000e0,1.000000
lfw,all,rgb,rgb/Ralph_Lauren_0002.ppm,0.912472,0.912472,0.000e0,1.000000
lfw,all,rgb,rgb/Ralph_Nader_0001.ppm,0.914578,0.914578,0.000e0,1.000000
lfw,all,rgb,rgb/Ralph_Sampson_0001.ppm,0.966904,0.966904,1.192e-7,1.000000
lfw,all,rgb,rgb/Ramiro_Goben_Reducindo_0001.ppm,0.953665,0.953665,0.000e0,1.000000
lfw,all,rgb,rgb/Ramon_Cardenas_0001.ppm,0.938592,0.938592,0.000e0,1.000000
lfw,all,rgb,rgb/Ramon_Delgado_0001.ppm,0.962381,0.962381,1.192e-7,1.000000
lfw,all,rgb,rgb/Ramon_Ponce_de_Leon_0001.ppm,0.958485,0.958484,1.192e-7,1.000000
lfw,all,rgb,rgb/Ramon_Santana_0001.ppm,0.930173,0.930173,5.960e-8,0.999999
lfw,all,rgb,rgb/Ramona_Rispton_0001.ppm,0.953358,0.953358,0.000e0,1.000000
lfw,all,rgb,rgb/Rand_Beers_0001.ppm,0.933785,0.933785,1.788e-7,1.000000
lfw,all,rgb,rgb/Rand_Miller_0001.ppm,0.901081,0.901081,1.788e-7,1.000000
lfw,all,rgb,rgb/Randall_Terry_0001.ppm,0.949366,0.949366,0.000e0,1.000000
lfw,all,rgb,rgb/Randall_Tobias_0001.ppm,0.946218,0.946218,0.000e0,1.000000
lfw,all,rgb,rgb/Randy_Brown_0001.ppm,0.870023,0.870023,0.000e0,1.000000
lfw,all,rgb,rgb/Randy_Dryer_0001.ppm,0.987679,0.987679,0.000e0,1.000000
lfw,all,rgb,rgb/Randy_Ferbey_0001.ppm,0.978486,0.978486,0.000e0,0.999999
lfw,all,rgb,rgb/Randy_Jackson_0001.ppm,0.915588,0.915588,5.960e-8,1.000000
lfw,all,rgb,rgb/Randy_Johnson_0001.ppm,0.938639,0.938639,5.960e-8,1.000000
lfw,all,rgb,rgb/Randy_Travis_0001.ppm,0.906894,0.906894,0.000e0,1.000000
lfw,all,rgb,rgb/Rani_Mukherjee_0001.ppm,0.895500,0.895500,1.192e-7,1.000000
lfw,all,rgb,rgb/Ranil_Wickremasinghe_0001.ppm,0.902219,0.902219,0.000e0,1.000000
lfw,all,rgb,rgb/Ranil_Wickremasinghe_0002.ppm,0.927406,0.927406,0.000e0,1.000000
lfw,all,rgb,rgb/Ranil_Wickremasinghe_0003.ppm,0.905431,0.905431,5.960e-8,1.000000
lfw,all,rgb,rgb/Raoul_Ruiz_0001.ppm,0.934393,0.934394,1.192e-7,0.999999
lfw,all,rgb,rgb/Raoul_Ruiz_0002.ppm,0.948738,0.948738,0.000e0,1.000000
lfw,all,rgb,rgb/Raoul_Ruiz_0003.ppm,0.924656,0.924656,5.960e-8,1.000000
lfw,all,rgb,rgb/Raoul_Ruiz_0004.ppm,0.926092,0.926092,1.192e-7,1.000000
lfw,all,rgb,rgb/Raquel_Welch_0001.ppm,0.944236,0.944236,5.960e-8,1.000000
lfw,all,rgb,rgb/Raquel_Welch_0002.ppm,0.948913,0.948913,0.000e0,0.999999
lfw,all,rgb,rgb/Rashid_Qureshi_0001.ppm,0.919538,0.919538,5.960e-8,1.000000
lfw,all,rgb,rgb/Ratna_Sari_Dewi_Sukarno_0001.ppm,0.945340,0.945340,1.192e-7,1.000000
lfw,all,rgb,rgb/Raul_Castaneda_0001.ppm,0.887796,0.887796,0.000e0,1.000000
lfw,all,rgb,rgb/Raul_Chacon_0001.ppm,0.948066,0.948066,0.000e0,0.999999
lfw,all,rgb,rgb/Raul_Cubas_0001.ppm,0.913508,0.913508,0.000e0,1.000000
lfw,all,rgb,rgb/Raul_Gonzalez_0001.ppm,0.931263,0.931263,1.192e-7,0.999999
lfw,all,rgb,rgb/Raul_Ibanez_0001.ppm,0.902776,0.902776,0.000e0,1.000000
lfw,all,rgb,rgb/Raul_Mondesi_0001.ppm,0.930689,0.930689,1.192e-7,1.000000
lfw,all,rgb,rgb/Raul_Rivero_0001.ppm,0.921412,0.921412,0.000e0,1.000000
lfw,all,rgb,rgb/Ravan_AG_Farhadi_0001.ppm,0.907210,0.907210,1.192e-7,1.000000
lfw,all,rgb,rgb/Ray_Allen_0001.ppm,0.954115,0.954115,1.192e-7,1.000000
lfw,all,rgb,rgb/Ray_Allen_0002.ppm,0.925721,0.925721,0.000e0,1.000000
lfw,all,rgb,rgb/Ray_Allen_0003.ppm,0.955975,0.955975,1.192e-7,1.000000
lfw,all,rgb,rgb/Ray_Bradbury_0001.ppm,0.919606,0.919606,1.192e-7,1.000000
lfw,all,rgb,rgb/Ray_Evernham_0001.ppm,0.936834,0.936834,0.000e0,1.000000
lfw,all,rgb,rgb/Ray_Halbritter_0001.ppm,0.912002,0.912002,0.000e0,1.000000
lfw,all,rgb,rgb/Ray_Lewis_0001.ppm,0.873486,0.873486,0.000e0,1.000000
lfw,all,rgb,rgb/Ray_Liotta_0001.ppm,0.948646,0.948646,0.000e0,1.000000
lfw,all,rgb,rgb/Ray_Lucas_0001.ppm,0.934411,0.934411,0.000e0,1.000000
lfw,all,rgb,rgb/Ray_Morrough_0001.ppm,0.949098,0.949098,1.192e-7,1.000000
lfw,all,rgb,rgb/Ray_Nagin_0001.ppm,0.949649,0.949649,0.000e0,1.000000
lfw,all,rgb,rgb/Ray_Nagin_0002.ppm,0.909071,0.909071,1.192e-7,1.000000
lfw,all,rgb,rgb/Ray_Price_0001.ppm,0.959896,0.959896,0.000e0,1.000000
lfw,all,rgb,rgb/Ray_Romano_0001.ppm,0.945247,0.945247,0.000e0,1.000000
lfw,all,rgb,rgb/Ray_Romano_0002.ppm,0.944379,0.944379,1.192e-7,1.000000
lfw,all,rgb,rgb/Ray_Romano_0003.ppm,0.929218,0.929218,0.000e0,1.000000
lfw,all,rgb,rgb/Ray_Romano_0004.ppm,0.933384,0.933384,0.000e0,1.000000
lfw,all,rgb,rgb/Ray_Romano_0005.ppm,0.923010,0.923010,0.000e0,1.000000
lfw,all,rgb,rgb/Ray_Romano_0006.ppm,0.917428,0.917428,1.192e-7,1.000000
lfw,all,rgb,rgb/Ray_Romano_0007.ppm,0.909565,0.909565,0.000e0,1.000000
lfw,all,rgb,rgb/Ray_Romano_0008.ppm,0.937713,0.937713,0.000e0,1.000000
lfw,all,rgb,rgb/Ray_Romano_0009.ppm,0.932249,0.932249,5.960e-8,1.000000
lfw,all,rgb,rgb/Ray_Sherman_0001.ppm,0.909839,0.909839,0.000e0,1.000000
lfw,all,rgb,rgb/Ray_Wasden_0001.ppm,0.915064,0.915064,0.000e0,0.999999
lfw,all,rgb,rgb/Ray_Young_0001.ppm,0.953214,0.953214,0.000e0,1.000000
lfw,all,rgb,rgb/Raymond_Arthurs_0001.ppm,0.947519,0.947519,5.960e-8,1.000000
lfw,all,rgb,rgb/Raymond_Odierno_0001.ppm,0.954497,0.954497,0.000e0,1.000000
lfw,all,rgb,rgb/Raymond_Odierno_0002.ppm,0.945475,0.945475,1.192e-7,1.000000
lfw,all,rgb,rgb/Raza_Rabbani_0001.ppm,0.934225,0.934225,0.000e0,1.000000
lfw,all,rgb,rgb/Razali_Ismail_0001.ppm,0.970121,0.970122,1.192e-7,1.000000
lfw,all,rgb,rgb/Rebecca_Romijn-Stamos_0001.ppm,0.922465,0.922465,1.192e-7,1.000000
lfw,all,rgb,rgb/Rebecca_Romijn-Stamos_0002.ppm,0.922512,0.922512,0.000e0,1.000000
lfw,all,rgb,rgb/Rebecca_Romijn-Stamos_0003.ppm,0.911730,0.911730,1.192e-7,1.000000
lfw,all,rgb,rgb/Rebecca_Romijn-Stamos_0004.ppm,0.872466,0.872466,0.000e0,1.000000
lfw,all,rgb,rgb/Rebekah_Chantay_Revels_0001.ppm,0.953725,0.953725,1.192e-7,1.000000
lfw,all,rgb,rgb/Rebekah_Chantay_Revels_0002.ppm,0.957355,0.957355,0.000e0,1.000000
lfw,all,rgb,rgb/Rebekah_Chantay_Revels_0003.ppm,0.969400,0.969400,0.000e0,1.000000
lfw,all,rgb,rgb/Rebekah_Chantay_Revels_0004.ppm,0.955777,0.955777,0.000e0,1.000000
lfw,all,rgb,rgb/Recep_Tayyip_Erdogan_0001.ppm,0.929764,0.929764,0.000e0,1.000000
lfw,all,rgb,rgb/Recep_Tayyip_Erdogan_0002.ppm,0.929962,0.929962,0.000e0,0.999999
lfw,all,rgb,rgb/Recep_Tayyip_Erdogan_0003.ppm,0.942395,0.942395,1.192e-7,1.000000
lfw,all,rgb,rgb/Recep_Tayyip_Erdogan_0004.ppm,0.931100,0.931100,1.192e-7,1.000000
lfw,all,rgb,rgb/Recep_Tayyip_Erdogan_0005.ppm,0.916157,0.916157,1.192e-7,1.000000
lfw,all,rgb,rgb/Recep_Tayyip_Erdogan_0006.ppm,0.928439,0.928439,1.192e-7,1.000000
lfw,all,rgb,rgb/Recep_Tayyip_Erdogan_0007.ppm,0.963455,0.963455,0.000e0,1.000000
lfw,all,rgb,rgb/Recep_Tayyip_Erdogan_0008.ppm,0.955211,0.955211,0.000e0,1.000000
lfw,all,rgb,rgb/Recep_Tayyip_Erdogan_0009.ppm,0.914816,0.914816,5.960e-8,0.999999
lfw,all,rgb,rgb/Recep_Tayyip_Erdogan_0010.ppm,0.948382,0.948382,0.000e0,1.000000
lfw,all,rgb,rgb/Recep_Tayyip_Erdogan_0011.ppm,0.912272,0.912273,1.192e-7,1.000000
lfw,all,rgb,rgb/Recep_Tayyip_Erdogan_0012.ppm,0.948773,0.948773,1.192e-7,0.999999
lfw,all,rgb,rgb/Recep_Tayyip_Erdogan_0013.ppm,0.931536,0.931536,0.000e0,1.000000
lfw,all,rgb,rgb/Recep_Tayyip_Erdogan_0014.ppm,0.958283,0.958283,0.000e0,1.000000
lfw,all,rgb,rgb/Recep_Tayyip_Erdogan_0015.ppm,0.931513,0.931513,0.000e0,1.000000
lfw,all,rgb,rgb/Recep_Tayyip_Erdogan_0016.ppm,0.926690,0.926690,0.000e0,1.000000
lfw,all,rgb,rgb/Recep_Tayyip_Erdogan_0017.ppm,0.963038,0.963038,0.000e0,1.000000
lfw,all,rgb,rgb/Recep_Tayyip_Erdogan_0018.ppm,0.928836,0.928836,0.000e0,1.000000
lfw,all,rgb,rgb/Recep_Tayyip_Erdogan_0019.ppm,0.891995,0.891996,1.192e-7,1.000000
lfw,all,rgb,rgb/Recep_Tayyip_Erdogan_0020.ppm,0.944448,0.944449,1.192e-7,1.000000
lfw,all,rgb,rgb/Recep_Tayyip_Erdogan_0021.ppm,0.950413,0.950413,0.000e0,1.000000
lfw,all,rgb,rgb/Recep_Tayyip_Erdogan_0022.ppm,0.954280,0.954280,0.000e0,1.000000
lfw,all,rgb,rgb/Recep_Tayyip_Erdogan_0023.ppm,0.914421,0.914421,0.000e0,1.000000
lfw,all,rgb,rgb/Recep_Tayyip_Erdogan_0024.ppm,0.959294,0.959295,1.192e-7,1.000000
lfw,all,rgb,rgb/Recep_Tayyip_Erdogan_0025.ppm,0.931176,0.931176,0.000e0,1.000000
lfw,all,rgb,rgb/Recep_Tayyip_Erdogan_0026.ppm,0.873759,0.873759,0.000e0,1.000000
lfw,all,rgb,rgb/Recep_Tayyip_Erdogan_0027.ppm,0.908594,0.908594,1.192e-7,0.999999
lfw,all,rgb,rgb/Recep_Tayyip_Erdogan_0028.ppm,0.912290,0.912290,0.000e0,1.000000
lfw,all,rgb,rgb/Recep_Tayyip_Erdogan_0029.ppm,0.884163,0.884163,1.192e-7,1.000000
lfw,all,rgb,rgb/Recep_Tayyip_Erdogan_0030.ppm,0.937422,0.937422,0.000e0,1.000000
lfw,all,rgb,rgb/Red_Auerbach_0001.ppm,0.872905,0.872905,1.192e-7,1.000000
lfw,all,rgb,rgb/Reese_Witherspoon_0001.ppm,0.902154,0.902154,1.192e-7,1.000000
lfw,all,rgb,rgb/Reese_Witherspoon_0002.ppm,0.969986,0.969986,1.192e-7,1.000000
lfw,all,rgb,rgb/Reese_Witherspoon_0003.ppm,0.943059,0.943059,0.000e0,1.000000
lfw,all,rgb,rgb/Reese_Witherspoon_0004.ppm,0.921643,0.921643,5.960e-8,1.000000
lfw,all,rgb,rgb/Reggie_Lewis_0001.ppm,0.924642,0.924642,0.000e0,1.000000
lfw,all,rgb,rgb/Reggie_Miller_0001.ppm,0.924261,0.924261,0.000e0,1.000000
lfw,all,rgb,rgb/Reggie_Miller_0002.ppm,0.921186,0.921186,5.960e-8,1.000000
lfw,all,rgb,rgb/Reggie_Sanders_0001.ppm,0.898952,0.898952,1.192e-7,1.000000
lfw,all,rgb,rgb/Regina_Ip_0001.ppm,0.927535,0.927535,0.000e0,1.000000
lfw,all,rgb,rgb/Reginald_Hudlin_0001.ppm,0.912824,0.912824,0.000e0,1.000000
lfw,all,rgb,rgb/Reina_Hayes_0001.ppm,0.929697,0.929697,0.000e0,1.000000
lfw,all,rgb,rgb/Reinhard_Buetikofer_0001.ppm,0.902297,0.902297,5.960e-8,1.000000
lfw,all,rgb,rgb/Ren_Qingjin_0001.ppm,0.928705,0.928705,0.000e0,1.000000
lfw,all,rgb,rgb/Rena_Sofer_0001.ppm,0.973306,0.973306,0.000e0,1.000000
lfw,all,rgb,rgb/Renato_Soru_0001.ppm,0.944318,0.944318,0.000e0,1.000000
lfw,all,rgb,rgb/Rene_Antonio_Leon_Rodriguez_0001.ppm,0.950660,0.950660,5.960e-8,1.000000
lfw,all,rgb,rgb/Rene_Portland_0001.ppm,0.916398,0.916398,5.960e-8,1.000000
lfw,all,rgb,rgb/Renee_Zellweger_0001.ppm,0.904159,0.904159,0.000e0,1.000000
lfw,all,rgb,rgb/Renee_Zellweger_0002.ppm,0.946427,0.946427,1.192e-7,1.000000
lfw,all,rgb,rgb/Renee_Zellweger_0003.ppm,0.919850,0.919850,0.000e0,1.000000
lfw,all,rgb,rgb/Renee_Zellweger_0004.ppm,0.960683,0.960682,1.192e-7,0.999999
lfw,all,rgb,rgb/Renee_Zellweger_0005.ppm,0.930438,0.930438,0.000e0,0.999999
lfw,all,rgb,rgb/Renee_Zellweger_0006.ppm,0.939253,0.939253,0.000e0,1.000000
lfw,all,rgb,rgb/Renee_Zellweger_0007.ppm,0.958613,0.958613,0.000e0,1.000000
lfw,all,rgb,rgb/Renee_Zellweger_0008.ppm,0.939675,0.939675,0.000e0,1.000000
lfw,all,rgb,rgb/Renee_Zellweger_0009.ppm,0.953145,0.953145,0.000e0,1.000000
lfw,all,rgb,rgb/Renee_Zellweger_0010.ppm,0.943021,0.943021,1.192e-7,1.000000
lfw,all,rgb,rgb/Renee_Zellweger_0011.ppm,0.930008,0.930008,0.000e0,1.000000
lfw,all,rgb,rgb/Renee_Zellweger_0012.ppm,0.921015,0.921015,0.000e0,1.000000
lfw,all,rgb,rgb/Renee_Zellweger_0013.ppm,0.940235,0.940235,0.000e0,1.000000
lfw,all,rgb,rgb/Renee_Zellweger_0014.ppm,0.942478,0.942479,1.192e-7,1.000000
lfw,all,rgb,rgb/Renee_Zellweger_0015.ppm,0.892275,0.892275,5.960e-8,1.000000
lfw,all,rgb,rgb/Renee_Zellweger_0016.ppm,0.917455,0.917455,1.192e-7,1.000000
lfw,all,rgb,rgb/Renee_Zellweger_0017.ppm,0.908169,0.908169,0.000e0,1.000000
lfw,all,rgb,rgb/Retief_Goosen_0001.ppm,0.924829,0.924829,1.192e-7,1.000000
lfw,all,rgb,rgb/Rey_Sanchez_0001.ppm,0.944702,0.944702,1.192e-7,0.999999
lfw,all,rgb,rgb/Reyyan_Uzuner_0001.ppm,0.897132,0.897132,0.000e0,1.000000
lfw,all,rgb,rgb/Rhett_Warrener_0001.ppm,0.959311,0.959311,0.000e0,1.000000
lfw,all,rgb,rgb/Rhina_Villatoro_0001.ppm,0.965826,0.965826,1.192e-7,1.000000
lfw,all,rgb,rgb/Ricardo_Lagos_0001.ppm,0.904071,0.904071,0.000e0,1.000000
lfw,all,rgb,rgb/Ricardo_Lagos_0002.ppm,0.906705,0.906705,1.192e-7,0.999999
lfw,all,rgb,rgb/Ricardo_Lagos_0003.ppm,0.948715,0.948715,0.000e0,1.000000
lfw,all,rgb,rgb/Ricardo_Lagos_0004.ppm,0.890312,0.890312,1.192e-7,1.000000
lfw,all,rgb,rgb/Ricardo_Lagos_0005.ppm,0.929703,0.929703,0.000e0,1.000000
lfw,all,rgb,rgb/Ricardo_Lagos_0006.ppm,0.932592,0.932592,0.000e0,1.000000
lfw,all,rgb,rgb/Ricardo_Lagos_0007.ppm,0.874120,0.874120,0.000e0,0.999999
lfw,all,rgb,rgb/Ricardo_Lagos_0008.ppm,0.896975,0.896975,0.000e0,1.000000
lfw,all,rgb,rgb/Ricardo_Lagos_0009.ppm,0.922645,0.922645,0.000e0,1.000000
lfw,all,rgb,rgb/Ricardo_Lagos_0010.ppm,0.917897,0.917897,1.192e-7,0.999999
lfw,all,rgb,rgb/Ricardo_Lagos_0011.ppm,0.892487,0.892487,5.960e-8,1.000000
lfw,all,rgb,rgb/Ricardo_Lagos_0012.ppm,0.913718,0.913718,0.000e0,1.000000
lfw,all,rgb,rgb/Ricardo_Lagos_0013.ppm,0.893251,0.893251,0.000e0,1.000000
lfw,all,rgb,rgb/Ricardo_Lagos_0014.ppm,0.926329,0.926329,0.000e0,1.000000
lfw,all,rgb,rgb/Ricardo_Lagos_0015.ppm,0.945999,0.945999,0.000e0,1.000000
lfw,all,rgb,rgb/Ricardo_Lagos_0016.ppm,0.953383,0.953383,0.000e0,1.000000
lfw,all,rgb,rgb/Ricardo_Lagos_0017.ppm,0.894624,0.894624,0.000e0,1.000000
lfw,all,rgb,rgb/Ricardo_Lagos_0018.ppm,0.921122,0.921122,5.960e-8,1.000000
lfw,all,rgb,rgb/Ricardo_Lagos_0019.ppm,0.901135,0.901135,1.192e-7,1.000000
lfw,all,rgb,rgb/Ricardo_Lagos_0020.ppm,0.892576,0.892576,1.192e-7,1.000000
lfw,all,rgb,rgb/Ricardo_Lagos_0021.ppm,0.922941,0.922941,1.192e-7,1.000000
lfw,all,rgb,rgb/Ricardo_Lagos_0022.ppm,0.912673,0.912673,0.000e0,1.000000
lfw,all,rgb,rgb/Ricardo_Lagos_0023.ppm,0.903839,0.903839,1.192e-7,1.000000
lfw,all,rgb,rgb/Ricardo_Lagos_0024.ppm,0.911294,0.911294,0.000e0,1.000000
lfw,all,rgb,rgb/Ricardo_Lagos_0025.ppm,0.932513,0.932513,0.000e0,1.000000
lfw,all,rgb,rgb/Ricardo_Lagos_0026.ppm,0.901181,0.901181,5.960e-8,1.000000
lfw,all,rgb,rgb/Ricardo_Lagos_0027.ppm,0.900519,0.900519,0.000e0,1.000000
lfw,all,rgb,rgb/Ricardo_Lopez_Murphy_0001.ppm,0.918769,0.918769,1.192e-7,1.000000
lfw,all,rgb,rgb/Ricardo_Lopez_Murphy_0002.ppm,0.928099,0.928099,0.000e0,0.999999
lfw,all,rgb,rgb/Ricardo_Maduro_0001.ppm,0.949517,0.949517,1.192e-7,1.000000
lfw,all,rgb,rgb/Ricardo_Maduro_0002.ppm,0.953008,0.953008,0.000e0,1.000000
lfw,all,rgb,rgb/Ricardo_Mayorga_0001.ppm,0.942105,0.942105,0.000e0,1.000000
lfw,all,rgb,rgb/Ricardo_Monasterio_0001.ppm,0.904682,0.904682,0.000e0,1.000000
lfw,all,rgb,rgb/Ricardo_Monasterio_0002.ppm,0.954956,0.954956,0.000e0,1.000000
lfw,all,rgb,rgb/Ricardo_Sanchez_0001.ppm,0.914011,0.914011,1.192e-7,1.000000
lfw,all,rgb,rgb/Ricardo_Sanchez_0002.ppm,0.914922,0.914922,0.000e0,1.000000
lfw,all,rgb,rgb/Ricardo_Sanchez_0003.ppm,0.867430,0.867430,1.192e-7,1.000000
lfw,all,rgb,rgb/Ricardo_Sanchez_0004.ppm,0.953920,0.953920,0.000e0,1.000000
lfw,all,rgb,rgb/Ricardo_Sanchez_0005.ppm,0.968595,0.968595,0.000e0,1.000000
lfw,all,rgb,rgb/Ricardo_Sanchez_0006.ppm,0.918987,0.918987,0.000e0,1.000000
lfw,all,rgb,rgb/Riccardo_Muti_0001.ppm,0.949676,0.949676,0.000e0,1.000000
lfw,all,rgb,rgb/Rich_Brooks_0001.ppm,0.951915,0.951915,0.000e0,1.000000
lfw,all,rgb,rgb/Rich_Gannon_0001.ppm,0.945316,0.945316,1.192e-7,1.000000
lfw,all,rgb,rgb/Rich_Gannon_0002.ppm,0.914287,0.914287,0.000e0,1.000000
lfw,all,rgb,rgb/Richard_Armitage_0001.ppm,0.908507,0.908507,5.960e-8,1.000000
lfw,all,rgb,rgb/Richard_Armitage_0002.ppm,0.857673,0.857673,0.000e0,1.000000
lfw,all,rgb,rgb/Richard_Armitage_0003.ppm,0.933886,0.933886,1.192e-7,1.000000
lfw,all,rgb,rgb/Richard_Armitage_0004.ppm,0.923089,0.923089,0.000e0,1.000000
lfw,all,rgb,rgb/Richard_Armitage_0005.ppm,0.876654,0.876654,0.000e0,0.999999
lfw,all,rgb,rgb/Richard_Armitage_0006.ppm,0.883869,0.883869,1.788e-7,1.000000
lfw,all,rgb,rgb/Richard_Armitage_0007.ppm,0.895298,0.895298,0.000e0,1.000000
lfw,all,rgb,rgb/Richard_Armitage_0008.ppm,0.915889,0.915889,0.000e0,1.000000
lfw,all,rgb,rgb/Richard_Armitage_0009.ppm,0.908999,0.908999,0.000e0,0.999999
lfw,all,rgb,rgb/Richard_Barry_0001.ppm,0.919965,0.919965,1.192e-7,1.000000
lfw,all,rgb,rgb/Richard_Branson_0001.ppm,0.806429,0.806428,5.960e-8,0.999999
lfw,all,rgb,rgb/Richard_Branson_0002.ppm,0.907470,0.907470,0.000e0,1.000000
lfw,all,rgb,rgb/Richard_Butler_0001.ppm,0.952476,0.952476,0.000e0,1.000000
lfw,all,rgb,rgb/Richard_Butler_0002.ppm,0.920597,0.920597,5.960e-8,1.000000
lfw,all,rgb,rgb/Richard_Carl_0001.ppm,0.925438,0.925438,0.000e0,1.000000
lfw,all,rgb,rgb/Richard_Chamberlain_0001.ppm,0.893314,0.893314,1.192e-7,1.000000
lfw,all,rgb,rgb/Richard_Cohen_0001.ppm,0.957842,0.957842,0.000e0,1.000000
lfw,all,rgb,rgb/Richard_Crenna_0001.ppm,0.902118,0.902118,0.000e0,1.000000
lfw,all,rgb,rgb/Richard_Crenna_0002.ppm,0.939395,0.939395,0.000e0,1.000000
lfw,all,rgb,rgb/Richard_Daley_0001.ppm,0.913954,0.913954,0.000e0,1.000000
lfw,all,rgb,rgb/Richard_Dreyfuss_0001.ppm,0.957592,0.957592,0.000e0,0.999999
lfw,all,rgb,rgb/Richard_Fine_0001.ppm,0.894394,0.894394,1.192e-7,1.000000
lfw,all,rgb,rgb/Richard_Gephardt_0001.ppm,0.949165,0.949165,1.192e-7,1.000000
lfw,all,rgb,rgb/Richard_Gephardt_0002.ppm,0.887275,0.887275,0.000e0,1.000000
lfw,all,rgb,rgb/Richard_Gephardt_0003.ppm,0.870074,0.870074,0.000e0,1.000000
lfw,all,rgb,rgb/Richard_Gephardt_0004.ppm,0.932570,0.932570,0.000e0,1.000000
lfw,all,rgb,rgb/Richard_Gephardt_0005.ppm,0.922899,0.922899,5.960e-8,1.000000
lfw,all,rgb,rgb/Richard_Gephardt_0006.ppm,0.886544,0.886544,5.960e-8,1.000000
lfw,all,rgb,rgb/Richard_Gephardt_0007.ppm,0.931027,0.931027,0.000e0,1.000000
lfw,all,rgb,rgb/Richard_Gephardt_0008.ppm,0.875302,0.875302,5.960e-8,1.000000
lfw,all,rgb,rgb/Richard_Gephardt_0009.ppm,0.920250,0.920250,0.000e0,1.000000
lfw,all,rgb,rgb/Richard_Gephardt_0010.ppm,0.901772,0.901772,0.000e0,1.000000
lfw,all,rgb,rgb/Richard_Gephardt_0011.ppm,0.922289,0.922289,0.000e0,1.000000
lfw,all,rgb,rgb/Richard_Gere_0001.ppm,0.904155,0.904155,1.192e-7,1.000000
lfw,all,rgb,rgb/Richard_Gere_0002.ppm,0.935414,0.935414,0.000e0,1.000000
lfw,all,rgb,rgb/Richard_Gere_0003.ppm,0.912428,0.912428,1.192e-7,1.000000
lfw,all,rgb,rgb/Richard_Gere_0004.ppm,0.920134,0.920134,5.960e-8,1.000000
lfw,all,rgb,rgb/Richard_Gere_0005.ppm,0.909560,0.909560,0.000e0,1.000000
lfw,all,rgb,rgb/Richard_Gere_0006.ppm,0.899876,0.899876,5.960e-8,1.000000
lfw,all,rgb,rgb/Richard_Gere_0007.ppm,0.920646,0.920646,0.000e0,0.999999
lfw,all,rgb,rgb/Richard_Gere_0008.ppm,0.910690,0.910690,0.000e0,1.000000
lfw,all,rgb,rgb/Richard_Gere_0009.ppm,0.922374,0.922374,0.000e0,1.000000
lfw,all,rgb,rgb/Richard_Gere_0010.ppm,0.904579,0.904579,0.000e0,1.000000
lfw,all,rgb,rgb/Richard_Greenberg_0001.ppm,0.917544,0.917544,1.192e-7,1.000000
lfw,all,rgb,rgb/Richard_Haass_0001.ppm,0.915963,0.915963,0.000e0,1.000000
lfw,all,rgb,rgb/Richard_Haass_0002.ppm,0.953378,0.953378,0.000e0,1.000000
lfw,all,rgb,rgb/Richard_Hamilton_0001.ppm,0.929290,0.929290,0.000e0,1.000000
lfw,all,rgb,rgb/Richard_Harris_0001.ppm,0.873403,0.873403,5.960e-8,1.000000
lfw,all,rgb,rgb/Richard_Hellfant_0001.ppm,0.938957,0.938957,0.000e0,1.000000
lfw,all,rgb,rgb/Richard_Jefferson_0001.ppm,0.856174,0.856174,1.192e-7,0.999999
lfw,all,rgb,rgb/Richard_Jewell_0001.ppm,0.939500,0.939500,0.000e0,0.999999
lfw,all,rgb,rgb/Richard_Krajicek_0001.ppm,0.928317,0.928317,0.000e0,1.000000
lfw,all,rgb,rgb/Richard_Krajicek_0002.ppm,0.924655,0.924655,0.000e0,1.000000
lfw,all,rgb,rgb/Richard_Krajicek_0003.ppm,0.916620,0.916620,5.960e-8,1.000000
lfw,all,rgb,rgb/Richard_Langille_0001.ppm,0.949785,0.949785,0.000e0,1.000000
lfw,all,rgb,rgb/Richard_Lennon_0001.ppm,0.945172,0.945172,0.000e0,1.000000
lfw,all,rgb,rgb/Richard_Levin_0001.ppm,0.902467,0.902467,1.192e-7,1.000000
lfw,all,rgb,rgb/Richard_Lugar_0001.ppm,0.855967,0.855967,1.192e-7,1.000000
lfw,all,rgb,rgb/Richard_Myers_0001.ppm,0.906652,0.906652,5.960e-8,1.000000
lfw,all,rgb,rgb/Richard_Myers_0002.ppm,0.932678,0.932678,1.192e-7,1.000000
lfw,all,rgb,rgb/Richard_Myers_0003.ppm,0.893506,0.893506,5.960e-8,1.000000
lfw,all,rgb,rgb/Richard_Myers_0004.ppm,0.965714,0.965714,0.000e0,1.000000
lfw,all,rgb,rgb/Richard_Myers_0005.ppm,0.912753,0.912753,0.000e0,1.000000
lfw,all,rgb,rgb/Richard_Myers_0006.ppm,0.910082,0.910082,0.000e0,1.000000
lfw,all,rgb,rgb/Richard_Myers_0007.ppm,0.867593,0.867593,1.192e-7,1.000000
lfw,all,rgb,rgb/Richard_Myers_0008.ppm,0.876637,0.876637,5.960e-8,1.000000
lfw,all,rgb,rgb/Richard_Myers_0009.ppm,0.938331,0.938331,1.192e-7,1.000000
lfw,all,rgb,rgb/Richard_Myers_0010.ppm,0.950870,0.950869,5.960e-8,1.000000
lfw,all,rgb,rgb/Richard_Myers_0011.ppm,0.928883,0.928883,0.000e0,1.000000
lfw,all,rgb,rgb/Richard_Myers_0012.ppm,0.945860,0.945860,1.192e-7,1.000000
lfw,all,rgb,rgb/Richard_Myers_0013.ppm,0.895901,0.895901,1.192e-7,1.000000
lfw,all,rgb,rgb/Richard_Myers_0014.ppm,0.944830,0.944830,0.000e0,1.000000
lfw,all,rgb,rgb/Richard_Myers_0015.ppm,0.933321,0.933321,5.960e-8,0.999999
lfw,all,rgb,rgb/Richard_Myers_0016.ppm,0.911900,0.911900,0.000e0,1.000000
lfw,all,rgb,rgb/Richard_Myers_0017.ppm,0.916907,0.916907,0.000e0,1.000000
lfw,all,rgb,rgb/Richard_Myers_0018.ppm,0.919902,0.919903,1.192e-7,1.000000
lfw,all,rgb,rgb/Richard_Naughton_0001.ppm,0.863212,0.863212,1.788e-7,0.999999
lfw,all,rgb,rgb/Richard_Norton-Taylor_0001.ppm,0.939160,0.939160,0.000e0,1.000000
lfw,all,rgb,rgb/Richard_Norton-Taylor_0002.ppm,0.931862,0.931862,2.384e-7,1.000000
lfw,all,rgb,rgb/Richard_Palmer_0001.ppm,0.905105,0.905105,0.000e0,1.000000
lfw,all,rgb,rgb/Richard_Parsons_0001.ppm,0.950215,0.950215,0.000e0,1.000000
lfw,all,rgb,rgb/Richard_Paul_Evans_0001.ppm,0.933143,0.933142,2.384e-7,1.000000
lfw,all,rgb,rgb/Richard_Penniman_0001.ppm,0.947728,0.947728,1.192e-7,1.000000
lfw,all,rgb,rgb/Richard_Pennington_0001.ppm,0.952708,0.952708,1.192e-7,1.000000
lfw,all,rgb,rgb/Richard_Perle_0001.ppm,0.969041,0.969041,1.192e-7,1.000000
lfw,all,rgb,rgb/Richard_Regenhard_0001.ppm,0.900719,0.900719,1.192e-7,1.000000
lfw,all,rgb,rgb/Richard_Reid_0001.ppm,0.957115,0.957115,0.000e0,1.000000
lfw,all,rgb,rgb/Richard_Rodriguez_0001.ppm,0.962738,0.962738,0.000e0,0.999999
lfw,all,rgb,rgb/Richard_Sambrook_0001.ppm,0.937403,0.937403,0.000e0,1.000000
lfw,all,rgb,rgb/Richard_Sambrook_0002.ppm,0.941967,0.941967,1.192e-7,1.000000
lfw,all,rgb,rgb/Richard_Shelby_0001.ppm,0.962097,0.962097,0.000e0,1.000000
lfw,all,rgb,rgb/Richard_Shelby_0002.ppm,0.962195,0.962195,0.000e0,1.000000
lfw,all,rgb,rgb/Richard_Sterner_0001.ppm,0.945113,0.945113,0.000e0,1.000000
lfw,all,rgb,rgb/Richard_Tubb_0001.ppm,0.911060,0.911060,0.000e0,1.000000
lfw,all,rgb,rgb/Richard_Virenque_0001.ppm,0.909206,0.909206,0.000e0,1.000000
lfw,all,rgb,rgb/Richard_Virenque_0002.ppm,0.927247,0.927247,0.000e0,1.000000
lfw,all,rgb,rgb/Richard_Virenque_0003.ppm,0.919983,0.919983,0.000e0,1.000000
lfw,all,rgb,rgb/Richard_Virenque_0004.ppm,0.915649,0.915649,0.000e0,0.999999
lfw,all,rgb,rgb/Richard_Virenque_0005.ppm,0.943180,0.943180,1.192e-7,1.000000
lfw,all,rgb,rgb/Richard_Virenque_0006.ppm,0.943569,0.943569,0.000e0,1.000000
lfw,all,rgb,rgb/Richard_Virenque_0007.ppm,0.900810,0.900810,0.000e0,1.000000
lfw,all,rgb,rgb/Richard_Virenque_0008.ppm,0.925290,0.925290,0.000e0,1.000000
lfw,all,rgb,rgb/Richard_Ward_0001.ppm,0.927472,0.927472,0.000e0,0.999999
lfw,all,rgb,rgb/Richie_Adubato_0001.ppm,0.930355,0.930355,5.960e-8,1.000000
lfw,all,rgb,rgb/Richie_Adubato_0002.ppm,0.868208,0.868209,1.192e-7,1.000000
lfw,all,rgb,rgb/Rick_Barnes_0001.ppm,0.893316,0.893316,1.788e-7,1.000000
lfw,all,rgb,rgb/Rick_Barnes_0002.ppm,0.932479,0.932479,5.960e-8,1.000000
lfw,all,rgb,rgb/Rick_Barnes_0003.ppm,0.899874,0.899874,5.960e-8,1.000000
lfw,all,rgb,rgb/Rick_Bland_0001.ppm,0.924944,0.924944,5.960e-8,1.000000
lfw,all,rgb,rgb/Rick_Bragg_0001.ppm,0.954638,0.954638,0.000e0,1.000000
lfw,all,rgb,rgb/Rick_Carlisle_0001.ppm,0.969872,0.969872,0.000e0,1.000000
lfw,all,rgb,rgb/Rick_Carlisle_0002.ppm,0.947310,0.947310,0.000e0,1.000000
lfw,all,rgb,rgb/Rick_Carlisle_0003.ppm,0.976828,0.976828,0.000e0,1.000000
lfw,all,rgb,rgb/Rick_Carlisle_0004.ppm,0.964552,0.964552,1.192e-7,1.000000
lfw,all,rgb,rgb/Rick_Caruso_0001.ppm,0.947069,0.947069,1.192e-7,1.000000
lfw,all,rgb,rgb/Rick_Dinse_0001.ppm,0.943118,0.943118,0.000e0,1.000000
lfw,all,rgb,rgb/Rick_Dinse_0002.ppm,0.865961,0.865961,0.000e0,1.000000
lfw,all,rgb,rgb/Rick_Dinse_0003.ppm,0.915222,0.915222,5.960e-8,1.000000
lfw,all,rgb,rgb/Rick_Husband_0001.ppm,0.949922,0.949922,0.000e0,1.000000
lfw,all,rgb,rgb/Rick_Lu_0001.ppm,0.935150,0.935150,0.000e0,1.000000
lfw,all,rgb,rgb/Rick_Perry_0001.ppm,0.928122,0.928122,5.960e-8,1.000000
lfw,all,rgb,rgb/Rick_Perry_0002.ppm,0.920645,0.920645,0.000e0,1.000000
lfw,all,rgb,rgb/Rick_Perry_0003.ppm,0.911281,0.911281,5.960e-8,1.000000
lfw,all,rgb,rgb/Rick_Perry_0004.ppm,0.928525,0.928525,0.000e0,1.000000
lfw,all,rgb,rgb/Rick_Perry_0005.ppm,0.941944,0.941944,0.000e0,1.000000
lfw,all,rgb,rgb/Rick_Perry_0006.ppm,0.896685,0.896685,1.192e-7,1.000000
lfw,all,rgb,rgb/Rick_Pitino_0001.ppm,0.933593,0.933593,0.000e0,1.000000
lfw,all,rgb,rgb/Rick_Pitino_0002.ppm,0.920069,0.920069,1.788e-7,1.000000
lfw,all,rgb,rgb/Rick_Pitino_0003.ppm,0.940248,0.940248,0.000e0,1.000000
lfw,all,rgb,rgb/Rick_Pitino_0004.ppm,0.901279,0.901279,0.000e0,1.000000
lfw,all,rgb,rgb/Rick_Reed_0001.ppm,0.898063,0.898063,0.000e0,1.000000
lfw,all,rgb,rgb/Rick_Rickert_0001.ppm,0.912974,0.912974,0.000e0,1.000000
lfw,all,rgb,rgb/Rick_Romley_0001.ppm,0.977009,0.977009,0.000e0,1.000000
lfw,all,rgb,rgb/Rick_Romley_0002.ppm,0.929074,0.929074,0.000e0,1.000000
lfw,all,rgb,rgb/Rick_Romley_0003.ppm,0.973472,0.973472,0.000e0,1.000000
lfw,all,rgb,rgb/Rick_Santorum_0001.ppm,0.946999,0.946999,0.000e0,1.000000
lfw,all,rgb,rgb/Rick_Santorum_0002.ppm,0.935306,0.935306,5.960e-8,1.000000
lfw,all,rgb,rgb/Rick_Santorum_0003.ppm,0.905620,0.905620,1.192e-7,0.999999
lfw,all,rgb,rgb/Rick_Stansbury_0001.ppm,0.921011,0.921011,0.000e0,1.000000
lfw,all,rgb,rgb/Rick_Stansbury_0002.ppm,0.946475,0.946476,1.192e-7,1.000000
lfw,all,rgb,rgb/Rick_Stansbury_0003.ppm,0.944717,0.944718,2.384e-7,1.000000
lfw,all,rgb,rgb/Rick_Wagoner_0001.ppm,0.938540,0.938540,0.000e0,1.000000
lfw,all,rgb,rgb/Rick_Wagoner_0002.ppm,0.920025,0.920025,0.000e0,1.000000
lfw,all,rgb,rgb/Ricky_Barnes_0001.ppm,0.927614,0.927614,0.000e0,1.000000
lfw,all,rgb,rgb/Ricky_Barnes_0002.ppm,0.885015,0.885015,5.960e-8,1.000000
lfw,all,rgb,rgb/Ricky_Cottrill_0001.ppm,0.885257,0.885257,1.192e-7,1.000000
lfw,all,rgb,rgb/Ricky_Martin_0001.ppm,0.935168,0.935168,0.000e0,0.999999
lfw,all,rgb,rgb/Ricky_Martin_0002.ppm,0.915732,0.915732,0.000e0,1.000000
lfw,all,rgb,rgb/Ricky_Ponting_0001.ppm,0.937757,0.937757,1.192e-7,1.000000
lfw,all,rgb,rgb/Ricky_Ponting_0002.ppm,0.918281,0.918281,0.000e0,1.000000
lfw,all,rgb,rgb/Ricky_Quick_0001.ppm,0.933683,0.933683,1.192e-7,1.000000
lfw,all,rgb,rgb/Ricky_Ray_0001.ppm,0.936958,0.936958,0.000e0,1.000000
lfw,all,rgb,rgb/Ridley_Scott_0001.ppm,0.910065,0.910065,0.000e0,1.000000
lfw,all,rgb,rgb/Riek_Blanjaar_0001.ppm,0.900117,0.900117,0.000e0,1.000000
lfw,all,rgb,rgb/Rien_Long_0001.ppm,0.932011,0.932011,0.000e0,1.000000
lfw,all,rgb,rgb/Rina_Lazo_0001.ppm,0.948682,0.948682,0.000e0,0.999999
lfw,all,rgb,rgb/Ringo_Starr_0001.ppm,0.934095,0.934095,0.000e0,1.000000
lfw,all,rgb,rgb/Rio_Ferdinand_0001.ppm,0.905548,0.905548,0.000e0,1.000000
lfw,all,rgb,rgb/Rio_Ferdinand_0002.ppm,0.901488,0.901488,0.000e0,1.000000
lfw,all,rgb,rgb/Rita_Grande_0001.ppm,0.909858,0.909858,0.000e0,1.000000
lfw,all,rgb,rgb/Rita_Grande_0002.ppm,0.908124,0.908124,0.000e0,1.000000
lfw,all,rgb,rgb/Rita_Grande_0003.ppm,0.969459,0.969459,1.192e-7,1.000000
lfw,all,rgb,rgb/Rita_Moreno_0001.ppm,0.912872,0.912872,5.960e-8,1.000000
lfw,all,rgb,rgb/Rita_Moreno_0002.ppm,0.888156,0.888156,0.000e0,0.999999
lfw,all,rgb,rgb/Rita_Wilson_0001.ppm,0.909155,0.909155,0.000e0,1.000000
lfw,all,rgb,rgb/Rita_Wilson_0002.ppm,0.945920,0.945920,0.000e0,1.000000
lfw,all,rgb,rgb/Rita_Wilson_0003.ppm,0.966925,0.966925,1.192e-7,1.000000
lfw,all,rgb,rgb/Rita_Wilson_0004.ppm,0.918584,0.918584,0.000e0,1.000000
lfw,all,rgb,rgb/Rob_Lowe_0001.ppm,0.928208,0.928208,0.000e0,1.000000
lfw,all,rgb,rgb/Rob_Lowe_0002.ppm,0.970938,0.970938,1.192e-7,1.000000
lfw,all,rgb,rgb/Rob_Lowe_0003.ppm,0.949929,0.949929,1.192e-7,1.000000
lfw,all,rgb,rgb/Rob_Lowe_0004.ppm,0.913533,0.913533,1.192e-7,1.000000
lfw,all,rgb,rgb/Rob_Marshall_0001.ppm,0.917802,0.917802,0.000e0,1.000000
lfw,all,rgb,rgb/Rob_Marshall_0002.ppm,0.905964,0.905964,5.960e-8,1.000000
lfw,all,rgb,rgb/Rob_Marshall_0003.ppm,0.936589,0.936589,1.192e-7,1.000000
lfw,all,rgb,rgb/Rob_Marshall_0004.ppm,0.912138,0.912138,1.192e-7,1.000000
lfw,all,rgb,rgb/Rob_Marshall_0005.ppm,0.938314,0.938314,1.192e-7,1.000000
lfw,all,rgb,rgb/Rob_Marshall_0006.ppm,0.900540,0.900540,0.000e0,0.999999
lfw,all,rgb,rgb/Rob_Moore_0001.ppm,0.855510,0.855510,5.960e-8,0.999999
lfw,all,rgb,rgb/Rob_Morrow_0001.ppm,0.931553,0.931553,0.000e0,1.000000
lfw,all,rgb,rgb/Rob_Niedermayer_0001.ppm,0.936672,0.936672,1.192e-7,0.999999
lfw,all,rgb,rgb/Rob_Ramsay_0001.ppm,0.916425,0.916425,5.960e-8,1.000000
lfw,all,rgb,rgb/Rob_Schneider_0001.ppm,0.925266,0.925266,1.192e-7,1.000000
lfw,all,rgb,rgb/Rob_Schneider_0002.ppm,0.931624,0.931624,0.000e0,1.000000
lfw,all,rgb,rgb/Robbie_Coltrane_0001.ppm,0.912016,0.912016,1.192e-7,0.999999
lfw,all,rgb,rgb/Robbie_Fowler_0001.ppm,0.935356,0.935356,0.000e0,1.000000
lfw,all,rgb,rgb/Robbie_Fowler_0002.ppm,0.940992,0.940992,0.000e0,1.000000
lfw,all,rgb,rgb/Robbie_Mc_Ewen_0001.ppm,0.893491,0.893491,0.000e0,1.000000
lfw,all,rgb,rgb/Robbie_Naish_0001.ppm,0.907661,0.907661,0.000e0,1.000000
lfw,all,rgb,rgb/Robbie_Williams_0001.ppm,0.946034,0.946034,0.000e0,1.000000
lfw,all,rgb,rgb/Robbie_Williams_0002.ppm,0.961731,0.961731,0.000e0,1.000000
lfw,all,rgb,rgb/Robbie_Williams_0003.ppm,0.964249,0.964249,0.000e0,1.000000
lfw,all,rgb,rgb/Robby_Ginepri_0001.ppm,0.973185,0.973185,1.192e-7,1.000000
lfw,all,rgb,rgb/Robby_Ginepri_0002.ppm,0.936690,0.936690,5.960e-8,1.000000
lfw,all,rgb,rgb/Robert_Altman_0001.ppm,0.907736,0.907736,0.000e0,1.000000
lfw,all,rgb,rgb/Robert_Beck_0001.ppm,0.952915,0.952915,0.000e0,1.000000
lfw,all,rgb,rgb/Robert_Blackwill_0001.ppm,0.882048,0.882048,1.192e-7,1.000000
lfw,all,rgb,rgb/Robert_Blackwill_0002.ppm,0.898426,0.898426,1.192e-7,1.000000
lfw,all,rgb,rgb/Robert_Blake_0001.ppm,0.900070,0.900070,0.000e0,1.000000
lfw,all,rgb,rgb/Robert_Blake_0002.ppm,0.908554,0.908554,5.960e-8,1.000000
lfw,all,rgb,rgb/Robert_Blake_0003.ppm,0.927276,0.927276,0.000e0,1.000000
lfw,all,rgb,rgb/Robert_Blake_0004.ppm,0.939600,0.939600,1.192e-7,1.000000
lfw,all,rgb,rgb/Robert_Blake_0005.ppm,0.918193,0.918193,0.000e0,1.000000
lfw,all,rgb,rgb/Robert_Blake_0006.ppm,0.891894,0.891894,5.960e-8,1.000000
lfw,all,rgb,rgb/Robert_Blake_0007.ppm,0.891890,0.891890,0.000e0,1.000000
lfw,all,rgb,rgb/Robert_Blake_0008.ppm,0.909425,0.909425,1.192e-7,0.999999
lfw,all,rgb,rgb/Robert_Bonner_0001.ppm,0.936355,0.936355,5.960e-8,1.000000
lfw,all,rgb,rgb/Robert_Bonner_0002.ppm,0.939962,0.939962,0.000e0,1.000000
lfw,all,rgb,rgb/Robert_Bonner_0003.ppm,0.899349,0.899349,1.192e-7,1.000000
lfw,all,rgb,rgb/Robert_Bullock_0001.ppm,0.893948,0.893948,1.192e-7,1.000000
lfw,all,rgb,rgb/Robert_Bullock_0002.ppm,0.878188,0.878188,0.000e0,1.000000
lfw,all,rgb,rgb/Robert_DeFraites_0001.ppm,0.926941,0.926941,1.192e-7,1.000000
lfw,all,rgb,rgb/Robert_DeFraites_0002.ppm,0.935523,0.935523,0.000e0,1.000000
lfw,all,rgb,rgb/Robert_De_Niro_0001.ppm,0.915123,0.915123,1.192e-7,0.999999
lfw,all,rgb,rgb/Robert_De_Niro_0002.ppm,0.921499,0.921499,0.000e0,1.000000
lfw,all,rgb,rgb/Robert_De_Niro_0003.ppm,0.927963,0.927963,5.960e-8,1.000000
lfw,all,rgb,rgb/Robert_De_Niro_0004.ppm,0.895711,0.895711,0.000e0,1.000000
lfw,all,rgb,rgb/Robert_De_Niro_0005.ppm,0.909912,0.909912,1.788e-7,1.000000
lfw,all,rgb,rgb/Robert_De_Niro_0006.ppm,0.900282,0.900282,2.980e-7,0.999999
lfw,all,rgb,rgb/Robert_Douglas_0001.ppm,0.957692,0.957692,0.000e0,1.000000
lfw,all,rgb,rgb/Robert_Downey_Jr_0001.ppm,0.918674,0.918674,0.000e0,1.000000
lfw,all,rgb,rgb/Robert_Durst_0001.ppm,0.934090,0.934090,0.000e0,1.000000
lfw,all,rgb,rgb/Robert_Duvall_0001.ppm,0.891882,0.891882,1.192e-7,1.000000
lfw,all,rgb,rgb/Robert_Duvall_0002.ppm,0.902261,0.902261,0.000e0,1.000000
lfw,all,rgb,rgb/Robert_Duvall_0003.ppm,0.924817,0.924817,1.192e-7,1.000000
lfw,all,rgb,rgb/Robert_Duvall_0004.ppm,0.903166,0.903166,0.000e0,1.000000
lfw,all,rgb,rgb/Robert_Duvall_0005.ppm,0.899549,0.899549,0.000e0,1.000000
lfw,all,rgb,rgb/Robert_Duvall_0006.ppm,0.910791,0.910791,0.000e0,1.000000
lfw,all,rgb,rgb/Robert_Duvall_0007.ppm,0.922070,0.922070,1.192e-7,0.999999
lfw,all,rgb,rgb/Robert_Duvall_0008.ppm,0.880559,0.880559,0.000e0,1.000000
lfw,all,rgb,rgb/Robert_Ehrlich_0001.ppm,0.902439,0.902439,0.000e0,1.000000
lfw,all,rgb,rgb/Robert_Ehrlich_0002.ppm,0.899366,0.899366,0.000e0,1.000000
lfw,all,rgb,rgb/Robert_Evans_0001.ppm,0.932981,0.932981,0.000e0,1.000000
lfw,all,rgb,rgb/Robert_Evans_0002.ppm,0.919104,0.919104,0.000e0,1.000000
lfw,all,rgb,rgb/Robert_Evans_0003.ppm,0.918521,0.918521,0.000e0,1.000000
lfw,all,rgb,rgb/Robert_F_Kennedy_Jr_0001.ppm,0.946800,0.946800,0.000e0,1.000000
lfw,all,rgb,rgb/Robert_Fico_0001.ppm,0.963697,0.963697,0.000e0,1.000000
lfw,all,rgb,rgb/Robert_Fico_0002.ppm,0.920128,0.920128,1.192e-7,1.000000
lfw,all,rgb,rgb/Robert_Flodquist_0001.ppm,0.937591,0.937591,0.000e0,1.000000
lfw,all,rgb,rgb/Robert_Gallo_0001.ppm,0.912376,0.912375,1.192e-7,1.000000
lfw,all,rgb,rgb/Robert_Gordon_Card_0001.ppm,0.960235,0.960235,0.000e0,1.000000
lfw,all,rgb,rgb/Robert_Hanssen_0001.ppm,0.926206,0.926206,0.000e0,1.000000
lfw,all,rgb,rgb/Robert_Horan_0001.ppm,0.920632,0.920632,1.192e-7,1.000000
lfw,all,rgb,rgb/Robert_Horan_0002.ppm,0.888339,0.888339,1.192e-7,1.000000
lfw,all,rgb,rgb/Robert_Hyatt_0001.ppm,0.927964,0.927964,0.000e0,1.000000
lfw,all,rgb,rgb/Robert_Kipkoech_Cheruiyot_0001.ppm,0.928092,0.928092,0.000e0,1.000000
lfw,all,rgb,rgb/Robert_Kocharian_0001.ppm,0.975030,0.975030,0.000e0,1.000000
lfw,all,rgb,rgb/Robert_Kocharian_0002.ppm,0.908504,0.908504,1.192e-7,1.000000
lfw,all,rgb,rgb/Robert_Kocharian_0003.ppm,0.901071,0.901071,1.788e-7,1.000000
lfw,all,rgb,rgb/Robert_Kocharian_0004.ppm,0.920688,0.920688,1.192e-7,1.000000
lfw,all,rgb,rgb/Robert_Kocharian_0005.ppm,0.915532,0.915532,0.000e0,1.000000
lfw,all,rgb,rgb/Robert_Korzeniowski_0001.ppm,0.914162,0.914162,1.192e-7,1.000000
lfw,all,rgb,rgb/Robert_Lange_0001.ppm,0.956872,0.956872,0.000e0,1.000000
lfw,all,rgb,rgb/Robert_Lee_Yates_Jr_0001.ppm,0.903653,0.903653,0.000e0,1.000000
lfw,all,rgb,rgb/Robert_Marshall_0001.ppm,0.981402,0.981402,0.000e0,1.000000
lfw,all,rgb,rgb/Robert_McKee_0001.ppm,0.948561,0.948561,1.192e-7,1.000000
lfw,all,rgb,rgb/Robert_Morvillo_0001.ppm,0.939902,0.939902,0.000e0,1.000000
lfw,all,rgb,rgb/Robert_Mueller_0001.ppm,0.904051,0.904051,0.000e0,1.000000
lfw,all,rgb,rgb/Robert_Mueller_0002.ppm,0.942727,0.942727,0.000e0,1.000000
lfw,all,rgb,rgb/Robert_Mueller_0003.ppm,0.909037,0.909037,1.192e-7,1.000000
lfw,all,rgb,rgb/Robert_Mueller_0004.ppm,0.943948,0.943948,0.000e0,1.000000
lfw,all,rgb,rgb/Robert_Mueller_0005.ppm,0.963951,0.963951,0.000e0,0.999999
lfw,all,rgb,rgb/Robert_Mugabe_0001.ppm,0.921470,0.921470,0.000e0,1.000000
lfw,all,rgb,rgb/Robert_Mugabe_0002.ppm,0.896984,0.896984,0.000e0,1.000000
lfw,all,rgb,rgb/Robert_Nardelli_0001.ppm,0.922930,0.922930,1.192e-7,1.000000
lfw,all,rgb,rgb/Robert_Nillson_0001.ppm,0.946355,0.946355,0.000e0,1.000000
lfw,all,rgb,rgb/Robert_Pollack_0001.ppm,0.905540,0.905540,0.000e0,1.000000
lfw,all,rgb,rgb/Robert_Redford_0001.ppm,0.927736,0.927736,0.000e0,1.000000
lfw,all,rgb,rgb/Robert_Redford_0002.ppm,0.917895,0.917895,0.000e0,1.000000
lfw,all,rgb,rgb/Robert_Redford_0003.ppm,0.929790,0.929790,0.000e0,1.000000
lfw,all,rgb,rgb/Robert_Redford_0004.ppm,0.908636,0.908636,0.000e0,1.000000
lfw,all,rgb,rgb/Robert_Redford_0005.ppm,0.930527,0.930527,0.000e0,1.000000
lfw,all,rgb,rgb/Robert_Redford_0006.ppm,0.871099,0.871099,5.960e-8,1.000000
lfw,all,rgb,rgb/Robert_Redford_0007.ppm,0.956350,0.956350,0.000e0,1.000000
lfw,all,rgb,rgb/Robert_Redford_0008.ppm,0.932862,0.932862,0.000e0,1.000000
lfw,all,rgb,rgb/Robert_Schuller_0001.ppm,0.913947,0.913947,0.000e0,1.000000
lfw,all,rgb,rgb/Robert_Stack_0001.ppm,0.952612,0.952612,0.000e0,1.000000
lfw,all,rgb,rgb/Robert_Stack_0002.ppm,0.936752,0.936752,0.000e0,1.000000
lfw,all,rgb,rgb/Robert_Torricelli_0001.ppm,0.968531,0.968531,0.000e0,1.000000
lfw,all,rgb,rgb/Robert_Torricelli_0002.ppm,0.953018,0.953018,1.192e-7,1.000000
lfw,all,rgb,rgb/Robert_Torricelli_0003.ppm,0.944557,0.944557,0.000e0,1.000000
lfw,all,rgb,rgb/Robert_Towne_0001.ppm,0.909182,0.909182,1.192e-7,1.000000
lfw,all,rgb,rgb/Robert_Tyrrell_0001.ppm,0.921407,0.921407,1.192e-7,1.000000
lfw,all,rgb,rgb/Robert_Vowler_0001.ppm,0.966125,0.966125,0.000e0,1.000000
lfw,all,rgb,rgb/Robert_Wagner_0001.ppm,0.926212,0.926212,0.000e0,1.000000
lfw,all,rgb,rgb/Robert_Weitzel_0001.ppm,0.963146,0.963146,0.000e0,1.000000
lfw,all,rgb,rgb/Robert_Wiener_0001.ppm,0.854232,0.854232,1.192e-7,0.999999
lfw,all,rgb,rgb/Robert_Witt_0001.ppm,0.915755,0.915755,5.960e-8,1.000000
lfw,all,rgb,rgb/Robert_Witt_0002.ppm,0.941609,0.941609,0.000e0,1.000000
lfw,all,rgb,rgb/Robert_Woody_Johnson_0001.ppm,0.899478,0.899478,1.192e-7,1.000000
lfw,all,rgb,rgb/Robert_Zoellick_0001.ppm,0.884103,0.884103,0.000e0,1.000000
lfw,all,rgb,rgb/Robert_Zoellick_0002.ppm,0.917210,0.917210,0.000e0,1.000000
lfw,all,rgb,rgb/Robert_Zoellick_0003.ppm,0.915030,0.915030,0.000e0,1.000000
lfw,all,rgb,rgb/Robert_Zoellick_0004.ppm,0.912019,0.912019,1.192e-7,1.000000
lfw,all,rgb,rgb/Robert_Zoellick_0005.ppm,0.870019,0.870019,5.960e-8,1.000000
lfw,all,rgb,rgb/Robert_Zoellick_0006.ppm,0.944748,0.944748,1.192e-7,1.000000
lfw,all,rgb,rgb/Robert_Zoellick_0007.ppm,0.924444,0.924444,0.000e0,1.000000
lfw,all,rgb,rgb/Roberta_Combs_0001.ppm,0.913479,0.913479,0.000e0,0.999999
lfw,all,rgb,rgb/Roberto_Arguelles_0001.ppm,0.930528,0.930528,0.000e0,1.000000
lfw,all,rgb,rgb/Roberto_Benigni_0001.ppm,0.921793,0.921793,0.000e0,1.000000
lfw,all,rgb,rgb/Roberto_Benigni_0002.ppm,0.969211,0.969211,0.000e0,1.000000
lfw,all,rgb,rgb/Roberto_Canessa_0001.ppm,0.923069,0.923069,0.000e0,1.000000
lfw,all,rgb,rgb/Roberto_Carlos_0001.ppm,0.910206,0.910206,5.960e-8,1.000000
lfw,all,rgb,rgb/Roberto_Carlos_0002.ppm,0.909643,0.909643,1.192e-7,1.000000
lfw,all,rgb,rgb/Roberto_Carlos_0003.ppm,0.918224,0.918224,0.000e0,1.000000
lfw,all,rgb,rgb/Roberto_Carlos_0004.ppm,0.948611,0.948611,1.192e-7,1.000000
lfw,all,rgb,rgb/Roberto_Cavalli_0001.ppm,0.882531,0.882531,0.000e0,1.000000
lfw,all,rgb,rgb/Roberto_Cercelletta_0001.ppm,0.909308,0.909308,0.000e0,1.000000
lfw,all,rgb,rgb/Roberto_Guaterroma_0001.ppm,0.948752,0.948752,0.000e0,1.000000
lfw,all,rgb,rgb/Roberto_Laratro_0001.ppm,0.894716,0.894716,0.000e0,1.000000
lfw,all,rgb,rgb/Roberto_Lavagna_0001.ppm,0.930163,0.930163,5.960e-8,1.000000
lfw,all,rgb,rgb/Roberto_Marinho_0001.ppm,0.904975,0.904974,5.960e-8,1.000000
lfw,all,rgb,rgb/Roberto_Marinho_0002.ppm,0.916168,0.916168,0.000e0,1.000000
lfw,all,rgb,rgb/Roberto_Marinho_0003.ppm,0.917181,0.917181,0.000e0,1.000000
lfw,all,rgb,rgb/Roberto_Robaina_0001.ppm,0.927166,0.927166,5.960e-8,1.000000
lfw,all,rgb,rgb/Roberto_Tovar_0001.ppm,0.945969,0.945969,1.192e-7,1.000000
lfw,all,rgb,rgb/Robin_Cook_0001.ppm,0.950493,0.950493,0.000e0,1.000000
lfw,all,rgb,rgb/Robin_Cook_0002.ppm,0.928090,0.928090,0.000e0,1.000000
lfw,all,rgb,rgb/Robin_Johansen_0001.ppm,0.944211,0.944211,0.000e0,1.000000
lfw,all,rgb,rgb/Robin_McGraw_0001.ppm,0.827268,0.827268,5.960e-8,1.000000
lfw,all,rgb,rgb/Robin_McLaurin_Williams_0001.ppm,0.906107,0.906107,0.000e0,1.000000
lfw,all,rgb,rgb/Robin_McLaurin_Williams_0002.ppm,0.913962,0.913962,0.000e0,1.000000
lfw,all,rgb,rgb/Robin_Tunney_0001.ppm,0.962590,0.962590,0.000e0,1.000000
lfw,all,rgb,rgb/Robin_Wagner_0001.ppm,0.912253,0.912253,0.000e0,1.000000
lfw,all,rgb,rgb/Robin_Williams_0001.ppm,0.963991,0.963991,0.000e0,1.000000
lfw,all,rgb,rgb/Robin_Wright_Penn_0001.ppm,0.951487,0.951488,1.192e-7,1.000000
lfw,all,rgb,rgb/Robinson_Stevenin_0001.ppm,0.948084,0.948084,0.000e0,1.000000
lfw,all,rgb,rgb/Robinson_Stevenin_0002.ppm,0.960388,0.960388,0.000e0,1.000000
lfw,all,rgb,rgb/Rocco_Buttiglione_0001.ppm,0.942375,0.942375,0.000e0,1.000000
lfw,all,rgb,rgb/Rod_Blagojevich_0001.ppm,0.936639,0.936639,0.000e0,1.000000
lfw,all,rgb,rgb/Rod_Blagojevich_0002.ppm,0.964822,0.964822,1.192e-7,1.000000
lfw,all,rgb,rgb/Rod_Bryden_0001.ppm,0.905483,0.905483,1.192e-7,1.000000
lfw,all,rgb,rgb/Rod_Jong-il_0001.ppm,0.963869,0.963869,0.000e0,1.000000
lfw,all,rgb,rgb/Rod_Paige_0001.ppm,0.928730,0.928730,0.000e0,1.000000
lfw,all,rgb,rgb/Rod_Stewart_0001.ppm,0.911851,0.911851,0.000e0,1.000000
lfw,all,rgb,rgb/Rod_Stewart_0002.ppm,0.905231,0.905232,5.960e-8,1.000000
lfw,all,rgb,rgb/Rod_Stewart_0003.ppm,0.938641,0.938641,1.192e-7,1.000000
lfw,all,rgb,rgb/Rod_Thorn_0001.ppm,0.897897,0.897897,1.192e-7,1.000000
lfw,all,rgb,rgb/Rodney_Dangerfield_0001.ppm,0.916637,0.916637,1.192e-7,1.000000
lfw,all,rgb,rgb/Rodney_Rempt_0001.ppm,0.867738,0.867738,5.960e-8,1.000000
lfw,all,rgb,rgb/Rodolfo_Abalos_0001.ppm,0.940639,0.940639,0.000e0,0.999999
lfw,all,rgb,rgb/Rodrigo_Borja_0001.ppm,0.931005,0.931005,0.000e0,1.000000
lfw,all,rgb,rgb/Rodrigo_Borja_0002.ppm,0.900366,0.900366,5.960e-8,1.000000
lfw,all,rgb,rgb/Rodrigo_Rato_0001.ppm,0.946064,0.946065,1.192e-7,1.000000
lfw,all,rgb,rgb/Rodrigo_de_la_Cerna_0001.ppm,0.965598,0.965598,0.000e0,1.000000
lfw,all,rgb,rgb/Roel_Campos_0001.ppm,0.935077,0.935077,0.000e0,1.000000
lfw,all,rgb,rgb/Rogelio_Montemayor_0001.ppm,0.973234,0.973234,0.000e0,1.000000
lfw,all,rgb,rgb/Rogelio_Ramos_0001.ppm,0.916117,0.916117,0.000e0,1.000000
lfw,all,rgb,rgb/Roger_Clemens_0001.ppm,0.960461,0.960461,5.960e-8,1.000000
lfw,all,rgb,rgb/Roger_Clemens_0002.ppm,0.920518,0.920518,1.192e-7,1.000000
lfw,all,rgb,rgb/Roger_Cook_0001.ppm,0.902426,0.902426,1.192e-7,1.000000
lfw,all,rgb,rgb/Roger_Corbett_0001.ppm,0.946603,0.946602,1.788e-7,1.000000
lfw,all,rgb,rgb/Roger_Daltrey_0001.ppm,0.912916,0.912916,0.000e0,1.000000
lfw,all,rgb,rgb/Roger_Etchegaray_0001.ppm,0.890652,0.890652,1.192e-7,1.000000
lfw,all,rgb,rgb/Roger_Federer_0001.ppm,0.942610,0.942610,1.192e-7,1.000000
lfw,all,rgb,rgb/Roger_Federer_0002.ppm,0.944519,0.944519,0.000e0,1.000000
lfw,all,rgb,rgb/Roger_Federer_0003.ppm,0.816171,0.816171,2.384e-7,1.000000
lfw,all,rgb,rgb/Roger_Federer_0004.ppm,0.951245,0.951245,0.000e0,1.000000
lfw,all,rgb,rgb/Roger_Federer_0005.ppm,0.922110,0.922110,0.000e0,1.000000
lfw,all,rgb,rgb/Roger_Federer_0006.ppm,0.881653,0.881653,0.000e0,1.000000
lfw,all,rgb,rgb/Roger_Federer_0007.ppm,0.885910,0.885910,0.000e0,1.000000
lfw,all,rgb,rgb/Roger_Federer_0008.ppm,0.964747,0.964747,0.000e0,0.999999
lfw,all,rgb,rgb/Roger_Federer_0009.ppm,0.961902,0.961902,0.000e0,0.999999
lfw,all,rgb,rgb/Roger_Federer_0010.ppm,0.874107,0.874107,0.000e0,1.000000
lfw,all,rgb,rgb/Roger_Federer_0011.ppm,0.919045,0.919046,1.192e-7,1.000000
lfw,all,rgb,rgb/Roger_Federer_0012.ppm,0.939200,0.939200,5.960e-8,1.000000
lfw,all,rgb,rgb/Roger_Federer_0013.ppm,0.943050,0.943050,1.192e-7,0.999999
lfw,all,rgb,rgb/Roger_Federer_0014.ppm,0.954540,0.954540,0.000e0,1.000000
lfw,all,rgb,rgb/Roger_Grimes_0001.ppm,0.919901,0.919902,1.192e-7,1.000000
lfw,all,rgb,rgb/Roger_King_0001.ppm,0.898395,0.898395,0.000e0,1.000000
lfw,all,rgb,rgb/Roger_Lyons_0001.ppm,0.935552,0.935552,5.960e-8,1.000000
lfw,all,rgb,rgb/Roger_Machado_0001.ppm,0.940954,0.940954,5.960e-8,1.000000
lfw,all,rgb,rgb/Roger_Mahony_0001.ppm,0.942494,0.942493,1.192e-7,1.000000
lfw,all,rgb,rgb/Roger_Moore_0001.ppm,0.907180,0.907180,1.192e-7,1.000000
lfw,all,rgb,rgb/Roger_Moore_0002.ppm,0.902978,0.902978,0.000e0,1.000000
lfw,all,rgb,rgb/Roger_Moore_0003.ppm,0.926041,0.926041,0.000e0,0.999999
lfw,all,rgb,rgb/Roger_Moore_0004.ppm,0.882654,0.882654,5.960e-8,1.000000
lfw,all,rgb,rgb/Roger_Moore_0005.ppm,0.921603,0.921602,1.192e-7,1.000000
lfw,all,rgb,rgb/Roger_Penske_0001.ppm,0.895737,0.895737,5.960e-8,1.000000
lfw,all,rgb,rgb/Roger_Staubach_0001.ppm,0.920709,0.920709,0.000e0,1.000000
lfw,all,rgb,rgb/Roger_Suarez_0001.ppm,0.943714,0.943714,0.000e0,1.000000
lfw,all,rgb,rgb/Roger_Toussaint_0001.ppm,0.926003,0.926002,2.384e-7,1.000000
lfw,all,rgb,rgb/Roger_Winter_0001.ppm,0.931811,0.931811,0.000e0,1.000000
lfw,all,rgb,rgb/Rogerio_Romero_0001.ppm,0.943928,0.943928,1.192e-7,1.000000
lfw,all,rgb,rgb/Rogerio_Romero_0002.ppm,0.888084,0.888084,5.960e-8,0.999999
lfw,all,rgb,rgb/Roh_Moo-hyun_0001.ppm,0.948010,0.948010,0.000e0,1.000000
lfw,all,rgb,rgb/Roh_Moo-hyun_0002.ppm,0.942881,0.942882,1.192e-7,1.000000
lfw,all,rgb,rgb/Roh_Moo-hyun_0003.ppm,0.957648,0.957648,0.000e0,1.000000
lfw,all,rgb,rgb/Roh_Moo-hyun_0004.ppm,0.935229,0.935229,0.000e0,1.000000
lfw,all,rgb,rgb/Roh_Moo-hyun_0005.ppm,0.932109,0.932109,5.960e-8,1.000000
lfw,all,rgb,rgb/Roh_Moo-hyun_0006.ppm,0.945252,0.945252,0.000e0,1.000000
lfw,all,rgb,rgb/Roh_Moo-hyun_0007.ppm,0.954727,0.954727,5.960e-8,1.000000
lfw,all,rgb,rgb/Roh_Moo-hyun_0008.ppm,0.988825,0.988825,0.000e0,0.999999
lfw,all,rgb,rgb/Roh_Moo-hyun_0009.ppm,0.941768,0.941768,1.192e-7,1.000000
lfw,all,rgb,rgb/Roh_Moo-hyun_0010.ppm,0.940350,0.940350,0.000e0,1.000000
lfw,all,rgb,rgb/Roh_Moo-hyun_0011.ppm,0.982879,0.982879,0.000e0,1.000000
lfw,all,rgb,rgb/Roh_Moo-hyun_0012.ppm,0.964454,0.964454,0.000e0,1.000000
lfw,all,rgb,rgb/Roh_Moo-hyun_0013.ppm,0.945319,0.945319,0.000e0,1.000000
lfw,all,rgb,rgb/Roh_Moo-hyun_0014.ppm,0.962938,0.962938,0.000e0,1.000000
lfw,all,rgb,rgb/Roh_Moo-hyun_0015.ppm,0.976971,0.976971,0.000e0,1.000000
lfw,all,rgb,rgb/Roh_Moo-hyun_0016.ppm,0.939412,0.939412,1.192e-7,1.000000
lfw,all,rgb,rgb/Roh_Moo-hyun_0017.ppm,0.970419,0.970419,0.000e0,1.000000
lfw,all,rgb,rgb/Roh_Moo-hyun_0018.ppm,0.951296,0.951296,0.000e0,1.000000
lfw,all,rgb,rgb/Roh_Moo-hyun_0019.ppm,0.933337,0.933336,5.960e-8,1.000000
lfw,all,rgb,rgb/Roh_Moo-hyun_0020.ppm,0.962073,0.962072,2.384e-7,0.999999
lfw,all,rgb,rgb/Roh_Moo-hyun_0021.ppm,0.982263,0.982263,0.000e0,0.999999
lfw,all,rgb,rgb/Roh_Moo-hyun_0022.ppm,0.950884,0.950884,1.192e-7,1.000000
lfw,all,rgb,rgb/Roh_Moo-hyun_0023.ppm,0.969076,0.969076,1.192e-7,1.000000
lfw,all,rgb,rgb/Roh_Moo-hyun_0024.ppm,0.976878,0.976878,0.000e0,1.000000
lfw,all,rgb,rgb/Roh_Moo-hyun_0025.ppm,0.967933,0.967933,1.192e-7,1.000000
lfw,all,rgb,rgb/Roh_Moo-hyun_0026.ppm,0.938293,0.938293,0.000e0,1.000000
lfw,all,rgb,rgb/Roh_Moo-hyun_0027.ppm,0.970810,0.970810,0.000e0,0.999999
lfw,all,rgb,rgb/Roh_Moo-hyun_0028.ppm,0.962339,0.962339,0.000e0,1.000000
lfw,all,rgb,rgb/Roh_Moo-hyun_0029.ppm,0.928125,0.928125,0.000e0,1.000000
lfw,all,rgb,rgb/Roh_Moo-hyun_0030.ppm,0.962511,0.962511,0.000e0,1.000000
lfw,all,rgb,rgb/Roh_Moo-hyun_0031.ppm,0.947877,0.947877,1.788e-7,1.000000
lfw,all,rgb,rgb/Roh_Moo-hyun_0032.ppm,0.946979,0.946979,0.000e0,1.000000
lfw,all,rgb,rgb/Rohinton_Mistry_0001.ppm,0.911279,0.911279,0.000e0,0.999999
lfw,all,rgb,rgb/Rohman_al-Ghozi_0001.ppm,0.964032,0.964032,1.192e-7,1.000000
lfw,all,rgb,rgb/Roland_Koch_0001.ppm,0.916440,0.916440,0.000e0,1.000000
lfw,all,rgb,rgb/Rolandas_Paksas_0001.ppm,0.938902,0.938902,5.960e-8,1.000000
lfw,all,rgb,rgb/Rolandas_Paksas_0002.ppm,0.940978,0.940978,0.000e0,1.000000
lfw,all,rgb,rgb/Rolf_Eckrodt_0001.ppm,0.925436,0.925436,0.000e0,1.000000
lfw,all,rgb,rgb/Rolf_Eckrodt_0002.ppm,0.949533,0.949533,5.960e-8,1.000000
lfw,all,rgb,rgb/Rolf_Zimmermann_0001.ppm,0.951748,0.951748,0.000e0,1.000000
lfw,all,rgb,rgb/Rollie_Massimino_0001.ppm,0.818337,0.818337,5.960e-8,1.000000
lfw,all,rgb,rgb/Romain_Duris_0001.ppm,0.868314,0.868314,0.000e0,1.000000
lfw,all,rgb,rgb/Roman_Abramovich_0001.ppm,0.939214,0.939214,0.000e0,1.000000
lfw,all,rgb,rgb/Roman_Coppola_0001.ppm,0.939821,0.939821,0.000e0,1.000000
lfw,all,rgb,rgb/Roman_Polanski_0001.ppm,0.944823,0.944823,1.192e-7,0.999999
lfw,all,rgb,rgb/Roman_Polanski_0002.ppm,0.952191,0.952191,0.000e0,0.999999
lfw,all,rgb,rgb/Roman_Polanski_0003.ppm,0.853080,0.853080,0.000e0,0.999999
lfw,all,rgb,rgb/Roman_Polanski_0004.ppm,0.930148,0.930148,0.000e0,1.000000
lfw,all,rgb,rgb/Roman_Polanski_0005.ppm,0.860443,0.860443,0.000e0,0.999999
lfw,all,rgb,rgb/Roman_Polanski_0006.ppm,0.932362,0.932362,0.000e0,1.000000
lfw,all,rgb,rgb/Roman_Tam_0001.ppm,0.925511,0.925511,1.192e-7,1.000000
lfw,all,rgb,rgb/Romano_Prodi_0001.ppm,0.956193,0.956193,0.000e0,1.000000
lfw,all,rgb,rgb/Romano_Prodi_0002.ppm,0.938714,0.938714,5.960e-8,1.000000
lfw,all,rgb,rgb/Romano_Prodi_0003.ppm,0.903633,0.903633,0.000e0,1.000000
lfw,all,rgb,rgb/Romano_Prodi_0004.ppm,0.894631,0.894631,1.192e-7,1.000000
lfw,all,rgb,rgb/Romano_Prodi_0005.ppm,0.894903,0.894903,5.960e-8,1.000000
lfw,all,rgb,rgb/Romano_Prodi_0006.ppm,0.920234,0.920234,5.960e-8,1.000000
lfw,all,rgb,rgb/Romano_Prodi_0007.ppm,0.922088,0.922088,1.192e-7,1.000000
lfw,all,rgb,rgb/Romario_Farias_0001.ppm,0.928618,0.928618,0.000e0,1.000000
lfw,all,rgb,rgb/Romeo_Gigli_0001.ppm,0.887993,0.887993,5.960e-8,1.000000
lfw,all,rgb,rgb/Ron_Dittemore_0001.ppm,0.925216,0.925216,1.192e-7,1.000000
lfw,all,rgb,rgb/Ron_Dittemore_0002.ppm,0.925117,0.925117,5.960e-8,1.000000
lfw,all,rgb,rgb/Ron_Dittemore_0003.ppm,0.949505,0.949505,0.000e0,1.000000
lfw,all,rgb,rgb/Ron_Dittemore_0004.ppm,0.931368,0.931368,0.000e0,1.000000
lfw,all,rgb,rgb/Ron_Dittemore_0005.ppm,0.954986,0.954986,0.000e0,1.000000
lfw,all,rgb,rgb/Ron_Dittemore_0006.ppm,0.895525,0.895525,1.192e-7,1.000000
lfw,all,rgb,rgb/Ron_Dittemore_0007.ppm,0.895121,0.895120,1.192e-7,1.000000
lfw,all,rgb,rgb/Ron_Dittemore_0008.ppm,0.835227,0.835227,1.788e-7,1.000000
lfw,all,rgb,rgb/Ron_Gonzales_0001.ppm,0.927413,0.927413,0.000e0,1.000000
lfw,all,rgb,rgb/Ron_Howard_0001.ppm,0.922629,0.922629,5.960e-8,1.000000
lfw,all,rgb,rgb/Ron_Howard_0002.ppm,0.939482,0.939482,0.000e0,1.000000
lfw,all,rgb,rgb/Ron_Kirk_0001.ppm,0.959068,0.959068,0.000e0,1.000000
lfw,all,rgb,rgb/Ron_Lantz_0001.ppm,0.925535,0.925535,0.000e0,1.000000
lfw,all,rgb,rgb/Ron_Zook_0001.ppm,0.947221,0.947221,0.000e0,1.000000
lfw,all,rgb,rgb/Ronald_Brower_0001.ppm,0.910571,0.910571,0.000e0,1.000000
lfw,all,rgb,rgb/Ronald_Harwood_0001.ppm,0.912008,0.912008,0.000e0,1.000000
lfw,all,rgb,rgb/Ronald_Ito_0001.ppm,0.913737,0.913737,0.000e0,1.000000
lfw,all,rgb,rgb/Ronald_Kadish_0001.ppm,0.916605,0.916605,0.000e0,1.000000
lfw,all,rgb,rgb/Ronald_Kessler_0001.ppm,0.982873,0.982873,0.000e0,1.000000
lfw,all,rgb,rgb/Ronald_Perelman_0001.ppm,0.901927,0.901927,0.000e0,1.000000
lfw,all,rgb,rgb/Ronald_Post_0001.ppm,0.933633,0.933633,5.960e-8,1.000000
lfw,all,rgb,rgb/Ronald_Reagan_0001.ppm,0.928514,0.928514,0.000e0,1.000000
lfw,all,rgb,rgb/Ronald_Reagan_0002.ppm,0.899050,0.899049,1.192e-7,1.000000
lfw,all,rgb,rgb/Ronald_Reagan_0003.ppm,0.968948,0.968948,0.000e0,1.000000
lfw,all,rgb,rgb/Ronald_White_0001.ppm,0.925765,0.925765,1.192e-7,1.000000
lfw,all,rgb,rgb/Ronald_Young_Jr_0001.ppm,0.918615,0.918615,5.960e-8,1.000000
lfw,all,rgb,rgb/Ronaldo_Luis_Nazario_de_Lima_0001.ppm,0.946302,0.946302,0.000e0,1.000000
lfw,all,rgb,rgb/Ronaldo_Luis_Nazario_de_Lima_0002.ppm,0.939036,0.939036,1.192e-7,1.000000
lfw,all,rgb,rgb/Ronaldo_Luis_Nazario_de_Lima_0003.ppm,0.951741,0.951741,0.000e0,1.000000
lfw,all,rgb,rgb/Ronaldo_Luis_Nazario_de_Lima_0004.ppm,0.931198,0.931198,0.000e0,1.000000
lfw,all,rgb,rgb/Ronde_Barber_0001.ppm,0.926600,0.926600,0.000e0,1.000000
lfw,all,rgb,rgb/Ronnie_Jagday_0001.ppm,0.908960,0.908960,5.960e-8,1.000000
lfw,all,rgb,rgb/Ronnie_Musgrove_0001.ppm,0.921843,0.921843,0.000e0,1.000000
lfw,all,rgb,rgb/Rosa_Haywa_de_Condori_0001.ppm,0.982360,0.982360,5.960e-8,1.000000
lfw,all,rgb,rgb/Rosalie_Perkov_0001.ppm,0.937036,0.937036,1.192e-7,1.000000
lfw,all,rgb,rgb/Rosalyn_Carter_0001.ppm,0.842254,0.842254,0.000e0,1.000000
lfw,all,rgb,rgb/Rosario_Dawson_0001.ppm,0.897679,0.897679,0.000e0,1.000000
lfw,all,rgb,rgb/Rose_Linkins_0001.ppm,0.897882,0.897882,1.192e-7,0.999999
lfw,all,rgb,rgb/Rose_Marie_0001.ppm,0.901352,0.901352,1.192e-7,1.000000
lfw,all,rgb,rgb/Roseanne_Barr_0001.ppm,0.865362,0.865362,0.000e0,1.000000
lfw,all,rgb,rgb/Roseanne_Barr_0002.ppm,0.936566,0.936566,1.192e-7,1.000000
lfw,all,rgb,rgb/Roseanne_Barr_0003.ppm,0.920787,0.920787,1.192e-7,1.000000
lfw,all,rgb,rgb/Rosemarie_Stack_0001.ppm,0.903127,0.903126,5.960e-8,1.000000
lfw,all,rgb,rgb/Rosemarie_Stack_0002.ppm,0.922333,0.922333,1.192e-7,1.000000
lfw,all,rgb,rgb/Rosie_Perez_0001.ppm,0.926844,0.926844,1.192e-7,1.000000
lfw,all,rgb,rgb/Rosny_Desroches_0001.ppm,0.935846,0.935846,1.192e-7,1.000000
lfw,all,rgb,rgb/Ross_Verba_0001.ppm,0.967393,0.967393,0.000e0,1.000000
lfw,all,rgb,rgb/Rowan_Williams_0001.ppm,0.844039,0.844039,5.960e-8,1.000000
lfw,all,rgb,rgb/Roy_Blunt_0001.ppm,0.954251,0.954251,0.000e0,1.000000
lfw,all,rgb,rgb/Roy_Chaderton_0001.ppm,0.915810,0.915810,1.788e-7,1.000000
lfw,all,rgb,rgb/Roy_Halladay_0001.ppm,0.922661,0.922661,0.000e0,1.000000
lfw,all,rgb,rgb/Roy_Jones_Jr_0001.ppm,0.942210,0.942210,0.000e0,1.000000
lfw,all,rgb,rgb/Roy_Jones_Jr_0002.ppm,0.950253,0.950253,0.000e0,1.000000
lfw,all,rgb,rgb/Roy_Moore_0001.ppm,0.931119,0.931119,0.000e0,1.000000
lfw,all,rgb,rgb/Roy_Moore_0002.ppm,0.923142,0.923142,0.000e0,1.000000
lfw,all,rgb,rgb/Roy_Moore_0003.ppm,0.918735,0.918735,0.000e0,1.000000
lfw,all,rgb,rgb/Roy_Moore_0004.ppm,0.910649,0.910649,0.000e0,1.000000
lfw,all,rgb,rgb/Roy_Moore_0005.ppm,0.956399,0.956399,5.960e-8,1.000000
lfw,all,rgb,rgb/Roy_Moore_0006.ppm,0.901091,0.901091,0.000e0,1.000000
lfw,all,rgb,rgb/Roy_Rogers_0001.ppm,0.920615,0.920615,0.000e0,1.000000
lfw,all,rgb,rgb/Roy_Romanow_0001.ppm,0.904176,0.904176,0.000e0,1.000000
lfw,all,rgb,rgb/Roy_Williams_0001.ppm,0.961025,0.961025,0.000e0,1.000000
lfw,all,rgb,rgb/Roy_Williams_0002.ppm,0.920446,0.920446,5.960e-8,1.000000
lfw,all,rgb,rgb/Roy_Williams_0003.ppm,0.880789,0.880789,1.192e-7,1.000000
lfw,all,rgb,rgb/Roy_Williams_0004.ppm,0.922032,0.922032,0.000e0,0.999999
lfw,all,rgb,rgb/Ruano_Pascual_0001.ppm,0.958795,0.958794,1.192e-7,1.000000
lfw,all,rgb,rgb/Ruben_Sierra_0001.ppm,0.951393,0.951393,0.000e0,1.000000
lfw,all,rgb,rgb/Ruben_Studdard_0001.ppm,0.911667,0.911667,0.000e0,1.000000
lfw,all,rgb,rgb/Ruben_Studdard_0002.ppm,0.932170,0.932171,1.192e-7,1.000000
lfw,all,rgb,rgb/Ruben_Wolkowyski_0001.ppm,0.954026,0.954026,0.000e0,1.000000
lfw,all,rgb,rgb/Rubens_Barrichello_0001.ppm,0.947133,0.947133,0.000e0,1.000000
lfw,all,rgb,rgb/Rubens_Barrichello_0002.ppm,0.944568,0.944568,5.960e-8,1.000000
lfw,all,rgb,rgb/Rubens_Barrichello_0003.ppm,0.925620,0.925619,1.192e-7,0.999999
lfw,all,rgb,rgb/Rubens_Barrichello_0004.ppm,0.953409,0.953409,0.000e0,1.000000
lfw,all,rgb,rgb/Rubens_Barrichello_0005.ppm,0.866824,0.866824,0.000e0,1.000000
lfw,all,rgb,rgb/Rubens_Barrichello_0006.ppm,0.939274,0.939274,1.192e-7,1.000000
lfw,all,rgb,rgb/Rubens_Barrichello_0007.ppm,0.931759,0.931759,0.000e0,1.000000
lfw,all,rgb,rgb/Rubens_Barrichello_0008.ppm,0.941723,0.941723,0.000e0,0.999999
lfw,all,rgb,rgb/Rubens_Barrichello_0009.ppm,0.877936,0.877936,0.000e0,1.000000
lfw,all,rgb,rgb/Rubens_Barrichello_0010.ppm,0.921185,0.921185,1.192e-7,0.999999
lfw,all,rgb,rgb/Rubens_Barrichello_0011.ppm,0.958911,0.958911,0.000e0,1.000000
lfw,all,rgb,rgb/Rubens_Barrichello_0012.ppm,0.893220,0.893220,0.000e0,1.000000
lfw,all,rgb,rgb/Rudi_Voeller_0001.ppm,0.913459,0.913459,0.000e0,1.000000
lfw,all,rgb,rgb/Rudolf_Schuster_0001.ppm,0.960188,0.960188,0.000e0,1.000000
lfw,all,rgb,rgb/Rudolph_Giuliani_0001.ppm,0.949226,0.949226,0.000e0,1.000000
lfw,all,rgb,rgb/Rudolph_Giuliani_0002.ppm,0.929028,0.929028,0.000e0,1.000000
lfw,all,rgb,rgb/Rudolph_Giuliani_0003.ppm,0.917498,0.917498,0.000e0,1.000000
lfw,all,rgb,rgb/Rudolph_Giuliani_0004.ppm,0.917922,0.917922,0.000e0,1.000000
lfw,all,rgb,rgb/Rudolph_Giuliani_0005.ppm,0.939095,0.939095,0.000e0,1.000000
lfw,all,rgb,rgb/Rudolph_Giuliani_0006.ppm,0.924485,0.924485,0.000e0,1.000000
lfw,all,rgb,rgb/Rudolph_Giuliani_0007.ppm,0.904232,0.904231,1.192e-7,1.000000
lfw,all,rgb,rgb/Rudolph_Giuliani_0008.ppm,0.926093,0.926093,0.000e0,1.000000
lfw,all,rgb,rgb/Rudolph_Giuliani_0009.ppm,0.917890,0.917890,0.000e0,1.000000
lfw,all,rgb,rgb/Rudolph_Giuliani_0010.ppm,0.896734,0.896734,0.000e0,0.999999
lfw,all,rgb,rgb/Rudolph_Giuliani_0011.ppm,0.937488,0.937488,0.000e0,1.000000
lfw,all,rgb,rgb/Rudolph_Giuliani_0012.ppm,0.863834,0.863834,1.192e-7,1.000000
lfw,all,rgb,rgb/Rudolph_Giuliani_0013.ppm,0.948418,0.948418,1.192e-7,1.000000
lfw,all,rgb,rgb/Rudolph_Giuliani_0014.ppm,0.977358,0.977358,0.000e0,1.000000
lfw,all,rgb,rgb/Rudolph_Giuliani_0015.ppm,0.920695,0.920696,1.192e-7,1.000000
lfw,all,rgb,rgb/Rudolph_Giuliani_0016.ppm,0.935578,0.935578,0.000e0,1.000000
lfw,all,rgb,rgb/Rudolph_Giuliani_0017.ppm,0.936167,0.936167,0.000e0,1.000000
lfw,all,rgb,rgb/Rudolph_Giuliani_0018.ppm,0.934332,0.934332,0.000e0,1.000000
lfw,all,rgb,rgb/Rudolph_Giuliani_0019.ppm,0.910601,0.910601,1.192e-7,1.000000
lfw,all,rgb,rgb/Rudolph_Giuliani_0020.ppm,0.942422,0.942422,0.000e0,1.000000
lfw,all,rgb,rgb/Rudolph_Giuliani_0021.ppm,0.855829,0.855829,0.000e0,1.000000
lfw,all,rgb,rgb/Rudolph_Giuliani_0022.ppm,0.913369,0.913369,1.192e-7,1.000000
lfw,all,rgb,rgb/Rudolph_Giuliani_0023.ppm,0.909978,0.909978,0.000e0,1.000000
lfw,all,rgb,rgb/Rudolph_Giuliani_0024.ppm,0.947593,0.947593,1.192e-7,1.000000
lfw,all,rgb,rgb/Rudolph_Giuliani_0025.ppm,0.939548,0.939548,0.000e0,1.000000
lfw,all,rgb,rgb/Rudolph_Giuliani_0026.ppm,0.933582,0.933582,0.000e0,1.000000
lfw,all,rgb,rgb/Rudolph_Holton_0001.ppm,0.928832,0.928832,0.000e0,1.000000
lfw,all,rgb,rgb/Rudy_Tomjanovich_0001.ppm,0.936444,0.936444,1.192e-7,1.000000
lfw,all,rgb,rgb/Rulon_Gardner_0001.ppm,0.922607,0.922607,1.192e-7,1.000000
lfw,all,rgb,rgb/Rupert_Grint_0001.ppm,0.943399,0.943399,0.000e0,1.000000
lfw,all,rgb,rgb/Rupert_Grint_0002.ppm,0.947311,0.947311,5.960e-8,1.000000
lfw,all,rgb,rgb/Rupert_Grint_0003.ppm,0.958307,0.958307,5.960e-8,1.000000
lfw,all,rgb,rgb/Rupert_Murdoch_0001.ppm,0.911172,0.911172,0.000e0,0.999999
lfw,all,rgb,rgb/Rupert_Murdoch_0002.ppm,0.890364,0.890364,1.192e-7,1.000000
lfw,all,rgb,rgb/Russ_Ortiz_0001.ppm,0.935398,0.935398,1.192e-7,1.000000
lfw,all,rgb,rgb/Russell_Coutts_0001.ppm,0.939022,0.939022,0.000e0,1.000000
lfw,all,rgb,rgb/Russell_Coutts_0002.ppm,0.921950,0.921950,0.000e0,1.000000
lfw,all,rgb,rgb/Russell_Crowe_0001.ppm,0.960815,0.960816,1.192e-7,1.000000
lfw,all,rgb,rgb/Russell_Crowe_0002.ppm,0.929450,0.929450,1.192e-7,1.000000
lfw,all,rgb,rgb/Russell_Simmons_0001.ppm,0.941665,0.941665,0.000e0,1.000000
lfw,all,rgb,rgb/Russell_Simmons_0002.ppm,0.919702,0.919702,0.000e0,1.000000
lfw,all,rgb,rgb/Russell_Simmons_0003.ppm,0.930744,0.930744,0.000e0,1.000000
lfw,all,rgb,rgb/Russell_Simmons_0004.ppm,0.939976,0.939976,1.192e-7,1.000000
lfw,all,rgb,rgb/Russell_Simmons_0005.ppm,0.906791,0.906791,0.000e0,1.000000
lfw,all,rgb,rgb/Rustu_Recber_0001.ppm,0.866096,0.866096,0.000e0,1.000000
lfw,all,rgb,rgb/Ruth_Bader_Ginsburg_0001.ppm,0.912531,0.912531,0.000e0,1.000000
lfw,all,rgb,rgb/Ruth_Christofferson_0001.ppm,0.939809,0.939809,0.000e0,1.000000
lfw,all,rgb,rgb/Ruth_Dreifuss_0001.ppm,0.919126,0.919126,1.192e-7,1.000000
lfw,all,rgb,rgb/Ruth_Dreifuss_0002.ppm,0.940137,0.940136,1.192e-7,1.000000
lfw,all,rgb,rgb/Ruth_Harlow_0001.ppm,0.909149,0.909149,1.192e-7,1.000000
lfw,all,rgb,rgb/Ruth_Harlow_0002.ppm,0.939806,0.939806,1.192e-7,1.000000
lfw,all,rgb,rgb/Ruth_Pearce_0001.ppm,0.949938,0.949938,0.000e0,1.000000
lfw,all,rgb,rgb/Ruth_Stubbs_0001.ppm,0.922196,0.922196,1.192e-7,1.000000
lfw,all,rgb,rgb/Ryan_Drese_0001.ppm,0.892248,0.892248,0.000e0,1.000000
lfw,all,rgb,rgb/Ryan_Goodman_0001.ppm,0.930403,0.930403,0.000e0,1.000000
lfw,all,rgb,rgb/Ryan_Leaf_0001.ppm,0.918222,0.918222,5.960e-8,1.000000
lfw,all,rgb,rgb/Ryan_Newman_0001.ppm,0.905437,0.905437,0.000e0,1.000000
lfw,all,rgb,rgb/Ryan_Nyquist_0001.ppm,0.922233,0.922233,1.192e-7,1.000000
lfw,all,rgb,rgb/SJ_Twu_0001.ppm,0.919785,0.919785,0.000e0,1.000000
lfw,all,rgb,rgb/S_Jayakumar_0001.ppm,0.927575,0.927575,0.000e0,0.999999
lfw,all,rgb,rgb/S_Jayakumar_0002.ppm,0.917068,0.917068,0.000e0,1.000000
lfw,all,rgb,rgb/Saadi_Gadhafi_0001.ppm,0.901906,0.901906,5.960e-8,1.000000
lfw,all,rgb,rgb/Sabah_Al-Ahmad_Al-Jaber_Al-Sabah_0001.ppm,0.898285,0.898285,0.000e0,1.000000
lfw,all,rgb,rgb/Saburo_Kawabuchi_0001.ppm,0.934865,0.934865,0.000e0,1.000000
lfw,all,rgb,rgb/Saburo_Kawabuchi_0002.ppm,0.939741,0.939741,1.192e-7,1.000000
lfw,all,rgb,rgb/Sachiko_Yamada_0001.ppm,0.951485,0.951485,0.000e0,0.999999
lfw,all,rgb,rgb/Sachiko_Yamada_0002.ppm,0.943006,0.943006,0.000e0,0.999999
lfw,all,rgb,rgb/Sachiko_Yamada_0003.ppm,0.939405,0.939405,5.960e-8,1.000000
lfw,all,rgb,rgb/Sachiko_Yamada_0004.ppm,0.919784,0.919784,0.000e0,1.000000
lfw,all,rgb,rgb/Sachin_Tendulkar_0001.ppm,0.936831,0.936831,0.000e0,1.000000
lfw,all,rgb,rgb/Sada_Jacobson_0001.ppm,0.932773,0.932772,2.980e-7,1.000000
lfw,all,rgb,rgb/Sadam_Hassan_0001.ppm,0.923634,0.923634,0.000e0,1.000000
lfw,all,rgb,rgb/Saddam_Hussein_0001.ppm,0.942367,0.942367,0.000e0,1.000000
lfw,all,rgb,rgb/Saddam_Hussein_0002.ppm,0.960916,0.960916,0.000e0,1.000000
lfw,all,rgb,rgb/Saddam_Hussein_0003.ppm,0.921796,0.921796,0.000e0,1.000000
lfw,all,rgb,rgb/Saddam_Hussein_0004.ppm,0.880945,0.880945,0.000e0,1.000000
lfw,all,rgb,rgb/Saddam_Hussein_0005.ppm,0.906198,0.906198,0.000e0,1.000000
lfw,all,rgb,rgb/Saddam_Hussein_0006.ppm,0.897333,0.897333,0.000e0,1.000000
lfw,all,rgb,rgb/Saddam_Hussein_0007.ppm,0.898666,0.898666,5.960e-8,1.000000
lfw,all,rgb,rgb/Saddam_Hussein_0008.ppm,0.900551,0.900551,5.960e-8,1.000000
lfw,all,rgb,rgb/Saddam_Hussein_0009.ppm,0.923615,0.923615,0.000e0,1.000000
lfw,all,rgb,rgb/Saddam_Hussein_0010.ppm,0.812835,0.812835,5.960e-8,1.000000
lfw,all,rgb,rgb/Saddam_Hussein_0011.ppm,0.927740,0.927740,0.000e0,1.000000
lfw,all,rgb,rgb/Saddam_Hussein_0012.ppm,0.923338,0.923338,5.960e-8,0.999999
lfw,all,rgb,rgb/Saddam_Hussein_0013.ppm,0.854783,0.854783,1.192e-7,1.000000
lfw,all,rgb,rgb/Saddam_Hussein_0014.ppm,0.953976,0.953976,5.960e-8,1.000000
lfw,all,rgb,rgb/Saddam_Hussein_0015.ppm,0.932438,0.932438,1.192e-7,1.000000
lfw,all,rgb,rgb/Saddam_Hussein_0016.ppm,0.958223,0.958223,0.000e0,0.999999
lfw,all,rgb,rgb/Saddam_Hussein_0017.ppm,0.902292,0.902292,1.192e-7,1.000000
lfw,all,rgb,rgb/Saddam_Hussein_0018.ppm,0.867363,0.867363,5.960e-8,1.000000
lfw,all,rgb,rgb/Saddam_Hussein_0019.ppm,0.895236,0.895236,5.960e-8,1.000000
lfw,all,rgb,rgb/Saddam_Hussein_0020.ppm,0.814969,0.814969,0.000e0,1.000000
lfw,all,rgb,rgb/Saddam_Hussein_0021.ppm,0.913650,0.913650,0.000e0,1.000000
lfw,all,rgb,rgb/Saddam_Hussein_0022.ppm,0.915521,0.915521,0.000e0,1.000000
lfw,all,rgb,rgb/Saddam_Hussein_0023.ppm,0.883605,0.883605,5.960e-8,1.000000
lfw,all,rgb,rgb/Sadie_Frost_0001.ppm,0.940386,0.940386,0.000e0,1.000000
lfw,all,rgb,rgb/Sadie_Frost_0002.ppm,0.889389,0.889389,1.788e-7,1.000000
lfw,all,rgb,rgb/Sadie_Frost_0003.ppm,0.923906,0.923906,2.384e-7,1.000000
lfw,all,rgb,rgb/Saeb_Erekat_0001.ppm,0.922505,0.922505,0.000e0,1.000000
lfw,all,rgb,rgb/Saeb_Erekat_0002.ppm,0.945146,0.945146,1.192e-7,0.999999
lfw,all,rgb,rgb/Saeed_Anwar_0001.ppm,0.941541,0.941541,0.000e0,1.000000
lfw,all,rgb,rgb/Saeed_Mortazavi_0001.ppm,0.953535,0.953535,0.000e0,1.000000
lfw,all,rgb,rgb/Sahim_Alwan_0001.ppm,0.939709,0.939709,0.000e0,1.000000
lfw,all,rgb,rgb/Saied_Hadi_al_Mudarissi_0001.ppm,0.901073,0.901073,0.000e0,1.000000
lfw,all,rgb,rgb/Sally_Clark_0001.ppm,0.941033,0.941033,0.000e0,1.000000
lfw,all,rgb,rgb/Sally_Field_0001.ppm,0.917825,0.917825,1.192e-7,1.000000
lfw,all,rgb,rgb/Sally_Field_0002.ppm,0.924596,0.924596,0.000e0,1.000000
lfw,all,rgb,rgb/Sally_Field_0003.ppm,0.930649,0.930649,0.000e0,0.999999
lfw,all,rgb,rgb/Sally_Field_0004.ppm,0.948814,0.948814,0.000e0,0.999999
lfw,all,rgb,rgb/Sally_Kirkland_0001.ppm,0.926278,0.926278,1.192e-7,1.000000
lfw,all,rgb,rgb/Sally_Kirkland_0002.ppm,0.956030,0.956030,1.192e-7,1.000000
lfw,all,rgb,rgb/Sally_Kirkland_0003.ppm,0.942304,0.942304,0.000e0,1.000000
lfw,all,rgb,rgb/Sally_Kirkland_0004.ppm,0.941466,0.941466,0.000e0,1.000000
lfw,all,rgb,rgb/Sally_Ride_0001.ppm,0.916519,0.916519,5.960e-8,1.000000
lfw,all,rgb,rgb/Sally_Ride_0002.ppm,0.901743,0.901743,0.000e0,1.000000
lfw,all,rgb,rgb/Salma_Hayek_0001.ppm,0.948754,0.948754,5.960e-8,1.000000
lfw,all,rgb,rgb/Salma_Hayek_0002.ppm,0.944535,0.944535,5.960e-8,1.000000
lfw,all,rgb,rgb/Salma_Hayek_0003.ppm,0.961917,0.961917,1.192e-7,1.000000
lfw,all,rgb,rgb/Salma_Hayek_0004.ppm,0.957825,0.957825,0.000e0,1.000000
lfw,all,rgb,rgb/Salma_Hayek_0005.ppm,0.945334,0.945334,0.000e0,1.000000
lfw,all,rgb,rgb/Salma_Hayek_0006.ppm,0.914120,0.914120,0.000e0,1.000000
lfw,all,rgb,rgb/Salma_Hayek_0007.ppm,0.978415,0.978415,0.000e0,1.000000
lfw,all,rgb,rgb/Salma_Hayek_0008.ppm,0.967476,0.967476,0.000e0,1.000000
lfw,all,rgb,rgb/Salma_Hayek_0009.ppm,0.960888,0.960888,0.000e0,1.000000
lfw,all,rgb,rgb/Salma_Hayek_0010.ppm,0.954797,0.954797,0.000e0,1.000000
lfw,all,rgb,rgb/Salma_Hayek_0011.ppm,0.969822,0.969822,0.000e0,1.000000
lfw,all,rgb,rgb/Salma_Hayek_0012.ppm,0.942269,0.942269,0.000e0,1.000000
lfw,all,rgb,rgb/Salma_Hayek_0013.ppm,0.923454,0.923454,0.000e0,0.999999
lfw,all,rgb,rgb/Salman_Khan_0001.ppm,0.913864,0.913864,1.192e-7,1.000000
lfw,all,rgb,rgb/Salman_Rushdie_0001.ppm,0.923032,0.923032,0.000e0,1.000000
lfw,all,rgb,rgb/Salman_Rushdie_0002.ppm,0.910004,0.910004,2.384e-7,1.000000
lfw,all,rgb,rgb/Salman_Rushdie_0003.ppm,0.924640,0.924640,1.788e-7,1.000000
lfw,all,rgb,rgb/Sam_Bith_0001.ppm,0.935156,0.935156,0.000e0,1.000000
lfw,all,rgb,rgb/Sam_Bith_0002.ppm,0.968090,0.968090,1.192e-7,1.000000
lfw,all,rgb,rgb/Sam_Bith_0003.ppm,0.917174,0.917174,1.788e-7,1.000000
lfw,all,rgb,rgb/Sam_Brownback_0001.ppm,0.954186,0.954186,1.192e-7,1.000000
lfw,all,rgb,rgb/Sam_Gerald_0001.ppm,0.833360,0.833360,1.192e-7,1.000000
lfw,all,rgb,rgb/Sam_Mendes_0001.ppm,0.966226,0.966226,0.000e0,1.000000
lfw,all,rgb,rgb/Sam_Mendes_0002.ppm,0.926129,0.926129,1.192e-7,1.000000
lfw,all,rgb,rgb/Sam_Rockwell_0001.ppm,0.939807,0.939807,0.000e0,0.999999
lfw,all,rgb,rgb/Sam_Torrance_0001.ppm,0.921169,0.921169,5.960e-8,1.000000
lfw,all,rgb,rgb/Sam_Torrance_0002.ppm,0.847264,0.847264,0.000e0,1.000000
lfw,all,rgb,rgb/Sam_Torrance_0003.ppm,0.906240,0.906240,0.000e0,1.000000
lfw,all,rgb,rgb/Saman_Shali_0001.ppm,0.910733,0.910733,1.192e-7,1.000000
lfw,all,rgb,rgb/Samantha_Daniels_0001.ppm,0.927498,0.927498,0.000e0,1.000000
lfw,all,rgb,rgb/Samantha_Ledster_0001.ppm,0.872472,0.872472,5.960e-8,1.000000
lfw,all,rgb,rgb/Sami_Al-Arian_0001.ppm,0.942646,0.942645,1.192e-7,0.999999
lfw,all,rgb,rgb/Samira_Makhmalbaf_0001.ppm,0.966446,0.966446,1.192e-7,1.000000
lfw,all,rgb,rgb/Samira_Makhmalbaf_0002.ppm,0.960681,0.960681,0.000e0,0.999999
lfw,all,rgb,rgb/Sammy_Knight_0001.ppm,0.941719,0.941719,0.000e0,1.000000
lfw,all,rgb,rgb/Sammy_Sosa_0001.ppm,0.931269,0.931269,1.192e-7,1.000000
lfw,all,rgb,rgb/Sammy_Sosa_0002.ppm,0.926199,0.926199,1.192e-7,1.000000
lfw,all,rgb,rgb/Samuel_Waksal_0001.ppm,0.968879,0.968879,1.192e-7,0.999999
lfw,all,rgb,rgb/Samuel_Waksal_0002.ppm,0.937901,0.937901,1.192e-7,1.000000
lfw,all,rgb,rgb/Samuel_Waksal_0003.ppm,0.926465,0.926465,0.000e0,1.000000
lfw,all,rgb,rgb/Samuel_Waksal_0004.ppm,0.921920,0.921920,0.000e0,1.000000
lfw,all,rgb,rgb/San_Lan_0001.ppm,0.945073,0.945073,0.000e0,1.000000
lfw,all,rgb,rgb/Sananda_Maitreya_0001.ppm,0.896444,0.896444,0.000e0,1.000000
lfw,all,rgb,rgb/Sandra_Banning_0001.ppm,0.942261,0.942261,0.000e0,1.000000
lfw,all,rgb,rgb/Sandra_Bullock_0001.ppm,0.947886,0.947886,0.000e0,1.000000
lfw,all,rgb,rgb/Sandra_Bullock_0002.ppm,0.937956,0.937956,0.000e0,0.999999
lfw,all,rgb,rgb/Sandra_Bullock_0003.ppm,0.939628,0.939628,0.000e0,1.000000
lfw,all,rgb,rgb/Sandra_Bullock_0004.ppm,0.881596,0.881596,0.000e0,1.000000
lfw,all,rgb,rgb/Sandra_Ceccarelli_0001.ppm,0.947118,0.947118,1.192e-7,1.000000
lfw,all,rgb,rgb/Sandra_Day_OConner_0001.ppm,0.911245,0.911245,1.788e-7,1.000000
lfw,all,rgb,rgb/Sandra_Milo_0001.ppm,0.940386,0.940386,5.960e-8,1.000000
lfw,all,rgb,rgb/Sandra_Shamas_0001.ppm,0.896188,0.896188,1.192e-7,1.000000
lfw,all,rgb,rgb/Sandy_Smith_0001.ppm,0.927862,0.927862,1.192e-7,1.000000
lfw,all,rgb,rgb/Sandy_Wise_0001.ppm,0.959311,0.959311,0.000e0,1.000000
lfw,all,rgb,rgb/Sanja_Papic_0001.ppm,0.940343,0.940343,0.000e0,1.000000
lfw,all,rgb,rgb/Sanjay_Chawla_0001.ppm,0.954650,0.954650,0.000e0,1.000000
lfw,all,rgb,rgb/Sanjay_Gupta_0001.ppm,0.915463,0.915463,0.000e0,1.000000
lfw,all,rgb,rgb/Santiago_Botero_0001.ppm,0.885344,0.885344,0.000e0,1.000000
lfw,all,rgb,rgb/Saoud_Al_Faisal_0001.ppm,0.794317,0.794317,0.000e0,1.000000
lfw,all,rgb,rgb/Saparmurat_Niyazov_0001.ppm,0.946013,0.946013,1.192e-7,1.000000
lfw,all,rgb,rgb/Saparmurat_Niyazov_0002.ppm,0.920244,0.920244,0.000e0,1.000000
lfw,all,rgb,rgb/Sara_Elisabeth_Ahmad_0001.ppm,0.877477,0.877477,1.192e-7,1.000000
lfw,all,rgb,rgb/Sara_Silverman_0001.ppm,0.975584,0.975584,0.000e0,0.999999
lfw,all,rgb,rgb/Sarah_Canale_0001.ppm,0.932412,0.932412,0.000e0,1.000000
lfw,all,rgb,rgb/Sarah_Hughes_0001.ppm,0.934872,0.934872,0.000e0,1.000000
lfw,all,rgb,rgb/Sarah_Hughes_0002.ppm,0.910540,0.910540,5.960e-8,1.000000
lfw,all,rgb,rgb/Sarah_Hughes_0003.ppm,0.954318,0.954318,0.000e0,1.000000
lfw,all,rgb,rgb/Sarah_Hughes_0004.ppm,0.904103,0.904103,1.192e-7,1.000000
lfw,all,rgb,rgb/Sarah_Hughes_0005.ppm,0.927484,0.927484,0.000e0,1.000000
lfw,all,rgb,rgb/Sarah_Hughes_0006.ppm,0.941741,0.941741,0.000e0,0.999999
lfw,all,rgb,rgb/Sarah_Jessica_Parker_0001.ppm,0.928722,0.928722,5.960e-8,1.000000
lfw,all,rgb,rgb/Sarah_Jessica_Parker_0002.ppm,0.923430,0.923430,0.000e0,1.000000
lfw,all,rgb,rgb/Sarah_Jessica_Parker_0003.ppm,0.918807,0.918807,0.000e0,1.000000
lfw,all,rgb,rgb/Sarah_Jessica_Parker_0004.ppm,0.880358,0.880358,1.192e-7,1.000000
lfw,all,rgb,rgb/Sarah_Jessica_Parker_0005.ppm,0.946929,0.946929,0.000e0,1.000000
lfw,all,rgb,rgb/Sarah_Jessica_Parker_0006.ppm,0.921037,0.921037,0.000e0,1.000000
lfw,all,rgb,rgb/Sarah_Michelle_Gellar_0001.ppm,0.935200,0.935200,0.000e0,1.000000
lfw,all,rgb,rgb/Sarah_Michelle_Gellar_0002.ppm,0.925095,0.925095,0.000e0,1.000000
lfw,all,rgb,rgb/Sarah_Michelle_Gellar_0003.ppm,0.918749,0.918749,0.000e0,1.000000
lfw,all,rgb,rgb/Sarah_Price_0001.ppm,0.875848,0.875849,1.192e-7,1.000000
lfw,all,rgb,rgb/Sarah_Weddington_0001.ppm,0.932203,0.932203,1.192e-7,1.000000
lfw,all,rgb,rgb/Sarah_Wynter_0001.ppm,0.938102,0.938102,1.192e-7,1.000000
lfw,all,rgb,rgb/Sargis_Sargsian_0001.ppm,0.893185,0.893185,0.000e0,1.000000
lfw,all,rgb,rgb/Sasha_Alexander_0001.ppm,0.924821,0.924821,1.192e-7,1.000000
lfw,all,rgb,rgb/Sasha_Cohen_0001.ppm,0.880677,0.880677,0.000e0,1.000000
lfw,all,rgb,rgb/Satnarine_Sharma_0001.ppm,0.951435,0.951435,1.192e-7,1.000000
lfw,all,rgb,rgb/Scott_Blum_0001.ppm,0.902066,0.902066,5.960e-8,1.000000
lfw,all,rgb,rgb/Scott_Dalton_0001.ppm,0.828923,0.828923,1.192e-7,1.000000
lfw,all,rgb,rgb/Scott_Dickson_0001.ppm,0.913391,0.913391,1.192e-7,1.000000
lfw,all,rgb,rgb/Scott_Fawell_0001.ppm,0.939785,0.939785,0.000e0,1.000000
lfw,all,rgb,rgb/Scott_Gorelick_0001.ppm,0.893752,0.893752,0.000e0,1.000000
lfw,all,rgb,rgb/Scott_Hamilton_0001.ppm,0.905524,0.905524,0.000e0,1.000000
lfw,all,rgb,rgb/Scott_Hoch_0001.ppm,0.909358,0.909358,0.000e0,0.999999
lfw,all,rgb,rgb/Scott_Hubbard_0001.ppm,0.916981,0.916981,1.192e-7,1.000000
lfw,all,rgb,rgb/Scott_McClellan_0001.ppm,0.945026,0.945026,0.000e0,1.000000
lfw,all,rgb,rgb/Scott_McClellan_0002.ppm,0.947062,0.947062,0.000e0,1.000000
lfw,all,rgb,rgb/Scott_McClellan_0003.ppm,0.942481,0.942481,0.000e0,1.000000
lfw,all,rgb,rgb/Scott_McClellan_0004.ppm,0.936455,0.936455,0.000e0,1.000000
lfw,all,rgb,rgb/Scott_McClellan_0005.ppm,0.898938,0.898938,1.192e-7,1.000000
lfw,all,rgb,rgb/Scott_McNealy_0001.ppm,0.916023,0.916023,0.000e0,1.000000
lfw,all,rgb,rgb/Scott_McNealy_0002.ppm,0.937213,0.937213,0.000e0,1.000000
lfw,all,rgb,rgb/Scott_OGrady_0001.ppm,0.902327,0.902327,0.000e0,1.000000
lfw,all,rgb,rgb/Scott_Peterson_0001.ppm,0.946101,0.946101,0.000e0,1.000000
lfw,all,rgb,rgb/Scott_Peterson_0002.ppm,0.926965,0.926965,1.192e-7,1.000000
lfw,all,rgb,rgb/Scott_Peterson_0003.ppm,0.917778,0.917778,1.192e-7,1.000000
lfw,all,rgb,rgb/Scott_Peterson_0004.ppm,0.934911,0.934911,0.000e0,0.999999
lfw,all,rgb,rgb/Scott_Peterson_0005.ppm,0.962581,0.962581,0.000e0,1.000000
lfw,all,rgb,rgb/Scott_Ritter_0001.ppm,0.908633,0.908633,1.192e-7,1.000000
lfw,all,rgb,rgb/Scott_Ritter_0002.ppm,0.911653,0.911653,0.000e0,1.000000
lfw,all,rgb,rgb/Scott_Rolen_0001.ppm,0.941034,0.941034,0.000e0,1.000000
lfw,all,rgb,rgb/Scott_Rudin_0001.ppm,0.958420,0.958420,0.000e0,1.000000
lfw,all,rgb,rgb/Scott_Rudin_0002.ppm,0.951386,0.951386,0.000e0,1.000000
lfw,all,rgb,rgb/Scott_Sullivan_0001.ppm,0.921537,0.921537,0.000e0,1.000000
lfw,all,rgb,rgb/Scott_Sullivan_0002.ppm,0.952469,0.952469,0.000e0,1.000000
lfw,all,rgb,rgb/Scott_Verplank_0001.ppm,0.893175,0.893175,0.000e0,0.999999
lfw,all,rgb,rgb/Scott_Wallach_0001.ppm,0.913088,0.913088,1.192e-7,0.999999
lfw,all,rgb,rgb/Scott_Weiland_0001.ppm,0.921232,0.921232,0.000e0,1.000000
lfw,all,rgb,rgb/Scott_Wittman_0001.ppm,0.932862,0.932862,0.000e0,0.999999
lfw,all,rgb,rgb/Scott_Wolf_0001.ppm,0.927913,0.927913,0.000e0,1.000000
lfw,all,rgb,rgb/Scott_Wolf_0002.ppm,0.928899,0.928899,0.000e0,1.000000
lfw,all,rgb,rgb/Scott_Yates_0001.ppm,0.928946,0.928946,0.000e0,1.000000
lfw,all,rgb,rgb/Se_Hyuk_Joo_0001.ppm,0.931621,0.931621,0.000e0,1.000000
lfw,all,rgb,rgb/Sean_Astin_0001.ppm,0.957917,0.957917,1.192e-7,1.000000
lfw,all,rgb,rgb/Sean_Astin_0002.ppm,0.926036,0.926036,5.960e-8,1.000000
lfw,all,rgb,rgb/Sean_Astin_0003.ppm,0.906955,0.906955,5.960e-8,1.000000
lfw,all,rgb,rgb/Sean_Combs_0001.ppm,0.940155,0.940155,0.000e0,1.000000
lfw,all,rgb,rgb/Sean_Hayes_0001.ppm,0.902981,0.902981,0.000e0,1.000000
lfw,all,rgb,rgb/Sean_Hayes_0002.ppm,0.923991,0.923992,1.192e-7,1.000000
lfw,all,rgb,rgb/Sean_OKeefe_0001.ppm,0.907158,0.907159,2.980e-7,0.999999
lfw,all,rgb,rgb/Sean_OKeefe_0002.ppm,0.914615,0.914615,0.000e0,1.000000
lfw,all,rgb,rgb/Sean_OKeefe_0003.ppm,0.962153,0.962153,0.000e0,1.000000
lfw,all,rgb,rgb/Sean_OKeefe_0004.ppm,0.902226,0.902226,1.192e-7,1.000000
lfw,all,rgb,rgb/Sean_OKeefe_0005.ppm,0.921731,0.921731,0.000e0,1.000000
lfw,all,rgb,rgb/Sean_Patrick_OMalley_0001.ppm,0.834861,0.834861,5.960e-8,0.999999
lfw,all,rgb,rgb/Sean_Patrick_OMalley_0002.ppm,0.795846,0.795846,5.960e-8,1.000000
lfw,all,rgb,rgb/Sean_Patrick_OMalley_0003.ppm,0.800240,0.800240,3.576e-7,1.000000
lfw,all,rgb,rgb/Sean_Patrick_Thomas_0001.ppm,0.910814,0.910814,1.192e-7,1.000000
lfw,all,rgb,rgb/Sean_Penn_0001.ppm,0.932226,0.932226,0.000e0,1.000000
lfw,all,rgb,rgb/Sean_Penn_0002.ppm,0.958162,0.958162,1.192e-7,1.000000
lfw,all,rgb,rgb/Sean_Penn_0003.ppm,0.973635,0.973635,0.000e0,0.999999
lfw,all,rgb,rgb/Sean_Townsend_0001.ppm,0.903638,0.903638,0.000e0,1.000000
lfw,all,rgb,rgb/Sebastian_Cuattrin_0001.ppm,0.963206,0.963206,0.000e0,1.000000
lfw,all,rgb,rgb/Sebastian_Porto_0001.ppm,0.906652,0.906652,1.192e-7,1.000000
lfw,all,rgb,rgb/Sebastian_Saja_0001.ppm,0.914836,0.914836,0.000e0,0.999999
lfw,all,rgb,rgb/Sebastian_Saja_0002.ppm,0.899071,0.899071,0.000e0,1.000000
lfw,all,rgb,rgb/Sebastian_Saja_0003.ppm,0.909679,0.909679,1.192e-7,1.000000
lfw,all,rgb,rgb/Sebastien_Grosjean_0001.ppm,0.965455,0.965455,0.000e0,1.000000
lfw,all,rgb,rgb/Sebastien_Grosjean_0002.ppm,0.950036,0.950035,1.192e-7,1.000000
lfw,all,rgb,rgb/Sebastien_Grosjean_0003.ppm,0.964999,0.964999,1.192e-7,1.000000
lfw,all,rgb,rgb/Sebastien_Grosjean_0004.ppm,0.948967,0.948967,0.000e0,1.000000
lfw,all,rgb,rgb/Sedigh_Barmak_0001.ppm,0.935046,0.935046,2.980e-7,1.000000
lfw,all,rgb,rgb/Selma_Phoenix_0001.ppm,0.937759,0.937759,1.192e-7,1.000000
lfw,all,rgb,rgb/Sepp_Blatter_0001.ppm,0.926127,0.926127,0.000e0,1.000000
lfw,all,rgb,rgb/Sepp_Blatter_0002.ppm,0.934776,0.934776,0.000e0,1.000000
lfw,all,rgb,rgb/Sepp_Blatter_0003.ppm,0.896785,0.896785,1.192e-7,1.000000
lfw,all,rgb,rgb/Sepp_Blatter_0004.ppm,0.911715,0.911715,1.192e-7,1.000000
lfw,all,rgb,rgb/Serena_Karlan_0001.ppm,0.941494,0.941494,0.000e0,0.999999
lfw,all,rgb,rgb/Serena_Williams_0001.ppm,0.919743,0.919743,1.192e-7,1.000000
lfw,all,rgb,rgb/Serena_Williams_0002.ppm,0.884155,0.884155,5.960e-8,1.000000
lfw,all,rgb,rgb/Serena_Williams_0003.ppm,0.965311,0.965311,1.192e-7,1.000000
lfw,all,rgb,rgb/Serena_Williams_0004.ppm,0.925676,0.925676,1.192e-7,1.000000
lfw,all,rgb,rgb/Serena_Williams_0005.ppm,0.934785,0.934785,0.000e0,1.000000
lfw,all,rgb,rgb/Serena_Williams_0006.ppm,0.904297,0.904297,0.000e0,1.000000
lfw,all,rgb,rgb/Serena_Williams_0007.ppm,0.889541,0.889540,1.192e-7,1.000000
lfw,all,rgb,rgb/Serena_Williams_0008.ppm,0.911448,0.911448,0.000e0,1.000000
lfw,all,rgb,rgb/Serena_Williams_0009.ppm,0.905100,0.905100,1.788e-7,0.999999
lfw,all,rgb,rgb/Serena_Williams_0010.ppm,0.925577,0.925577,0.000e0,0.999999
lfw,all,rgb,rgb/Serena_Williams_0011.ppm,0.870206,0.870207,1.788e-7,0.999999
lfw,all,rgb,rgb/Serena_Williams_0012.ppm,0.917899,0.917899,0.000e0,1.000000
lfw,all,rgb,rgb/Serena_Williams_0013.ppm,0.918168,0.918168,0.000e0,1.000000
lfw,all,rgb,rgb/Serena_Williams_0014.ppm,0.894524,0.894524,5.960e-8,1.000000
lfw,all,rgb,rgb/Serena_Williams_0015.ppm,0.926507,0.926507,1.192e-7,0.999999
lfw,all,rgb,rgb/Serena_Williams_0016.ppm,0.894590,0.894590,5.960e-8,1.000000
lfw,all,rgb,rgb/Serena_Williams_0017.ppm,0.914249,0.914249,0.000e0,1.000000
lfw,all,rgb,rgb/Serena_Williams_0018.ppm,0.894729,0.894729,1.192e-7,1.000000
lfw,all,rgb,rgb/Serena_Williams_0019.ppm,0.932500,0.932500,0.000e0,1.000000
lfw,all,rgb,rgb/Serena_Williams_0020.ppm,0.952114,0.952114,0.000e0,1.000000
lfw,all,rgb,rgb/Serena_Williams_0021.ppm,0.904815,0.904815,0.000e0,1.000000
lfw,all,rgb,rgb/Serena_Williams_0022.ppm,0.908475,0.908475,0.000e0,1.000000
lfw,all,rgb,rgb/Serena_Williams_0023.ppm,0.904323,0.904323,0.000e0,1.000000
lfw,all,rgb,rgb/Serena_Williams_0024.ppm,0.926418,0.926418,0.000e0,1.000000
lfw,all,rgb,rgb/Serena_Williams_0025.ppm,0.916102,0.916102,1.192e-7,1.000000
lfw,all,rgb,rgb/Serena_Williams_0026.ppm,0.929050,0.929050,0.000e0,1.000000
lfw,all,rgb,rgb/Serena_Williams_0027.ppm,0.950871,0.950871,1.192e-7,1.000000
lfw,all,rgb,rgb/Serena_Williams_0028.ppm,0.941071,0.941071,0.000e0,1.000000
lfw,all,rgb,rgb/Serena_Williams_0029.ppm,0.933366,0.933366,0.000e0,1.000000
lfw,all,rgb,rgb/Serena_Williams_0030.ppm,0.928948,0.928948,0.000e0,1.000000
lfw,all,rgb,rgb/Serena_Williams_0031.ppm,0.940280,0.940280,1.192e-7,1.000000
lfw,all,rgb,rgb/Serena_Williams_0032.ppm,0.866344,0.866344,5.960e-8,1.000000
lfw,all,rgb,rgb/Serena_Williams_0033.ppm,0.980312,0.980312,0.000e0,1.000000
lfw,all,rgb,rgb/Serena_Williams_0034.ppm,0.934282,0.934282,0.000e0,1.000000
lfw,all,rgb,rgb/Serena_Williams_0035.ppm,0.923858,0.923858,1.192e-7,1.000000
lfw,all,rgb,rgb/Serena_Williams_0036.ppm,0.921093,0.921093,0.000e0,0.999999
lfw,all,rgb,rgb/Serena_Williams_0037.ppm,0.930859,0.930859,0.000e0,1.000000
lfw,all,rgb,rgb/Serena_Williams_0038.ppm,0.911350,0.911350,0.000e0,1.000000
lfw,all,rgb,rgb/Serena_Williams_0039.ppm,0.828886,0.828886,1.788e-7,1.000000
lfw,all,rgb,rgb/Serena_Williams_0040.ppm,0.867830,0.867830,0.000e0,1.000000
lfw,all,rgb,rgb/Serena_Williams_0041.ppm,0.911115,0.911115,0.000e0,1.000000
lfw,all,rgb,rgb/Serena_Williams_0042.ppm,0.892619,0.892619,1.788e-7,1.000000
lfw,all,rgb,rgb/Serena_Williams_0043.ppm,0.866183,0.866183,0.000e0,1.000000
lfw,all,rgb,rgb/Serena_Williams_0044.ppm,0.976537,0.976537,0.000e0,1.000000
lfw,all,rgb,rgb/Serena_Williams_0045.ppm,0.900953,0.900953,0.000e0,1.000000
lfw,all,rgb,rgb/Serena_Williams_0046.ppm,0.933830,0.933830,0.000e0,1.000000
lfw,all,rgb,rgb/Serena_Williams_0047.ppm,0.946775,0.946775,0.000e0,1.000000
lfw,all,rgb,rgb/Serena_Williams_0048.ppm,0.896352,0.896352,0.000e0,1.000000
lfw,all,rgb,rgb/Serena_Williams_0049.ppm,0.861471,0.861471,0.000e0,1.000000
lfw,all,rgb,rgb/Serena_Williams_0050.ppm,0.856253,0.856254,1.192e-7,0.999999
lfw,all,rgb,rgb/Serena_Williams_0051.ppm,0.945767,0.945767,0.000e0,1.000000
lfw,all,rgb,rgb/Serena_Williams_0052.ppm,0.906932,0.906932,5.960e-8,1.000000
lfw,all,rgb,rgb/Sereyvuth_Kem_0001.ppm,0.918646,0.918646,0.000e0,1.000000
lfw,all,rgb,rgb/Serge_Klarsfeld_0001.ppm,0.956212,0.956212,0.000e0,1.000000
lfw,all,rgb,rgb/Serge_Melac_0001.ppm,0.931446,0.931446,0.000e0,1.000000
lfw,all,rgb,rgb/Serge_Tchuruk_0001.ppm,0.897490,0.897490,0.000e0,1.000000
lfw,all,rgb,rgb/Sergei_Alexandrovitch_Ordzhonikidze_0001.ppm,0.927374,0.927374,0.000e0,1.000000
lfw,all,rgb,rgb/Sergei_Ivanov_0001.ppm,0.899232,0.899232,0.000e0,1.000000
lfw,all,rgb,rgb/Sergei_Ivanov_0002.ppm,0.943140,0.943140,1.192e-7,0.999999
lfw,all,rgb,rgb/Sergei_Ivanov_0003.ppm,0.937458,0.937458,1.192e-7,1.000000
lfw,all,rgb,rgb/Sergei_Ivanov_0004.ppm,0.958949,0.958949,5.960e-8,1.000000
lfw,all,rgb,rgb/Sergei_Ivanov_0005.ppm,0.935753,0.935753,0.000e0,1.000000
lfw,all,rgb,rgb/Sergei_Yastrzhembsky_0001.ppm,0.949348,0.949348,0.000e0,1.000000
lfw,all,rgb,rgb/Sergei_Yushenkov_0001.ppm,0.938968,0.938968,0.000e0,1.000000
lfw,all,rgb,rgb/Sergey_Lavrov_0001.ppm,0.909143,0.909143,1.192e-7,1.000000
lfw,all,rgb,rgb/Sergey_Lavrov_0002.ppm,0.908531,0.908531,0.000e0,1.000000
lfw,all,rgb,rgb/Sergey_Lavrov_0003.ppm,0.917347,0.917347,0.000e0,1.000000
lfw,all,rgb,rgb/Sergey_Lavrov_0004.ppm,0.876618,0.876618,5.960e-8,1.000000
lfw,all,rgb,rgb/Sergey_Lavrov_0005.ppm,0.927527,0.927527,0.000e0,1.000000
lfw,all,rgb,rgb/Sergey_Lavrov_0006.ppm,0.916454,0.916454,0.000e0,1.000000
lfw,all,rgb,rgb/Sergey_Lavrov_0007.ppm,0.900551,0.900551,0.000e0,1.000000
lfw,all,rgb,rgb/Sergey_Lavrov_0008.ppm,0.926516,0.926516,0.000e0,1.000000
lfw,all,rgb,rgb/Sergey_Lavrov_0009.ppm,0.934562,0.934562,0.000e0,0.999999
lfw,all,rgb,rgb/Sergey_Lavrov_0010.ppm,0.891487,0.891487,0.000e0,1.000000
lfw,all,rgb,rgb/Sergey_Lavrov_0011.ppm,0.879351,0.879351,1.788e-7,1.000000
lfw,all,rgb,rgb/Sergio_Castellitto_0001.ppm,0.941322,0.941322,1.192e-7,1.000000
lfw,all,rgb,rgb/Sergio_Garcia_0001.ppm,0.943207,0.943207,1.192e-7,1.000000
lfw,all,rgb,rgb/Sergio_Garcia_0002.ppm,0.899000,0.899000,1.192e-7,1.000000
lfw,all,rgb,rgb/Sergio_Vieira_De_Mello_0001.ppm,0.928541,0.928541,0.000e0,1.000000
lfw,all,rgb,rgb/Sergio_Vieira_De_Mello_0002.ppm,0.893493,0.893493,0.000e0,1.000000
lfw,all,rgb,rgb/Sergio_Vieira_De_Mello_0003.ppm,0.908754,0.908754,1.788e-7,1.000000
lfw,all,rgb,rgb/Sergio_Vieira_De_Mello_0004.ppm,0.929709,0.929709,5.960e-8,1.000000
lfw,all,rgb,rgb/Sergio_Vieira_De_Mello_0005.ppm,0.968938,0.968938,0.000e0,1.000000
lfw,all,rgb,rgb/Sergio_Vieira_De_Mello_0006.ppm,0.972681,0.972681,0.000e0,1.000000
lfw,all,rgb,rgb/Sergio_Vieira_De_Mello_0007.ppm,0.971737,0.971737,1.192e-7,1.000000
lfw,all,rgb,rgb/Sergio_Vieira_De_Mello_0008.ppm,0.953044,0.953043,1.192e-7,1.000000
lfw,all,rgb,rgb/Sergio_Vieira_De_Mello_0009.ppm,0.946005,0.946005,0.000e0,0.999999
lfw,all,rgb,rgb/Sergio_Vieira_De_Mello_0010.ppm,0.922543,0.922543,0.000e0,1.000000
lfw,all,rgb,rgb/Sergio_Vieira_De_Mello_0011.ppm,0.963218,0.963218,1.192e-7,1.000000
lfw,all,rgb,rgb/Seth_Gorney_0001.ppm,0.933627,0.933627,0.000e0,1.000000
lfw,all,rgb,rgb/Severino_Antinori_0001.ppm,0.951559,0.951559,1.192e-7,1.000000
lfw,all,rgb,rgb/Seydou_Diarra_0001.ppm,0.885366,0.885366,5.960e-8,1.000000
lfw,all,rgb,rgb/Seymour_Cassell_0001.ppm,0.923424,0.923423,1.192e-7,0.999999
lfw,all,rgb,rgb/Shae-Lynn_Bourne_0001.ppm,0.880086,0.880086,1.192e-7,1.000000
lfw,all,rgb,rgb/Shafal_Mosed_0001.ppm,0.898869,0.898869,0.000e0,1.000000
lfw,all,rgb,rgb/Shamai_Leibowitz_0001.ppm,0.933343,0.933343,0.000e0,1.000000
lfw,all,rgb,rgb/Shane_Hmiel_0001.ppm,0.927639,0.927639,0.000e0,1.000000
lfw,all,rgb,rgb/Shane_Loux_0001.ppm,0.943073,0.943073,0.000e0,1.000000
lfw,all,rgb,rgb/Shane_Mosley_0001.ppm,0.911390,0.911390,0.000e0,1.000000
lfw,all,rgb,rgb/Shane_Mosley_0002.ppm,0.880499,0.880499,0.000e0,1.000000
lfw,all,rgb,rgb/Shane_Phillips_0001.ppm,0.915382,0.915382,0.000e0,1.000000
lfw,all,rgb,rgb/Shane_Reynolds_0001.ppm,0.949138,0.949138,0.000e0,1.000000
lfw,all,rgb,rgb/Shane_Warne_0001.ppm,0.810666,0.810666,5.960e-8,1.000000
lfw,all,rgb,rgb/Shane_Warne_0002.ppm,0.950435,0.950435,0.000e0,1.000000
lfw,all,rgb,rgb/Shania_Twain_0001.ppm,0.937281,0.937281,0.000e0,1.000000
lfw,all,rgb,rgb/Shanna_Zolman_0001.ppm,0.937500,0.937500,0.000e0,0.999999
lfw,all,rgb,rgb/Shannon_OBrien_0001.ppm,0.927839,0.927839,1.192e-7,1.000000
lfw,all,rgb,rgb/Shannon_OBrien_0002.ppm,0.906749,0.906749,0.000e0,1.000000
lfw,all,rgb,rgb/Shannyn_Sossamon_0001.ppm,0.923632,0.923632,0.000e0,1.000000
lfw,all,rgb,rgb/Sharess_Harrell_0001.ppm,0.923957,0.923957,0.000e0,1.000000
lfw,all,rgb,rgb/Sharon_Davis_0001.ppm,0.879517,0.879517,5.960e-8,1.000000
lfw,all,rgb,rgb/Sharon_Davis_0002.ppm,0.918243,0.918243,0.000e0,1.000000
lfw,all,rgb,rgb/Sharon_Frey_0001.ppm,0.941135,0.941135,0.000e0,1.000000
lfw,all,rgb,rgb/Sharon_Frey_0002.ppm,0.947061,0.947061,0.000e0,1.000000
lfw,all,rgb,rgb/Sharon_Osbourne_0001.ppm,0.957216,0.957216,5.960e-8,1.000000
lfw,all,rgb,rgb/Sharon_Osbourne_0002.ppm,0.911784,0.911784,0.000e0,1.000000
lfw,all,rgb,rgb/Sharon_Osbourne_0003.ppm,0.923235,0.923235,0.000e0,0.999999
lfw,all,rgb,rgb/Sharon_Robinson_0001.ppm,0.898736,0.898736,0.000e0,1.000000
lfw,all,rgb,rgb/Sharon_Stone_0001.ppm,0.886242,0.886242,5.960e-8,1.000000
lfw,all,rgb,rgb/Sharon_Stone_0002.ppm,0.955112,0.955113,1.192e-7,1.000000
lfw,all,rgb,rgb/Sharon_Stone_0003.ppm,0.967064,0.967064,0.000e0,1.000000
lfw,all,rgb,rgb/Sharon_Stone_0004.ppm,0.944076,0.944076,0.000e0,1.000000
lfw,all,rgb,rgb/Sharon_Stone_0005.ppm,0.940526,0.940526,0.000e0,1.000000
lfw,all,rgb,rgb/Shaukat_Aziz_0001.ppm,0.936174,0.936174,0.000e0,1.000000
lfw,all,rgb,rgb/Shaukat_Aziz_0002.ppm,0.944375,0.944375,5.960e-8,1.000000
lfw,all,rgb,rgb/Shaul_Mofaz_0001.ppm,0.919623,0.919623,0.000e0,1.000000
lfw,all,rgb,rgb/Shaul_Mofaz_0002.ppm,0.966947,0.966947,1.192e-7,1.000000
lfw,all,rgb,rgb/Shaul_Mofaz_0003.ppm,0.924429,0.924429,0.000e0,1.000000
lfw,all,rgb,rgb/Shaun_Pollock_0001.ppm,0.908326,0.908326,0.000e0,1.000000
lfw,all,rgb,rgb/Shaun_Rusling_0001.ppm,0.939101,0.939101,5.960e-8,1.000000
lfw,all,rgb,rgb/Shavon_Earp_0001.ppm,0.939450,0.939450,0.000e0,1.000000
lfw,all,rgb,rgb/Shawn_Bradley_0001.ppm,0.889246,0.889246,5.960e-8,1.000000
lfw,all,rgb,rgb/Shawn_Kemp_0001.ppm,0.926800,0.926800,0.000e0,0.999999
lfw,all,rgb,rgb/Shawn_Marion_0001.ppm,0.929880,0.929880,0.000e0,1.000000
lfw,all,rgb,rgb/Sheikh_Ahmed_Yassin_0001.ppm,0.837946,0.837946,0.000e0,1.000000
lfw,all,rgb,rgb/Sheila_Copps_0001.ppm,0.929609,0.929609,0.000e0,1.000000
lfw,all,rgb,rgb/Sheila_Copps_0002.ppm,0.941874,0.941874,1.192e-7,1.000000
lfw,all,rgb,rgb/Sheila_Copps_0003.ppm,0.949642,0.949642,0.000e0,1.000000
lfw,all,rgb,rgb/Sheila_Copps_0004.ppm,0.966458,0.966458,0.000e0,1.000000
lfw,all,rgb,rgb/Sheila_Fraser_0001.ppm,0.971380,0.971380,0.000e0,0.999999
lfw,all,rgb,rgb/Sheila_Fraser_0002.ppm,0.934891,0.934891,0.000e0,1.000000
lfw,all,rgb,rgb/Sheila_Taormina_0001.ppm,0.919282,0.919282,0.000e0,1.000000
lfw,all,rgb,rgb/Sheila_Wellstone_0001.ppm,0.886275,0.886275,0.000e0,1.000000
lfw,all,rgb,rgb/Sheila_Wellstone_0002.ppm,0.886011,0.886011,1.192e-7,1.000000
lfw,all,rgb,rgb/Sheldon_Silver_0001.ppm,0.939160,0.939160,5.960e-8,1.000000
lfw,all,rgb,rgb/Sherri_Coale_0001.ppm,0.893692,0.893692,5.960e-8,1.000000
lfw,all,rgb,rgb/Sherry_Fisher_0001.ppm,0.910396,0.910396,0.000e0,1.000000
lfw,all,rgb,rgb/Sherry_Irving_0001.ppm,0.954528,0.954528,0.000e0,1.000000
lfw,all,rgb,rgb/Sheryl_Crow_0001.ppm,0.925874,0.925874,0.000e0,1.000000
lfw,all,rgb,rgb/Sheryl_Crow_0002.ppm,0.905664,0.905664,1.192e-7,0.999999
lfw,all,rgb,rgb/Sheryl_Crow_0003.ppm,0.925684,0.925684,1.192e-7,1.000000
lfw,all,rgb,rgb/Sheryl_Crow_0004.ppm,0.917607,0.917607,0.000e0,1.000000
lfw,all,rgb,rgb/Sheryl_Crow_0005.ppm,0.940796,0.940796,0.000e0,1.000000
lfw,all,rgb,rgb/Sheryl_Crow_0006.ppm,0.921516,0.921516,0.000e0,1.000000
lfw,all,rgb,rgb/Sheryl_Crow_0007.ppm,0.922726,0.922726,5.960e-8,1.000000
lfw,all,rgb,rgb/Sheryl_Crow_0008.ppm,0.922291,0.922291,0.000e0,1.000000
lfw,all,rgb,rgb/Shi_Guangsheng_0001.ppm,0.953935,0.953935,1.192e-7,1.000000
lfw,all,rgb,rgb/Shia_LaBeouf_0001.ppm,0.938830,0.938830,0.000e0,1.000000
lfw,all,rgb,rgb/Shia_LaBeouf_0002.ppm,0.955810,0.955810,0.000e0,1.000000
lfw,all,rgb,rgb/Shigeo_Nagashima_0001.ppm,0.960374,0.960374,1.192e-7,1.000000
lfw,all,rgb,rgb/Shigeru_Ishiba_0001.ppm,0.937626,0.937626,0.000e0,1.000000
lfw,all,rgb,rgb/Shimon_Peres_0001.ppm,0.921310,0.921310,0.000e0,1.000000
lfw,all,rgb,rgb/Shimon_Peres_0002.ppm,0.909669,0.909669,0.000e0,1.000000
lfw,all,rgb,rgb/Shimon_Peres_0003.ppm,0.936797,0.936797,5.960e-8,0.999999
lfw,all,rgb,rgb/Shimon_Peres_0004.ppm,0.948847,0.948847,5.960e-8,1.000000
lfw,all,rgb,rgb/Shimon_Peres_0005.ppm,0.912782,0.912782,5.960e-8,1.000000
lfw,all,rgb,rgb/Shimon_Peres_0006.ppm,0.916612,0.916612,0.000e0,1.000000
lfw,all,rgb,rgb/Shimon_Peres_0007.ppm,0.923020,0.923020,1.192e-7,1.000000
lfw,all,rgb,rgb/Shimon_Peres_0008.ppm,0.936428,0.936428,0.000e0,1.000000
lfw,all,rgb,rgb/Shingo_Katayama_0001.ppm,0.940223,0.940223,0.000e0,1.000000
lfw,all,rgb,rgb/Shingo_Suetsugu_0001.ppm,0.956335,0.956335,0.000e0,1.000000
lfw,all,rgb,rgb/Shinya_Taniguchi_0001.ppm,0.973884,0.973884,0.000e0,1.000000
lfw,all,rgb,rgb/Shinzo_Abe_0001.ppm,0.968882,0.968882,0.000e0,1.000000
lfw,all,rgb,rgb/Shireen_Amir_Begum_0001.ppm,0.866906,0.866906,5.960e-8,1.000000
lfw,all,rgb,rgb/Shirley_Jones_0001.ppm,0.920564,0.920564,0.000e0,1.000000
lfw,all,rgb,rgb/Shobha_De_0001.ppm,0.962439,0.962439,1.192e-7,1.000000
lfw,all,rgb,rgb/Shoshana_Johnson_0001.ppm,0.932296,0.932296,0.000e0,0.999999
lfw,all,rgb,rgb/Shoshannah_Stern_0001.ppm,0.906622,0.906622,0.000e0,1.000000
lfw,all,rgb,rgb/Sid_Caesar_0001.ppm,0.945317,0.945317,0.000e0,1.000000
lfw,all,rgb,rgb/Sidney_Kimmel_0001.ppm,0.884778,0.884778,0.000e0,1.000000
lfw,all,rgb,rgb/Sidney_Poitier_0001.ppm,0.930191,0.930191,0.000e0,1.000000
lfw,all,rgb,rgb/Sigourney_Weaver_0001.ppm,0.967414,0.967414,0.000e0,1.000000
lfw,all,rgb,rgb/Sila_Calderon_0001.ppm,0.947253,0.947254,1.192e-7,1.000000
lfw,all,rgb,rgb/Sila_Calderon_0002.ppm,0.934949,0.934949,1.192e-7,1.000000
lfw,all,rgb,rgb/Sila_Calderon_0003.ppm,0.941695,0.941695,0.000e0,1.000000
lfw,all,rgb,rgb/Sila_Calderon_0004.ppm,0.944291,0.944290,1.192e-7,1.000000
lfw,all,rgb,rgb/Silvan_Shalom_0001.ppm,0.935417,0.935417,0.000e0,1.000000
lfw,all,rgb,rgb/Silvan_Shalom_0002.ppm,0.920066,0.920066,0.000e0,1.000000
lfw,all,rgb,rgb/Silvan_Shalom_0003.ppm,0.946544,0.946544,0.000e0,1.000000
lfw,all,rgb,rgb/Silvan_Shalom_0004.ppm,0.888959,0.888959,1.192e-7,1.000000
lfw,all,rgb,rgb/Silvan_Shalom_0005.ppm,0.908664,0.908664,1.192e-7,1.000000
lfw,all,rgb,rgb/Silvan_Shalom_0006.ppm,0.930524,0.930524,0.000e0,1.000000
lfw,all,rgb,rgb/Silvia_Farina_Elia_0001.ppm,0.944410,0.944410,0.000e0,1.000000
lfw,all,rgb,rgb/Silvia_Farina_Elia_0002.ppm,0.926577,0.926577,5.960e-8,1.000000
lfw,all,rgb,rgb/Silvia_Farina_Elia_0003.ppm,0.910667,0.910667,1.192e-7,1.000000
lfw,all,rgb,rgb/Silvie_Cabero_0001.ppm,0.954269,0.954269,0.000e0,1.000000
lfw,all,rgb,rgb/Silvio_Berlusconi_0001.ppm,0.929224,0.929224,0.000e0,1.000000
lfw,all,rgb,rgb/Silvio_Berlusconi_0002.ppm,0.940653,0.940653,1.192e-7,1.000000
lfw,all,rgb,rgb/Silvio_Berlusconi_0003.ppm,0.930129,0.930129,0.000e0,1.000000
lfw,all,rgb,rgb/Silvio_Berlusconi_0004.ppm,0.944023,0.944023,0.000e0,1.000000
lfw,all,rgb,rgb/Silvio_Berlusconi_0005.ppm,0.912941,0.912941,1.192e-7,1.000000
lfw,all,rgb,rgb/Silvio_Berlusconi_0006.ppm,0.944721,0.944722,1.192e-7,1.000000
lfw,all,rgb,rgb/Silvio_Berlusconi_0007.ppm,0.939729,0.939729,0.000e0,1.000000
lfw,all,rgb,rgb/Silvio_Berlusconi_0008.ppm,0.929306,0.929306,0.000e0,1.000000
lfw,all,rgb,rgb/Silvio_Berlusconi_0009.ppm,0.894510,0.894510,0.000e0,1.000000
lfw,all,rgb,rgb/Silvio_Berlusconi_0010.ppm,0.930196,0.930196,0.000e0,1.000000
lfw,all,rgb,rgb/Silvio_Berlusconi_0011.ppm,0.964849,0.964849,0.000e0,1.000000
lfw,all,rgb,rgb/Silvio_Berlusconi_0012.ppm,0.942453,0.942453,1.788e-7,1.000000
lfw,all,rgb,rgb/Silvio_Berlusconi_0013.ppm,0.913185,0.913185,5.960e-8,1.000000
lfw,all,rgb,rgb/Silvio_Berlusconi_0014.ppm,0.933363,0.933363,1.192e-7,1.000000
lfw,all,rgb,rgb/Silvio_Berlusconi_0015.ppm,0.834053,0.834053,0.000e0,1.000000
lfw,all,rgb,rgb/Silvio_Berlusconi_0016.ppm,0.916162,0.916162,1.192e-7,1.000000
lfw,all,rgb,rgb/Silvio_Berlusconi_0017.ppm,0.922019,0.922019,0.000e0,1.000000
lfw,all,rgb,rgb/Silvio_Berlusconi_0018.ppm,0.919950,0.919950,0.000e0,1.000000
lfw,all,rgb,rgb/Silvio_Berlusconi_0019.ppm,0.867676,0.867676,0.000e0,1.000000
lfw,all,rgb,rgb/Silvio_Berlusconi_0020.ppm,0.911040,0.911040,1.192e-7,0.999999
lfw,all,rgb,rgb/Silvio_Berlusconi_0021.ppm,0.955734,0.955734,1.192e-7,1.000000
lfw,all,rgb,rgb/Silvio_Berlusconi_0022.ppm,0.971036,0.971036,0.000e0,1.000000
lfw,all,rgb,rgb/Silvio_Berlusconi_0023.ppm,0.933744,0.933744,0.000e0,1.000000
lfw,all,rgb,rgb/Silvio_Berlusconi_0024.ppm,0.901469,0.901469,1.192e-7,1.000000
lfw,all,rgb,rgb/Silvio_Berlusconi_0025.ppm,0.912621,0.912621,0.000e0,1.000000
lfw,all,rgb,rgb/Silvio_Berlusconi_0026.ppm,0.949764,0.949764,1.192e-7,1.000000
lfw,all,rgb,rgb/Silvio_Berlusconi_0027.ppm,0.908104,0.908104,1.192e-7,1.000000
lfw,all,rgb,rgb/Silvio_Berlusconi_0028.ppm,0.901523,0.901523,0.000e0,1.000000
lfw,all,rgb,rgb/Silvio_Berlusconi_0029.ppm,0.916777,0.916777,1.192e-7,1.000000
lfw,all,rgb,rgb/Silvio_Berlusconi_0030.ppm,0.930221,0.930221,1.192e-7,1.000000
lfw,all,rgb,rgb/Silvio_Berlusconi_0031.ppm,0.925580,0.925580,5.960e-8,1.000000
lfw,all,rgb,rgb/Silvio_Berlusconi_0032.ppm,0.895382,0.895382,0.000e0,1.000000
lfw,all,rgb,rgb/Silvio_Berlusconi_0033.ppm,0.948940,0.948940,1.192e-7,1.000000
lfw,all,rgb,rgb/Silvio_Fernandez_0001.ppm,0.818884,0.818885,1.192e-7,1.000000
lfw,all,rgb,rgb/Silvio_Fernandez_0002.ppm,0.944765,0.944765,0.000e0,0.999999
lfw,all,rgb,rgb/Sim_Yong_0001.ppm,0.932905,0.932905,5.960e-8,1.000000
lfw,all,rgb,rgb/Simon_Chalk_0001.ppm,0.919960,0.919960,0.000e0,1.000000
lfw,all,rgb,rgb/Simon_Cowell_0001.ppm,0.966953,0.966953,0.000e0,1.000000
lfw,all,rgb,rgb/Simon_Cowell_0002.ppm,0.914483,0.914483,0.000e0,1.000000
lfw,all,rgb,rgb/Simon_Larose_0001.ppm,0.927711,0.927712,2.384e-7,1.000000
lfw,all,rgb,rgb/Simon_Yam_0001.ppm,0.931077,0.931077,1.192e-7,1.000000
lfw,all,rgb,rgb/Simona_Hradil_0001.ppm,0.924130,0.924130,0.000e0,1.000000
lfw,all,rgb,rgb/Sinead_OConnor_0001.ppm,0.955001,0.955001,0.000e0,1.000000
lfw,all,rgb,rgb/Sivan_Klein_0001.ppm,0.946082,0.946082,5.960e-8,1.000000
lfw,all,rgb,rgb/Skip_Prosser_0001.ppm,0.956547,0.956547,0.000e0,1.000000
lfw,all,rgb,rgb/Slobodan_Milosevic_0001.ppm,0.951317,0.951317,0.000e0,1.000000
lfw,all,rgb,rgb/Slobodan_Milosevic_0002.ppm,0.922255,0.922255,1.192e-7,1.000000
lfw,all,rgb,rgb/Slobodan_Milosevic_0003.ppm,0.938148,0.938148,0.000e0,1.000000
lfw,all,rgb,rgb/Slobodan_Milosevic_0004.ppm,0.929533,0.929533,5.960e-8,1.000000
lfw,all,rgb,rgb/Soenarno_0001.ppm,0.902711,0.902711,1.192e-7,1.000000
lfw,all,rgb,rgb/Sofia_Milos_0001.ppm,0.949045,0.949045,0.000e0,0.999999
lfw,all,rgb,rgb/Sofyan_Dawood_0001.ppm,0.892072,0.892072,1.192e-7,1.000000
lfw,all,rgb,rgb/Sohail_Abbas_0001.ppm,0.948074,0.948074,0.000e0,1.000000
lfw,all,rgb,rgb/Sok_An_0001.ppm,0.922679,0.922679,1.192e-7,1.000000
lfw,all,rgb,rgb/Solomon_Passy_0001.ppm,0.954890,0.954890,0.000e0,1.000000
lfw,all,rgb,rgb/Sonia_Gandhi_0001.ppm,0.931105,0.931105,0.000e0,1.000000
lfw,all,rgb,rgb/Sonia_Gandhi_0002.ppm,0.941288,0.941288,1.192e-7,1.000000
lfw,all,rgb,rgb/Sonia_Gandhi_0003.ppm,0.902919,0.902919,0.000e0,1.000000
lfw,all,rgb,rgb/Sonia_Gandhi_0004.ppm,0.876139,0.876139,0.000e0,1.000000
lfw,all,rgb,rgb/Sonia_Lopez_0001.ppm,0.909482,0.909482,1.192e-7,1.000000
lfw,all,rgb,rgb/Sonja_Kesselschlager_0001.ppm,0.894484,0.894485,1.192e-7,1.000000
lfw,all,rgb,rgb/Sonya_Walger_0001.ppm,0.952501,0.952501,1.192e-7,1.000000
lfw,all,rgb,rgb/Soon_Yi_0001.ppm,0.951821,0.951821,0.000e0,1.000000
lfw,all,rgb,rgb/Sophia_Loren_0001.ppm,0.944978,0.944978,5.960e-8,0.999999
lfw,all,rgb,rgb/Sophia_Loren_0002.ppm,0.927011,0.927011,0.000e0,1.000000
lfw,all,rgb,rgb/Sophia_Loren_0003.ppm,0.923838,0.923838,0.000e0,1.000000
lfw,all,rgb,rgb/Sophia_Loren_0004.ppm,0.955861,0.955860,1.192e-7,1.000000
lfw,all,rgb,rgb/Sophia_Loren_0005.ppm,0.926554,0.926554,0.000e0,1.000000
lfw,all,rgb,rgb/Sophia_Loren_0006.ppm,0.902373,0.902373,0.000e0,1.000000
lfw,all,rgb,rgb/Sophia_Loren_0007.ppm,0.949867,0.949867,0.000e0,1.000000
lfw,all,rgb,rgb/Sophie_0001.ppm,0.913083,0.913083,5.960e-8,1.000000
lfw,all,rgb,rgb/Sourav_Ganguly_0001.ppm,0.910258,0.910258,0.000e0,1.000000
lfw,all,rgb,rgb/Sourav_Ganguly_0002.ppm,0.926121,0.926121,0.000e0,1.000000
lfw,all,rgb,rgb/Sourav_Ganguly_0003.ppm,0.961728,0.961728,0.000e0,1.000000
lfw,all,rgb,rgb/Sourav_Ganguly_0004.ppm,0.911423,0.911423,0.000e0,1.000000
lfw,all,rgb,rgb/Sourav_Ganguly_0005.ppm,0.921590,0.921590,0.000e0,1.000000
lfw,all,rgb,rgb/Spencer_Abraham_0001.ppm,0.913671,0.913671,5.960e-8,1.000000
lfw,all,rgb,rgb/Spencer_Abraham_0002.ppm,0.895230,0.895230,1.192e-7,1.000000
lfw,all,rgb,rgb/Spencer_Abraham_0003.ppm,0.948900,0.948899,1.192e-7,1.000000
lfw,all,rgb,rgb/Spencer_Abraham_0004.ppm,0.941789,0.941789,0.000e0,1.000000
lfw,all,rgb,rgb/Spencer_Abraham_0005.ppm,0.973113,0.973113,0.000e0,1.000000
lfw,all,rgb,rgb/Spencer_Abraham_0006.ppm,0.950765,0.950764,1.192e-7,1.000000
lfw,all,rgb,rgb/Spencer_Abraham_0007.ppm,0.946119,0.946119,0.000e0,1.000000
lfw,all,rgb,rgb/Spencer_Abraham_0008.ppm,0.924232,0.924232,5.960e-8,1.000000
lfw,all,rgb,rgb/Spencer_Abraham_0009.ppm,0.950131,0.950131,0.000e0,1.000000
lfw,all,rgb,rgb/Spencer_Abraham_0010.ppm,0.945093,0.945093,1.192e-7,0.999999
lfw,all,rgb,rgb/Spencer_Abraham_0011.ppm,0.940562,0.940562,0.000e0,1.000000
lfw,all,rgb,rgb/Spencer_Abraham_0012.ppm,0.967430,0.967430,1.192e-7,0.999999
lfw,all,rgb,rgb/Spencer_Abraham_0013.ppm,0.906751,0.906751,0.000e0,1.000000
lfw,all,rgb,rgb/Spencer_Abraham_0014.ppm,0.924885,0.924885,1.192e-7,1.000000
lfw,all,rgb,rgb/Spencer_Abraham_0015.ppm,0.952055,0.952055,0.000e0,1.000000
lfw,all,rgb,rgb/Spencer_Abraham_0016.ppm,0.915690,0.915690,0.000e0,1.000000
lfw,all,rgb,rgb/Spencer_Abraham_0017.ppm,0.794107,0.794107,5.960e-8,0.999999
lfw,all,rgb,rgb/Spike_Helmick_0001.ppm,0.919114,0.919114,1.192e-7,1.000000
lfw,all,rgb,rgb/Spike_Jonze_0001.ppm,0.896114,0.896114,0.000e0,0.999999
lfw,all,rgb,rgb/Spike_Lee_0001.ppm,0.938169,0.938169,0.000e0,1.000000
lfw,all,rgb,rgb/Stacey_Dales-Schuman_0001.ppm,0.917065,0.917065,1.192e-7,1.000000
lfw,all,rgb,rgb/Stacey_Jones_0001.ppm,0.923580,0.923581,1.788e-7,1.000000
lfw,all,rgb,rgb/Stacey_Yamaguchi_0001.ppm,0.918368,0.918368,1.192e-7,1.000000
lfw,all,rgb,rgb/Stacy_Dragila_0001.ppm,0.939161,0.939161,0.000e0,1.000000
lfw,all,rgb,rgb/Stacy_Dragila_0002.ppm,0.915893,0.915893,0.000e0,1.000000
lfw,all,rgb,rgb/Stacy_Nelson_0001.ppm,0.906646,0.906646,0.000e0,1.000000
lfw,all,rgb,rgb/Stan_Heath_0001.ppm,0.906360,0.906360,0.000e0,1.000000
lfw,all,rgb,rgb/Stan_Heath_0002.ppm,0.870035,0.870035,0.000e0,1.000000
lfw,all,rgb,rgb/Stan_Kasten_0001.ppm,0.943172,0.943172,0.000e0,1.000000
lfw,all,rgb,rgb/Stan_Kroenke_0001.ppm,0.925697,0.925697,0.000e0,1.000000
lfw,all,rgb,rgb/Stanislas_Wawrinka_0001.ppm,0.921019,0.921019,0.000e0,1.000000
lfw,all,rgb,rgb/Stanley_Ho_0001.ppm,0.914294,0.914294,0.000e0,1.000000
lfw,all,rgb,rgb/Stanley_McChrystal_0001.ppm,0.929455,0.929455,0.000e0,1.000000
lfw,all,rgb,rgb/Stanley_McChrystal_0002.ppm,0.920712,0.920712,0.000e0,1.000000
lfw,all,rgb,rgb/Stanley_McChrystal_0003.ppm,0.897717,0.897717,1.192e-7,1.000000
lfw,all,rgb,rgb/Stanley_Nelson_0001.ppm,0.918819,0.918819,5.960e-8,1.000000
lfw,all,rgb,rgb/Stanley_Tong_0001.ppm,0.968063,0.968063,0.000e0,1.000000
lfw,all,rgb,rgb/Stanley_Tong_0002.ppm,0.950911,0.950911,0.000e0,1.000000
lfw,all,rgb,rgb/Stefaan_Declerk_0001.ppm,0.972545,0.972545,0.000e0,0.999999
lfw,all,rgb,rgb/Stefan_Holm_0001.ppm,0.827679,0.827679,0.000e0,1.000000
lfw,all,rgb,rgb/Stefan_Koubek_0001.ppm,0.903580,0.903580,0.000e0,0.999999
lfw,all,rgb,rgb/Stefan_Tafrov_0001.ppm,0.910040,0.910040,0.000e0,1.000000
lfw,all,rgb,rgb/Stefanie_De_Roux_0001.ppm,0.943577,0.943577,1.192e-7,1.000000
lfw,all,rgb,rgb/Stefano_Accorsi_0001.ppm,0.942750,0.942750,0.000e0,1.000000
lfw,all,rgb,rgb/Stefano_Accorsi_0002.ppm,0.930999,0.930999,1.192e-7,1.000000
lfw,all,rgb,rgb/Stefano_Basalini_0001.ppm,0.909924,0.909924,0.000e0,1.000000
lfw,all,rgb,rgb/Stefano_Gabbana_0001.ppm,0.915253,0.915253,0.000e0,1.000000
lfw,all,rgb,rgb/Steffeny_Holtz_0001.ppm,0.931960,0.931960,5.960e-8,1.000000
lfw,all,rgb,rgb/Steffi_Graf_0001.ppm,0.873277,0.873277,0.000e0,1.000000
lfw,all,rgb,rgb/Steffi_Graf_0002.ppm,0.894980,0.894980,0.000e0,1.000000
lfw,all,rgb,rgb/Steffi_Graf_0003.ppm,0.935672,0.935672,0.000e0,1.000000
lfw,all,rgb,rgb/Steffi_Graf_0004.ppm,0.910617,0.910617,1.192e-7,1.000000
lfw,all,rgb,rgb/Steffi_Graf_0005.ppm,0.963314,0.963314,0.000e0,1.000000
lfw,all,rgb,rgb/Stella_Keitel_0001.ppm,0.929616,0.929616,0.000e0,1.000000
lfw,all,rgb,rgb/Stella_McCartney_0001.ppm,0.977838,0.977838,1.192e-7,1.000000
lfw,all,rgb,rgb/Stella_Tennant_0001.ppm,0.927320,0.927320,0.000e0,1.000000
lfw,all,rgb,rgb/Stellan_Skarsgard_0001.ppm,0.899916,0.899916,0.000e0,1.000000
lfw,all,rgb,rgb/Stellan_Skarsgard_0002.ppm,0.932003,0.932003,0.000e0,1.000000
lfw,all,rgb,rgb/Steny_Hoyer_0001.ppm,0.928448,0.928448,0.000e0,1.000000
lfw,all,rgb,rgb/Stepan_Demirchian_0001.ppm,0.934455,0.934455,1.192e-7,1.000000
lfw,all,rgb,rgb/Stephan_Eberharter_0001.ppm,0.928840,0.928840,0.000e0,1.000000
lfw,all,rgb,rgb/Stephane_Delajoux_0001.ppm,0.966277,0.966277,0.000e0,1.000000
lfw,all,rgb,rgb/Stephane_Rochon_0001.ppm,0.892320,0.892320,1.192e-7,1.000000
lfw,all,rgb,rgb/Stephane_Rousseau_0001.ppm,0.930866,0.930866,0.000e0,1.000000
lfw,all,rgb,rgb/Stephanie_Cohen_Aloro_0001.ppm,0.887775,0.887775,0.000e0,1.000000
lfw,all,rgb,rgb/Stephanie_Moore_0001.ppm,0.943139,0.943139,0.000e0,1.000000
lfw,all,rgb,rgb/Stephanie_Zimbalist_0001.ppm,0.928645,0.928644,1.192e-7,0.999999
lfw,all,rgb,rgb/Stephen_Ambrose_0001.ppm,0.919438,0.919438,1.192e-7,1.000000
lfw,all,rgb,rgb/Stephen_Ambrose_0002.ppm,0.904666,0.904666,0.000e0,1.000000
lfw,all,rgb,rgb/Stephen_Arigbabu_0001.ppm,0.947292,0.947292,0.000e0,1.000000
lfw,all,rgb,rgb/Stephen_Cooper_0001.ppm,0.939910,0.939910,1.192e-7,1.000000
lfw,all,rgb,rgb/Stephen_Covey_0001.ppm,0.928723,0.928723,0.000e0,1.000000
lfw,all,rgb,rgb/Stephen_Crampton_0001.ppm,0.934242,0.934242,0.000e0,1.000000
lfw,all,rgb,rgb/Stephen_Daldry_0001.ppm,0.956374,0.956374,0.000e0,1.000000
lfw,all,rgb,rgb/Stephen_Daldry_0002.ppm,0.950790,0.950790,0.000e0,1.000000
lfw,all,rgb,rgb/Stephen_Ebberharter_0001.ppm,0.928146,0.928146,0.000e0,1.000000
lfw,all,rgb,rgb/Stephen_Frears_0001.ppm,0.944765,0.944765,0.000e0,0.999999
lfw,all,rgb,rgb/Stephen_Friedman_0001.ppm,0.892871,0.892871,0.000e0,1.000000
lfw,all,rgb,rgb/Stephen_Friedman_0002.ppm,0.904382,0.904382,0.000e0,1.000000
lfw,all,rgb,rgb/Stephen_Funk_0001.ppm,0.978772,0.978772,1.192e-7,0.999999
lfw,all,rgb,rgb/Stephen_Glassroth_0001.ppm,0.911483,0.911483,1.192e-7,1.000000
lfw,all,rgb,rgb/Stephen_Joseph_0001.ppm,0.981441,0.981441,0.000e0,1.000000
lfw,all,rgb,rgb/Stephen_Keener_0001.ppm,0.972115,0.972115,1.192e-7,0.999999
lfw,all,rgb,rgb/Stephen_Oake_0001.ppm,0.897030,0.897030,0.000e0,1.000000
lfw,all,rgb,rgb/Stephen_Push_0001.ppm,0.953693,0.953693,0.000e0,1.000000
lfw,all,rgb,rgb/Stephen_Silas_0001.ppm,0.936909,0.936910,1.192e-7,1.000000
lfw,all,rgb,rgb/Stephen_Swindal_0001.ppm,0.914193,0.914193,5.960e-8,1.000000
lfw,all,rgb,rgb/Stephen_Thompson_0001.ppm,0.918923,0.918923,0.000e0,1.000000
lfw,all,rgb,rgb/Stephen_Webster_0001.ppm,0.928599,0.928599,0.000e0,0.999999
lfw,all,rgb,rgb/Sterling_Hitchcock_0001.ppm,0.946478,0.946478,0.000e0,1.000000
lfw,all,rgb,rgb/Steve-O_0001.ppm,0.876389,0.876389,0.000e0,0.999999
lfw,all,rgb,rgb/Steve_Alford_0001.ppm,0.956322,0.956322,0.000e0,1.000000
lfw,all,rgb,rgb/Steve_Allan_0001.ppm,0.893763,0.893763,5.960e-8,1.000000
lfw,all,rgb,rgb/Steve_Allee_0001.ppm,0.928056,0.928056,0.000e0,1.000000
lfw,all,rgb,rgb/Steve_Austin_0001.ppm,0.932056,0.932056,1.192e-7,1.000000
lfw,all,rgb,rgb/Steve_Avery_0001.ppm,0.909458,0.909459,2.384e-7,1.000000
lfw,all,rgb,rgb/Steve_Backley_0001.ppm,0.900212,0.900212,1.192e-7,1.000000
lfw,all,rgb,rgb/Steve_Backley_0002.ppm,0.920953,0.920953,2.384e-7,1.000000
lfw,all,rgb,rgb/Steve_Ballmer_0001.ppm,0.884599,0.884599,1.192e-7,1.000000
lfw,all,rgb,rgb/Steve_Ballmer_0002.ppm,0.951748,0.951748,1.192e-7,1.000000
lfw,all,rgb,rgb/Steve_Ballmer_0003.ppm,0.909149,0.909149,5.960e-8,1.000000
lfw,all,rgb,rgb/Steve_Blake_0001.ppm,0.912841,0.912841,1.192e-7,1.000000
lfw,all,rgb,rgb/Steve_Blankenship_0001.ppm,0.907529,0.907529,0.000e0,1.000000
lfw,all,rgb,rgb/Steve_Case_0001.ppm,0.936985,0.936985,0.000e0,1.000000
lfw,all,rgb,rgb/Steve_Coogan_0001.ppm,0.900719,0.900719,0.000e0,1.000000
lfw,all,rgb,rgb/Steve_Coterill_0001.ppm,0.943095,0.943096,1.192e-7,1.000000
lfw,all,rgb,rgb/Steve_Cox_0001.ppm,0.912229,0.912229,0.000e0,1.000000
lfw,all,rgb,rgb/Steve_Cutler_0001.ppm,0.940406,0.940406,0.000e0,1.000000
lfw,all,rgb,rgb/Steve_Fehr_0001.ppm,0.947506,0.947506,2.384e-7,1.000000
lfw,all,rgb,rgb/Steve_Karsay_0001.ppm,0.967220,0.967220,1.192e-7,1.000000
lfw,all,rgb,rgb/Steve_Kerr_0001.ppm,0.866552,0.866552,0.000e0,0.999999
lfw,all,rgb,rgb/Steve_Largent_0001.ppm,0.923314,0.923314,0.000e0,1.000000
lfw,all,rgb,rgb/Steve_Lavin_0001.ppm,0.925324,0.925324,0.000e0,1.000000
lfw,all,rgb,rgb/Steve_Lavin_0002.ppm,0.945893,0.945893,1.192e-7,1.000000
lfw,all,rgb,rgb/Steve_Lavin_0003.ppm,0.929368,0.929368,0.000e0,1.000000
lfw,all,rgb,rgb/Steve_Lavin_0004.ppm,0.969643,0.969643,0.000e0,1.000000
lfw,all,rgb,rgb/Steve_Lavin_0005.ppm,0.937022,0.937022,1.192e-7,1.000000
lfw,all,rgb,rgb/Steve_Lavin_0006.ppm,0.869537,0.869537,0.000e0,1.000000
lfw,all,rgb,rgb/Steve_Lenard_0001.ppm,0.907233,0.907233,0.000e0,1.000000
lfw,all,rgb,rgb/Steve_Mariucci_0001.ppm,0.955110,0.955110,0.000e0,1.000000
lfw,all,rgb,rgb/Steve_Mariucci_0002.ppm,0.927661,0.927662,1.192e-7,1.000000
lfw,all,rgb,rgb/Steve_Mariucci_0003.ppm,0.926495,0.926495,0.000e0,1.000000
lfw,all,rgb,rgb/Steve_McManaman_0001.ppm,0.807956,0.807956,1.192e-7,1.000000
lfw,all,rgb,rgb/Steve_Nash_0001.ppm,0.917433,0.917433,0.000e0,1.000000
lfw,all,rgb,rgb/Steve_Nash_0002.ppm,0.912158,0.912158,1.788e-7,1.000000
lfw,all,rgb,rgb/Steve_Nash_0003.ppm,0.885975,0.885975,0.000e0,1.000000
lfw,all,rgb,rgb/Steve_Nash_0004.ppm,0.930926,0.930926,1.192e-7,1.000000
lfw,all,rgb,rgb/Steve_Nash_0005.ppm,0.941867,0.941867,1.192e-7,1.000000
lfw,all,rgb,rgb/Steve_Nesbitt_0001.ppm,0.952774,0.952774,1.192e-7,1.000000
lfw,all,rgb,rgb/Steve_Pagliuca_0001.ppm,0.943472,0.943472,0.000e0,1.000000
lfw,all,rgb,rgb/Steve_Park_0001.ppm,0.921682,0.921682,0.000e0,1.000000
lfw,all,rgb,rgb/Steve_Park_0002.ppm,0.921548,0.921548,0.000e0,1.000000
lfw,all,rgb,rgb/Steve_Patterson_0001.ppm,0.958762,0.958762,0.000e0,1.000000
lfw,all,rgb,rgb/Steve_Peace_0001.ppm,0.906104,0.906104,0.000e0,1.000000
lfw,all,rgb,rgb/Steve_Phillips_0001.ppm,0.905990,0.905990,0.000e0,1.000000
lfw,all,rgb,rgb/Steve_Redgrave_0001.ppm,0.968096,0.968096,0.000e0,1.000000
lfw,all,rgb,rgb/Steve_Rush_0001.ppm,0.913225,0.913225,0.000e0,1.000000
lfw,all,rgb,rgb/Steve_Shiver_0001.ppm,0.944611,0.944611,1.192e-7,1.000000
lfw,all,rgb,rgb/Steve_Spurrier_0001.ppm,0.927740,0.927740,0.000e0,1.000000
lfw,all,rgb,rgb/Steve_Spurrier_0002.ppm,0.865149,0.865149,1.192e-7,1.000000
lfw,all,rgb,rgb/Steve_Stirling_0001.ppm,0.900486,0.900486,0.000e0,0.999999
lfw,all,rgb,rgb/Steve_Valentine_0001.ppm,0.953487,0.953487,1.192e-7,0.999999
lfw,all,rgb,rgb/Steve_Wariner_0001.ppm,0.925191,0.925191,1.788e-7,1.000000
lfw,all,rgb,rgb/Steve_Waugh_0001.ppm,0.941729,0.941729,0.000e0,1.000000
lfw,all,rgb,rgb/Steve_Waugh_0002.ppm,0.957979,0.957979,0.000e0,1.000000
lfw,all,rgb,rgb/Steve_Zahn_0001.ppm,0.936618,0.936618,0.000e0,1.000000
lfw,all,rgb,rgb/Steven_Briggs_0001.ppm,0.933072,0.933072,0.000e0,1.000000
lfw,all,rgb,rgb/Steven_Craig_0001.ppm,0.944472,0.944472,0.000e0,1.000000
lfw,all,rgb,rgb/Steven_Curtis_Chapman_0001.ppm,0.925829,0.925829,0.000e0,0.999999
lfw,all,rgb,rgb/Steven_Feldman_0001.ppm,0.875056,0.875056,0.000e0,1.000000
lfw,all,rgb,rgb/Steven_Hatfill_0001.ppm,0.906332,0.906332,5.960e-8,1.000000
lfw,all,rgb,rgb/Steven_Hatfill_0002.ppm,0.949419,0.949419,0.000e0,1.000000
lfw,all,rgb,rgb/Steven_Kinlock_0001.ppm,0.938921,0.938921,1.192e-7,1.000000
lfw,all,rgb,rgb/Steven_Seagal_0001.ppm,0.951635,0.951635,0.000e0,1.000000
lfw,all,rgb,rgb/Steven_Seagal_0002.ppm,0.957682,0.957682,0.000e0,1.000000
lfw,all,rgb,rgb/Steven_Spielberg_0001.ppm,0.911635,0.911635,5.960e-8,1.000000
lfw,all,rgb,rgb/Steven_Spielberg_0002.ppm,0.860924,0.860924,5.960e-8,1.000000
lfw,all,rgb,rgb/Steven_Spielberg_0003.ppm,0.943195,0.943196,1.192e-7,1.000000
lfw,all,rgb,rgb/Steven_Spielberg_0004.ppm,0.942131,0.942131,5.960e-8,1.000000
lfw,all,rgb,rgb/Steven_Spielberg_0005.ppm,0.904292,0.904292,0.000e0,1.000000
lfw,all,rgb,rgb/Steven_Spielberg_0006.ppm,0.935461,0.935461,1.192e-7,0.999999
lfw,all,rgb,rgb/Steven_Spielberg_0007.ppm,0.843295,0.843295,1.192e-7,1.000000
lfw,all,rgb,rgb/Steven_Tyler_0001.ppm,0.859573,0.859573,1.192e-7,1.000000
lfw,all,rgb,rgb/Steven_Van_Zandt_0001.ppm,0.941647,0.941647,0.000e0,1.000000
lfw,all,rgb,rgb/Stipe_Mesic_0001.ppm,0.970130,0.970130,1.192e-7,1.000000
lfw,all,rgb,rgb/Stockard_Channing_0001.ppm,0.941521,0.941521,0.000e0,1.000000
lfw,all,rgb,rgb/Stockard_Channing_0002.ppm,0.917863,0.917863,0.000e0,1.000000
lfw,all,rgb,rgb/Stockard_Channing_0003.ppm,0.931840,0.931840,0.000e0,1.000000
lfw,all,rgb,rgb/Strom_Thurmond_0001.ppm,0.882564,0.882564,5.960e-8,1.000000
lfw,all,rgb,rgb/Strom_Thurmond_0002.ppm,0.904206,0.904206,0.000e0,1.000000
lfw,all,rgb,rgb/Strom_Thurmond_0003.ppm,0.836303,0.836303,0.000e0,1.000000
lfw,all,rgb,rgb/Stuart_Knoll_0001.ppm,0.905907,0.905907,5.960e-8,1.000000
lfw,all,rgb,rgb/Stuart_Townsend_0001.ppm,0.961749,0.961749,0.000e0,1.000000
lfw,all,rgb,rgb/Stuart_Whitman_0001.ppm,0.936271,0.936271,5.960e-8,1.000000
lfw,all,rgb,rgb/Sue_Grafton_0001.ppm,0.911392,0.911392,1.192e-7,1.000000
lfw,all,rgb,rgb/Sue_Guevara_0001.ppm,0.962568,0.962568,5.960e-8,1.000000
lfw,all,rgb,rgb/Sue_Johnston_0001.ppm,0.934930,0.934930,0.000e0,1.000000
lfw,all,rgb,rgb/Sue_Slavec_0001.ppm,0.950766,0.950766,1.192e-7,1.000000
lfw,all,rgb,rgb/Sue_Wicks_0001.ppm,0.943850,0.943850,0.000e0,1.000000
lfw,all,rgb,rgb/Sue_Wicks_0002.ppm,0.929855,0.929855,1.192e-7,1.000000
lfw,all,rgb,rgb/Suh_Chung-won_0001.ppm,0.923241,0.923241,0.000e0,1.000000
lfw,all,rgb,rgb/Suh_Young-hoon_0001.ppm,0.929348,0.929348,0.000e0,1.000000
lfw,all,rgb,rgb/Suk_Chung_Hong_0001.ppm,0.820958,0.820958,0.000e0,1.000000
lfw,all,rgb,rgb/Sultan_Qaboos_0001.ppm,0.923321,0.923321,1.192e-7,1.000000
lfw,all,rgb,rgb/Sun_Myung_Moon_0001.ppm,0.898463,0.898463,0.000e0,1.000000
lfw,all,rgb,rgb/Sung_Hong_Choi_0001.ppm,0.909933,0.909933,5.960e-8,1.000000
lfw,all,rgb,rgb/Supachai_Panitchpakdi_0001.ppm,0.934794,0.934794,1.192e-7,1.000000
lfw,all,rgb,rgb/Surakait_Sathirathai_0001.ppm,0.945001,0.945001,0.000e0,1.000000
lfw,all,rgb,rgb/Surakait_Sathirathai_0002.ppm,0.864965,0.864965,0.000e0,1.000000
lfw,all,rgb,rgb/Sureyya_Ayhan_0001.ppm,0.976823,0.976823,0.000e0,1.000000
lfw,all,rgb,rgb/Surya_Bahadur_Thapa_0001.ppm,0.938380,0.938380,0.000e0,1.000000
lfw,all,rgb,rgb/Susan_Collins_0001.ppm,0.872664,0.872664,1.192e-7,1.000000
lfw,all,rgb,rgb/Susan_Collins_0002.ppm,0.938272,0.938272,1.192e-7,1.000000
lfw,all,rgb,rgb/Susan_Sarandon_0001.ppm,0.938716,0.938716,0.000e0,1.000000
lfw,all,rgb,rgb/Susan_Sarandon_0002.ppm,0.817235,0.817235,0.000e0,1.000000
lfw,all,rgb,rgb/Susan_Sarandon_0003.ppm,0.976203,0.976203,1.192e-7,0.999999
lfw,all,rgb,rgb/Susan_Sarandon_0004.ppm,0.923092,0.923091,1.192e-7,1.000000
lfw,all,rgb,rgb/Susan_Sarandon_0005.ppm,0.936072,0.936072,0.000e0,1.000000
lfw,all,rgb,rgb/Susan_Sarandon_0006.ppm,0.865106,0.865106,1.192e-7,1.000000
lfw,all,rgb,rgb/Susan_Walvius_0001.ppm,0.943988,0.943988,1.192e-7,1.000000
lfw,all,rgb,rgb/Susan_Whelan_0001.ppm,0.961274,0.961274,0.000e0,1.000000
lfw,all,rgb,rgb/Sushma_Swaraj_0001.ppm,0.950226,0.950227,1.192e-7,1.000000
lfw,all,rgb,rgb/Susie_Castillo_0001.ppm,0.945281,0.945281,0.000e0,1.000000
lfw,all,rgb,rgb/Susie_Castillo_0002.ppm,0.956132,0.956132,0.000e0,1.000000
lfw,all,rgb,rgb/Susilo_Bambang_Yudhoyono_0001.ppm,0.942871,0.942871,5.960e-8,1.000000
lfw,all,rgb,rgb/Susilo_Bambang_Yudhoyono_0002.ppm,0.963818,0.963818,0.000e0,0.999999
lfw,all,rgb,rgb/Susilo_Bambang_Yudhoyono_0003.ppm,0.946753,0.946753,0.000e0,1.000000
lfw,all,rgb,rgb/Susilo_Bambang_Yudhoyono_0004.ppm,0.958193,0.958193,0.000e0,1.000000
lfw,all,rgb,rgb/Suzanne_Fox_0001.ppm,0.922277,0.922277,0.000e0,1.000000
lfw,all,rgb,rgb/Suzanne_Gaudet_0001.ppm,0.872121,0.872121,0.000e0,1.000000
lfw,all,rgb,rgb/Suzanne_Gaudet_0002.ppm,0.932035,0.932035,0.000e0,1.000000
lfw,all,rgb,rgb/Suzanne_Haik_Terrell_0001.ppm,0.949661,0.949661,0.000e0,1.000000
lfw,all,rgb,rgb/Suzanne_Mubarak_0001.ppm,0.966685,0.966685,0.000e0,1.000000
lfw,all,rgb,rgb/Suzanne_Somers_0001.ppm,0.913895,0.913895,0.000e0,1.000000
lfw,all,rgb,rgb/Suzanne_Torrance_0001.ppm,0.887899,0.887899,1.192e-7,1.000000
lfw,all,rgb,rgb/Suzie_McConnell_Serio_0001.ppm,0.972651,0.972651,1.192e-7,1.000000
lfw,all,rgb,rgb/Sven_Goran_Eriksson_0001.ppm,0.918125,0.918125,0.000e0,1.000000
lfw,all,rgb,rgb/Sven_Ottke_0001.ppm,0.944611,0.944610,1.192e-7,1.000000
lfw,all,rgb,rgb/Svend_Aage_Jensby_0001.ppm,0.908164,0.908164,0.000e0,1.000000
lfw,all,rgb,rgb/Svend_Robinson_0001.ppm,0.964098,0.964098,0.000e0,1.000000
lfw,all,rgb,rgb/Svetislav_Pesic_0001.ppm,0.866608,0.866609,1.192e-7,1.000000
lfw,all,rgb,rgb/Svetlana_Belousova_0001.ppm,0.907438,0.907438,0.000e0,1.000000
lfw,all,rgb,rgb/Svetlana_Koroleva_0001.ppm,0.925322,0.925321,1.192e-7,1.000000
lfw,all,rgb,rgb/Svetlana_Koroleva_0002.ppm,0.953933,0.953933,1.192e-7,1.000000
lfw,all,rgb,rgb/Svetoslav_Todorov_0001.ppm,0.928566,0.928566,5.960e-8,1.000000
lfw,all,rgb,rgb/Sybille_Schmid_0001.ppm,0.936207,0.936207,0.000e0,1.000000
lfw,all,rgb,rgb/Syed_Abdul_Rahman_Geelani_0001.ppm,0.923851,0.923851,0.000e0,1.000000
lfw,all,rgb,rgb/Syed_Ibrahim_0001.ppm,0.928389,0.928389,0.000e0,1.000000
lfw,all,rgb,rgb/Sylvester_Stallone_0001.ppm,0.956007,0.956007,1.192e-7,0.999999
lfw,all,rgb,rgb/Sylvester_Stallone_0002.ppm,0.921571,0.921572,5.960e-8,1.000000
lfw,all,rgb,rgb/Sylvester_Stallone_0003.ppm,0.955792,0.955792,0.000e0,1.000000
lfw,all,rgb,rgb/Sylvester_Stallone_0004.ppm,0.903893,0.903893,0.000e0,1.000000
lfw,all,rgb,rgb/Sylvester_Stallone_0005.ppm,0.913684,0.913683,1.192e-7,1.000000
lfw,all,rgb,rgb/Sylvester_Stallone_0006.ppm,0.931016,0.931016,0.000e0,1.000000
lfw,all,rgb,rgb/Sylvester_Stallone_0007.ppm,0.916721,0.916721,0.000e0,0.999999
lfw,all,rgb,rgb/Sylvester_Stallone_0008.ppm,0.907294,0.907294,1.192e-7,1.000000
lfw,all,rgb,rgb/Sylvester_Stallone_0009.ppm,0.925231,0.925231,0.000e0,0.999999
lfw,all,rgb,rgb/Sylvia_Plachy_0001.ppm,0.901589,0.901589,0.000e0,0.999999
lfw,all,rgb,rgb/Sylvie_Guillem_0001.ppm,0.920341,0.920341,0.000e0,1.000000
lfw,all,rgb,rgb/Szu_Yu_Chen_0001.ppm,0.932444,0.932444,1.192e-7,1.000000
lfw,all,rgb,rgb/TA_McLendon_0001.ppm,0.883291,0.883291,5.960e-8,1.000000
lfw,all,rgb,rgb/TJ_Ford_0001.ppm,0.924635,0.924635,0.000e0,1.000000
lfw,all,rgb,rgb/T_Boone_Pickens_0001.ppm,0.878560,0.878560,5.960e-8,1.000000
lfw,all,rgb,rgb/Tab_Baldwin_0001.ppm,0.931444,0.931444,1.192e-7,1.000000
lfw,all,rgb,rgb/Tab_Turner_0001.ppm,0.939746,0.939746,0.000e0,1.000000
lfw,all,rgb,rgb/Tabare_Vazquez_0001.ppm,0.898228,0.898228,0.000e0,1.000000
lfw,all,rgb,rgb/Taha_Yassin_Ramadan_0001.ppm,0.902088,0.902088,0.000e0,1.000000
lfw,all,rgb,rgb/Taha_Yassin_Ramadan_0002.ppm,0.941132,0.941132,0.000e0,1.000000
lfw,all,rgb,rgb/Taha_Yassin_Ramadan_0003.ppm,0.934250,0.934250,0.000e0,1.000000
lfw,all,rgb,rgb/Taha_Yassin_Ramadan_0004.ppm,0.922064,0.922064,0.000e0,1.000000
lfw,all,rgb,rgb/Taha_Yassin_Ramadan_0005.ppm,0.934007,0.934007,0.000e0,1.000000
lfw,all,rgb,rgb/Taha_Yassin_Ramadan_0006.ppm,0.938285,0.938285,0.000e0,1.000000
lfw,all,rgb,rgb/Taha_Yassin_Ramadan_0007.ppm,0.951929,0.951929,0.000e0,0.999999
lfw,all,rgb,rgb/Taha_Yassin_Ramadan_0008.ppm,0.931824,0.931824,0.000e0,0.999999
lfw,all,rgb,rgb/Taha_Yassin_Ramadan_0009.ppm,0.909791,0.909791,1.192e-7,1.000000
lfw,all,rgb,rgb/Taha_Yassin_Ramadan_0010.ppm,0.973094,0.973094,0.000e0,1.000000
lfw,all,rgb,rgb/Taha_Yassin_Ramadan_0011.ppm,0.959142,0.959142,0.000e0,1.000000
lfw,all,rgb,rgb/Taha_Yassin_Ramadan_0012.ppm,0.941014,0.941013,1.192e-7,1.000000
lfw,all,rgb,rgb/Taha_Yassin_Ramadan_0013.ppm,0.890564,0.890564,5.960e-8,1.000000
lfw,all,rgb,rgb/Taha_Yassin_Ramadan_0014.ppm,0.957277,0.957277,0.000e0,1.000000
lfw,all,rgb,rgb/Taha_Yassin_Ramadan_0015.ppm,0.952158,0.952158,1.192e-7,1.000000
lfw,all,rgb,rgb/Taia_Balk_0001.ppm,0.870824,0.870824,0.000e0,1.000000
lfw,all,rgb,rgb/Takahiro_Mori_0001.ppm,0.980916,0.980916,0.000e0,1.000000
lfw,all,rgb,rgb/Takaloo_0001.ppm,0.926193,0.926193,0.000e0,1.000000
lfw,all,rgb,rgb/Takashi_Sorimachi_0001.ppm,0.941568,0.941568,0.000e0,1.000000
lfw,all,rgb,rgb/Takashi_Sorimachi_0002.ppm,0.934195,0.934195,0.000e0,0.999999
lfw,all,rgb,rgb/Takashi_Yamamoto_0001.ppm,0.927876,0.927877,1.192e-7,1.000000
lfw,all,rgb,rgb/Takenori_Kanzaki_0001.ppm,0.938392,0.938392,1.192e-7,1.000000
lfw,all,rgb,rgb/Takeo_Fukui_0001.ppm,0.975376,0.975376,0.000e0,1.000000
lfw,all,rgb,rgb/Takeo_Hiranuma_0001.ppm,0.976645,0.976644,5.960e-8,1.000000
lfw,all,rgb,rgb/Takeshi_Kitano_0001.ppm,0.918168,0.918168,0.000e0,1.000000
lfw,all,rgb,rgb/Taku_Yamasaki_0001.ppm,0.941053,0.941053,0.000e0,1.000000
lfw,all,rgb,rgb/Takuma_Sato_0001.ppm,0.966266,0.966266,0.000e0,1.000000
lfw,all,rgb,rgb/Talal_Keenaan_0001.ppm,0.919910,0.919911,1.192e-7,0.999999
lfw,all,rgb,rgb/Tali_Imani_0001.ppm,0.892078,0.892078,0.000e0,1.000000
lfw,all,rgb,rgb/Talisa_Bratt_0001.ppm,0.981761,0.981761,0.000e0,1.000000
lfw,all,rgb,rgb/Talisa_Soto_0001.ppm,0.937690,0.937690,1.192e-7,1.000000
lfw,all,rgb,rgb/Tamara_Brooks_0001.ppm,0.954824,0.954824,0.000e0,1.000000
lfw,all,rgb,rgb/Tamara_Brooks_0002.ppm,0.932446,0.932446,1.192e-7,1.000000
lfw,all,rgb,rgb/Tamara_Mowry_0001.ppm,0.907828,0.907828,1.192e-7,1.000000
lfw,all,rgb,rgb/Tamara_Stokes_0001.ppm,0.904783,0.904783,0.000e0,1.000000
lfw,all,rgb,rgb/Tamika_Catchings_0001.ppm,0.940808,0.940808,0.000e0,1.000000
lfw,all,rgb,rgb/Tammy_Helm_0001.ppm,0.956210,0.956210,0.000e0,1.000000
lfw,all,rgb,rgb/Tammy_Lynn_Michaels_0001.ppm,0.884326,0.884326,0.000e0,1.000000
lfw,all,rgb,rgb/Tammy_Lynn_Michaels_0002.ppm,0.935396,0.935396,1.192e-7,0.999999
lfw,all,rgb,rgb/Tang_Jiaxuan_0001.ppm,0.936898,0.936898,1.192e-7,1.000000
lfw,all,rgb,rgb/Tang_Jiaxuan_0002.ppm,0.940468,0.940468,0.000e0,1.000000
lfw,all,rgb,rgb/Tang_Jiaxuan_0003.ppm,0.955366,0.955366,0.000e0,1.000000
lfw,all,rgb,rgb/Tang_Jiaxuan_0004.ppm,0.971620,0.971620,0.000e0,1.000000
lfw,all,rgb,rgb/Tang_Jiaxuan_0005.ppm,0.935679,0.935679,0.000e0,1.000000
lfw,all,rgb,rgb/Tang_Jiaxuan_0006.ppm,0.965153,0.965153,0.000e0,1.000000
lfw,all,rgb,rgb/Tang_Jiaxuan_0007.ppm,0.922733,0.922733,0.000e0,1.000000
lfw,all,rgb,rgb/Tang_Jiaxuan_0008.ppm,0.977958,0.977958,0.000e0,1.000000
lfw,all,rgb,rgb/Tang_Jiaxuan_0009.ppm,0.950142,0.950142,1.192e-7,1.000000
lfw,all,rgb,rgb/Tang_Jiaxuan_0010.ppm,0.911029,0.911029,0.000e0,1.000000
lfw,all,rgb,rgb/Tang_Jiaxuan_0011.ppm,0.910785,0.910785,0.000e0,1.000000
lfw,all,rgb,rgb/Tangra_Riggle_0001.ppm,0.915889,0.915889,0.000e0,1.000000
lfw,all,rgb,rgb/Tanya_Holyk_0001.ppm,0.919215,0.919215,1.192e-7,1.000000
lfw,all,rgb,rgb/Tanya_Lindenmuth_0001.ppm,0.966123,0.966123,1.192e-7,1.000000
lfw,all,rgb,rgb/Taoufik_Mathlouthi_0001.ppm,0.950723,0.950723,0.000e0,1.000000
lfw,all,rgb,rgb/Tara_Dawn_Christensen_0001.ppm,0.939610,0.939610,0.000e0,1.000000
lfw,all,rgb,rgb/Tara_Kirk_0001.ppm,0.914048,0.914048,0.000e0,0.999999
lfw,all,rgb,rgb/Tara_Reid_0001.ppm,0.894107,0.894107,1.192e-7,1.000000
lfw,all,rgb,rgb/Tara_VanDerveer_0001.ppm,0.915670,0.915670,0.000e0,0.999999
lfw,all,rgb,rgb/Tariq_Aziz_0001.ppm,0.905082,0.905082,5.960e-8,1.000000
lfw,all,rgb,rgb/Tariq_Aziz_0002.ppm,0.904119,0.904118,1.192e-7,1.000000
lfw,all,rgb,rgb/Tariq_Aziz_0003.ppm,0.898015,0.898015,1.192e-7,1.000000
lfw,all,rgb,rgb/Tariq_Aziz_0004.ppm,0.933722,0.933722,0.000e0,1.000000
lfw,all,rgb,rgb/Tariq_Aziz_0005.ppm,0.915968,0.915967,1.192e-7,0.999999
lfw,all,rgb,rgb/Tariq_Aziz_0006.ppm,0.852523,0.852523,0.000e0,1.000000
lfw,all,rgb,rgb/Tassos_Papadopoulos_0001.ppm,0.900238,0.900237,1.192e-7,1.000000
lfw,all,rgb,rgb/Tassos_Papadopoulos_0002.ppm,0.922079,0.922079,5.960e-8,1.000000
lfw,all,rgb,rgb/Tassos_Papadopoulos_0003.ppm,0.951905,0.951905,0.000e0,1.000000
lfw,all,rgb,rgb/Tatiana_Gratcheva_0001.ppm,0.801507,0.801508,1.788e-7,1.000000
lfw,all,rgb,rgb/Tatiana_Kennedy_Schlossberg_0001.ppm,0.900472,0.900472,0.000e0,1.000000
lfw,all,rgb,rgb/Tatiana_Panova_0001.ppm,0.932107,0.932107,0.000e0,1.000000
lfw,all,rgb,rgb/Tatiana_Paus_0001.ppm,0.962186,0.962186,0.000e0,0.999999
lfw,all,rgb,rgb/Tatiana_Shchegoleva_0001.ppm,0.928525,0.928525,0.000e0,1.000000
lfw,all,rgb,rgb/Tatjana_Gsell_0001.ppm,0.959333,0.959333,0.000e0,1.000000
lfw,all,rgb,rgb/Tatsuya_Fuji_0001.ppm,0.933575,0.933575,1.192e-7,1.000000
lfw,all,rgb,rgb/Tatyana_Tomashova_0001.ppm,0.952185,0.952185,1.192e-7,1.000000
lfw,all,rgb,rgb/Taufik_Hidayat_0001.ppm,0.950162,0.950162,0.000e0,1.000000
lfw,all,rgb,rgb/Taufik_Hidayat_0002.ppm,0.951324,0.951324,0.000e0,1.000000
lfw,all,rgb,rgb/Taufik_Hidayat_0003.ppm,0.957165,0.957165,0.000e0,1.000000
lfw,all,rgb,rgb/Taufik_Kiemas_0001.ppm,0.946248,0.946248,1.192e-7,1.000000
lfw,all,rgb,rgb/Tavis_Smiley_0001.ppm,0.904991,0.904991,0.000e0,1.000000
lfw,all,rgb,rgb/Taylor_Twellman_0001.ppm,0.941757,0.941757,0.000e0,1.000000
lfw,all,rgb,rgb/Taylyn_Solomon_0001.ppm,0.988831,0.988831,0.000e0,1.000000
lfw,all,rgb,rgb/Tayshaun_Prince_0001.ppm,0.956488,0.956488,5.960e-8,1.000000
lfw,all,rgb,rgb/Tayyeb_Abdel_Rahim_0001.ppm,0.922227,0.922227,0.000e0,1.000000
lfw,all,rgb,rgb/Ted_Christopher_0001.ppm,0.941493,0.941493,0.000e0,1.000000
lfw,all,rgb,rgb/Ted_Costa_0001.ppm,0.940974,0.940974,0.000e0,1.000000
lfw,all,rgb,rgb/Ted_Maher_0001.ppm,0.960122,0.960122,1.192e-7,1.000000
lfw,all,rgb,rgb/Ted_Maher_0002.ppm,0.946601,0.946601,1.192e-7,1.000000
lfw,all,rgb,rgb/Ted_Nolan_0001.ppm,0.966312,0.966312,0.000e0,1.000000
lfw,all,rgb,rgb/Ted_Turner_0001.ppm,0.911075,0.911075,1.192e-7,1.000000
lfw,all,rgb,rgb/Ted_Washington_0001.ppm,0.918953,0.918953,5.960e-8,1.000000
lfw,all,rgb,rgb/Ted_Williams_0001.ppm,0.904281,0.904281,0.000e0,1.000000
lfw,all,rgb,rgb/Teddy_Kollek_0001.ppm,0.961537,0.961537,1.192e-7,0.999999
lfw,all,rgb,rgb/Terence_Newman_0001.ppm,0.943816,0.943816,0.000e0,1.000000
lfw,all,rgb,rgb/Teresa_Graves_0001.ppm,0.876895,0.876895,1.192e-7,1.000000
lfw,all,rgb,rgb/Teresa_Heinz_Kerry_0001.ppm,0.890474,0.890474,5.960e-8,1.000000
lfw,all,rgb,rgb/Teresa_Williams_0001.ppm,0.872586,0.872586,1.788e-7,1.000000
lfw,all,rgb,rgb/Teresa_Worbis_0001.ppm,0.967505,0.967505,1.192e-7,1.000000
lfw,all,rgb,rgb/Teri_Files_0001.ppm,0.944364,0.944364,0.000e0,1.000000
lfw,all,rgb,rgb/Teri_Garr_0001.ppm,0.919576,0.919576,0.000e0,1.000000
lfw,all,rgb,rgb/Teri_ORourke_0001.ppm,0.885346,0.885346,5.960e-8,1.000000
lfw,all,rgb,rgb/Terje_Roed-Larsen_0001.ppm,0.942023,0.942023,1.192e-7,0.999999
lfw,all,rgb,rgb/Terje_Roed-Larsen_0002.ppm,0.927587,0.927587,0.000e0,0.999999
lfw,all,rgb,rgb/Terrell_Suggs_0001.ppm,0.925362,0.925362,5.960e-8,1.000000
lfw,all,rgb,rgb/Terrell_Suggs_0002.ppm,0.931146,0.931146,0.000e0,1.000000
lfw,all,rgb,rgb/Terrence_Kiel_0001.ppm,0.877503,0.877503,0.000e0,1.000000
lfw,all,rgb,rgb/Terrence_Trammell_0001.ppm,0.897537,0.897537,5.960e-8,0.999999
lfw,all,rgb,rgb/Terri_Clark_0001.ppm,0.941241,0.941241,0.000e0,1.000000
lfw,all,rgb,rgb/Terry_Bradshaw_0001.ppm,0.895850,0.895850,5.960e-8,1.000000
lfw,all,rgb,rgb/Terry_Gilliam_0001.ppm,0.913580,0.913580,0.000e0,1.000000
lfw,all,rgb,rgb/Terry_Hoeppner_0001.ppm,0.896722,0.896722,1.192e-7,0.999999
lfw,all,rgb,rgb/Terry_Lynn_Barton_0001.ppm,0.954854,0.954854,0.000e0,0.999999
lfw,all,rgb,rgb/Terry_McAuliffe_0001.ppm,0.856696,0.856696,0.000e0,1.000000
lfw,all,rgb,rgb/Terry_McAuliffe_0002.ppm,0.949100,0.949100,0.000e0,1.000000
lfw,all,rgb,rgb/Terry_McAuliffe_0003.ppm,0.932996,0.932996,0.000e0,1.000000
lfw,all,rgb,rgb/Terry_Semel_0001.ppm,0.891339,0.891339,5.960e-8,1.000000
lfw,all,rgb,rgb/Terry_Stotts_0001.ppm,0.953443,0.953443,0.000e0,1.000000
lfw,all,rgb,rgb/Terry_Stotts_0002.ppm,0.888894,0.888894,0.000e0,1.000000
lfw,all,rgb,rgb/Teruaki_Masumoto_0001.ppm,0.979937,0.979937,0.000e0,0.999999
lfw,all,rgb,rgb/Terunobu_Maeda_0001.ppm,0.967604,0.967604,0.000e0,1.000000
lfw,all,rgb,rgb/Tessa_Jowell_0001.ppm,0.921688,0.921688,0.000e0,1.000000
lfw,all,rgb,rgb/Tex_Ritter_0001.ppm,0.902220,0.902221,1.192e-7,1.000000
lfw,all,rgb,rgb/Thabo_Mbeki_0001.ppm,0.737975,0.737975,5.960e-8,1.000000
lfw,all,rgb,rgb/Thabo_Mbeki_0002.ppm,0.881357,0.881357,1.192e-7,1.000000
lfw,all,rgb,rgb/Thabo_Mbeki_0003.ppm,0.945123,0.945123,5.960e-8,1.000000
lfw,all,rgb,rgb/Thabo_Mbeki_0004.ppm,0.911162,0.911162,0.000e0,0.999999
lfw,all,rgb,rgb/Thabo_Mbeki_0005.ppm,0.907734,0.907734,0.000e0,1.000000
lfw,all,rgb,rgb/Thad_Matta_0001.ppm,0.872524,0.872524,5.960e-8,1.000000
lfw,all,rgb,rgb/Thaksin_Shinawatra_0001.ppm,0.925566,0.925566,2.384e-7,1.000000
lfw,all,rgb,rgb/Thaksin_Shinawatra_0002.ppm,0.921391,0.921391,0.000e0,1.000000
lfw,all,rgb,rgb/Thaksin_Shinawatra_0003.ppm,0.952977,0.952977,1.192e-7,1.000000
lfw,all,rgb,rgb/Thaksin_Shinawatra_0004.ppm,0.988409,0.988409,0.000e0,0.999999
lfw,all,rgb,rgb/Thaksin_Shinawatra_0005.ppm,0.966531,0.966531,0.000e0,1.000000
lfw,all,rgb,rgb/Thaksin_Shinawatra_0006.ppm,0.957657,0.957657,0.000e0,1.000000
lfw,all,rgb,rgb/Thalia_0001.ppm,0.954784,0.954784,0.000e0,1.000000
lfw,all,rgb,rgb/Thanongsak_Tuvinan_0001.ppm,0.936186,0.936186,1.192e-7,1.000000
lfw,all,rgb,rgb/Theo_Angelopoulos_0001.ppm,0.945294,0.945294,5.960e-8,1.000000
lfw,all,rgb,rgb/Theo_Epstein_0001.ppm,0.969336,0.969336,0.000e0,1.000000
lfw,all,rgb,rgb/Theo_Epstein_0002.ppm,0.962124,0.962124,0.000e0,1.000000
lfw,all,rgb,rgb/Theodore_Tweed_Roosevelt_0001.ppm,0.923202,0.923202,1.192e-7,1.000000
lfw,all,rgb,rgb/Theodore_Tweed_Roosevelt_0002.ppm,0.928710,0.928710,5.960e-8,0.999999
lfw,all,rgb,rgb/Theodore_Tweed_Roosevelt_0003.ppm,0.906124,0.906124,0.000e0,1.000000
lfw,all,rgb,rgb/Theresa_Gattung_0001.ppm,0.901090,0.901091,2.980e-7,1.000000
lfw,all,rgb,rgb/Theresa_May_0001.ppm,0.941061,0.941061,1.192e-7,1.000000
lfw,all,rgb,rgb/Theresa_May_0002.ppm,0.956831,0.956831,1.192e-7,1.000000
lfw,all,rgb,rgb/Theresa_May_0003.ppm,0.915096,0.915096,0.000e0,1.000000
lfw,all,rgb,rgb/Thierry_Falise_0001.ppm,0.895576,0.895576,0.000e0,1.000000
lfw,all,rgb,rgb/Thierry_Falise_0002.ppm,0.902534,0.902534,0.000e0,1.000000
lfw,all,rgb,rgb/Thierry_Falise_0003.ppm,0.884978,0.884978,0.000e0,1.000000
lfw,all,rgb,rgb/Thierry_Mariani_0001.ppm,0.948860,0.948860,0.000e0,1.000000
lfw,all,rgb,rgb/Thomas_Birmingham_0001.ppm,0.928003,0.928003,0.000e0,1.000000
lfw,all,rgb,rgb/Thomas_Birmingham_0002.ppm,0.822478,0.822478,0.000e0,0.999999
lfw,all,rgb,rgb/Thomas_Bjorn_0001.ppm,0.932785,0.932785,0.000e0,1.000000
lfw,all,rgb,rgb/Thomas_Bjorn_0002.ppm,0.907851,0.907851,0.000e0,1.000000
lfw,all,rgb,rgb/Thomas_Cloyd_0001.ppm,0.882372,0.882372,0.000e0,1.000000
lfw,all,rgb,rgb/Thomas_Daily_0001.ppm,0.901870,0.901870,0.000e0,0.999999
lfw,all,rgb,rgb/Thomas_Day_0001.ppm,0.869319,0.869319,0.000e0,1.000000
lfw,all,rgb,rgb/Thomas_Enqvist_0001.ppm,0.913079,0.913079,0.000e0,1.000000
lfw,all,rgb,rgb/Thomas_Fargo_0001.ppm,0.952066,0.952066,0.000e0,1.000000
lfw,all,rgb,rgb/Thomas_Fargo_0002.ppm,0.934403,0.934403,5.960e-8,1.000000
lfw,all,rgb,rgb/Thomas_Fargo_0003.ppm,0.930672,0.930672,0.000e0,1.000000
lfw,all,rgb,rgb/Thomas_Fargo_0004.ppm,0.947068,0.947068,1.192e-7,1.000000
lfw,all,rgb,rgb/Thomas_Ferguson_0001.ppm,0.853281,0.853281,0.000e0,1.000000
lfw,all,rgb,rgb/Thomas_Franklin_0001.ppm,0.966812,0.966812,1.192e-7,1.000000
lfw,all,rgb,rgb/Thomas_Gottschalk_0001.ppm,0.887543,0.887543,0.000e0,1.000000
lfw,all,rgb,rgb/Thomas_Haeggstroem_0001.ppm,0.906115,0.906115,0.000e0,1.000000
lfw,all,rgb,rgb/Thomas_Kelly_0001.ppm,0.968766,0.968766,1.192e-7,1.000000
lfw,all,rgb,rgb/Thomas_Klestil_0001.ppm,0.906469,0.906469,0.000e0,1.000000
lfw,all,rgb,rgb/Thomas_Malchow_0001.ppm,0.942859,0.942859,0.000e0,1.000000
lfw,all,rgb,rgb/Thomas_Malchow_0002.ppm,0.959254,0.959254,0.000e0,0.999999
lfw,all,rgb,rgb/Thomas_Manger_0001.ppm,0.894900,0.894900,1.788e-7,1.000000
lfw,all,rgb,rgb/Thomas_Mesereau_Jr_0001.ppm,0.900609,0.900609,1.192e-7,1.000000
lfw,all,rgb,rgb/Thomas_OBrien_0001.ppm,0.921407,0.921407,1.192e-7,0.999999
lfw,all,rgb,rgb/Thomas_OBrien_0002.ppm,0.908227,0.908227,0.000e0,1.000000
lfw,all,rgb,rgb/Thomas_OBrien_0003.ppm,0.919648,0.919648,1.192e-7,1.000000
lfw,all,rgb,rgb/Thomas_OBrien_0004.ppm,0.912244,0.912244,1.192e-7,1.000000
lfw,all,rgb,rgb/Thomas_OBrien_0005.ppm,0.910947,0.910947,1.192e-7,1.000000
lfw,all,rgb,rgb/Thomas_OBrien_0006.ppm,0.946007,0.946007,0.000e0,0.999999
lfw,all,rgb,rgb/Thomas_OBrien_0007.ppm,0.915376,0.915376,5.960e-8,1.000000
lfw,all,rgb,rgb/Thomas_OBrien_0008.ppm,0.891176,0.891176,1.192e-7,1.000000
lfw,all,rgb,rgb/Thomas_OBrien_0009.ppm,0.932102,0.932102,1.192e-7,0.999999
lfw,all,rgb,rgb/Thomas_Rupprath_0001.ppm,0.946236,0.946236,0.000e0,0.999999
lfw,all,rgb,rgb/Thomas_Rupprath_0002.ppm,0.865484,0.865485,1.192e-7,1.000000
lfw,all,rgb,rgb/Thomas_Rupprath_0003.ppm,0.911648,0.911648,0.000e0,1.000000
lfw,all,rgb,rgb/Thomas_Scavone_0001.ppm,0.906782,0.906782,0.000e0,1.000000
lfw,all,rgb,rgb/Thomas_Stewart_0001.ppm,0.952398,0.952398,1.192e-7,1.000000
lfw,all,rgb,rgb/Thomas_Ulrich_0001.ppm,0.933606,0.933606,0.000e0,1.000000
lfw,all,rgb,rgb/Thomas_Van_Essen_0001.ppm,0.909809,0.909809,0.000e0,0.999999
lfw,all,rgb,rgb/Thomas_Watjen_0001.ppm,0.940925,0.940925,0.000e0,1.000000
lfw,all,rgb,rgb/Thomas_Weston_0001.ppm,0.960313,0.960313,0.000e0,1.000000
lfw,all,rgb,rgb/Thomas_Wilkens_0001.ppm,0.920505,0.920505,1.192e-7,1.000000
lfw,all,rgb,rgb/Thomas_Wyman_0001.ppm,0.952292,0.952292,0.000e0,1.000000
lfw,all,rgb,rgb/Thomas_Wyman_0002.ppm,0.895027,0.895028,5.960e-8,1.000000
lfw,all,rgb,rgb/Thor_Pedersen_0001.ppm,0.872795,0.872795,0.000e0,1.000000
lfw,all,rgb,rgb/Tia_Mowry_0001.ppm,0.899265,0.899265,5.960e-8,1.000000
lfw,all,rgb,rgb/Tiago_Splitter_0001.ppm,0.927477,0.927477,5.960e-8,1.000000
lfw,all,rgb,rgb/Tian_Liang_0001.ppm,0.923814,0.923814,0.000e0,1.000000
lfw,all,rgb,rgb/Tian_Zhuang_Zhuang_0001.ppm,0.927755,0.927755,0.000e0,1.000000
lfw,all,rgb,rgb/Tiffany_Limos_0001.ppm,0.967158,0.967158,1.192e-7,1.000000
lfw,all,rgb,rgb/Tiger_Woods_0001.ppm,0.934389,0.934389,1.192e-7,1.000000
lfw,all,rgb,rgb/Tiger_Woods_0002.ppm,0.918408,0.918408,0.000e0,1.000000
lfw,all,rgb,rgb/Tiger_Woods_0003.ppm,0.913866,0.913866,0.000e0,1.000000
lfw,all,rgb,rgb/Tiger_Woods_0004.ppm,0.968604,0.968604,0.000e0,0.999999
lfw,all,rgb,rgb/Tiger_Woods_0005.ppm,0.908044,0.908044,0.000e0,1.000000
lfw,all,rgb,rgb/Tiger_Woods_0006.ppm,0.894595,0.894595,1.192e-7,1.000000
lfw,all,rgb,rgb/Tiger_Woods_0007.ppm,0.929771,0.929771,5.960e-8,1.000000
lfw,all,rgb,rgb/Tiger_Woods_0008.ppm,0.960077,0.960077,0.000e0,1.000000
lfw,all,rgb,rgb/Tiger_Woods_0009.ppm,0.925295,0.925295,1.192e-7,1.000000
lfw,all,rgb,rgb/Tiger_Woods_0010.ppm,0.893690,0.893690,1.788e-7,1.000000
lfw,all,rgb,rgb/Tiger_Woods_0011.ppm,0.933565,0.933565,0.000e0,1.000000
lfw,all,rgb,rgb/Tiger_Woods_0012.ppm,0.858435,0.858435,0.000e0,1.000000
lfw,all,rgb,rgb/Tiger_Woods_0013.ppm,0.913358,0.913358,0.000e0,1.000000
lfw,all,rgb,rgb/Tiger_Woods_0014.ppm,0.953614,0.953614,1.192e-7,1.000000
lfw,all,rgb,rgb/Tiger_Woods_0015.ppm,0.902807,0.902807,5.960e-8,1.000000
lfw,all,rgb,rgb/Tiger_Woods_0016.ppm,0.967624,0.967624,1.192e-7,1.000000
lfw,all,rgb,rgb/Tiger_Woods_0017.ppm,0.892789,0.892789,1.192e-7,1.000000
lfw,all,rgb,rgb/Tiger_Woods_0018.ppm,0.862128,0.862128,5.960e-8,1.000000
lfw,all,rgb,rgb/Tiger_Woods_0019.ppm,0.895554,0.895553,5.960e-8,0.999999
lfw,all,rgb,rgb/Tiger_Woods_0020.ppm,0.896181,0.896181,5.960e-8,0.999999
lfw,all,rgb,rgb/Tiger_Woods_0021.ppm,0.961396,0.961396,0.000e0,1.000000
lfw,all,rgb,rgb/Tiger_Woods_0022.ppm,0.949119,0.949119,0.000e0,1.000000
lfw,all,rgb,rgb/Tiger_Woods_0023.ppm,0.870698,0.870698,5.960e-8,1.000000
lfw,all,rgb,rgb/Tim_Allen_0001.ppm,0.931309,0.931309,0.000e0,1.000000
lfw,all,rgb,rgb/Tim_Allen_0002.ppm,0.921920,0.921920,0.000e0,1.000000
lfw,all,rgb,rgb/Tim_Allen_0003.ppm,0.932686,0.932686,1.192e-7,1.000000
lfw,all,rgb,rgb/Tim_Allen_0004.ppm,0.905160,0.905160,0.000e0,1.000000
lfw,all,rgb,rgb/Tim_Blake_Nelson_0001.ppm,0.931484,0.931484,0.000e0,1.000000
lfw,all,rgb,rgb/Tim_Chapman_0001.ppm,0.882348,0.882348,1.192e-7,0.999999
lfw,all,rgb,rgb/Tim_Chapman_0002.ppm,0.916748,0.916748,0.000e0,1.000000
lfw,all,rgb,rgb/Tim_Conway_0001.ppm,0.911639,0.911639,0.000e0,1.000000
lfw,all,rgb,rgb/Tim_Conway_0002.ppm,0.926251,0.926251,1.192e-7,1.000000
lfw,all,rgb,rgb/Tim_Conway_0003.ppm,0.903042,0.903042,0.000e0,1.000000
lfw,all,rgb,rgb/Tim_Curley_0001.ppm,0.943447,0.943447,5.960e-8,1.000000
lfw,all,rgb,rgb/Tim_Curry_0001.ppm,0.943792,0.943792,0.000e0,1.000000
lfw,all,rgb,rgb/Tim_Curry_0002.ppm,0.903449,0.903449,0.000e0,1.000000
lfw,all,rgb,rgb/Tim_Duncan_0001.ppm,0.934358,0.934358,0.000e0,1.000000
lfw,all,rgb,rgb/Tim_Duncan_0002.ppm,0.921978,0.921978,0.000e0,1.000000
lfw,all,rgb,rgb/Tim_Duncan_0003.ppm,0.934449,0.934449,5.960e-8,1.000000
lfw,all,rgb,rgb/Tim_Duncan_0004.ppm,0.910468,0.910468,1.192e-7,1.000000
lfw,all,rgb,rgb/Tim_Floyd_0001.ppm,0.940641,0.940641,0.000e0,1.000000
lfw,all,rgb,rgb/Tim_Floyd_0002.ppm,0.969722,0.969722,0.000e0,1.000000
lfw,all,rgb,rgb/Tim_Henman_0001.ppm,0.895790,0.895790,0.000e0,1.000000
lfw,all,rgb,rgb/Tim_Henman_0002.ppm,0.873150,0.873150,5.960e-8,1.000000
lfw,all,rgb,rgb/Tim_Henman_0003.ppm,0.878365,0.878365,0.000e0,1.000000
lfw,all,rgb,rgb/Tim_Henman_0004.ppm,0.951175,0.951175,0.000e0,1.000000
lfw,all,rgb,rgb/Tim_Henman_0005.ppm,0.902470,0.902470,0.000e0,1.000000
lfw,all,rgb,rgb/Tim_Henman_0006.ppm,0.899365,0.899365,1.192e-7,1.000000
lfw,all,rgb,rgb/Tim_Henman_0007.ppm,0.937895,0.937896,1.192e-7,1.000000
lfw,all,rgb,rgb/Tim_Henman_0008.ppm,0.961706,0.961706,0.000e0,0.999999
lfw,all,rgb,rgb/Tim_Henman_0009.ppm,0.955596,0.955596,0.000e0,1.000000
lfw,all,rgb,rgb/Tim_Henman_0010.ppm,0.923152,0.923152,5.960e-8,1.000000
lfw,all,rgb,rgb/Tim_Henman_0011.ppm,0.944484,0.944484,1.192e-7,1.000000
lfw,all,rgb,rgb/Tim_Henman_0012.ppm,0.933499,0.933499,0.000e0,1.000000
lfw,all,rgb,rgb/Tim_Henman_0013.ppm,0.919010,0.919010,0.000e0,1.000000
lfw,all,rgb,rgb/Tim_Henman_0014.ppm,0.945352,0.945352,1.192e-7,1.000000
lfw,all,rgb,rgb/Tim_Henman_0015.ppm,0.861406,0.861406,0.000e0,1.000000
lfw,all,rgb,rgb/Tim_Henman_0016.ppm,0.936730,0.936730,0.000e0,1.000000
lfw,all,rgb,rgb/Tim_Henman_0017.ppm,0.940848,0.940848,0.000e0,1.000000
lfw,all,rgb,rgb/Tim_Henman_0018.ppm,0.954120,0.954120,1.192e-7,1.000000
lfw,all,rgb,rgb/Tim_Henman_0019.ppm,0.923915,0.923915,1.192e-7,1.000000
lfw,all,rgb,rgb/Tim_Howard_0001.ppm,0.954109,0.954109,0.000e0,1.000000
lfw,all,rgb,rgb/Tim_Jones_0001.ppm,0.901747,0.901747,1.192e-7,1.000000
lfw,all,rgb,rgb/Tim_Lobinger_0001.ppm,0.920262,0.920262,5.960e-8,1.000000
lfw,all,rgb,rgb/Tim_Lopes_0001.ppm,0.941528,0.941528,0.000e0,1.000000
lfw,all,rgb,rgb/Tim_Matheson_0001.ppm,0.905483,0.905483,0.000e0,1.000000
lfw,all,rgb,rgb/Tim_Norbeck_0001.ppm,0.922018,0.922018,5.960e-8,1.000000
lfw,all,rgb,rgb/Tim_Pawlenty_0001.ppm,0.935665,0.935666,1.192e-7,1.000000
lfw,all,rgb,rgb/Tim_Robbins_0001.ppm,0.954742,0.954742,1.192e-7,1.000000
lfw,all,rgb,rgb/Tim_Robbins_0002.ppm,0.948346,0.948346,1.192e-7,1.000000
lfw,all,rgb,rgb/Tim_Robbins_0003.ppm,0.899471,0.899471,1.192e-7,1.000000
lfw,all,rgb,rgb/Tim_Robbins_0004.ppm,0.958616,0.958616,1.192e-7,1.000000
lfw,all,rgb,rgb/Tim_Robbins_0005.ppm,0.941673,0.941673,1.192e-7,0.999999
lfw,all,rgb,rgb/Tim_Salmon_0001.ppm,0.888790,0.888790,1.192e-7,0.999999
lfw,all,rgb,rgb/Tim_Welsh_0001.ppm,0.957717,0.957717,0.000e0,0.999999
lfw,all,rgb,rgb/Timbul_Silaen_0001.ppm,0.912129,0.912129,5.960e-8,1.000000
lfw,all,rgb,rgb/Timothy_Coughlin_0001.ppm,0.931836,0.931837,5.960e-8,1.000000
lfw,all,rgb,rgb/Timothy_Goebel_0001.ppm,0.928547,0.928547,2.384e-7,1.000000
lfw,all,rgb,rgb/Timothy_McVeigh_0001.ppm,0.935944,0.935944,1.192e-7,1.000000
lfw,all,rgb,rgb/Timothy_Rigas_0001.ppm,0.935714,0.935714,5.960e-8,1.000000
lfw,all,rgb,rgb/Timothy_Wirth_0001.ppm,0.905575,0.905575,1.192e-7,1.000000
lfw,all,rgb,rgb/Tina_Andrews_0001.ppm,0.920196,0.920196,5.960e-8,1.000000
lfw,all,rgb,rgb/Tina_Brown_0001.ppm,0.936189,0.936189,1.192e-7,1.000000
lfw,all,rgb,rgb/Tina_Conner_0001.ppm,0.929579,0.929579,0.000e0,1.000000
lfw,all,rgb,rgb/Tina_Fey_0001.ppm,0.894452,0.894452,0.000e0,1.000000
lfw,all,rgb,rgb/Tina_Pisnik_0001.ppm,0.911618,0.911618,1.192e-7,1.000000
lfw,all,rgb,rgb/Tina_Sinatra_0001.ppm,0.900403,0.900403,0.000e0,1.000000
lfw,all,rgb,rgb/Tino_Martinez_0001.ppm,0.893632,0.893632,0.000e0,1.000000
lfw,all,rgb,rgb/Tippi_Hedren_0001.ppm,0.928863,0.928863,0.000e0,1.000000
lfw,all,rgb,rgb/Tippi_Hedren_0002.ppm,0.902018,0.902018,1.192e-7,1.000000
lfw,all,rgb,rgb/Tirunesh_Dibaba_0001.ppm,0.949215,0.949215,1.192e-7,1.000000
lfw,all,rgb,rgb/Toby_Keith_0001.ppm,0.937067,0.937067,1.192e-7,1.000000
lfw,all,rgb,rgb/Tocker_Pudwill_0001.ppm,0.919814,0.919814,0.000e0,1.000000
lfw,all,rgb,rgb/Todd_Haynes_0001.ppm,0.916537,0.916537,0.000e0,1.000000
lfw,all,rgb,rgb/Todd_Haynes_0002.ppm,0.918261,0.918261,0.000e0,1.000000
lfw,all,rgb,rgb/Todd_Haynes_0003.ppm,0.940801,0.940801,5.960e-8,1.000000
lfw,all,rgb,rgb/Todd_Haynes_0004.ppm,0.929473,0.929473,1.192e-7,1.000000
lfw,all,rgb,rgb/Todd_MacCulloch_0001.ppm,0.922475,0.922475,0.000e0,1.000000
lfw,all,rgb,rgb/Todd_Parrott_0001.ppm,0.902114,0.902114,1.192e-7,0.999999
lfw,all,rgb,rgb/Todd_Petit_0001.ppm,0.951257,0.951257,0.000e0,1.000000
lfw,all,rgb,rgb/Todd_Reid_0001.ppm,0.965231,0.965231,0.000e0,1.000000
lfw,all,rgb,rgb/Todd_Robbins_0001.ppm,0.926531,0.926531,0.000e0,1.000000
lfw,all,rgb,rgb/Todd_Wike_0001.ppm,0.932555,0.932555,2.384e-7,1.000000
lfw,all,rgb,rgb/Tom_Amstutz_0001.ppm,0.936429,0.936429,0.000e0,1.000000
lfw,all,rgb,rgb/Tom_Brady_0001.ppm,0.911197,0.911197,0.000e0,1.000000
lfw,all,rgb,rgb/Tom_Brady_0002.ppm,0.907427,0.907427,5.960e-8,1.000000
lfw,all,rgb,rgb/Tom_Brennan_0001.ppm,0.861115,0.861115,0.000e0,1.000000
lfw,all,rgb,rgb/Tom_Christerson_0001.ppm,0.912101,0.912101,0.000e0,0.999999
lfw,all,rgb,rgb/Tom_Coughlin_0001.ppm,0.890343,0.890343,1.192e-7,1.000000
lfw,all,rgb,rgb/Tom_Coverdale_0001.ppm,0.853411,0.853411,1.788e-7,1.000000
lfw,all,rgb,rgb/Tom_Coverdale_0002.ppm,0.924520,0.924520,0.000e0,1.000000
lfw,all,rgb,rgb/Tom_Craddick_0001.ppm,0.951900,0.951900,0.000e0,0.999999
lfw,all,rgb,rgb/Tom_Craddick_0002.ppm,0.920041,0.920041,0.000e0,1.000000
lfw,all,rgb,rgb/Tom_Craddick_0003.ppm,0.900409,0.900409,5.960e-8,1.000000
lfw,all,rgb,rgb/Tom_Craddick_0004.ppm,0.896091,0.896091,1.192e-7,1.000000
lfw,all,rgb,rgb/Tom_Crean_0001.ppm,0.967261,0.967261,1.192e-7,1.000000
lfw,all,rgb,rgb/Tom_Crean_0002.ppm,0.939272,0.939272,0.000e0,1.000000
lfw,all,rgb,rgb/Tom_Crean_0003.ppm,0.871774,0.871774,0.000e0,1.000000
lfw,all,rgb,rgb/Tom_Crean_0004.ppm,0.919369,0.919369,1.192e-7,1.000000
lfw,all,rgb,rgb/Tom_Crean_0005.ppm,0.944725,0.944725,0.000e0,1.000000
lfw,all,rgb,rgb/Tom_Cruise_0001.ppm,0.918237,0.918237,0.000e0,1.000000
lfw,all,rgb,rgb/Tom_Cruise_0002.ppm,0.910057,0.910057,0.000e0,1.000000
lfw,all,rgb,rgb/Tom_Cruise_0003.ppm,0.893764,0.893764,0.000e0,0.999999
lfw,all,rgb,rgb/Tom_Cruise_0004.ppm,0.935868,0.935868,0.000e0,1.000000
lfw,all,rgb,rgb/Tom_Cruise_0005.ppm,0.882597,0.882597,1.192e-7,1.000000
lfw,all,rgb,rgb/Tom_Cruise_0006.ppm,0.909827,0.909827,1.192e-7,1.000000
lfw,all,rgb,rgb/Tom_Cruise_0007.ppm,0.912427,0.912427,1.192e-7,1.000000
lfw,all,rgb,rgb/Tom_Cruise_0008.ppm,0.869582,0.869582,1.192e-7,1.000000
lfw,all,rgb,rgb/Tom_Cruise_0009.ppm,0.897725,0.897725,0.000e0,1.000000
lfw,all,rgb,rgb/Tom_Cruise_0010.ppm,0.922525,0.922525,0.000e0,1.000000
lfw,all,rgb,rgb/Tom_Curley_0001.ppm,0.929648,0.929648,5.960e-8,1.000000
lfw,all,rgb,rgb/Tom_Daschle_0001.ppm,0.921702,0.921702,1.192e-7,1.000000
lfw,all,rgb,rgb/Tom_Daschle_0002.ppm,0.934028,0.934028,0.000e0,1.000000
lfw,all,rgb,rgb/Tom_Daschle_0003.ppm,0.928223,0.928223,1.192e-7,1.000000
lfw,all,rgb,rgb/Tom_Daschle_0004.ppm,0.865739,0.865739,0.000e0,1.000000
lfw,all,rgb,rgb/Tom_Daschle_0005.ppm,0.913959,0.913959,0.000e0,1.000000
lfw,all,rgb,rgb/Tom_Daschle_0006.ppm,0.910274,0.910275,1.192e-7,0.999999
lfw,all,rgb,rgb/Tom_Daschle_0007.ppm,0.934985,0.934985,0.000e0,1.000000
lfw,all,rgb,rgb/Tom_Daschle_0008.ppm,0.944817,0.944817,1.192e-7,0.999999
lfw,all,rgb,rgb/Tom_Daschle_0009.ppm,0.927011,0.927011,0.000e0,1.000000
lfw,all,rgb,rgb/Tom_Daschle_0010.ppm,0.916415,0.916415,0.000e0,1.000000
lfw,all,rgb,rgb/Tom_Daschle_0011.ppm,0.938938,0.938938,0.000e0,1.000000
lfw,all,rgb,rgb/Tom_Daschle_0012.ppm,0.931499,0.931499,0.000e0,1.000000
lfw,all,rgb,rgb/Tom_Daschle_0013.ppm,0.948538,0.948538,0.000e0,1.000000
lfw,all,rgb,rgb/Tom_Daschle_0014.ppm,0.922491,0.922491,2.384e-7,1.000000
lfw,all,rgb,rgb/Tom_Daschle_0015.ppm,0.945534,0.945534,1.192e-7,0.999999
lfw,all,rgb,rgb/Tom_Daschle_0016.ppm,0.940472,0.940472,1.192e-7,1.000000
lfw,all,rgb,rgb/Tom_Daschle_0017.ppm,0.900304,0.900304,1.192e-7,1.000000
lfw,all,rgb,rgb/Tom_Daschle_0018.ppm,0.897353,0.897353,0.000e0,0.999999
lfw,all,rgb,rgb/Tom_Daschle_0019.ppm,0.931661,0.931661,0.000e0,0.999999
lfw,all,rgb,rgb/Tom_Daschle_0020.ppm,0.953781,0.953781,0.000e0,1.000000
lfw,all,rgb,rgb/Tom_Daschle_0021.ppm,0.907001,0.907001,0.000e0,0.999999
lfw,all,rgb,rgb/Tom_Daschle_0022.ppm,0.909443,0.909444,1.788e-7,1.000000
lfw,all,rgb,rgb/Tom_Daschle_0023.ppm,0.940878,0.940878,1.192e-7,1.000000
lfw,all,rgb,rgb/Tom_Daschle_0024.ppm,0.921532,0.921532,0.000e0,1.000000
lfw,all,rgb,rgb/Tom_Daschle_0025.ppm,0.924830,0.924829,1.192e-7,1.000000
lfw,all,rgb,rgb/Tom_DeLay_0001.ppm,0.911130,0.911130,1.192e-7,0.999999
lfw,all,rgb,rgb/Tom_Foy_0001.ppm,0.936054,0.936054,0.000e0,1.000000
lfw,all,rgb,rgb/Tom_Gamboa_0001.ppm,0.879888,0.879888,0.000e0,1.000000
lfw,all,rgb,rgb/Tom_Glavine_0001.ppm,0.901773,0.901773,5.960e-8,1.000000
lfw,all,rgb,rgb/Tom_Glavine_0002.ppm,0.929748,0.929747,2.384e-7,1.000000
lfw,all,rgb,rgb/Tom_Hanks_0001.ppm,0.962070,0.962070,0.000e0,1.000000
lfw,all,rgb,rgb/Tom_Hanks_0002.ppm,0.892361,0.892361,0.000e0,1.000000
lfw,all,rgb,rgb/Tom_Hanks_0003.ppm,0.911101,0.911101,0.000e0,0.999999
lfw,all,rgb,rgb/Tom_Hanks_0004.ppm,0.936884,0.936884,0.000e0,1.000000
lfw,all,rgb,rgb/Tom_Hanks_0005.ppm,0.955506,0.955506,1.192e-7,1.000000
lfw,all,rgb,rgb/Tom_Hanks_0006.ppm,0.972126,0.972126,1.192e-7,1.000000
lfw,all,rgb,rgb/Tom_Hanks_0007.ppm,0.957823,0.957823,0.000e0,1.000000
lfw,all,rgb,rgb/Tom_Hanks_0008.ppm,0.951057,0.951057,0.000e0,0.999999
lfw,all,rgb,rgb/Tom_Hanks_0009.ppm,0.907440,0.907440,0.000e0,1.000000
lfw,all,rgb,rgb/Tom_Hanks_0010.ppm,0.918368,0.918369,1.192e-7,1.000000
lfw,all,rgb,rgb/Tom_Hanusik_0001.ppm,0.983910,0.983910,0.000e0,1.000000
lfw,all,rgb,rgb/Tom_Harkin_0001.ppm,0.906694,0.906694,0.000e0,1.000000
lfw,all,rgb,rgb/Tom_Harkin_0002.ppm,0.945858,0.945858,0.000e0,0.999999
lfw,all,rgb,rgb/Tom_Harkin_0003.ppm,0.896443,0.896443,0.000e0,1.000000
lfw,all,rgb,rgb/Tom_Harkin_0004.ppm,0.967491,0.967491,0.000e0,1.000000
lfw,all,rgb,rgb/Tom_Harkin_0005.ppm,0.911405,0.911405,1.192e-7,0.999999
lfw,all,rgb,rgb/Tom_Izzo_0001.ppm,0.932716,0.932716,1.192e-7,1.000000
lfw,all,rgb,rgb/Tom_Jones_0001.ppm,0.870646,0.870646,0.000e0,1.000000
lfw,all,rgb,rgb/Tom_Jones_0002.ppm,0.904882,0.904882,0.000e0,1.000000
lfw,all,rgb,rgb/Tom_Kelly_0001.ppm,0.930209,0.930209,0.000e0,1.000000
lfw,all,rgb,rgb/Tom_Koenigs_0001.ppm,0.933598,0.933598,0.000e0,1.000000
lfw,all,rgb,rgb/Tom_Lantos_0001.ppm,0.928493,0.928493,0.000e0,1.000000
lfw,all,rgb,rgb/Tom_McClintock_0001.ppm,0.929789,0.929789,0.000e0,1.000000
lfw,all,rgb,rgb/Tom_Miller_0001.ppm,0.906424,0.906424,0.000e0,1.000000
lfw,all,rgb,rgb/Tom_Moss_0001.ppm,0.895158,0.895158,1.192e-7,1.000000
lfw,all,rgb,rgb/Tom_OBrien_0001.ppm,0.890804,0.890804,1.192e-7,1.000000
lfw,all,rgb,rgb/Tom_Osborne_0001.ppm,0.939590,0.939590,0.000e0,1.000000
lfw,all,rgb,rgb/Tom_Poston_0001.ppm,0.913959,0.913959,0.000e0,1.000000
lfw,all,rgb,rgb/Tom_Reilly_0001.ppm,0.928322,0.928322,0.000e0,1.000000
lfw,all,rgb,rgb/Tom_Reilly_0002.ppm,0.902463,0.902463,0.000e0,1.000000
lfw,all,rgb,rgb/Tom_Reilly_0003.ppm,0.917945,0.917945,0.000e0,1.000000
lfw,all,rgb,rgb/Tom_Ridge_0001.ppm,0.910861,0.910861,0.000e0,0.999999
lfw,all,rgb,rgb/Tom_Ridge_0002.ppm,0.925279,0.925279,0.000e0,1.000000
lfw,all,rgb,rgb/Tom_Ridge_0003.ppm,0.956561,0.956561,0.000e0,1.000000
lfw,all,rgb,rgb/Tom_Ridge_0004.ppm,0.950300,0.950300,0.000e0,1.000000
lfw,all,rgb,rgb/Tom_Ridge_0005.ppm,0.935032,0.935032,0.000e0,1.000000
lfw,all,rgb,rgb/Tom_Ridge_0006.ppm,0.930526,0.930526,1.192e-7,1.000000
lfw,all,rgb,rgb/Tom_Ridge_0007.ppm,0.946646,0.946646,1.192e-7,1.000000
lfw,all,rgb,rgb/Tom_Ridge_0008.ppm,0.933269,0.933269,1.192e-7,1.000000
lfw,all,rgb,rgb/Tom_Ridge_0009.ppm,0.955756,0.955756,0.000e0,1.000000
lfw,all,rgb,rgb/Tom_Ridge_0010.ppm,0.956483,0.956483,0.000e0,1.000000
lfw,all,rgb,rgb/Tom_Ridge_0011.ppm,0.951728,0.951728,0.000e0,1.000000
lfw,all,rgb,rgb/Tom_Ridge_0012.ppm,0.953565,0.953565,0.000e0,1.000000
lfw,all,rgb,rgb/Tom_Ridge_0013.ppm,0.971265,0.971265,0.000e0,1.000000
lfw,all,rgb,rgb/Tom_Ridge_0014.ppm,0.953231,0.953231,0.000e0,1.000000
lfw,all,rgb,rgb/Tom_Ridge_0015.ppm,0.939761,0.939761,0.000e0,1.000000
lfw,all,rgb,rgb/Tom_Ridge_0016.ppm,0.943720,0.943720,0.000e0,1.000000
lfw,all,rgb,rgb/Tom_Ridge_0017.ppm,0.931005,0.931005,0.000e0,1.000000
lfw,all,rgb,rgb/Tom_Ridge_0018.ppm,0.926722,0.926722,0.000e0,1.000000
lfw,all,rgb,rgb/Tom_Ridge_0019.ppm,0.950122,0.950122,0.000e0,1.000000
lfw,all,rgb,rgb/Tom_Ridge_0020.ppm,0.915459,0.915459,1.192e-7,1.000000
lfw,all,rgb,rgb/Tom_Ridge_0021.ppm,0.932800,0.932800,0.000e0,1.000000
lfw,all,rgb,rgb/Tom_Ridge_0022.ppm,0.928182,0.928182,5.960e-8,1.000000
lfw,all,rgb,rgb/Tom_Ridge_0023.ppm,0.931464,0.931464,1.192e-7,1.000000
lfw,all,rgb,rgb/Tom_Ridge_0024.ppm,0.942876,0.942876,0.000e0,1.000000
lfw,all,rgb,rgb/Tom_Ridge_0025.ppm,0.963210,0.963210,0.000e0,1.000000
lfw,all,rgb,rgb/Tom_Ridge_0026.ppm,0.950118,0.950118,0.000e0,1.000000
lfw,all,rgb,rgb/Tom_Ridge_0027.ppm,0.950635,0.950635,0.000e0,1.000000
lfw,all,rgb,rgb/Tom_Ridge_0028.ppm,0.908871,0.908871,1.192e-7,1.000000
lfw,all,rgb,rgb/Tom_Ridge_0029.ppm,0.938950,0.938950,0.000e0,1.000000
lfw,all,rgb,rgb/Tom_Ridge_0030.ppm,0.929628,0.929628,0.000e0,1.000000
lfw,all,rgb,rgb/Tom_Ridge_0031.ppm,0.939353,0.939353,0.000e0,1.000000
lfw,all,rgb,rgb/Tom_Ridge_0032.ppm,0.959279,0.959279,1.192e-7,1.000000
lfw,all,rgb,rgb/Tom_Ridge_0033.ppm,0.914898,0.914898,0.000e0,1.000000
lfw,all,rgb,rgb/Tom_Rouen_0001.ppm,0.940552,0.940552,0.000e0,1.000000
lfw,all,rgb,rgb/Tom_Schnackenberg_0001.ppm,0.922927,0.922927,0.000e0,1.000000
lfw,all,rgb,rgb/Tom_Scully_0001.ppm,0.901471,0.901471,0.000e0,1.000000
lfw,all,rgb,rgb/Tom_Sizemore_0001.ppm,0.925916,0.925916,1.192e-7,1.000000
lfw,all,rgb,rgb/Tom_Smothers_0001.ppm,0.947425,0.947425,0.000e0,1.000000
lfw,all,rgb,rgb/Tom_Tunney_0001.ppm,0.936956,0.936957,1.192e-7,1.000000
lfw,all,rgb,rgb/Tom_Vilsack_0001.ppm,0.897736,0.897736,0.000e0,1.000000
lfw,all,rgb,rgb/Tom_Watson_0001.ppm,0.941475,0.941475,5.960e-8,1.000000
lfw,all,rgb,rgb/Tom_Watson_0002.ppm,0.884327,0.884327,0.000e0,1.000000
lfw,all,rgb,rgb/Tom_Watson_0003.ppm,0.948216,0.948216,0.000e0,1.000000
lfw,all,rgb,rgb/Tom_Welch_0001.ppm,0.932192,0.932192,0.000e0,1.000000
lfw,all,rgb,rgb/Tomas_Enge_0001.ppm,0.970219,0.970219,0.000e0,1.000000
lfw,all,rgb,rgb/Tomas_Malik_0001.ppm,0.935012,0.935012,0.000e0,1.000000
lfw,all,rgb,rgb/Tommy_Amaker_0001.ppm,0.930311,0.930311,0.000e0,1.000000
lfw,all,rgb,rgb/Tommy_Franks_0001.ppm,0.916868,0.916868,5.960e-8,1.000000
lfw,all,rgb,rgb/Tommy_Franks_0002.ppm,0.933917,0.933917,5.960e-8,1.000000
lfw,all,rgb,rgb/Tommy_Franks_0003.ppm,0.846985,0.846985,0.000e0,1.000000
lfw,all,rgb,rgb/Tommy_Franks_0004.ppm,0.891923,0.891923,1.192e-7,1.000000
lfw,all,rgb,rgb/Tommy_Franks_0005.ppm,0.899735,0.899735,1.192e-7,1.000000
lfw,all,rgb,rgb/Tommy_Franks_0006.ppm,0.939237,0.939237,0.000e0,1.000000
lfw,all,rgb,rgb/Tommy_Franks_0007.ppm,0.934157,0.934157,0.000e0,1.000000
lfw,all,rgb,rgb/Tommy_Franks_0008.ppm,0.922201,0.922201,1.192e-7,1.000000
lfw,all,rgb,rgb/Tommy_Franks_0009.ppm,0.918368,0.918368,0.000e0,1.000000
lfw,all,rgb,rgb/Tommy_Franks_0010.ppm,0.946018,0.946018,5.960e-8,1.000000
lfw,all,rgb,rgb/Tommy_Franks_0011.ppm,0.880592,0.880593,1.192e-7,1.000000
lfw,all,rgb,rgb/Tommy_Franks_0012.ppm,0.933054,0.933054,5.960e-8,1.000000
lfw,all,rgb,rgb/Tommy_Franks_0013.ppm,0.947652,0.947652,0.000e0,1.000000
lfw,all,rgb,rgb/Tommy_Franks_0014.ppm,0.946593,0.946593,0.000e0,1.000000
lfw,all,rgb,rgb/Tommy_Franks_0015.ppm,0.937474,0.937475,1.192e-7,1.000000
lfw,all,rgb,rgb/Tommy_Franks_0016.ppm,0.920526,0.920526,5.960e-8,1.000000
lfw,all,rgb,rgb/Tommy_Haas_0001.ppm,0.904716,0.904716,0.000e0,1.000000
lfw,all,rgb,rgb/Tommy_Haas_0002.ppm,0.920098,0.920098,5.960e-8,1.000000
lfw,all,rgb,rgb/Tommy_Haas_0003.ppm,0.918441,0.918441,0.000e0,1.000000
lfw,all,rgb,rgb/Tommy_Haas_0004.ppm,0.909841,0.909841,5.960e-8,1.000000
lfw,all,rgb,rgb/Tommy_Haas_0005.ppm,0.918242,0.918242,5.960e-8,1.000000
lfw,all,rgb,rgb/Tommy_Haas_0006.ppm,0.876640,0.876640,0.000e0,1.000000
lfw,all,rgb,rgb/Tommy_Lasorda_0001.ppm,0.873916,0.873916,5.960e-8,0.999999
lfw,all,rgb,rgb/Tommy_Lewis_0001.ppm,0.897355,0.897355,1.192e-7,1.000000
lfw,all,rgb,rgb/Tommy_Maddox_0001.ppm,0.928035,0.928035,0.000e0,1.000000
lfw,all,rgb,rgb/Tommy_Robredo_0001.ppm,0.917952,0.917952,0.000e0,1.000000
lfw,all,rgb,rgb/Tommy_Robredo_0002.ppm,0.904434,0.904434,0.000e0,1.000000
lfw,all,rgb,rgb/Tommy_Robredo_0003.ppm,0.870597,0.870597,1.192e-7,1.000000
lfw,all,rgb,rgb/Tommy_Shane_Steiner_0001.ppm,0.896854,0.896854,0.000e0,1.000000
lfw,all,rgb,rgb/Tommy_Thompson_0001.ppm,0.949588,0.949588,1.192e-7,1.000000
lfw,all,rgb,rgb/Tommy_Thompson_0002.ppm,0.921969,0.921969,1.192e-7,1.000000
lfw,all,rgb,rgb/Tommy_Thompson_0003.ppm,0.943358,0.943358,0.000e0,1.000000
lfw,all,rgb,rgb/Tommy_Thompson_0004.ppm,0.945433,0.945433,0.000e0,1.000000
lfw,all,rgb,rgb/Tommy_Thompson_0005.ppm,0.937662,0.937662,0.000e0,1.000000
lfw,all,rgb,rgb/Tommy_Thompson_0006.ppm,0.964672,0.964672,1.192e-7,1.000000
lfw,all,rgb,rgb/Tommy_Thompson_0007.ppm,0.921713,0.921713,0.000e0,1.000000
lfw,all,rgb,rgb/Tommy_Thompson_0008.ppm,0.940040,0.940040,0.000e0,1.000000
lfw,all,rgb,rgb/Tommy_Thompson_0009.ppm,0.909213,0.909213,0.000e0,1.000000
lfw,all,rgb,rgb/Tommy_Thompson_0010.ppm,0.951520,0.951520,0.000e0,1.000000
lfw,all,rgb,rgb/Tommy_Tubberville_0001.ppm,0.926347,0.926347,1.192e-7,1.000000
lfw,all,rgb,rgb/Tomoko_Hagiwara_0001.ppm,0.960005,0.960005,0.000e0,1.000000
lfw,all,rgb,rgb/Tomoko_Hagiwara_0002.ppm,0.937919,0.937919,1.192e-7,1.000000
lfw,all,rgb,rgb/Tomomi_Morita_0001.ppm,0.940576,0.940576,0.000e0,1.000000
lfw,all,rgb,rgb/Tonga_0001.ppm,0.927345,0.927345,0.000e0,1.000000
lfw,all,rgb,rgb/Toni_Braxton_0001.ppm,0.947443,0.947443,0.000e0,1.000000
lfw,all,rgb,rgb/Toni_Braxton_0002.ppm,0.943420,0.943420,0.000e0,0.999999
lfw,all,rgb,rgb/Toni_Braxton_0003.ppm,0.916401,0.916401,5.960e-8,1.000000
lfw,all,rgb,rgb/Toni_Jennings_0001.ppm,0.956199,0.956199,0.000e0,1.000000
lfw,all,rgb,rgb/Tonino_Guerra_0001.ppm,0.930997,0.930997,1.192e-7,1.000000
lfw,all,rgb,rgb/Tono_Suratman_0001.ppm,0.878395,0.878395,2.384e-7,1.000000
lfw,all,rgb,rgb/Tony_Bennett_0001.ppm,0.918700,0.918700,0.000e0,1.000000
lfw,all,rgb,rgb/Tony_Bennett_0002.ppm,0.923449,0.923449,5.960e-8,1.000000
lfw,all,rgb,rgb/Tony_Bennett_0003.ppm,0.922458,0.922457,1.192e-7,1.000000
lfw,all,rgb,rgb/Tony_Bennett_0004.ppm,0.906102,0.906102,0.000e0,0.999999
lfw,all,rgb,rgb/Tony_Blair_0001.ppm,0.956272,0.956272,0.000e0,1.000000
lfw,all,rgb,rgb/Tony_Blair_0002.ppm,0.969837,0.969837,0.000e0,1.000000
lfw,all,rgb,rgb/Tony_Blair_0003.ppm,0.942497,0.942497,0.000e0,1.000000
lfw,all,rgb,rgb/Tony_Blair_0004.ppm,0.951246,0.951246,5.960e-8,1.000000
lfw,all,rgb,rgb/Tony_Blair_0005.ppm,0.921881,0.921881,1.192e-7,1.000000
lfw,all,rgb,rgb/Tony_Blair_0006.ppm,0.930800,0.930800,1.192e-7,1.000000
lfw,all,rgb,rgb/Tony_Blair_0007.ppm,0.910673,0.910672,1.192e-7,1.000000
lfw,all,rgb,rgb/Tony_Blair_0008.ppm,0.893589,0.893589,0.000e0,1.000000
lfw,all,rgb,rgb/Tony_Blair_0009.ppm,0.938737,0.938737,0.000e0,0.999999
lfw,all,rgb,rgb/Tony_Blair_0010.ppm,0.984766,0.984766,0.000e0,1.000000
lfw,all,rgb,rgb/Tony_Blair_0011.ppm,0.939374,0.939375,5.960e-8,1.000000
lfw,all,rgb,rgb/Tony_Blair_0012.ppm,0.973613,0.973613,1.192e-7,1.000000
lfw,all,rgb,rgb/Tony_Blair_0013.ppm,0.942328,0.942328,0.000e0,1.000000
lfw,all,rgb,rgb/Tony_Blair_0014.ppm,0.942546,0.942546,0.000e0,1.000000
lfw,all,rgb,rgb/Tony_Blair_0015.ppm,0.926210,0.926210,0.000e0,1.000000
lfw,all,rgb,rgb/Tony_Blair_0016.ppm,0.933049,0.933049,0.000e0,1.000000
lfw,all,rgb,rgb/Tony_Blair_0017.ppm,0.939228,0.939228,1.192e-7,1.000000
lfw,all,rgb,rgb/Tony_Blair_0018.ppm,0.904285,0.904285,0.000e0,0.999999
lfw,all,rgb,rgb/Tony_Blair_0019.ppm,0.951728,0.951728,0.000e0,1.000000
lfw,all,rgb,rgb/Tony_Blair_0020.ppm,0.941484,0.941484,0.000e0,0.999999
lfw,all,rgb,rgb/Tony_Blair_0021.ppm,0.928641,0.928641,1.192e-7,1.000000
lfw,all,rgb,rgb/Tony_Blair_0022.ppm,0.934561,0.934561,1.192e-7,1.000000
lfw,all,rgb,rgb/Tony_Blair_0023.ppm,0.920979,0.920979,1.192e-7,1.000000
lfw,all,rgb,rgb/Tony_Blair_0024.ppm,0.889976,0.889976,0.000e0,1.000000
lfw,all,rgb,rgb/Tony_Blair_0025.ppm,0.953141,0.953141,0.000e0,1.000000
lfw,all,rgb,rgb/Tony_Blair_0026.ppm,0.904885,0.904885,1.192e-7,1.000000
lfw,all,rgb,rgb/Tony_Blair_0027.ppm,0.930523,0.930523,0.000e0,1.000000
lfw,all,rgb,rgb/Tony_Blair_0028.ppm,0.928438,0.928438,0.000e0,0.999999
lfw,all,rgb,rgb/Tony_Blair_0029.ppm,0.946680,0.946680,0.000e0,1.000000
lfw,all,rgb,rgb/Tony_Blair_0030.ppm,0.932478,0.932478,0.000e0,1.000000
lfw,all,rgb,rgb/Tony_Blair_0031.ppm,0.940622,0.940622,0.000e0,1.000000
lfw,all,rgb,rgb/Tony_Blair_0032.ppm,0.955148,0.955148,0.000e0,1.000000
lfw,all,rgb,rgb/Tony_Blair_0033.ppm,0.941236,0.941236,0.000e0,1.000000
lfw,all,rgb,rgb/Tony_Blair_0034.ppm,0.967920,0.967920,0.000e0,1.000000
lfw,all,rgb,rgb/Tony_Blair_0035.ppm,0.922074,0.922074,0.000e0,1.000000
lfw,all,rgb,rgb/Tony_Blair_0036.ppm,0.939301,0.939301,0.000e0,1.000000
lfw,all,rgb,rgb/Tony_Blair_0037.ppm,0.907114,0.907114,1.192e-7,1.000000
lfw,all,rgb,rgb/Tony_Blair_0038.ppm,0.945770,0.945770,0.000e0,1.000000
lfw,all,rgb,rgb/Tony_Blair_0039.ppm,0.940375,0.940376,1.192e-7,1.000000
lfw,all,rgb,rgb/Tony_Blair_0040.ppm,0.963272,0.963272,0.000e0,1.000000
lfw,all,rgb,rgb/Tony_Blair_0041.ppm,0.936919,0.936919,5.960e-8,1.000000
lfw,all,rgb,rgb/Tony_Blair_0042.ppm,0.926985,0.926985,0.000e0,1.000000
lfw,all,rgb,rgb/Tony_Blair_0043.ppm,0.955690,0.955690,0.000e0,1.000000
lfw,all,rgb,rgb/Tony_Blair_0044.ppm,0.926346,0.926346,5.960e-8,1.000000
lfw,all,rgb,rgb/Tony_Blair_0045.ppm,0.955240,0.955240,0.000e0,1.000000
lfw,all,rgb,rgb/Tony_Blair_0046.ppm,0.961210,0.961210,1.192e-7,1.000000
lfw,all,rgb,rgb/Tony_Blair_0047.ppm,0.935598,0.935598,1.192e-7,1.000000
lfw,all,rgb,rgb/Tony_Blair_0048.ppm,0.910219,0.910218,1.192e-7,1.000000
lfw,all,rgb,rgb/Tony_Blair_0049.ppm,0.935175,0.935175,1.192e-7,1.000000
lfw,all,rgb,rgb/Tony_Blair_0050.ppm,0.888425,0.888425,0.000e0,1.000000
lfw,all,rgb,rgb/Tony_Blair_0051.ppm,0.931636,0.931636,0.000e0,1.000000
lfw,all,rgb,rgb/Tony_Blair_0052.ppm,0.939050,0.939050,0.000e0,1.000000
lfw,all,rgb,rgb/Tony_Blair_0053.ppm,0.937277,0.937277,0.000e0,1.000000
lfw,all,rgb,rgb/Tony_Blair_0054.ppm,0.929561,0.929561,1.788e-7,1.000000
lfw,all,rgb,rgb/Tony_Blair_0055.ppm,0.924091,0.924091,0.000e0,1.000000
lfw,all,rgb,rgb/Tony_Blair_0056.ppm,0.963707,0.963707,5.960e-8,1.000000
lfw,all,rgb,rgb/Tony_Blair_0057.ppm,0.930238,0.930238,0.000e0,0.999999
lfw,all,rgb,rgb/Tony_Blair_0058.ppm,0.929399,0.929399,0.000e0,1.000000
lfw,all,rgb,rgb/Tony_Blair_0059.ppm,0.971930,0.971930,0.000e0,1.000000
lfw,all,rgb,rgb/Tony_Blair_0060.ppm,0.900733,0.900733,0.000e0,1.000000
lfw,all,rgb,rgb/Tony_Blair_0061.ppm,0.958884,0.958884,0.000e0,0.999999
lfw,all,rgb,rgb/Tony_Blair_0062.ppm,0.905062,0.905062,0.000e0,1.000000
lfw,all,rgb,rgb/Tony_Blair_0063.ppm,0.957149,0.957149,0.000e0,1.000000
lfw,all,rgb,rgb/Tony_Blair_0064.ppm,0.972974,0.972974,0.000e0,1.000000
lfw,all,rgb,rgb/Tony_Blair_0065.ppm,0.954965,0.954965,0.000e0,0.999999
lfw,all,rgb,rgb/Tony_Blair_0066.ppm,0.937369,0.937369,0.000e0,1.000000
lfw,all,rgb,rgb/Tony_Blair_0067.ppm,0.928604,0.928604,1.192e-7,1.000000
lfw,all,rgb,rgb/Tony_Blair_0068.ppm,0.895073,0.895073,0.000e0,1.000000
lfw,all,rgb,rgb/Tony_Blair_0069.ppm,0.881256,0.881256,1.192e-7,1.000000
lfw,all,rgb,rgb/Tony_Blair_0070.ppm,0.899751,0.899751,1.192e-7,0.999999
lfw,all,rgb,rgb/Tony_Blair_0071.ppm,0.911424,0.911424,5.960e-8,1.000000
lfw,all,rgb,rgb/Tony_Blair_0072.ppm,0.936472,0.936472,0.000e0,1.000000
lfw,all,rgb,rgb/Tony_Blair_0073.ppm,0.946894,0.946894,0.000e0,1.000000
lfw,all,rgb,rgb/Tony_Blair_0074.ppm,0.960546,0.960546,0.000e0,1.000000
lfw,all,rgb,rgb/Tony_Blair_0075.ppm,0.860607,0.860607,1.788e-7,1.000000
lfw,all,rgb,rgb/Tony_Blair_0076.ppm,0.959504,0.959504,0.000e0,1.000000
lfw,all,rgb,rgb/Tony_Blair_0077.ppm,0.950607,0.950607,1.192e-7,1.000000
lfw,all,rgb,rgb/Tony_Blair_0078.ppm,0.941388,0.941388,3.576e-7,1.000000
lfw,all,rgb,rgb/Tony_Blair_0079.ppm,0.909540,0.909540,5.960e-8,0.999999
lfw,all,rgb,rgb/Tony_Blair_0080.ppm,0.957610,0.957610,0.000e0,1.000000
lfw,all,rgb,rgb/Tony_Blair_0081.ppm,0.942464,0.942464,0.000e0,1.000000
lfw,all,rgb,rgb/Tony_Blair_0082.ppm,0.929799,0.929799,1.192e-7,1.000000
lfw,all,rgb,rgb/Tony_Blair_0083.ppm,0.922559,0.922559,1.192e-7,1.000000
lfw,all,rgb,rgb/Tony_Blair_0084.ppm,0.929022,0.929022,0.000e0,1.000000
lfw,all,rgb,rgb/Tony_Blair_0085.ppm,0.940955,0.940955,1.192e-7,1.000000
lfw,all,rgb,rgb/Tony_Blair_0086.ppm,0.939167,0.939167,1.192e-7,1.000000
lfw,all,rgb,rgb/Tony_Blair_0087.ppm,0.927085,0.927084,1.192e-7,1.000000
lfw,all,rgb,rgb/Tony_Blair_0088.ppm,0.899006,0.899006,0.000e0,0.999999
lfw,all,rgb,rgb/Tony_Blair_0089.ppm,0.919350,0.919350,0.000e0,1.000000
lfw,all,rgb,rgb/Tony_Blair_0090.ppm,0.874837,0.874837,0.000e0,1.000000
lfw,all,rgb,rgb/Tony_Blair_0091.ppm,0.909388,0.909388,0.000e0,1.000000
lfw,all,rgb,rgb/Tony_Blair_0092.ppm,0.931620,0.931620,0.000e0,1.000000
lfw,all,rgb,rgb/Tony_Blair_0093.ppm,0.962131,0.962131,0.000e0,1.000000
lfw,all,rgb,rgb/Tony_Blair_0094.ppm,0.950689,0.950689,5.960e-8,1.000000
lfw,all,rgb,rgb/Tony_Blair_0095.ppm,0.952700,0.952700,5.960e-8,0.999999
lfw,all,rgb,rgb/Tony_Blair_0096.ppm,0.952768,0.952768,5.960e-8,1.000000
lfw,all,rgb,rgb/Tony_Blair_0097.ppm,0.941760,0.941760,0.000e0,1.000000
lfw,all,rgb,rgb/Tony_Blair_0098.ppm,0.965274,0.965274,0.000e0,1.000000
lfw,all,rgb,rgb/Tony_Blair_0099.ppm,0.945880,0.945880,0.000e0,1.000000
lfw,all,rgb,rgb/Tony_Blair_0100.ppm,0.949376,0.949376,1.192e-7,1.000000
lfw,all,rgb,rgb/Tony_Blair_0101.ppm,0.932746,0.932745,1.192e-7,1.000000
lfw,all,rgb,rgb/Tony_Blair_0102.ppm,0.938593,0.938593,0.000e0,1.000000
lfw,all,rgb,rgb/Tony_Blair_0103.ppm,0.937930,0.937930,0.000e0,1.000000
lfw,all,rgb,rgb/Tony_Blair_0104.ppm,0.927536,0.927536,0.000e0,1.000000
lfw,all,rgb,rgb/Tony_Blair_0105.ppm,0.922689,0.922689,0.000e0,1.000000
lfw,all,rgb,rgb/Tony_Blair_0106.ppm,0.947081,0.947081,0.000e0,1.000000
lfw,all,rgb,rgb/Tony_Blair_0107.ppm,0.937512,0.937512,1.192e-7,1.000000
lfw,all,rgb,rgb/Tony_Blair_0108.ppm,0.896516,0.896516,0.000e0,1.000000
lfw,all,rgb,rgb/Tony_Blair_0109.ppm,0.946375,0.946375,5.960e-8,1.000000
lfw,all,rgb,rgb/Tony_Blair_0110.ppm,0.878475,0.878475,5.960e-8,1.000000
lfw,all,rgb,rgb/Tony_Blair_0111.ppm,0.920948,0.920948,2.384e-7,1.000000
lfw,all,rgb,rgb/Tony_Blair_0112.ppm,0.941574,0.941574,0.000e0,1.000000
lfw,all,rgb,rgb/Tony_Blair_0113.ppm,0.916853,0.916853,1.192e-7,1.000000
lfw,all,rgb,rgb/Tony_Blair_0114.ppm,0.928693,0.928693,0.000e0,1.000000
lfw,all,rgb,rgb/Tony_Blair_0115.ppm,0.922226,0.922226,0.000e0,1.000000
lfw,all,rgb,rgb/Tony_Blair_0116.ppm,0.914959,0.914959,5.960e-8,1.000000
lfw,all,rgb,rgb/Tony_Blair_0117.ppm,0.950718,0.950718,0.000e0,1.000000
lfw,all,rgb,rgb/Tony_Blair_0118.ppm,0.938145,0.938145,0.000e0,1.000000
lfw,all,rgb,rgb/Tony_Blair_0119.ppm,0.926440,0.926440,0.000e0,1.000000
lfw,all,rgb,rgb/Tony_Blair_0120.ppm,0.931092,0.931092,0.000e0,1.000000
lfw,all,rgb,rgb/Tony_Blair_0121.ppm,0.956862,0.956862,0.000e0,1.000000
lfw,all,rgb,rgb/Tony_Blair_0122.ppm,0.968120,0.968120,1.192e-7,1.000000
lfw,all,rgb,rgb/Tony_Blair_0123.ppm,0.955561,0.955561,0.000e0,1.000000
lfw,all,rgb,rgb/Tony_Blair_0124.ppm,0.926224,0.926224,1.192e-7,1.000000
lfw,all,rgb,rgb/Tony_Blair_0125.ppm,0.932161,0.932161,1.192e-7,1.000000
lfw,all,rgb,rgb/Tony_Blair_0126.ppm,0.930011,0.930011,1.192e-7,1.000000
lfw,all,rgb,rgb/Tony_Blair_0127.ppm,0.972729,0.972729,0.000e0,1.000000
lfw,all,rgb,rgb/Tony_Blair_0128.ppm,0.955146,0.955146,0.000e0,1.000000
lfw,all,rgb,rgb/Tony_Blair_0129.ppm,0.947549,0.947549,0.000e0,1.000000
lfw,all,rgb,rgb/Tony_Blair_0130.ppm,0.946929,0.946929,1.192e-7,1.000000
lfw,all,rgb,rgb/Tony_Blair_0131.ppm,0.962163,0.962163,1.192e-7,1.000000
lfw,all,rgb,rgb/Tony_Blair_0132.ppm,0.904244,0.904244,0.000e0,1.000000
lfw,all,rgb,rgb/Tony_Blair_0133.ppm,0.945661,0.945661,1.192e-7,1.000000
lfw,all,rgb,rgb/Tony_Blair_0134.ppm,0.981160,0.981160,0.000e0,1.000000
lfw,all,rgb,rgb/Tony_Blair_0135.ppm,0.934134,0.934134,0.000e0,1.000000
lfw,all,rgb,rgb/Tony_Blair_0136.ppm,0.952399,0.952399,0.000e0,1.000000
lfw,all,rgb,rgb/Tony_Blair_0137.ppm,0.907371,0.907371,5.960e-8,0.999999
lfw,all,rgb,rgb/Tony_Blair_0138.ppm,0.930659,0.930659,0.000e0,1.000000
lfw,all,rgb,rgb/Tony_Blair_0139.ppm,0.951628,0.951628,0.000e0,1.000000
lfw,all,rgb,rgb/Tony_Blair_0140.ppm,0.949054,0.949054,0.000e0,1.000000
lfw,all,rgb,rgb/Tony_Blair_0141.ppm,0.949610,0.949610,0.000e0,1.000000
lfw,all,rgb,rgb/Tony_Blair_0142.ppm,0.940707,0.940707,0.000e0,1.000000
lfw,all,rgb,rgb/Tony_Blair_0143.ppm,0.907593,0.907593,0.000e0,1.000000
lfw,all,rgb,rgb/Tony_Blair_0144.ppm,0.928936,0.928936,1.192e-7,1.000000
lfw,all,rgb,rgb/Tony_Clement_0001.ppm,0.926033,0.926033,0.000e0,1.000000
lfw,all,rgb,rgb/Tony_Cummo_0001.ppm,0.934703,0.934703,0.000e0,1.000000
lfw,all,rgb,rgb/Tony_Curtis_0001.ppm,0.930073,0.930073,0.000e0,1.000000
lfw,all,rgb,rgb/Tony_Curtis_0002.ppm,0.895337,0.895337,0.000e0,1.000000
lfw,all,rgb,rgb/Tony_Elias_0001.ppm,0.905440,0.905440,1.192e-7,1.000000
lfw,all,rgb,rgb/Tony_Fernandes_0001.ppm,0.958071,0.958072,1.192e-7,1.000000
lfw,all,rgb,rgb/Tony_LaRussa_0001.ppm,0.909591,0.909591,0.000e0,1.000000
lfw,all,rgb,rgb/Tony_Parker_0001.ppm,0.942370,0.942370,0.000e0,1.000000
lfw,all,rgb,rgb/Tony_Parker_0002.ppm,0.927282,0.927282,0.000e0,1.000000
lfw,all,rgb,rgb/Tony_Shalhoub_0001.ppm,0.926719,0.926719,5.960e-8,1.000000
lfw,all,rgb,rgb/Tony_Shalhoub_0002.ppm,0.889170,0.889170,0.000e0,1.000000
lfw,all,rgb,rgb/Tony_Shalhoub_0003.ppm,0.931737,0.931737,0.000e0,1.000000
lfw,all,rgb,rgb/Tony_Shalhoub_0004.ppm,0.930510,0.930510,1.192e-7,1.000000
lfw,all,rgb,rgb/Tony_Stewart_0001.ppm,0.910699,0.910699,1.192e-7,1.000000
lfw,all,rgb,rgb/Tony_Stewart_0002.ppm,0.919430,0.919430,0.000e0,1.000000
lfw,all,rgb,rgb/Tony_Stewart_0003.ppm,0.915512,0.915512,1.192e-7,1.000000
lfw,all,rgb,rgb/Tony_Stewart_0004.ppm,0.899751,0.899751,0.000e0,1.000000
lfw,all,rgb,rgb/Tony_Stewart_0005.ppm,0.923260,0.923260,0.000e0,1.000000
lfw,all,rgb,rgb/Tony_Stewart_0006.ppm,0.919337,0.919337,1.192e-7,0.999999
lfw,all,rgb,rgb/Tonya_Payne_0001.ppm,0.956902,0.956902,0.000e0,1.000000
lfw,all,rgb,rgb/Tora_Takagi_0001.ppm,0.923222,0.923222,1.192e-7,1.000000
lfw,all,rgb,rgb/Tori_Amos_0001.ppm,0.944553,0.944553,0.000e0,1.000000
lfw,all,rgb,rgb/Torri_Edwards_0001.ppm,0.934405,0.934405,1.192e-7,1.000000
lfw,all,rgb,rgb/Torri_Edwards_0002.ppm,0.956438,0.956438,0.000e0,1.000000
lfw,all,rgb,rgb/Toshi_Izawa_0001.ppm,0.972876,0.972876,0.000e0,1.000000
lfw,all,rgb,rgb/Toshihiko_Fukui_0001.ppm,0.921659,0.921659,0.000e0,1.000000
lfw,all,rgb,rgb/Toshihiko_Fukui_0002.ppm,0.926610,0.926610,0.000e0,1.000000
lfw,all,rgb,rgb/Toshihiko_Fukui_0003.ppm,0.917252,0.917252,0.000e0,0.999999
lfw,all,rgb,rgb/Toshimitsu_Motegi_0001.ppm,0.919645,0.919645,1.192e-7,1.000000
lfw,all,rgb,rgb/Toutai_Kefu_0001.ppm,0.921981,0.921981,1.192e-7,1.000000
lfw,all,rgb,rgb/Tracee_Ellis_Ross_0001.ppm,0.947793,0.947793,1.192e-7,1.000000
lfw,all,rgb,rgb/Tracee_Ellis_Ross_0002.ppm,0.949304,0.949304,0.000e0,1.000000
lfw,all,rgb,rgb/Tracee_Treadwell_0001.ppm,0.944676,0.944676,0.000e0,1.000000
lfw,all,rgb,rgb/Tracy_McGrady_0001.ppm,0.918239,0.918239,0.000e0,1.000000
lfw,all,rgb,rgb/Tracy_McGrady_0002.ppm,0.867137,0.867137,0.000e0,1.000000
lfw,all,rgb,rgb/Tracy_Wyle_0001.ppm,0.911671,0.911671,1.192e-7,0.999999
lfw,all,rgb,rgb/Travis_Rudolph_0001.ppm,0.887250,0.887250,1.192e-7,1.000000
lfw,all,rgb,rgb/Trent_Lott_0001.ppm,0.897498,0.897498,0.000e0,1.000000
lfw,all,rgb,rgb/Trent_Lott_0002.ppm,0.871834,0.871834,0.000e0,1.000000
lfw,all,rgb,rgb/Trent_Lott_0003.ppm,0.895884,0.895884,0.000e0,1.000000
lfw,all,rgb,rgb/Trent_Lott_0004.ppm,0.920902,0.920902,0.000e0,1.000000
lfw,all,rgb,rgb/Trent_Lott_0005.ppm,0.923186,0.923186,5.960e-8,1.000000
lfw,all,rgb,rgb/Trent_Lott_0006.ppm,0.914080,0.914080,1.192e-7,1.000000
lfw,all,rgb,rgb/Trent_Lott_0007.ppm,0.927078,0.927078,0.000e0,1.000000
lfw,all,rgb,rgb/Trent_Lott_0008.ppm,0.909695,0.909695,0.000e0,1.000000
lfw,all,rgb,rgb/Trent_Lott_0009.ppm,0.915948,0.915948,0.000e0,1.000000
lfw,all,rgb,rgb/Trent_Lott_0010.ppm,0.938694,0.938694,0.000e0,1.000000
lfw,all,rgb,rgb/Trent_Lott_0011.ppm,0.913065,0.913065,0.000e0,1.000000
lfw,all,rgb,rgb/Trent_Lott_0012.ppm,0.910053,0.910053,0.000e0,1.000000
lfw,all,rgb,rgb/Trent_Lott_0013.ppm,0.952491,0.952491,0.000e0,1.000000
lfw,all,rgb,rgb/Trent_Lott_0014.ppm,0.897037,0.897037,1.192e-7,1.000000
lfw,all,rgb,rgb/Trent_Lott_0015.ppm,0.881728,0.881728,0.000e0,1.000000
lfw,all,rgb,rgb/Trent_Lott_0016.ppm,0.934105,0.934105,2.384e-7,1.000000
lfw,all,rgb,rgb/Trevor_McDonald_0001.ppm,0.945443,0.945443,0.000e0,1.000000
lfw,all,rgb,rgb/Trevor_Watson_0001.ppm,0.944739,0.944739,1.192e-7,0.999999
lfw,all,rgb,rgb/Trisha_Meili_0001.ppm,0.940027,0.940027,1.192e-7,1.000000
lfw,all,rgb,rgb/Trista_Rehn_0001.ppm,0.942361,0.942361,0.000e0,0.999999
lfw,all,rgb,rgb/Tristan_Gretzky_0001.ppm,0.877388,0.877388,0.000e0,1.000000
lfw,all,rgb,rgb/Troy_Aikman_0001.ppm,0.947904,0.947904,0.000e0,1.000000
lfw,all,rgb,rgb/Troy_Garity_0001.ppm,0.913810,0.913810,1.192e-7,1.000000
lfw,all,rgb,rgb/Troy_Hudson_0001.ppm,0.936739,0.936739,5.960e-8,1.000000
lfw,all,rgb,rgb/Troy_Jenkins_0001.ppm,0.956445,0.956445,0.000e0,1.000000
lfw,all,rgb,rgb/Troy_Polamalu_0001.ppm,0.870571,0.870571,0.000e0,1.000000
lfw,all,rgb,rgb/Trudi_Lacey_0001.ppm,0.937731,0.937731,0.000e0,1.000000
lfw,all,rgb,rgb/Tsutomu_Takebe_0001.ppm,0.966963,0.966963,0.000e0,1.000000
lfw,all,rgb,rgb/Tsutomu_Takebe_0002.ppm,0.912092,0.912092,0.000e0,1.000000
lfw,all,rgb,rgb/Tubby_Smith_0001.ppm,0.921330,0.921330,1.192e-7,1.000000
lfw,all,rgb,rgb/Tubby_Smith_0002.ppm,0.938609,0.938608,1.192e-7,1.000000
lfw,all,rgb,rgb/Tubby_Smith_0003.ppm,0.932519,0.932519,0.000e0,1.000000
lfw,all,rgb,rgb/Tuncay_Sanli_0001.ppm,0.919741,0.919741,0.000e0,1.000000
lfw,all,rgb,rgb/Tung_Chee-hwa_0001.ppm,0.860605,0.860605,1.788e-7,1.000000
lfw,all,rgb,rgb/Tung_Chee-hwa_0002.ppm,0.959909,0.959909,0.000e0,0.999999
lfw,all,rgb,rgb/Tung_Chee-hwa_0003.ppm,0.925006,0.925006,0.000e0,1.000000
lfw,all,rgb,rgb/Tung_Chee-hwa_0004.ppm,0.942600,0.942600,0.000e0,0.999999
lfw,all,rgb,rgb/Tung_Chee-hwa_0005.ppm,0.965354,0.965354,1.192e-7,1.000000
lfw,all,rgb,rgb/Tung_Chee-hwa_0006.ppm,0.952631,0.952631,1.192e-7,1.000000
lfw,all,rgb,rgb/Tung_Chee-hwa_0007.ppm,0.961354,0.961354,1.192e-7,1.000000
lfw,all,rgb,rgb/Tung_Chee-hwa_0008.ppm,0.950797,0.950796,2.384e-7,0.999999
lfw,all,rgb,rgb/Tung_Chee-hwa_0009.ppm,0.938674,0.938674,0.000e0,1.000000
lfw,all,rgb,rgb/Turner_Gill_0001.ppm,0.928436,0.928436,0.000e0,1.000000
lfw,all,rgb,rgb/Turner_Stevenson_0001.ppm,0.922949,0.922949,0.000e0,1.000000
lfw,all,rgb,rgb/Ty_Votaw_0001.ppm,0.972476,0.972476,0.000e0,1.000000
lfw,all,rgb,rgb/Tyler_Grillo_0001.ppm,0.920697,0.920697,0.000e0,1.000000
lfw,all,rgb,rgb/Tyler_Hamilton_0001.ppm,0.889431,0.889431,0.000e0,1.000000
lfw,all,rgb,rgb/Tyler_Hamilton_0002.ppm,0.924025,0.924025,0.000e0,1.000000
lfw,all,rgb,rgb/Tyra_Banks_0001.ppm,0.918921,0.918922,1.192e-7,1.000000
lfw,all,rgb,rgb/Tyra_Banks_0002.ppm,0.939145,0.939145,2.384e-7,0.999999
lfw,all,rgb,rgb/Tyron_Garner_0001.ppm,0.958126,0.958126,0.000e0,1.000000
lfw,all,rgb,rgb/Tyron_Garner_0002.ppm,0.942644,0.942644,1.192e-7,1.000000
lfw,all,rgb,rgb/Tyrone_Medley_0001.ppm,0.947662,0.947662,0.000e0,1.000000
lfw,all,rgb,rgb/Tzipora_Obziler_0001.ppm,0.924862,0.924862,0.000e0,1.000000
lfw,all,rgb,rgb/Uday_Hussein_0001.ppm,0.918051,0.918051,1.192e-7,1.000000
lfw,all,rgb,rgb/Ulrich_Kueperkoch_0001.ppm,0.945259,0.945259,5.960e-8,1.000000
lfw,all,rgb,rgb/Uma_Thurman_0001.ppm,0.930784,0.930784,0.000e0,1.000000
lfw,all,rgb,rgb/Uma_Thurman_0002.ppm,0.919653,0.919653,0.000e0,1.000000
lfw,all,rgb,rgb/Uma_Thurman_0003.ppm,0.952640,0.952640,0.000e0,1.000000
lfw,all,rgb,rgb/Uri_Lopolianski_0001.ppm,0.908622,0.908622,0.000e0,1.000000
lfw,all,rgb,rgb/Urmila_Matondkar_0001.ppm,0.942731,0.942731,0.000e0,1.000000
lfw,all,rgb,rgb/Uthai_Pimchaichon_0001.ppm,0.940873,0.940873,0.000e0,1.000000
lfw,all,rgb,rgb/Uzi_Even_0001.ppm,0.921336,0.921336,1.192e-7,1.000000
lfw,all,rgb,rgb/Uzi_Landau_0001.ppm,0.931635,0.931635,0.000e0,1.000000
lfw,all,rgb,rgb/Vaclav_Havel_0001.ppm,0.963997,0.963997,0.000e0,1.000000
lfw,all,rgb,rgb/Vaclav_Havel_0002.ppm,0.934187,0.934187,5.960e-8,1.000000
lfw,all,rgb,rgb/Vaclav_Havel_0003.ppm,0.938714,0.938714,0.000e0,1.000000
lfw,all,rgb,rgb/Vaclav_Havel_0004.ppm,0.932461,0.932461,0.000e0,1.000000
lfw,all,rgb,rgb/Vaclav_Havel_0005.ppm,0.919803,0.919803,0.000e0,1.000000
lfw,all,rgb,rgb/Vaclav_Havel_0006.ppm,0.931858,0.931858,5.960e-8,1.000000
lfw,all,rgb,rgb/Vaclav_Havel_0007.ppm,0.921889,0.921889,0.000e0,1.000000
lfw,all,rgb,rgb/Vaclav_Havel_0008.ppm,0.937737,0.937737,0.000e0,0.999999
lfw,all,rgb,rgb/Vaclav_Havel_0009.ppm,0.923027,0.923027,0.000e0,1.000000
lfw,all,rgb,rgb/Vaclav_Klaus_0001.ppm,0.923773,0.923773,0.000e0,1.000000
lfw,all,rgb,rgb/Vaclav_Klaus_0002.ppm,0.921629,0.921629,0.000e0,1.000000
lfw,all,rgb,rgb/Vadim_Devyatovskiy_0001.ppm,0.904800,0.904800,0.000e0,1.000000
lfw,all,rgb,rgb/Vadim_Strogalev_0001.ppm,0.845006,0.845006,0.000e0,1.000000
lfw,all,rgb,rgb/Vagit_Alekperov_0001.ppm,0.891836,0.891836,0.000e0,1.000000
lfw,all,rgb,rgb/Val_Ackerman_0001.ppm,0.933802,0.933802,0.000e0,1.000000
lfw,all,rgb,rgb/Valdas_Adamkus_0001.ppm,0.927370,0.927370,1.192e-7,0.999999
lfw,all,rgb,rgb/Valdas_Adamkus_0002.ppm,0.919719,0.919719,0.000e0,1.000000
lfw,all,rgb,rgb/Valentina_Cervi_0001.ppm,0.935278,0.935278,5.960e-8,1.000000
lfw,all,rgb,rgb/Valentina_Tereshkova_0001.ppm,0.942389,0.942389,0.000e0,1.000000
lfw,all,rgb,rgb/Valentino_Rossi_0001.ppm,0.903251,0.903251,0.000e0,0.999999
lfw,all,rgb,rgb/Valentino_Rossi_0002.ppm,0.941106,0.941106,0.000e0,1.000000
lfw,all,rgb,rgb/Valentino_Rossi_0003.ppm,0.976107,0.976107,0.000e0,1.000000
lfw,all,rgb,rgb/Valentino_Rossi_0004.ppm,0.975084,0.975084,1.192e-7,0.999999
lfw,all,rgb,rgb/Valentino_Rossi_0005.ppm,0.954983,0.954983,0.000e0,0.999999
lfw,all,rgb,rgb/Valentino_Rossi_0006.ppm,0.952804,0.952804,0.000e0,0.999999
lfw,all,rgb,rgb/Valeri_Bure_0001.ppm,0.958900,0.958900,0.000e0,1.000000
lfw,all,rgb,rgb/Valerie_Harper_0001.ppm,0.947700,0.947700,0.000e0,1.000000
lfw,all,rgb,rgb/Valerie_Harper_0002.ppm,0.884193,0.884193,0.000e0,1.000000
lfw,all,rgb,rgb/Valerie_Thwaites_0001.ppm,0.911528,0.911528,0.000e0,1.000000
lfw,all,rgb,rgb/Valery_Giscard_dEstaing_0001.ppm,0.936524,0.936524,5.960e-8,1.000000
lfw,all,rgb,rgb/Valery_Giscard_dEstaing_0002.ppm,0.902228,0.902228,0.000e0,1.000000
lfw,all,rgb,rgb/Valery_Giscard_dEstaing_0003.ppm,0.939258,0.939258,0.000e0,1.000000
lfw,all,rgb,rgb/Valery_Giscard_dEstaing_0004.ppm,0.913009,0.913009,0.000e0,1.000000
lfw,all,rgb,rgb/Valery_Giscard_dEstaing_0005.ppm,0.912805,0.912805,1.192e-7,1.000000
lfw,all,rgb,rgb/Valery_Giscard_dEstaing_0006.ppm,0.952297,0.952297,1.192e-7,0.999999
lfw,all,rgb,rgb/Valorie_Brabazon_0001.ppm,0.876748,0.876748,0.000e0,1.000000
lfw,all,rgb,rgb/Van_Hilley_0001.ppm,0.928240,0.928240,1.192e-7,1.000000
lfw,all,rgb,rgb/Vanessa_Incontrada_0001.ppm,0.945598,0.945598,5.960e-8,1.000000
lfw,all,rgb,rgb/Vanessa_Incontrada_0002.ppm,0.943502,0.943502,1.192e-7,1.000000
lfw,all,rgb,rgb/Vanessa_Incontrada_0003.ppm,0.935640,0.935640,5.960e-8,1.000000
lfw,all,rgb,rgb/Vanessa_Incontrada_0004.ppm,0.935221,0.935221,0.000e0,1.000000
lfw,all,rgb,rgb/Vanessa_Laine_0001.ppm,0.949299,0.949299,1.192e-7,1.000000
lfw,all,rgb,rgb/Vanessa_Redgrave_0001.ppm,0.954465,0.954465,1.192e-7,1.000000
lfw,all,rgb,rgb/Vanessa_Redgrave_0002.ppm,0.944776,0.944776,0.000e0,1.000000
lfw,all,rgb,rgb/Vanessa_Redgrave_0003.ppm,0.912861,0.912861,5.960e-8,1.000000
lfw,all,rgb,rgb/Vanessa_Redgrave_0004.ppm,0.893151,0.893151,0.000e0,1.000000
lfw,all,rgb,rgb/Vanessa_Redgrave_0005.ppm,0.957380,0.957380,0.000e0,1.000000
lfw,all,rgb,rgb/Vanessa_Williams_0001.ppm,0.933441,0.933441,1.192e-7,1.000000
lfw,all,rgb,rgb/Vanessa_Williams_0002.ppm,0.971420,0.971419,1.192e-7,0.999999
lfw,all,rgb,rgb/Vanessa_Williams_0003.ppm,0.914203,0.914203,0.000e0,1.000000
lfw,all,rgb,rgb/Vassilis_Xiros_0001.ppm,0.920986,0.920986,1.192e-7,1.000000
lfw,all,rgb,rgb/Vecdi_Gonul_0001.ppm,0.881168,0.881168,0.000e0,0.999999
lfw,all,rgb,rgb/Venus_Williams_0001.ppm,0.952403,0.952403,0.000e0,1.000000
lfw,all,rgb,rgb/Venus_Williams_0002.ppm,0.945880,0.945881,1.192e-7,1.000000
lfw,all,rgb,rgb/Venus_Williams_0003.ppm,0.913512,0.913512,0.000e0,1.000000
lfw,all,rgb,rgb/Venus_Williams_0004.ppm,0.932519,0.932519,2.384e-7,1.000000
lfw,all,rgb,rgb/Venus_Williams_0005.ppm,0.934179,0.934179,0.000e0,1.000000
lfw,all,rgb,rgb/Venus_Williams_0006.ppm,0.983751,0.983751,1.192e-7,1.000000
lfw,all,rgb,rgb/Venus_Williams_0007.ppm,0.931096,0.931096,0.000e0,1.000000
lfw,all,rgb,rgb/Venus_Williams_0008.ppm,0.922066,0.922066,0.000e0,1.000000
lfw,all,rgb,rgb/Venus_Williams_0009.ppm,0.956282,0.956282,1.192e-7,0.999999
lfw,all,rgb,rgb/Venus_Williams_0010.ppm,0.920975,0.920974,1.192e-7,1.000000
lfw,all,rgb,rgb/Venus_Williams_0011.ppm,0.956683,0.956683,1.192e-7,0.999999
lfw,all,rgb,rgb/Venus_Williams_0012.ppm,0.943956,0.943956,5.960e-8,1.000000
lfw,all,rgb,rgb/Venus_Williams_0013.ppm,0.920538,0.920538,1.192e-7,1.000000
lfw,all,rgb,rgb/Venus_Williams_0014.ppm,0.863311,0.863311,0.000e0,1.000000
lfw,all,rgb,rgb/Venus_Williams_0015.ppm,0.936053,0.936053,0.000e0,1.000000
lfw,all,rgb,rgb/Venus_Williams_0016.ppm,0.948388,0.948388,0.000e0,1.000000
lfw,all,rgb,rgb/Venus_Williams_0017.ppm,0.932700,0.932700,0.000e0,1.000000
lfw,all,rgb,rgb/Vernon_Forrest_0001.ppm,0.909864,0.909864,1.192e-7,1.000000
lfw,all,rgb,rgb/Veronica_Lake_0001.ppm,0.947710,0.947711,1.192e-7,0.999999
lfw,all,rgb,rgb/Viara_Vike-Freiberga_0001.ppm,0.920353,0.920353,1.192e-7,1.000000
lfw,all,rgb,rgb/Vicente_Fernandez_0001.ppm,0.914605,0.914605,0.000e0,1.000000
lfw,all,rgb,rgb/Vicente_Fernandez_0002.ppm,0.887952,0.887952,5.960e-8,0.999999
lfw,all,rgb,rgb/Vicente_Fernandez_0003.ppm,0.925261,0.925261,5.960e-8,1.000000
lfw,all,rgb,rgb/Vicente_Fernandez_0004.ppm,0.908027,0.908027,0.000e0,1.000000
lfw,all,rgb,rgb/Vicente_Fernandez_0005.ppm,0.889355,0.889355,0.000e0,1.000000
lfw,all,rgb,rgb/Vicente_Fox_0001.ppm,0.960276,0.960276,0.000e0,1.000000
lfw,all,rgb,rgb/Vicente_Fox_0002.ppm,0.922606,0.922606,0.000e0,1.000000
lfw,all,rgb,rgb/Vicente_Fox_0003.ppm,0.921410,0.921410,1.192e-7,1.000000
lfw,all,rgb,rgb/Vicente_Fox_0004.ppm,0.936166,0.936166,0.000e0,0.999999
lfw,all,rgb,rgb/Vicente_Fox_0005.ppm,0.935454,0.935454,5.960e-8,1.000000
lfw,all,rgb,rgb/Vicente_Fox_0006.ppm,0.899307,0.899307,0.000e0,1.000000
lfw,all,rgb,rgb/Vicente_Fox_0007.ppm,0.859602,0.859601,1.788e-7,1.000000
lfw,all,rgb,rgb/Vicente_Fox_0008.ppm,0.891788,0.891788,5.960e-8,0.999999
lfw,all,rgb,rgb/Vicente_Fox_0009.ppm,0.932045,0.932045,0.000e0,1.000000
lfw,all,rgb,rgb/Vicente_Fox_0010.ppm,0.931454,0.931454,0.000e0,1.000000
lfw,all,rgb,rgb/Vicente_Fox_0011.ppm,0.896211,0.896211,0.000e0,1.000000
lfw,all,rgb,rgb/Vicente_Fox_0012.ppm,0.953616,0.953616,0.000e0,1.000000
lfw,all,rgb,rgb/Vicente_Fox_0013.ppm,0.921789,0.921789,0.000e0,1.000000
lfw,all,rgb,rgb/Vicente_Fox_0014.ppm,0.938116,0.938116,0.000e0,1.000000
lfw,all,rgb,rgb/Vicente_Fox_0015.ppm,0.911512,0.911512,0.000e0,1.000000
lfw,all,rgb,rgb/Vicente_Fox_0016.ppm,0.920837,0.920837,0.000e0,1.000000
lfw,all,rgb,rgb/Vicente_Fox_0017.ppm,0.861844,0.861844,1.192e-7,1.000000
lfw,all,rgb,rgb/Vicente_Fox_0018.ppm,0.938804,0.938804,0.000e0,1.000000
lfw,all,rgb,rgb/Vicente_Fox_0019.ppm,0.905118,0.905118,1.192e-7,1.000000
lfw,all,rgb,rgb/Vicente_Fox_0020.ppm,0.980489,0.980489,1.192e-7,0.999999
lfw,all,rgb,rgb/Vicente_Fox_0021.ppm,0.924924,0.924924,0.000e0,1.000000
lfw,all,rgb,rgb/Vicente_Fox_0022.ppm,0.930757,0.930757,0.000e0,1.000000
lfw,all,rgb,rgb/Vicente_Fox_0023.ppm,0.958930,0.958930,0.000e0,0.999999
lfw,all,rgb,rgb/Vicente_Fox_0024.ppm,0.918793,0.918793,0.000e0,1.000000
lfw,all,rgb,rgb/Vicente_Fox_0025.ppm,0.970982,0.970982,0.000e0,1.000000
lfw,all,rgb,rgb/Vicente_Fox_0026.ppm,0.935148,0.935148,0.000e0,1.000000
lfw,all,rgb,rgb/Vicente_Fox_0027.ppm,0.900774,0.900774,0.000e0,1.000000
lfw,all,rgb,rgb/Vicente_Fox_0028.ppm,0.936950,0.936950,0.000e0,1.000000
lfw,all,rgb,rgb/Vicente_Fox_0029.ppm,0.931179,0.931179,0.000e0,1.000000
lfw,all,rgb,rgb/Vicente_Fox_0030.ppm,0.909468,0.909468,0.000e0,1.000000
lfw,all,rgb,rgb/Vicente_Fox_0031.ppm,0.924270,0.924270,0.000e0,1.000000
lfw,all,rgb,rgb/Vicente_Fox_0032.ppm,0.916589,0.916589,0.000e0,1.000000
lfw,all,rgb,rgb/Vicente_Fox_de_la_Concha_0001.ppm,0.943229,0.943229,0.000e0,1.000000
lfw,all,rgb,rgb/Vicki_Zhao_Wei_0001.ppm,0.917103,0.917103,0.000e0,1.000000
lfw,all,rgb,rgb/Vicki_Zhao_Wei_0002.ppm,0.921854,0.921854,5.960e-8,1.000000
lfw,all,rgb,rgb/Victor_Garber_0001.ppm,0.923324,0.923324,1.192e-7,1.000000
lfw,all,rgb,rgb/Victor_Hanescu_0001.ppm,0.912408,0.912408,1.192e-7,1.000000
lfw,all,rgb,rgb/Victor_Kraatz_0001.ppm,0.957046,0.957046,0.000e0,1.000000
lfw,all,rgb,rgb/Victoria_Beckham_0001.ppm,0.951853,0.951853,0.000e0,1.000000
lfw,all,rgb,rgb/Victoria_Beckham_0002.ppm,0.886628,0.886628,0.000e0,1.000000
lfw,all,rgb,rgb/Victoria_Beckham_0003.ppm,0.888977,0.888977,5.960e-8,1.000000
lfw,all,rgb,rgb/Victoria_Clarke_0001.ppm,0.894103,0.894103,0.000e0,1.000000
lfw,all,rgb,rgb/Victoria_Clarke_0002.ppm,0.908126,0.908126,5.960e-8,1.000000
lfw,all,rgb,rgb/Victoria_Clarke_0003.ppm,0.923444,0.923444,0.000e0,1.000000
lfw,all,rgb,rgb/Victoria_Clarke_0004.ppm,0.960390,0.960390,0.000e0,1.000000
lfw,all,rgb,rgb/Victoria_Clarke_0005.ppm,0.947798,0.947798,0.000e0,1.000000
lfw,all,rgb,rgb/Vidar_Helgesen_0001.ppm,0.880508,0.880508,0.000e0,1.000000
lfw,all,rgb,rgb/Vidar_Helgesen_0002.ppm,0.916036,0.916036,0.000e0,1.000000
lfw,all,rgb,rgb/Vijay_Nambiar_0001.ppm,0.947219,0.947219,0.000e0,1.000000
lfw,all,rgb,rgb/Viktor_Yushchenko_0001.ppm,0.964166,0.964166,5.960e-8,1.000000
lfw,all,rgb,rgb/Vin_Diesel_0001.ppm,0.915202,0.915202,0.000e0,1.000000
lfw,all,rgb,rgb/Vin_Diesel_0002.ppm,0.893434,0.893434,5.960e-8,1.000000
lfw,all,rgb,rgb/Vince_Carter_0001.ppm,0.891713,0.891712,1.192e-7,1.000000
lfw,all,rgb,rgb/Vince_Carter_0002.ppm,0.938708,0.938708,0.000e0,1.000000
lfw,all,rgb,rgb/Vince_Carter_0003.ppm,0.930274,0.930274,0.000e0,1.000000
lfw,all,rgb,rgb/Vince_Carter_0004.ppm,0.952537,0.952537,1.788e-7,1.000000
lfw,all,rgb,rgb/Vince_Dooley_0001.ppm,0.944974,0.944974,0.000e0,1.000000
lfw,all,rgb,rgb/Vince_Gill_0001.ppm,0.939166,0.939166,1.192e-7,1.000000
lfw,all,rgb,rgb/Vince_Gill_0002.ppm,0.932103,0.932103,0.000e0,1.000000
lfw,all,rgb,rgb/Vince_Vaughan_0001.ppm,0.911713,0.911713,0.000e0,1.000000
lfw,all,rgb,rgb/Vincent_Brooks_0001.ppm,0.935551,0.935551,0.000e0,1.000000
lfw,all,rgb,rgb/Vincent_Brooks_0002.ppm,0.922071,0.922071,0.000e0,1.000000
lfw,all,rgb,rgb/Vincent_Brooks_0003.ppm,0.943653,0.943653,0.000e0,0.999999
lfw,all,rgb,rgb/Vincent_Brooks_0004.ppm,0.886340,0.886340,5.960e-8,1.000000
lfw,all,rgb,rgb/Vincent_Brooks_0005.ppm,0.927612,0.927612,0.000e0,1.000000
lfw,all,rgb,rgb/Vincent_Brooks_0006.ppm,0.925192,0.925192,0.000e0,1.000000
lfw,all,rgb,rgb/Vincent_Brooks_0007.ppm,0.933398,0.933398,1.192e-7,1.000000
lfw,all,rgb,rgb/Vincent_Cianci_Jr_0001.ppm,0.933537,0.933537,1.192e-7,1.000000
lfw,all,rgb,rgb/Vincent_Gallo_0001.ppm,0.908516,0.908516,5.960e-8,1.000000
lfw,all,rgb,rgb/Vincent_Gallo_0002.ppm,0.956730,0.956730,0.000e0,1.000000
lfw,all,rgb,rgb/Vincent_Gallo_0003.ppm,0.885618,0.885618,1.192e-7,1.000000
lfw,all,rgb,rgb/Vincent_Sombrotto_0001.ppm,0.928883,0.928883,0.000e0,1.000000
lfw,all,rgb,rgb/Vincent_Spadea_0001.ppm,0.891929,0.891929,1.192e-7,1.000000
lfw,all,rgb,rgb/Vinnie_Jones_0001.ppm,0.899863,0.899863,0.000e0,1.000000
lfw,all,rgb,rgb/Viola_Davis_0001.ppm,0.943936,0.943936,0.000e0,1.000000
lfw,all,rgb,rgb/Virgina_Ruano_Pascal_0001.ppm,0.880061,0.880061,0.000e0,1.000000
lfw,all,rgb,rgb/Vitali_Klitschko_0001.ppm,0.915027,0.915027,0.000e0,1.000000
lfw,all,rgb,rgb/Vitali_Klitschko_0002.ppm,0.925600,0.925600,1.192e-7,1.000000
lfw,all,rgb,rgb/Vitali_Klitschko_0003.ppm,0.936532,0.936532,0.000e0,1.000000
lfw,all,rgb,rgb/Vitali_Klitschko_0004.ppm,0.981418,0.981418,0.000e0,1.000000
lfw,all,rgb,rgb/Vivica_Fox_0001.ppm,0.961290,0.961290,0.000e0,1.000000
lfw,all,rgb,rgb/Vivica_Fox_0002.ppm,0.955856,0.955856,0.000e0,0.999999
lfw,all,rgb,rgb/Vladimir_Golovlyov_0001.ppm,0.931365,0.931365,1.192e-7,1.000000
lfw,all,rgb,rgb/Vladimir_Meciar_0001.ppm,0.979986,0.979986,1.192e-7,1.000000
lfw,all,rgb,rgb/Vladimir_Putin_0001.ppm,0.944258,0.944258,0.000e0,1.000000
lfw,all,rgb,rgb/Vladimir_Putin_0002.ppm,0.921062,0.921062,0.000e0,1.000000
lfw,all,rgb,rgb/Vladimir_Putin_0003.ppm,0.965867,0.965867,1.192e-7,1.000000
lfw,all,rgb,rgb/Vladimir_Putin_0004.ppm,0.860822,0.860822,0.000e0,1.000000
lfw,all,rgb,rgb/Vladimir_Putin_0005.ppm,0.925301,0.925301,0.000e0,1.000000
lfw,all,rgb,rgb/Vladimir_Putin_0006.ppm,0.901123,0.901123,0.000e0,1.000000
lfw,all,rgb,rgb/Vladimir_Putin_0007.ppm,0.897251,0.897251,0.000e0,1.000000
lfw,all,rgb,rgb/Vladimir_Putin_0008.ppm,0.935057,0.935057,1.192e-7,1.000000
lfw,all,rgb,rgb/Vladimir_Putin_0009.ppm,0.937028,0.937028,0.000e0,1.000000
lfw,all,rgb,rgb/Vladimir_Putin_0010.ppm,0.957817,0.957817,0.000e0,1.000000
lfw,all,rgb,rgb/Vladimir_Putin_0011.ppm,0.970444,0.970444,0.000e0,1.000000
lfw,all,rgb,rgb/Vladimir_Putin_0012.ppm,0.918935,0.918935,0.000e0,1.000000
lfw,all,rgb,rgb/Vladimir_Putin_0013.ppm,0.955096,0.955096,0.000e0,1.000000
lfw,all,rgb,rgb/Vladimir_Putin_0014.ppm,0.946914,0.946914,1.192e-7,0.999999
lfw,all,rgb,rgb/Vladimir_Putin_0015.ppm,0.919060,0.919059,1.192e-7,1.000000
lfw,all,rgb,rgb/Vladimir_Putin_0016.ppm,0.946590,0.946590,0.000e0,1.000000
lfw,all,rgb,rgb/Vladimir_Putin_0017.ppm,0.940906,0.940906,0.000e0,1.000000
lfw,all,rgb,rgb/Vladimir_Putin_0018.ppm,0.919939,0.919939,1.192e-7,1.000000
lfw,all,rgb,rgb/Vladimir_Putin_0019.ppm,0.930407,0.930407,0.000e0,1.000000
lfw,all,rgb,rgb/Vladimir_Putin_0020.ppm,0.928396,0.928395,1.192e-7,1.000000
lfw,all,rgb,rgb/Vladimir_Putin_0021.ppm,0.872784,0.872784,0.000e0,0.999999
lfw,all,rgb,rgb/Vladimir_Putin_0022.ppm,0.912208,0.912208,1.192e-7,1.000000
lfw,all,rgb,rgb/Vladimir_Putin_0023.ppm,0.912861,0.912861,0.000e0,1.000000
lfw,all,rgb,rgb/Vladimir_Putin_0024.ppm,0.939569,0.939569,0.000e0,1.000000
lfw,all,rgb,rgb/Vladimir_Putin_0025.ppm,0.948110,0.948110,0.000e0,1.000000
lfw,all,rgb,rgb/Vladimir_Putin_0026.ppm,0.945742,0.945742,0.000e0,1.000000
lfw,all,rgb,rgb/Vladimir_Putin_0027.ppm,0.943868,0.943868,0.000e0,1.000000
lfw,all,rgb,rgb/Vladimir_Putin_0028.ppm,0.908920,0.908920,5.960e-8,1.000000
lfw,all,rgb,rgb/Vladimir_Putin_0029.ppm,0.949160,0.949160,1.192e-7,0.999999
lfw,all,rgb,rgb/Vladimir_Putin_0030.ppm,0.931681,0.931680,2.384e-7,1.000000
lfw,all,rgb,rgb/Vladimir_Putin_0031.ppm,0.888556,0.888556,1.192e-7,1.000000
lfw,all,rgb,rgb/Vladimir_Putin_0032.ppm,0.907489,0.907489,0.000e0,1.000000
lfw,all,rgb,rgb/Vladimir_Putin_0033.ppm,0.925548,0.925548,0.000e0,0.999999
lfw,all,rgb,rgb/Vladimir_Putin_0034.ppm,0.929881,0.929881,0.000e0,1.000000
lfw,all,rgb,rgb/Vladimir_Putin_0035.ppm,0.944033,0.944033,5.960e-8,1.000000
lfw,all,rgb,rgb/Vladimir_Putin_0036.ppm,0.924084,0.924084,5.960e-8,1.000000
lfw,all,rgb,rgb/Vladimir_Putin_0037.ppm,0.904223,0.904223,1.192e-7,1.000000
lfw,all,rgb,rgb/Vladimir_Putin_0038.ppm,0.912229,0.912229,1.192e-7,1.000000
lfw,all,rgb,rgb/Vladimir_Putin_0039.ppm,0.933059,0.933059,0.000e0,1.000000
lfw,all,rgb,rgb/Vladimir_Putin_0040.ppm,0.961018,0.961018,0.000e0,1.000000
lfw,all,rgb,rgb/Vladimir_Putin_0041.ppm,0.928051,0.928051,1.192e-7,1.000000
lfw,all,rgb,rgb/Vladimir_Putin_0042.ppm,0.888783,0.888783,1.192e-7,1.000000
lfw,all,rgb,rgb/Vladimir_Putin_0043.ppm,0.913384,0.913384,5.960e-8,1.000000
lfw,all,rgb,rgb/Vladimir_Putin_0044.ppm,0.938670,0.938670,0.000e0,1.000000
lfw,all,rgb,rgb/Vladimir_Putin_0045.ppm,0.948088,0.948088,0.000e0,1.000000
lfw,all,rgb,rgb/Vladimir_Putin_0046.ppm,0.885925,0.885925,0.000e0,1.000000
lfw,all,rgb,rgb/Vladimir_Putin_0047.ppm,0.931079,0.931079,0.000e0,1.000000
lfw,all,rgb,rgb/Vladimir_Putin_0048.ppm,0.898813,0.898814,1.192e-7,1.000000
lfw,all,rgb,rgb/Vladimir_Putin_0049.ppm,0.856957,0.856957,0.000e0,1.000000
lfw,all,rgb,rgb/Vladimir_Spidla_0001.ppm,0.932788,0.932788,0.000e0,1.000000
lfw,all,rgb,rgb/Vladimir_Spidla_0002.ppm,0.954040,0.954040,5.960e-8,1.000000
lfw,all,rgb,rgb/Vladimir_Spidla_0003.ppm,0.956740,0.956740,0.000e0,1.000000
lfw,all,rgb,rgb/Vladimir_Ustinov_0001.ppm,0.966988,0.966988,0.000e0,1.000000
lfw,all,rgb,rgb/Vladimir_Voltchkov_0001.ppm,0.940296,0.940296,0.000e0,1.000000
lfw,all,rgb,rgb/Vladimir_Voltchkov_0002.ppm,0.921353,0.921353,0.000e0,1.000000
lfw,all,rgb,rgb/Vladimiro_Montesinos_0001.ppm,0.914142,0.914141,1.192e-7,1.000000
lfw,all,rgb,rgb/Vladimiro_Montesinos_0002.ppm,0.955990,0.955990,0.000e0,1.000000
lfw,all,rgb,rgb/Vladimiro_Montesinos_0003.ppm,0.908953,0.908953,0.000e0,1.000000
lfw,all,rgb,rgb/Vojislav_Kostunica_0001.ppm,0.936235,0.936235,0.000e0,1.000000
lfw,all,rgb,rgb/Vojislav_Kostunica_0002.ppm,0.914951,0.914951,0.000e0,1.000000
lfw,all,rgb,rgb/Vojislav_Kostunica_0003.ppm,0.957024,0.957024,0.000e0,1.000000
lfw,all,rgb,rgb/Vojislav_Kostunica_0004.ppm,0.964101,0.964101,1.192e-7,1.000000
lfw,all,rgb,rgb/Vojislav_Kostunica_0005.ppm,0.924113,0.924113,0.000e0,1.000000
lfw,all,rgb,rgb/Vojislav_Kostunica_0006.ppm,0.956663,0.956663,1.192e-7,1.000000
lfw,all,rgb,rgb/Vojislav_Kostunica_0007.ppm,0.874531,0.874531,1.192e-7,1.000000
lfw,all,rgb,rgb/Vojislav_Seselj_0001.ppm,0.820705,0.820705,5.960e-8,1.000000
lfw,all,rgb,rgb/Vyacheslav_Fetisov_0001.ppm,0.955809,0.955809,1.192e-7,1.000000
lfw,all,rgb,rgb/Vytas_Danelius_0001.ppm,0.942157,0.942157,0.000e0,1.000000
lfw,all,rgb,rgb/Walid_Al-Awadi_0001.ppm,0.941034,0.941034,0.000e0,0.999999
lfw,all,rgb,rgb/Wallace_Capel_0001.ppm,0.915712,0.915712,0.000e0,1.000000
lfw,all,rgb,rgb/Wally_Szczerbiak_0001.ppm,0.940578,0.940578,0.000e0,1.000000
lfw,all,rgb,rgb/Walt_Harris_0001.ppm,0.902752,0.902752,0.000e0,1.000000
lfw,all,rgb,rgb/Walter_Annenberg_0001.ppm,0.920256,0.920256,1.192e-7,1.000000
lfw,all,rgb,rgb/Walter_Mondale_0001.ppm,0.933513,0.933513,0.000e0,1.000000
lfw,all,rgb,rgb/Walter_Mondale_0002.ppm,0.885671,0.885671,0.000e0,0.999999
lfw,all,rgb,rgb/Walter_Mondale_0003.ppm,0.893365,0.893365,0.000e0,1.000000
lfw,all,rgb,rgb/Walter_Mondale_0004.ppm,0.918127,0.918127,0.000e0,1.000000
lfw,all,rgb,rgb/Walter_Mondale_0005.ppm,0.898318,0.898318,0.000e0,1.000000
lfw,all,rgb,rgb/Walter_Mondale_0006.ppm,0.905197,0.905196,2.384e-7,1.000000
lfw,all,rgb,rgb/Walter_Mondale_0007.ppm,0.887506,0.887507,1.192e-7,1.000000
lfw,all,rgb,rgb/Walter_Mondale_0008.ppm,0.940593,0.940593,1.192e-7,1.000000
lfw,all,rgb,rgb/Walter_Mondale_0009.ppm,0.923346,0.923346,0.000e0,1.000000
lfw,all,rgb,rgb/Walter_Mondale_0010.ppm,0.887577,0.887577,0.000e0,1.000000
lfw,all,rgb,rgb/Walter_Woods_0001.ppm,0.890126,0.890126,1.192e-7,1.000000
lfw,all,rgb,rgb/Wan_Yanhai_0001.ppm,0.936455,0.936455,0.000e0,1.000000
lfw,all,rgb,rgb/Wanda_Ilene_Barzee_0001.ppm,0.926364,0.926364,0.000e0,1.000000
lfw,all,rgb,rgb/Wanda_de_la_Jesus_0001.ppm,0.945490,0.945490,1.192e-7,0.999999
lfw,all,rgb,rgb/Wang_Fei_0001.ppm,0.939583,0.939583,5.960e-8,1.000000
lfw,all,rgb,rgb/Wang_Hailan_0001.ppm,0.909316,0.909316,0.000e0,1.000000
lfw,all,rgb,rgb/Wang_Nan_0001.ppm,0.924154,0.924154,1.192e-7,1.000000
lfw,all,rgb,rgb/Wang_Yi_0001.ppm,0.912937,0.912937,1.192e-7,1.000000
lfw,all,rgb,rgb/Wang_Yi_0002.ppm,0.943924,0.943924,0.000e0,1.000000
lfw,all,rgb,rgb/Wang_Yingfan_0001.ppm,0.966523,0.966523,0.000e0,1.000000
lfw,all,rgb,rgb/Wang_Yingfan_0002.ppm,0.910415,0.910415,5.960e-8,1.000000
lfw,all,rgb,rgb/Wang_Yingfan_0003.ppm,0.945839,0.945839,5.960e-8,1.000000
lfw,all,rgb,rgb/Ward_Cuff_0001.ppm,0.905648,0.905648,0.000e0,1.000000
lfw,all,rgb,rgb/Warren_Beatty_0001.ppm,0.926683,0.926683,0.000e0,1.000000
lfw,all,rgb,rgb/Warren_Beatty_0002.ppm,0.926816,0.926816,0.000e0,1.000000
lfw,all,rgb,rgb/Warren_Buffett_0001.ppm,0.927365,0.927365,0.000e0,1.000000
lfw,all,rgb,rgb/Warren_Buffett_0002.ppm,0.918628,0.918627,1.788e-7,1.000000
lfw,all,rgb,rgb/Warren_Buffett_0003.ppm,0.923442,0.923442,0.000e0,1.000000
lfw,all,rgb,rgb/Warren_Granados_0001.ppm,0.895950,0.895950,0.000e0,1.000000
lfw,all,rgb,rgb/Warren_Truss_0001.ppm,0.931948,0.931948,0.000e0,1.000000
lfw,all,rgb,rgb/Wayne_Allard_0001.ppm,0.874913,0.874913,2.384e-7,1.000000
lfw,all,rgb,rgb/Wayne_Brady_0001.ppm,0.889795,0.889795,0.000e0,1.000000
lfw,all,rgb,rgb/Wayne_Ferreira_0001.ppm,0.908681,0.908681,1.192e-7,1.000000
lfw,all,rgb,rgb/Wayne_Ferreira_0002.ppm,0.904280,0.904280,1.192e-7,1.000000
lfw,all,rgb,rgb/Wayne_Ferreira_0003.ppm,0.922476,0.922476,0.000e0,1.000000
lfw,all,rgb,rgb/Wayne_Ferreira_0004.ppm,0.895218,0.895218,0.000e0,1.000000
lfw,all,rgb,rgb/Wayne_Ferreira_0005.ppm,0.915457,0.915457,5.960e-8,1.000000
lfw,all,rgb,rgb/Wayne_Gretzky_0001.ppm,0.964301,0.964301,0.000e0,1.000000
lfw,all,rgb,rgb/Wayne_Gretzky_0002.ppm,0.919709,0.919709,1.192e-7,1.000000
lfw,all,rgb,rgb/Wayne_Gretzky_0003.ppm,0.936043,0.936043,0.000e0,1.000000
lfw,all,rgb,rgb/Wayne_Gretzky_0004.ppm,0.926628,0.926628,0.000e0,0.999999
lfw,all,rgb,rgb/Wayne_Newton_0001.ppm,0.949724,0.949724,0.000e0,1.000000
lfw,all,rgb,rgb/Wei_Wu_0001.ppm,0.961307,0.961307,1.192e-7,1.000000
lfw,all,rgb,rgb/Wen_Ho_Lee_0001.ppm,0.913039,0.913039,0.000e0,1.000000
lfw,all,rgb,rgb/Wen_Jiabao_0001.ppm,0.948278,0.948278,0.000e0,0.999999
lfw,all,rgb,rgb/Wen_Jiabao_0002.ppm,0.957435,0.957435,0.000e0,0.999999
lfw,all,rgb,rgb/Wen_Jiabao_0003.ppm,0.943075,0.943075,0.000e0,1.000000
lfw,all,rgb,rgb/Wen_Jiabao_0004.ppm,0.945711,0.945711,0.000e0,1.000000
lfw,all,rgb,rgb/Wen_Jiabao_0005.ppm,0.924987,0.924987,1.192e-7,1.000000
lfw,all,rgb,rgb/Wen_Jiabao_0006.ppm,0.944484,0.944484,0.000e0,1.000000
lfw,all,rgb,rgb/Wen_Jiabao_0007.ppm,0.919641,0.919641,0.000e0,1.000000
lfw,all,rgb,rgb/Wen_Jiabao_0008.ppm,0.981462,0.981462,1.192e-7,1.000000
lfw,all,rgb,rgb/Wen_Jiabao_0009.ppm,0.961351,0.961351,1.192e-7,1.000000
lfw,all,rgb,rgb/Wen_Jiabao_0010.ppm,0.966060,0.966060,0.000e0,0.999999
lfw,all,rgb,rgb/Wen_Jiabao_0011.ppm,0.943280,0.943280,0.000e0,1.000000
lfw,all,rgb,rgb/Wen_Jiabao_0012.ppm,0.952994,0.952994,0.000e0,1.000000
lfw,all,rgb,rgb/Wen_Jiabao_0013.ppm,0.945611,0.945611,1.192e-7,1.000000
lfw,all,rgb,rgb/Wendell_Bryant_0001.ppm,0.950190,0.950190,0.000e0,1.000000
lfw,all,rgb,rgb/Wendy_Kennedy_0001.ppm,0.967154,0.967154,0.000e0,1.000000
lfw,all,rgb,rgb/Wendy_Selig_0001.ppm,0.852759,0.852759,5.960e-8,1.000000
lfw,all,rgb,rgb/Werner_Schlager_0001.ppm,0.895932,0.895932,0.000e0,1.000000
lfw,all,rgb,rgb/Wes_Craven_0001.ppm,0.906062,0.906062,0.000e0,1.000000
lfw,all,rgb,rgb/Wesley_Clark_0001.ppm,0.922737,0.922737,0.000e0,0.999999
lfw,all,rgb,rgb/Wesley_Clark_0002.ppm,0.915627,0.915627,1.192e-7,1.000000
lfw,all,rgb,rgb/Whoopi_Goldberg_0001.ppm,0.956107,0.956107,0.000e0,1.000000
lfw,all,rgb,rgb/Wilbert_Elki_Meza_Majino_0001.ppm,0.953352,0.953352,0.000e0,1.000000
lfw,all,rgb,rgb/Wilbert_Foy_0001.ppm,0.886964,0.886964,0.000e0,1.000000
lfw,all,rgb,rgb/Wilfredo_Moreno_0001.ppm,0.943080,0.943080,5.960e-8,1.000000
lfw,all,rgb,rgb/Will_Ferrell_0001.ppm,0.889839,0.889839,0.000e0,1.000000
lfw,all,rgb,rgb/Will_Ofenheusle_0001.ppm,0.937069,0.937069,1.192e-7,0.999999
lfw,all,rgb,rgb/Will_Self_0001.ppm,0.850073,0.850073,0.000e0,1.000000
lfw,all,rgb,rgb/Will_Smith_0001.ppm,0.923555,0.923555,0.000e0,0.999999
lfw,all,rgb,rgb/Will_Smith_0002.ppm,0.942788,0.942788,5.960e-8,1.000000
lfw,all,rgb,rgb/Will_Young_0001.ppm,0.919895,0.919895,5.960e-8,1.000000
lfw,all,rgb,rgb/William_Bratton_0001.ppm,0.915854,0.915855,1.192e-7,1.000000
lfw,all,rgb,rgb/William_Bratton_0002.ppm,0.934393,0.934393,0.000e0,1.000000
lfw,all,rgb,rgb/William_Bratton_0003.ppm,0.966078,0.966078,0.000e0,1.000000
lfw,all,rgb,rgb/William_Bulger_0001.ppm,0.964434,0.964434,0.000e0,1.000000
lfw,all,rgb,rgb/William_Bulger_0002.ppm,0.941948,0.941948,0.000e0,1.000000
lfw,all,rgb,rgb/William_Bulger_0003.ppm,0.922332,0.922332,0.000e0,0.999999
lfw,all,rgb,rgb/William_Bulger_0004.ppm,0.920485,0.920485,0.000e0,1.000000
lfw,all,rgb,rgb/William_Burns_0001.ppm,0.949848,0.949848,1.192e-7,1.000000
lfw,all,rgb,rgb/William_Burns_0002.ppm,0.943152,0.943152,0.000e0,1.000000
lfw,all,rgb,rgb/William_Cocksedge_0001.ppm,0.968785,0.968785,0.000e0,1.000000
lfw,all,rgb,rgb/William_Delahunt_0001.ppm,0.908987,0.908987,0.000e0,0.999999
lfw,all,rgb,rgb/William_Donaldson_0001.ppm,0.903306,0.903306,0.000e0,1.000000
lfw,all,rgb,rgb/William_Donaldson_0002.ppm,0.937413,0.937413,1.192e-7,1.000000
lfw,all,rgb,rgb/William_Donaldson_0003.ppm,0.935067,0.935067,0.000e0,1.000000
lfw,all,rgb,rgb/William_Donaldson_0004.ppm,0.942835,0.942835,1.192e-7,1.000000
lfw,all,rgb,rgb/William_Donaldson_0005.ppm,0.921168,0.921168,1.192e-7,1.000000
lfw,all,rgb,rgb/William_Donaldson_0006.ppm,0.945029,0.945029,0.000e0,1.000000
lfw,all,rgb,rgb/William_Donaldson_0007.ppm,0.923847,0.923847,0.000e0,0.999999
lfw,all,rgb,rgb/William_Ford_Jr_0001.ppm,0.942767,0.942767,0.000e0,1.000000
lfw,all,rgb,rgb/William_Ford_Jr_0002.ppm,0.906285,0.906285,0.000e0,1.000000
lfw,all,rgb,rgb/William_Ford_Jr_0003.ppm,0.970121,0.970121,0.000e0,1.000000
lfw,all,rgb,rgb/William_Ford_Jr_0004.ppm,0.935587,0.935587,0.000e0,1.000000
lfw,all,rgb,rgb/William_Ford_Jr_0005.ppm,0.938841,0.938841,0.000e0,1.000000
lfw,all,rgb,rgb/William_Ford_Jr_0006.ppm,0.922132,0.922132,0.000e0,1.000000
lfw,all,rgb,rgb/William_Ford_Jr_0007.ppm,0.907238,0.907238,5.960e-8,1.000000
lfw,all,rgb,rgb/William_Genego_0001.ppm,0.969395,0.969395,0.000e0,1.000000
lfw,all,rgb,rgb/William_Harrison_0001.ppm,0.927193,0.927193,0.000e0,1.000000
lfw,all,rgb,rgb/William_Hochul_0001.ppm,0.880476,0.880477,1.192e-7,1.000000
lfw,all,rgb,rgb/William_Hochul_0002.ppm,0.916732,0.916732,0.000e0,1.000000
lfw,all,rgb,rgb/William_Hurt_0001.ppm,0.936442,0.936442,0.000e0,1.000000
lfw,all,rgb,rgb/William_Hyde_0001.ppm,0.920723,0.920723,5.960e-8,1.000000
lfw,all,rgb,rgb/William_Jackson_0001.ppm,0.834992,0.834992,0.000e0,1.000000
lfw,all,rgb,rgb/William_Joppy_0001.ppm,0.931151,0.931151,0.000e0,1.000000
lfw,all,rgb,rgb/William_Macy_0001.ppm,0.910035,0.910035,5.960e-8,1.000000
lfw,all,rgb,rgb/William_Macy_0002.ppm,0.931181,0.931181,5.960e-8,1.000000
lfw,all,rgb,rgb/William_Macy_0003.ppm,0.944966,0.944966,0.000e0,0.999999
lfw,all,rgb,rgb/William_Macy_0004.ppm,0.917463,0.917463,1.192e-7,1.000000
lfw,all,rgb,rgb/William_Macy_0005.ppm,0.948404,0.948404,0.000e0,1.000000
lfw,all,rgb,rgb/William_Martin_0001.ppm,0.951926,0.951926,5.960e-8,1.000000
lfw,all,rgb,rgb/William_Martin_0002.ppm,0.920450,0.920450,5.960e-8,1.000000
lfw,all,rgb,rgb/William_McDonough_0001.ppm,0.922523,0.922523,1.192e-7,1.000000
lfw,all,rgb,rgb/William_Morrow_0001.ppm,0.961315,0.961315,1.192e-7,1.000000
lfw,all,rgb,rgb/William_Murabito_0001.ppm,0.967203,0.967203,0.000e0,1.000000
lfw,all,rgb,rgb/William_Nessen_0001.ppm,0.934720,0.934720,5.960e-8,0.999999
lfw,all,rgb,rgb/William_Overlin_0001.ppm,0.870469,0.870469,0.000e0,0.999999
lfw,all,rgb,rgb/William_Perry_0001.ppm,0.928872,0.928872,0.000e0,1.000000
lfw,all,rgb,rgb/William_Pryor_Jr_0001.ppm,0.940926,0.940926,1.192e-7,1.000000
lfw,all,rgb,rgb/William_Ragland_0001.ppm,0.975619,0.975619,0.000e0,1.000000
lfw,all,rgb,rgb/William_Rehnquist_0001.ppm,0.944408,0.944408,0.000e0,1.000000
lfw,all,rgb,rgb/William_Rehnquist_0002.ppm,0.937566,0.937566,1.192e-7,0.999999
lfw,all,rgb,rgb/William_Rosenberg_0001.ppm,0.937234,0.937234,0.000e0,1.000000
lfw,all,rgb,rgb/William_Shatner_0001.ppm,0.907346,0.907346,0.000e0,1.000000
lfw,all,rgb,rgb/William_Swor_0001.ppm,0.916726,0.916726,0.000e0,1.000000
lfw,all,rgb,rgb/William_Umbach_0001.ppm,0.954039,0.954039,0.000e0,1.000000
lfw,all,rgb,rgb/William_Webster_0001.ppm,0.931621,0.931621,1.788e-7,1.000000
lfw,all,rgb,rgb/Willie_Nelson_0001.ppm,0.925074,0.925074,1.192e-7,0.999999
lfw,all,rgb,rgb/Willie_Wilson_0001.ppm,0.918389,0.918389,1.192e-7,1.000000
lfw,all,rgb,rgb/Willis_Roberts_0001.ppm,0.916516,0.916516,0.000e0,1.000000
lfw,all,rgb,rgb/Wilma_McNabb_0001.ppm,0.916245,0.916245,0.000e0,1.000000
lfw,all,rgb,rgb/Wilson_Alvarez_0001.ppm,0.878538,0.878539,1.192e-7,1.000000
lfw,all,rgb,rgb/Wilton_Gregory_0001.ppm,0.866638,0.866638,0.000e0,1.000000
lfw,all,rgb,rgb/Wim_Duisenberg_0001.ppm,0.870547,0.870547,0.000e0,1.000000
lfw,all,rgb,rgb/Win_Aung_0001.ppm,0.946460,0.946460,1.192e-7,1.000000
lfw,all,rgb,rgb/Win_Aung_0002.ppm,0.968604,0.968604,0.000e0,1.000000
lfw,all,rgb,rgb/Win_Aung_0003.ppm,0.914456,0.914456,0.000e0,1.000000
lfw,all,rgb,rgb/Win_Aung_0004.ppm,0.977211,0.977211,0.000e0,1.000000
lfw,all,rgb,rgb/Winona_Ryder_0001.ppm,0.975642,0.975642,0.000e0,1.000000
lfw,all,rgb,rgb/Winona_Ryder_0002.ppm,0.923437,0.923437,0.000e0,1.000000
lfw,all,rgb,rgb/Winona_Ryder_0003.ppm,0.966248,0.966248,0.000e0,1.000000
lfw,all,rgb,rgb/Winona_Ryder_0004.ppm,0.967565,0.967565,5.960e-8,1.000000
lfw,all,rgb,rgb/Winona_Ryder_0005.ppm,0.981885,0.981885,0.000e0,1.000000
lfw,all,rgb,rgb/Winona_Ryder_0006.ppm,0.940002,0.940002,1.192e-7,1.000000
lfw,all,rgb,rgb/Winona_Ryder_0007.ppm,0.938808,0.938808,0.000e0,1.000000
lfw,all,rgb,rgb/Winona_Ryder_0008.ppm,0.969363,0.969363,0.000e0,1.000000
lfw,all,rgb,rgb/Winona_Ryder_0009.ppm,0.936582,0.936582,1.192e-7,1.000000
lfw,all,rgb,rgb/Winona_Ryder_0010.ppm,0.957298,0.957298,0.000e0,1.000000
lfw,all,rgb,rgb/Winona_Ryder_0011.ppm,0.953561,0.953561,0.000e0,1.000000
lfw,all,rgb,rgb/Winona_Ryder_0012.ppm,0.962582,0.962582,0.000e0,1.000000
lfw,all,rgb,rgb/Winona_Ryder_0013.ppm,0.900076,0.900076,1.788e-7,1.000000
lfw,all,rgb,rgb/Winona_Ryder_0014.ppm,0.920125,0.920125,0.000e0,1.000000
lfw,all,rgb,rgb/Winona_Ryder_0015.ppm,0.954740,0.954740,5.960e-8,1.000000
lfw,all,rgb,rgb/Winona_Ryder_0016.ppm,0.903054,0.903054,0.000e0,1.000000
lfw,all,rgb,rgb/Winona_Ryder_0017.ppm,0.944833,0.944833,0.000e0,1.000000
lfw,all,rgb,rgb/Winona_Ryder_0018.ppm,0.959559,0.959559,0.000e0,1.000000
lfw,all,rgb,rgb/Winona_Ryder_0019.ppm,0.965058,0.965058,0.000e0,1.000000
lfw,all,rgb,rgb/Winona_Ryder_0020.ppm,0.972717,0.972717,5.960e-8,1.000000
lfw,all,rgb,rgb/Winona_Ryder_0021.ppm,0.942754,0.942754,1.192e-7,1.000000
lfw,all,rgb,rgb/Winona_Ryder_0022.ppm,0.924372,0.924372,0.000e0,1.000000
lfw,all,rgb,rgb/Winona_Ryder_0023.ppm,0.909512,0.909512,0.000e0,1.000000
lfw,all,rgb,rgb/Winona_Ryder_0024.ppm,0.956375,0.956375,0.000e0,1.000000
lfw,all,rgb,rgb/Winston_Churchill_0001.ppm,0.868381,0.868381,0.000e0,1.000000
lfw,all,rgb,rgb/Wolfgang_Becker_0001.ppm,0.923702,0.923702,0.000e0,1.000000
lfw,all,rgb,rgb/Wolfgang_Clement_0001.ppm,0.917449,0.917449,0.000e0,1.000000
lfw,all,rgb,rgb/Wolfgang_Schneiderhan_0001.ppm,0.937022,0.937022,0.000e0,1.000000
lfw,all,rgb,rgb/Wolfgang_Schuessel_0001.ppm,0.935856,0.935856,0.000e0,0.999999
lfw,all,rgb,rgb/Wolfgang_Schuessel_0002.ppm,0.875164,0.875164,0.000e0,1.000000
lfw,all,rgb,rgb/Wolfgang_Schuessel_0003.ppm,0.912463,0.912463,0.000e0,1.000000
lfw,all,rgb,rgb/Wolfgang_Schuessel_0004.ppm,0.863450,0.863450,1.192e-7,1.000000
lfw,all,rgb,rgb/Wolfgang_Schwarz_0001.ppm,0.941446,0.941446,1.192e-7,1.000000
lfw,all,rgb,rgb/Woodrow_Stanley_0001.ppm,0.914114,0.914114,0.000e0,1.000000
lfw,all,rgb,rgb/Woody_Allen_0001.ppm,0.921760,0.921760,0.000e0,1.000000
lfw,all,rgb,rgb/Woody_Allen_0002.ppm,0.931679,0.931679,1.192e-7,0.999999
lfw,all,rgb,rgb/Woody_Allen_0003.ppm,0.949858,0.949858,1.192e-7,1.000000
lfw,all,rgb,rgb/Woody_Allen_0004.ppm,0.850940,0.850940,1.192e-7,1.000000
lfw,all,rgb,rgb/Woody_Allen_0005.ppm,0.905537,0.905537,0.000e0,1.000000
lfw,all,rgb,rgb/Wu_Peng_0001.ppm,0.933549,0.933549,1.192e-7,1.000000
lfw,all,rgb,rgb/Wu_Yi_0001.ppm,0.952357,0.952357,5.960e-8,1.000000
lfw,all,rgb,rgb/Wu_Yi_0002.ppm,0.952342,0.952342,5.960e-8,1.000000
lfw,all,rgb,rgb/Wu_Yi_0003.ppm,0.958650,0.958650,0.000e0,1.000000
lfw,all,rgb,rgb/Wycliffe_Grousbeck_0001.ppm,0.950114,0.950114,1.192e-7,1.000000
lfw,all,rgb,rgb/Xanana_Gusmao_0001.ppm,0.918674,0.918674,2.384e-7,1.000000
lfw,all,rgb,rgb/Xanana_Gusmao_0002.ppm,0.860664,0.860664,5.960e-8,1.000000
lfw,all,rgb,rgb/Xanana_Gusmao_0003.ppm,0.951926,0.951926,0.000e0,1.000000
lfw,all,rgb,rgb/Xanana_Gusmao_0004.ppm,0.916518,0.916518,0.000e0,1.000000
lfw,all,rgb,rgb/Xanana_Gusmao_0005.ppm,0.880513,0.880513,1.788e-7,1.000000
lfw,all,rgb,rgb/Xavier_Malisse_0001.ppm,0.930227,0.930227,0.000e0,1.000000
lfw,all,rgb,rgb/Xavier_Malisse_0002.ppm,0.953627,0.953627,0.000e0,1.000000
lfw,all,rgb,rgb/Xavier_Malisse_0003.ppm,0.941009,0.941009,0.000e0,1.000000
lfw,all,rgb,rgb/Xavier_Malisse_0004.ppm,0.888702,0.888702,1.192e-7,1.000000
lfw,all,rgb,rgb/Xavier_Malisse_0005.ppm,0.895853,0.895853,0.000e0,0.999999
lfw,all,rgb,rgb/Xiang_Huaicheng_0001.ppm,0.957733,0.957733,1.192e-7,1.000000
lfw,all,rgb,rgb/Xiang_Liu_0001.ppm,0.963676,0.963676,0.000e0,1.000000
lfw,all,rgb,rgb/Xiang_Xu_0001.ppm,0.965901,0.965902,1.192e-7,1.000000
lfw,all,rgb,rgb/Ximena_Bohorquez_0001.ppm,0.888659,0.888660,1.192e-7,1.000000
lfw,all,rgb,rgb/Yale_Kamisar_0001.ppm,0.900734,0.900734,0.000e0,1.000000
lfw,all,rgb,rgb/Yana_Klochkova_0001.ppm,0.901176,0.901177,5.960e-8,1.000000
lfw,all,rgb,rgb/Yang_Hee_Kim_0001.ppm,0.937283,0.937283,1.192e-7,1.000000
lfw,all,rgb,rgb/Yang_Jianli_0001.ppm,0.957089,0.957089,1.192e-7,0.999999
lfw,all,rgb,rgb/Yang_Pao-yu_0001.ppm,0.939788,0.939788,0.000e0,1.000000
lfw,all,rgb,rgb/Yann_Martel_0001.ppm,0.934416,0.934416,0.000e0,1.000000
lfw,all,rgb,rgb/Yann_Martel_0002.ppm,0.926048,0.926048,0.000e0,1.000000
lfw,all,rgb,rgb/Yannos_Papantoniou_0001.ppm,0.919371,0.919371,0.000e0,1.000000
lfw,all,rgb,rgb/Yao_Ming_0001.ppm,0.937159,0.937159,1.192e-7,1.000000
lfw,all,rgb,rgb/Yao_Ming_0002.ppm,0.945427,0.945427,0.000e0,1.000000
lfw,all,rgb,rgb/Yao_Ming_0003.ppm,0.939595,0.939595,1.192e-7,1.000000
lfw,all,rgb,rgb/Yao_Ming_0004.ppm,0.946828,0.946828,0.000e0,1.000000
lfw,all,rgb,rgb/Yao_Ming_0005.ppm,0.966076,0.966076,0.000e0,1.000000
lfw,all,rgb,rgb/Yao_Ming_0006.ppm,0.939671,0.939671,0.000e0,1.000000
lfw,all,rgb,rgb/Yao_Ming_0007.ppm,0.984609,0.984609,0.000e0,1.000000
lfw,all,rgb,rgb/Yao_Ming_0008.ppm,0.957392,0.957392,0.000e0,0.999999
lfw,all,rgb,rgb/Yasar_Yakis_0001.ppm,0.923279,0.923279,1.192e-7,1.000000
lfw,all,rgb,rgb/Yasar_Yakis_0002.ppm,0.926162,0.926162,0.000e0,1.000000
lfw,all,rgb,rgb/Yasar_Yakis_0003.ppm,0.931911,0.931911,0.000e0,1.000000
lfw,all,rgb,rgb/Yasar_Yakis_0004.ppm,0.903462,0.903462,0.000e0,1.000000
lfw,all,rgb,rgb/Yasein_Taher_0001.ppm,0.909207,0.909207,1.192e-7,1.000000
lfw,all,rgb,rgb/Yashwant_Sinha_0001.ppm,0.913468,0.913468,0.000e0,1.000000
lfw,all,rgb,rgb/Yashwant_Sinha_0002.ppm,0.946164,0.946164,0.000e0,1.000000
lfw,all,rgb,rgb/Yashwant_Sinha_0003.ppm,0.969751,0.969751,0.000e0,1.000000
lfw,all,rgb,rgb/Yashwant_Sinha_0004.ppm,0.958375,0.958375,0.000e0,1.000000
lfw,all,rgb,rgb/Yashwant_Sinha_0005.ppm,0.968746,0.968746,0.000e0,1.000000
lfw,all,rgb,rgb/Yashwant_Sinha_0006.ppm,0.960330,0.960330,1.192e-7,1.000000
lfw,all,rgb,rgb/Yashwant_Sinha_0007.ppm,0.960562,0.960562,0.000e0,1.000000
lfw,all,rgb,rgb/Yasser_Arafat_0001.ppm,0.890825,0.890825,0.000e0,1.000000
lfw,all,rgb,rgb/Yasser_Arafat_0002.ppm,0.858920,0.858920,0.000e0,1.000000
lfw,all,rgb,rgb/Yasser_Arafat_0003.ppm,0.910542,0.910542,0.000e0,1.000000
lfw,all,rgb,rgb/Yasser_Arafat_0004.ppm,0.836779,0.836779,1.192e-7,1.000000
lfw,all,rgb,rgb/Yasser_Arafat_0005.ppm,0.858509,0.858509,0.000e0,0.999999
lfw,all,rgb,rgb/Yasser_Arafat_0006.ppm,0.895631,0.895631,0.000e0,1.000000
lfw,all,rgb,rgb/Yasser_Arafat_0007.ppm,0.820190,0.820190,1.788e-7,1.000000
lfw,all,rgb,rgb/Yasser_Arafat_0008.ppm,0.880053,0.880053,0.000e0,1.000000
lfw,all,rgb,rgb/Yasushi_Akashi_0001.ppm,0.940143,0.940143,1.192e-7,1.000000
lfw,all,rgb,rgb/Yasushi_Chimura_0001.ppm,0.925138,0.925138,0.000e0,1.000000
lfw,all,rgb,rgb/Yekaterina_Guseva_0001.ppm,0.942534,0.942534,0.000e0,1.000000
lfw,all,rgb,rgb/Yevgeny_Kafelnikov_0001.ppm,0.927626,0.927626,0.000e0,1.000000
lfw,all,rgb,rgb/Yevgeny_Kafelnikov_0002.ppm,0.905388,0.905388,1.192e-7,1.000000
lfw,all,rgb,rgb/Yevgeny_Kafelnikov_0003.ppm,0.889376,0.889376,5.960e-8,1.000000
lfw,all,rgb,rgb/Yevgeny_Kafelnikov_0004.ppm,0.923021,0.923021,0.000e0,1.000000
lfw,all,rgb,rgb/Yingfan_Wang_0001.ppm,0.926655,0.926655,0.000e0,0.999999
lfw,all,rgb,rgb/Yishan_Zhang_0001.ppm,0.946976,0.946976,1.192e-7,1.000000
lfw,all,rgb,rgb/Yoelbi_Quesada_0001.ppm,0.935257,0.935257,0.000e0,0.999999
lfw,all,rgb,rgb/Yogi_Berra_0001.ppm,0.898908,0.898908,1.192e-7,1.000000
lfw,all,rgb,rgb/Yoko_Ono_0001.ppm,0.955494,0.955494,5.960e-8,1.000000
lfw,all,rgb,rgb/Yoko_Ono_0002.ppm,0.955479,0.955479,5.960e-8,1.000000
lfw,all,rgb,rgb/Yoko_Ono_0003.ppm,0.974652,0.974652,0.000e0,1.000000
lfw,all,rgb,rgb/Yoko_Ono_0004.ppm,0.905540,0.905540,0.000e0,0.999999
lfw,all,rgb,rgb/Yoko_Ono_0005.ppm,0.934195,0.934195,1.192e-7,1.000000
lfw,all,rgb,rgb/Yoko_Ono_0006.ppm,0.922462,0.922462,0.000e0,1.000000
lfw,all,rgb,rgb/Yolanda_King_0001.ppm,0.922165,0.922165,1.192e-7,1.000000
lfw,all,rgb,rgb/Yoo_Jay-Kun_0001.ppm,0.915588,0.915588,5.960e-8,0.999999
lfw,all,rgb,rgb/Yoon_Jeong_Cho_0001.ppm,0.894415,0.894415,0.000e0,1.000000
lfw,all,rgb,rgb/Yoon_Jin-Sik_0001.ppm,0.954221,0.954221,0.000e0,1.000000
lfw,all,rgb,rgb/Yoon_Won-Sik_0001.ppm,0.954895,0.954896,1.192e-7,1.000000
lfw,all,rgb,rgb/Yoon_Young-kwan_0001.ppm,0.919191,0.919191,0.000e0,1.000000
lfw,all,rgb,rgb/Yoriko_Kawaguchi_0001.ppm,0.938781,0.938781,1.192e-7,0.999999
lfw,all,rgb,rgb/Yoriko_Kawaguchi_0002.ppm,0.916254,0.916254,0.000e0,1.000000
lfw,all,rgb,rgb/Yoriko_Kawaguchi_0003.ppm,0.940077,0.940077,0.000e0,1.000000
lfw,all,rgb,rgb/Yoriko_Kawaguchi_0004.ppm,0.954049,0.954048,1.192e-7,1.000000
lfw,all,rgb,rgb/Yoriko_Kawaguchi_0005.ppm,0.949812,0.949812,0.000e0,1.000000
lfw,all,rgb,rgb/Yoriko_Kawaguchi_0006.ppm,0.928818,0.928818,1.192e-7,1.000000
lfw,all,rgb,rgb/Yoriko_Kawaguchi_0007.ppm,0.897995,0.897995,0.000e0,1.000000
lfw,all,rgb,rgb/Yoriko_Kawaguchi_0008.ppm,0.966172,0.966172,1.192e-7,1.000000
lfw,all,rgb,rgb/Yoriko_Kawaguchi_0009.ppm,0.947318,0.947318,0.000e0,1.000000
lfw,all,rgb,rgb/Yoriko_Kawaguchi_0010.ppm,0.971839,0.971839,0.000e0,1.000000
lfw,all,rgb,rgb/Yoriko_Kawaguchi_0011.ppm,0.925164,0.925164,1.192e-7,1.000000
lfw,all,rgb,rgb/Yoriko_Kawaguchi_0012.ppm,0.948575,0.948575,0.000e0,1.000000
lfw,all,rgb,rgb/Yoriko_Kawaguchi_0013.ppm,0.911332,0.911332,0.000e0,1.000000
lfw,all,rgb,rgb/Yoriko_Kawaguchi_0014.ppm,0.954577,0.954577,0.000e0,1.000000
lfw,all,rgb,rgb/Yory_Boy_Campas_0001.ppm,0.949946,0.949946,0.000e0,1.000000
lfw,all,rgb,rgb/Yoshiyuki_Kamei_0001.ppm,0.927912,0.927912,0.000e0,1.000000
lfw,all,rgb,rgb/Yossi_Beilin_0001.ppm,0.956872,0.956872,1.192e-7,1.000000
lfw,all,rgb,rgb/Yossi_Beilin_0002.ppm,0.940103,0.940103,1.192e-7,0.999999
lfw,all,rgb,rgb/Young_Kim_0001.ppm,0.988133,0.988133,0.000e0,1.000000
lfw,all,rgb,rgb/Yu_Shyi-kun_0001.ppm,0.930233,0.930233,0.000e0,1.000000
lfw,all,rgb,rgb/Yu_Shyi-kun_0002.ppm,0.959753,0.959753,0.000e0,1.000000
lfw,all,rgb,rgb/Yu_Shyi-kun_0003.ppm,0.909565,0.909565,0.000e0,1.000000
lfw,all,rgb,rgb/Yu_Shyi-kun_0004.ppm,0.932470,0.932470,0.000e0,1.000000
lfw,all,rgb,rgb/Yukiko_Okudo_0001.ppm,0.897102,0.897101,5.960e-8,1.000000
lfw,all,rgb,rgb/Yukiko_Okudo_0002.ppm,0.966790,0.966790,1.192e-7,1.000000
lfw,all,rgb,rgb/Yukio_Hatoyama_0001.ppm,0.980393,0.980393,0.000e0,1.000000
lfw,all,rgb,rgb/Yuri_Fedotov_0001.ppm,0.923663,0.923663,0.000e0,1.000000
lfw,all,rgb,rgb/Yuri_Fedotov_0002.ppm,0.960809,0.960809,0.000e0,1.000000
lfw,all,rgb,rgb/Yuri_Luzhkov_0001.ppm,0.937145,0.937145,0.000e0,1.000000
lfw,all,rgb,rgb/Yuri_Malenchenko_0001.ppm,0.900585,0.900585,0.000e0,1.000000
lfw,all,rgb,rgb/Yuri_Malenchenko_0002.ppm,0.917447,0.917447,5.960e-8,1.000000
lfw,all,rgb,rgb/Yusaku_Miyazato_0001.ppm,0.938438,0.938438,0.000e0,1.000000
lfw,all,rgb,rgb/Yusuf_Misbac_0001.ppm,0.955391,0.955391,0.000e0,1.000000
lfw,all,rgb,rgb/Yuvraj_Singh_0001.ppm,0.923354,0.923354,0.000e0,1.000000
lfw,all,rgb,rgb/Yves_Brodeur_0001.ppm,0.937513,0.937513,0.000e0,1.000000
lfw,all,rgb,rgb/Zach_Parise_0001.ppm,0.941081,0.941081,5.960e-8,1.000000
lfw,all,rgb,rgb/Zach_Pillar_0001.ppm,0.914236,0.914236,0.000e0,1.000000
lfw,all,rgb,rgb/Zach_Safrin_0001.ppm,0.783060,0.783060,1.192e-7,1.000000
lfw,all,rgb,rgb/Zafarullah_Khan_Jamali_0001.ppm,0.867469,0.867469,0.000e0,1.000000
lfw,all,rgb,rgb/Zafarullah_Khan_Jamali_0002.ppm,0.928005,0.928005,0.000e0,1.000000
lfw,all,rgb,rgb/Zahir_Shah_0001.ppm,0.916805,0.916805,1.192e-7,1.000000
lfw,all,rgb,rgb/Zaini_Abdullah_0001.ppm,0.925500,0.925500,5.960e-8,1.000000
lfw,all,rgb,rgb/Zakia_Hakki_0001.ppm,0.961061,0.961061,5.960e-8,0.999999
lfw,all,rgb,rgb/Zalmay_Khalilzad_0001.ppm,0.942186,0.942186,0.000e0,1.000000
lfw,all,rgb,rgb/Zara_Akhmadova_0001.ppm,0.928828,0.928827,1.192e-7,1.000000
lfw,all,rgb,rgb/Zarai_Toledo_0001.ppm,0.936614,0.936614,0.000e0,1.000000
lfw,all,rgb,rgb/Zarai_Toledo_0002.ppm,0.974943,0.974943,0.000e0,0.999999
lfw,all,rgb,rgb/Zavad_Zarif_0001.ppm,0.906756,0.906756,0.000e0,1.000000
lfw,all,rgb,rgb/Zdravko_Mucic_0001.ppm,0.847131,0.847131,5.960e-8,1.000000
lfw,all,rgb,rgb/Zeljko_Rebraca_0001.ppm,0.940093,0.940093,0.000e0,1.000000
lfw,all,rgb,rgb/Zelma_Novelo_0001.ppm,0.927917,0.927917,5.960e-8,1.000000
lfw,all,rgb,rgb/Zeng_Qinghong_0001.ppm,0.944518,0.944518,1.192e-7,0.999999
lfw,all,rgb,rgb/Zhang_Wenkang_0001.ppm,0.952388,0.952388,0.000e0,1.000000
lfw,all,rgb,rgb/Zhang_Wenkang_0002.ppm,0.931027,0.931027,0.000e0,1.000000
lfw,all,rgb,rgb/Zhang_Yimou_0001.ppm,0.948555,0.948555,0.000e0,1.000000
lfw,all,rgb,rgb/Zhang_Ziyi_0001.ppm,0.972690,0.972690,0.000e0,1.000000
lfw,all,rgb,rgb/Zhang_Ziyi_0002.ppm,0.908341,0.908341,0.000e0,1.000000
lfw,all,rgb,rgb/Zhang_Ziyi_0003.ppm,0.914935,0.914935,0.000e0,1.000000
lfw,all,rgb,rgb/Zhang_Ziyi_0004.ppm,0.929379,0.929379,0.000e0,1.000000
lfw,all,rgb,rgb/Zhong_Nanshan_0001.ppm,0.924271,0.924271,1.192e-7,0.999999
lfw,all,rgb,rgb/Zhu_Rongji_0001.ppm,0.945557,0.945557,0.000e0,1.000000
lfw,all,rgb,rgb/Zhu_Rongji_0002.ppm,0.899480,0.899480,0.000e0,1.000000
lfw,all,rgb,rgb/Zhu_Rongji_0003.ppm,0.900222,0.900221,1.192e-7,1.000000
lfw,all,rgb,rgb/Zhu_Rongji_0004.ppm,0.925462,0.925462,0.000e0,1.000000
lfw,all,rgb,rgb/Zhu_Rongji_0005.ppm,0.933795,0.933795,0.000e0,1.000000
lfw,all,rgb,rgb/Zhu_Rongji_0006.ppm,0.934893,0.934893,0.000e0,0.999999
lfw,all,rgb,rgb/Zhu_Rongji_0007.ppm,0.891754,0.891754,0.000e0,1.000000
lfw,all,rgb,rgb/Zhu_Rongji_0008.ppm,0.893150,0.893150,1.192e-7,1.000000
lfw,all,rgb,rgb/Zhu_Rongji_0009.ppm,0.953001,0.953001,1.192e-7,1.000000
lfw,all,rgb,rgb/Zico_0001.ppm,0.920184,0.920184,0.000e0,1.000000
lfw,all,rgb,rgb/Zico_0002.ppm,0.880430,0.880430,1.192e-7,1.000000
lfw,all,rgb,rgb/Zico_0003.ppm,0.914729,0.914729,5.960e-8,1.000000
lfw,all,rgb,rgb/Zinedine_Zidane_0001.ppm,0.931976,0.931976,1.192e-7,1.000000
lfw,all,rgb,rgb/Zinedine_Zidane_0002.ppm,0.937560,0.937560,1.192e-7,1.000000
lfw,all,rgb,rgb/Zinedine_Zidane_0003.ppm,0.936423,0.936423,1.192e-7,1.000000
lfw,all,rgb,rgb/Zinedine_Zidane_0004.ppm,0.944956,0.944956,0.000e0,1.000000
lfw,all,rgb,rgb/Zinedine_Zidane_0005.ppm,0.935071,0.935070,1.192e-7,1.000000
lfw,all,rgb,rgb/Zinedine_Zidane_0006.ppm,0.912271,0.912271,0.000e0,1.000000
lfw,all,rgb,rgb/Ziwang_Xu_0001.ppm,0.923049,0.923049,0.000e0,1.000000
lfw,all,rgb,rgb/Zoe_Ball_0001.ppm,0.951283,0.951283,0.000e0,0.999999
lfw,all,rgb,rgb/Zoran_Djindjic_0001.ppm,0.944983,0.944983,0.000e0,1.000000
lfw,all,rgb,rgb/Zoran_Djindjic_0002.ppm,0.949507,0.949507,0.000e0,1.000000
lfw,all,rgb,rgb/Zoran_Djindjic_0003.ppm,0.959921,0.959921,0.000e0,1.000000
lfw,all,rgb,rgb/Zoran_Djindjic_0004.ppm,0.916919,0.916919,5.960e-8,1.000000
lfw,all,rgb,rgb/Zorica_Radovic_0001.ppm,0.944895,0.944895,0.000e0,1.000000
lfw,all,rgb,rgb/Zulfiqar_Ahmed_0001.ppm,0.906696,0.906696,0.000e0,1.000000
lfw,all,rgb,rgb/Zumrati_Juma_0001.ppm,0.958458,0.958458,0.000e0,1.000000
lfw,all,rgb,rgb/Zurab_Tsereteli_0001.ppm,0.943933,0.943933,0.000e0,1.000000
lfw,all,rgb,rgb/Zydrunas_Ilgauskas_0001.ppm,0.918990,0.918990,0.000e0,1.000000
